// Generated by scripts/build_shaders.py from src/app/gpu/m2.hlsl: do not edit.
#pragma once

static const unsigned char k_vs_poly_spv[] = {
    0x03, 0x02, 0x23, 0x07, 0x00, 0x00, 0x01, 0x00, 0x00, 0x00, 0x0e, 0x00, 0x3f, 0x00, 0x00, 0x00,
    0x00, 0x00, 0x00, 0x00, 0x11, 0x00, 0x02, 0x00, 0x01, 0x00, 0x00, 0x00, 0x0e, 0x00, 0x03, 0x00,
    0x00, 0x00, 0x00, 0x00, 0x01, 0x00, 0x00, 0x00, 0x0f, 0x00, 0x10, 0x00, 0x00, 0x00, 0x00, 0x00,
    0x01, 0x00, 0x00, 0x00, 0x6d, 0x61, 0x69, 0x6e, 0x00, 0x00, 0x00, 0x00, 0x02, 0x00, 0x00, 0x00,
    0x03, 0x00, 0x00, 0x00, 0x04, 0x00, 0x00, 0x00, 0x05, 0x00, 0x00, 0x00, 0x06, 0x00, 0x00, 0x00,
    0x07, 0x00, 0x00, 0x00, 0x08, 0x00, 0x00, 0x00, 0x09, 0x00, 0x00, 0x00, 0x0a, 0x00, 0x00, 0x00,
    0x0b, 0x00, 0x00, 0x00, 0x0c, 0x00, 0x00, 0x00, 0x03, 0x00, 0x03, 0x00, 0x05, 0x00, 0x00, 0x00,
    0x58, 0x02, 0x00, 0x00, 0x05, 0x00, 0x06, 0x00, 0x0d, 0x00, 0x00, 0x00, 0x74, 0x79, 0x70, 0x65,
    0x2e, 0x53, 0x63, 0x72, 0x65, 0x65, 0x6e, 0x55, 0x42, 0x4f, 0x00, 0x00, 0x06, 0x00, 0x05, 0x00,
    0x0d, 0x00, 0x00, 0x00, 0x00, 0x00, 0x00, 0x00, 0x73, 0x63, 0x72, 0x65, 0x65, 0x6e, 0x00, 0x00,
    0x05, 0x00, 0x04, 0x00, 0x0e, 0x00, 0x00, 0x00, 0x53, 0x63, 0x72, 0x65, 0x65, 0x6e, 0x00, 0x00,
    0x06, 0x00, 0x05, 0x00, 0x0e, 0x00, 0x00, 0x00, 0x00, 0x00, 0x00, 0x00, 0x73, 0x69, 0x7a, 0x65,
    0x00, 0x00, 0x00, 0x00, 0x06, 0x00, 0x04, 0x00, 0x0e, 0x00, 0x00, 0x00, 0x01, 0x00, 0x00, 0x00,
    0x70, 0x61, 0x64, 0x00, 0x05, 0x00, 0x05, 0x00, 0x0f, 0x00, 0x00, 0x00, 0x53, 0x63, 0x72, 0x65,
    0x65, 0x6e, 0x55, 0x42, 0x4f, 0x00, 0x00, 0x00, 0x05, 0x00, 0x07, 0x00, 0x02, 0x00, 0x00, 0x00,
    0x69, 0x6e, 0x2e, 0x76, 0x61, 0x72, 0x2e, 0x54, 0x45, 0x58, 0x43, 0x4f, 0x4f, 0x52, 0x44, 0x30,
    0x00, 0x00, 0x00, 0x00, 0x05, 0x00, 0x07, 0x00, 0x03, 0x00, 0x00, 0x00, 0x69, 0x6e, 0x2e, 0x76,
    0x61, 0x72, 0x2e, 0x54, 0x45, 0x58, 0x43, 0x4f, 0x4f, 0x52, 0x44, 0x31, 0x00, 0x00, 0x00, 0x00,
    0x05, 0x00, 0x07, 0x00, 0x04, 0x00, 0x00, 0x00, 0x69, 0x6e, 0x2e, 0x76, 0x61, 0x72, 0x2e, 0x54,
    0x45, 0x58, 0x43, 0x4f, 0x4f, 0x52, 0x44, 0x32, 0x00, 0x00, 0x00, 0x00, 0x05, 0x00, 0x07, 0x00,
    0x05, 0x00, 0x00, 0x00, 0x69, 0x6e, 0x2e, 0x76, 0x61, 0x72, 0x2e, 0x54, 0x45, 0x58, 0x43, 0x4f,
    0x4f, 0x52, 0x44, 0x33, 0x00, 0x00, 0x00, 0x00, 0x05, 0x00, 0x07, 0x00, 0x06, 0x00, 0x00, 0x00,
    0x69, 0x6e, 0x2e, 0x76, 0x61, 0x72, 0x2e, 0x54, 0x45, 0x58, 0x43, 0x4f, 0x4f, 0x52, 0x44, 0x34,
    0x00, 0x00, 0x00, 0x00, 0x05, 0x00, 0x07, 0x00, 0x07, 0x00, 0x00, 0x00, 0x69, 0x6e, 0x2e, 0x76,
    0x61, 0x72, 0x2e, 0x54, 0x45, 0x58, 0x43, 0x4f, 0x4f, 0x52, 0x44, 0x35, 0x00, 0x00, 0x00, 0x00,
    0x05, 0x00, 0x07, 0x00, 0x09, 0x00, 0x00, 0x00, 0x6f, 0x75, 0x74, 0x2e, 0x76, 0x61, 0x72, 0x2e,
    0x54, 0x45, 0x58, 0x43, 0x4f, 0x4f, 0x52, 0x44, 0x30, 0x00, 0x00, 0x00, 0x05, 0x00, 0x07, 0x00,
    0x0a, 0x00, 0x00, 0x00, 0x6f, 0x75, 0x74, 0x2e, 0x76, 0x61, 0x72, 0x2e, 0x54, 0x45, 0x58, 0x43,
    0x4f, 0x4f, 0x52, 0x44, 0x31, 0x00, 0x00, 0x00, 0x05, 0x00, 0x07, 0x00, 0x0b, 0x00, 0x00, 0x00,
    0x6f, 0x75, 0x74, 0x2e, 0x76, 0x61, 0x72, 0x2e, 0x54, 0x45, 0x58, 0x43, 0x4f, 0x4f, 0x52, 0x44,
    0x32, 0x00, 0x00, 0x00, 0x05, 0x00, 0x07, 0x00, 0x0c, 0x00, 0x00, 0x00, 0x6f, 0x75, 0x74, 0x2e,
    0x76, 0x61, 0x72, 0x2e, 0x54, 0x45, 0x58, 0x43, 0x4f, 0x4f, 0x52, 0x44, 0x33, 0x00, 0x00, 0x00,
    0x05, 0x00, 0x04, 0x00, 0x01, 0x00, 0x00, 0x00, 0x76, 0x73, 0x5f, 0x70, 0x6f, 0x6c, 0x79, 0x00,
    0x47, 0x00, 0x04, 0x00, 0x08, 0x00, 0x00, 0x00, 0x0b, 0x00, 0x00, 0x00, 0x00, 0x00, 0x00, 0x00,
    0x47, 0x00, 0x03, 0x00, 0x09, 0x00, 0x00, 0x00, 0x0d, 0x00, 0x00, 0x00, 0x47, 0x00, 0x03, 0x00,
    0x0a, 0x00, 0x00, 0x00, 0x0e, 0x00, 0x00, 0x00, 0x47, 0x00, 0x03, 0x00, 0x0b, 0x00, 0x00, 0x00,
    0x0e, 0x00, 0x00, 0x00, 0x47, 0x00, 0x03, 0x00, 0x0c, 0x00, 0x00, 0x00, 0x0e, 0x00, 0x00, 0x00,
    0x47, 0x00, 0x04, 0x00, 0x02, 0x00, 0x00, 0x00, 0x1e, 0x00, 0x00, 0x00, 0x00, 0x00, 0x00, 0x00,
    0x47, 0x00, 0x04, 0x00, 0x03, 0x00, 0x00, 0x00, 0x1e, 0x00, 0x00, 0x00, 0x01, 0x00, 0x00, 0x00,
    0x47, 0x00, 0x04, 0x00, 0x04, 0x00, 0x00, 0x00, 0x1e, 0x00, 0x00, 0x00, 0x02, 0x00, 0x00, 0x00,
    0x47, 0x00, 0x04, 0x00, 0x05, 0x00, 0x00, 0x00, 0x1e, 0x00, 0x00, 0x00, 0x03, 0x00, 0x00, 0x00,
    0x47, 0x00, 0x04, 0x00, 0x06, 0x00, 0x00, 0x00, 0x1e, 0x00, 0x00, 0x00, 0x04, 0x00, 0x00, 0x00,
    0x47, 0x00, 0x04, 0x00, 0x07, 0x00, 0x00, 0x00, 0x1e, 0x00, 0x00, 0x00, 0x05, 0x00, 0x00, 0x00,
    0x47, 0x00, 0x04, 0x00, 0x09, 0x00, 0x00, 0x00, 0x1e, 0x00, 0x00, 0x00, 0x00, 0x00, 0x00, 0x00,
    0x47, 0x00, 0x04, 0x00, 0x0a, 0x00, 0x00, 0x00, 0x1e, 0x00, 0x00, 0x00, 0x01, 0x00, 0x00, 0x00,
    0x47, 0x00, 0x04, 0x00, 0x0b, 0x00, 0x00, 0x00, 0x1e, 0x00, 0x00, 0x00, 0x02, 0x00, 0x00, 0x00,
    0x47, 0x00, 0x04, 0x00, 0x0c, 0x00, 0x00, 0x00, 0x1e, 0x00, 0x00, 0x00, 0x03, 0x00, 0x00, 0x00,
    0x47, 0x00, 0x04, 0x00, 0x0f, 0x00, 0x00, 0x00, 0x22, 0x00, 0x00, 0x00, 0x01, 0x00, 0x00, 0x00,
    0x47, 0x00, 0x04, 0x00, 0x0f, 0x00, 0x00, 0x00, 0x21, 0x00, 0x00, 0x00, 0x00, 0x00, 0x00, 0x00,
    0x48, 0x00, 0x05, 0x00, 0x0e, 0x00, 0x00, 0x00, 0x00, 0x00, 0x00, 0x00, 0x23, 0x00, 0x00, 0x00,
    0x00, 0x00, 0x00, 0x00, 0x48, 0x00, 0x05, 0x00, 0x0e, 0x00, 0x00, 0x00, 0x01, 0x00, 0x00, 0x00,
    0x23, 0x00, 0x00, 0x00, 0x08, 0x00, 0x00, 0x00, 0x48, 0x00, 0x05, 0x00, 0x0d, 0x00, 0x00, 0x00,
    0x00, 0x00, 0x00, 0x00, 0x23, 0x00, 0x00, 0x00, 0x00, 0x00, 0x00, 0x00, 0x47, 0x00, 0x03, 0x00,
    0x0d, 0x00, 0x00, 0x00, 0x02, 0x00, 0x00, 0x00, 0x15, 0x00, 0x04, 0x00, 0x10, 0x00, 0x00, 0x00,
    0x20, 0x00, 0x00, 0x00, 0x00, 0x00, 0x00, 0x00, 0x15, 0x00, 0x04, 0x00, 0x11, 0x00, 0x00, 0x00,
    0x20, 0x00, 0x00, 0x00, 0x01, 0x00, 0x00, 0x00, 0x2b, 0x00, 0x04, 0x00, 0x11, 0x00, 0x00, 0x00,
    0x12, 0x00, 0x00, 0x00, 0x00, 0x00, 0x00, 0x00, 0x16, 0x00, 0x03, 0x00, 0x13, 0x00, 0x00, 0x00,
    0x20, 0x00, 0x00, 0x00, 0x2b, 0x00, 0x04, 0x00, 0x13, 0x00, 0x00, 0x00, 0x14, 0x00, 0x00, 0x00,
    0x00, 0x00, 0x00, 0x40, 0x2b, 0x00, 0x04, 0x00, 0x13, 0x00, 0x00, 0x00, 0x15, 0x00, 0x00, 0x00,
    0x00, 0x00, 0x80, 0x3f, 0x2b, 0x00, 0x04, 0x00, 0x11, 0x00, 0x00, 0x00, 0x16, 0x00, 0x00, 0x00,
    0x01, 0x00, 0x00, 0x00, 0x17, 0x00, 0x04, 0x00, 0x17, 0x00, 0x00, 0x00, 0x13, 0x00, 0x00, 0x00,
    0x02, 0x00, 0x00, 0x00, 0x1e, 0x00, 0x04, 0x00, 0x0e, 0x00, 0x00, 0x00, 0x17, 0x00, 0x00, 0x00,
    0x17, 0x00, 0x00, 0x00, 0x1e, 0x00, 0x03, 0x00, 0x0d, 0x00, 0x00, 0x00, 0x0e, 0x00, 0x00, 0x00,
    0x20, 0x00, 0x04, 0x00, 0x18, 0x00, 0x00, 0x00, 0x02, 0x00, 0x00, 0x00, 0x0d, 0x00, 0x00, 0x00,
    0x20, 0x00, 0x04, 0x00, 0x19, 0x00, 0x00, 0x00, 0x01, 0x00, 0x00, 0x00, 0x17, 0x00, 0x00, 0x00,
    0x20, 0x00, 0x04, 0x00, 0x1a, 0x00, 0x00, 0x00, 0x01, 0x00, 0x00, 0x00, 0x13, 0x00, 0x00, 0x00,
    0x17, 0x00, 0x04, 0x00, 0x1b, 0x00, 0x00, 0x00, 0x13, 0x00, 0x00, 0x00, 0x03, 0x00, 0x00, 0x00,
    0x20, 0x00, 0x04, 0x00, 0x1c, 0x00, 0x00, 0x00, 0x01, 0x00, 0x00, 0x00, 0x1b, 0x00, 0x00, 0x00,
    0x17, 0x00, 0x04, 0x00, 0x1d, 0x00, 0x00, 0x00, 0x13, 0x00, 0x00, 0x00, 0x04, 0x00, 0x00, 0x00,
    0x20, 0x00, 0x04, 0x00, 0x1e, 0x00, 0x00, 0x00, 0x01, 0x00, 0x00, 0x00, 0x1d, 0x00, 0x00, 0x00,
    0x17, 0x00, 0x04, 0x00, 0x1f, 0x00, 0x00, 0x00, 0x10, 0x00, 0x00, 0x00, 0x04, 0x00, 0x00, 0x00,
    0x20, 0x00, 0x04, 0x00, 0x20, 0x00, 0x00, 0x00, 0x01, 0x00, 0x00, 0x00, 0x1f, 0x00, 0x00, 0x00,
    0x17, 0x00, 0x04, 0x00, 0x21, 0x00, 0x00, 0x00, 0x10, 0x00, 0x00, 0x00, 0x02, 0x00, 0x00, 0x00,
    0x20, 0x00, 0x04, 0x00, 0x22, 0x00, 0x00, 0x00, 0x01, 0x00, 0x00, 0x00, 0x21, 0x00, 0x00, 0x00,
    0x20, 0x00, 0x04, 0x00, 0x23, 0x00, 0x00, 0x00, 0x03, 0x00, 0x00, 0x00, 0x1d, 0x00, 0x00, 0x00,
    0x20, 0x00, 0x04, 0x00, 0x24, 0x00, 0x00, 0x00, 0x03, 0x00, 0x00, 0x00, 0x1b, 0x00, 0x00, 0x00,
    0x20, 0x00, 0x04, 0x00, 0x25, 0x00, 0x00, 0x00, 0x03, 0x00, 0x00, 0x00, 0x1f, 0x00, 0x00, 0x00,
    0x20, 0x00, 0x04, 0x00, 0x26, 0x00, 0x00, 0x00, 0x03, 0x00, 0x00, 0x00, 0x21, 0x00, 0x00, 0x00,
    0x13, 0x00, 0x02, 0x00, 0x27, 0x00, 0x00, 0x00, 0x21, 0x00, 0x03, 0x00, 0x28, 0x00, 0x00, 0x00,
    0x27, 0x00, 0x00, 0x00, 0x20, 0x00, 0x04, 0x00, 0x29, 0x00, 0x00, 0x00, 0x02, 0x00, 0x00, 0x00,
    0x13, 0x00, 0x00, 0x00, 0x3b, 0x00, 0x04, 0x00, 0x18, 0x00, 0x00, 0x00, 0x0f, 0x00, 0x00, 0x00,
    0x02, 0x00, 0x00, 0x00, 0x3b, 0x00, 0x04, 0x00, 0x19, 0x00, 0x00, 0x00, 0x02, 0x00, 0x00, 0x00,
    0x01, 0x00, 0x00, 0x00, 0x3b, 0x00, 0x04, 0x00, 0x1a, 0x00, 0x00, 0x00, 0x03, 0x00, 0x00, 0x00,
    0x01, 0x00, 0x00, 0x00, 0x3b, 0x00, 0x04, 0x00, 0x1c, 0x00, 0x00, 0x00, 0x04, 0x00, 0x00, 0x00,
    0x01, 0x00, 0x00, 0x00, 0x3b, 0x00, 0x04, 0x00, 0x1e, 0x00, 0x00, 0x00, 0x05, 0x00, 0x00, 0x00,
    0x01, 0x00, 0x00, 0x00, 0x3b, 0x00, 0x04, 0x00, 0x20, 0x00, 0x00, 0x00, 0x06, 0x00, 0x00, 0x00,
    0x01, 0x00, 0x00, 0x00, 0x3b, 0x00, 0x04, 0x00, 0x22, 0x00, 0x00, 0x00, 0x07, 0x00, 0x00, 0x00,
    0x01, 0x00, 0x00, 0x00, 0x3b, 0x00, 0x04, 0x00, 0x23, 0x00, 0x00, 0x00, 0x08, 0x00, 0x00, 0x00,
    0x03, 0x00, 0x00, 0x00, 0x3b, 0x00, 0x04, 0x00, 0x24, 0x00, 0x00, 0x00, 0x09, 0x00, 0x00, 0x00,
    0x03, 0x00, 0x00, 0x00, 0x3b, 0x00, 0x04, 0x00, 0x23, 0x00, 0x00, 0x00, 0x0a, 0x00, 0x00, 0x00,
    0x03, 0x00, 0x00, 0x00, 0x3b, 0x00, 0x04, 0x00, 0x25, 0x00, 0x00, 0x00, 0x0b, 0x00, 0x00, 0x00,
    0x03, 0x00, 0x00, 0x00, 0x3b, 0x00, 0x04, 0x00, 0x26, 0x00, 0x00, 0x00, 0x0c, 0x00, 0x00, 0x00,
    0x03, 0x00, 0x00, 0x00, 0x36, 0x00, 0x05, 0x00, 0x27, 0x00, 0x00, 0x00, 0x01, 0x00, 0x00, 0x00,
    0x00, 0x00, 0x00, 0x00, 0x28, 0x00, 0x00, 0x00, 0xf8, 0x00, 0x02, 0x00, 0x2a, 0x00, 0x00, 0x00,
    0x3d, 0x00, 0x04, 0x00, 0x13, 0x00, 0x00, 0x00, 0x2b, 0x00, 0x00, 0x00, 0x03, 0x00, 0x00, 0x00,
    0x3d, 0x00, 0x04, 0x00, 0x1b, 0x00, 0x00, 0x00, 0x2c, 0x00, 0x00, 0x00, 0x04, 0x00, 0x00, 0x00,
    0x3d, 0x00, 0x04, 0x00, 0x1d, 0x00, 0x00, 0x00, 0x2d, 0x00, 0x00, 0x00, 0x05, 0x00, 0x00, 0x00,
    0x3d, 0x00, 0x04, 0x00, 0x1f, 0x00, 0x00, 0x00, 0x2e, 0x00, 0x00, 0x00, 0x06, 0x00, 0x00, 0x00,
    0x3d, 0x00, 0x04, 0x00, 0x21, 0x00, 0x00, 0x00, 0x2f, 0x00, 0x00, 0x00, 0x07, 0x00, 0x00, 0x00,
    0x41, 0x00, 0x05, 0x00, 0x1a, 0x00, 0x00, 0x00, 0x30, 0x00, 0x00, 0x00, 0x02, 0x00, 0x00, 0x00,
    0x12, 0x00, 0x00, 0x00, 0x3d, 0x00, 0x04, 0x00, 0x13, 0x00, 0x00, 0x00, 0x31, 0x00, 0x00, 0x00,
    0x30, 0x00, 0x00, 0x00, 0x41, 0x00, 0x07, 0x00, 0x29, 0x00, 0x00, 0x00, 0x32, 0x00, 0x00, 0x00,
    0x0f, 0x00, 0x00, 0x00, 0x12, 0x00, 0x00, 0x00, 0x12, 0x00, 0x00, 0x00, 0x12, 0x00, 0x00, 0x00,
    0x3d, 0x00, 0x04, 0x00, 0x13, 0x00, 0x00, 0x00, 0x33, 0x00, 0x00, 0x00, 0x32, 0x00, 0x00, 0x00,
    0x88, 0x00, 0x05, 0x00, 0x13, 0x00, 0x00, 0x00, 0x34, 0x00, 0x00, 0x00, 0x31, 0x00, 0x00, 0x00,
    0x33, 0x00, 0x00, 0x00, 0x85, 0x00, 0x05, 0x00, 0x13, 0x00, 0x00, 0x00, 0x35, 0x00, 0x00, 0x00,
    0x34, 0x00, 0x00, 0x00, 0x14, 0x00, 0x00, 0x00, 0x83, 0x00, 0x05, 0x00, 0x13, 0x00, 0x00, 0x00,
    0x36, 0x00, 0x00, 0x00, 0x35, 0x00, 0x00, 0x00, 0x15, 0x00, 0x00, 0x00, 0x41, 0x00, 0x05, 0x00,
    0x1a, 0x00, 0x00, 0x00, 0x37, 0x00, 0x00, 0x00, 0x02, 0x00, 0x00, 0x00, 0x16, 0x00, 0x00, 0x00,
    0x3d, 0x00, 0x04, 0x00, 0x13, 0x00, 0x00, 0x00, 0x38, 0x00, 0x00, 0x00, 0x37, 0x00, 0x00, 0x00,
    0x41, 0x00, 0x07, 0x00, 0x29, 0x00, 0x00, 0x00, 0x39, 0x00, 0x00, 0x00, 0x0f, 0x00, 0x00, 0x00,
    0x12, 0x00, 0x00, 0x00, 0x12, 0x00, 0x00, 0x00, 0x16, 0x00, 0x00, 0x00, 0x3d, 0x00, 0x04, 0x00,
    0x13, 0x00, 0x00, 0x00, 0x3a, 0x00, 0x00, 0x00, 0x39, 0x00, 0x00, 0x00, 0x88, 0x00, 0x05, 0x00,
    0x13, 0x00, 0x00, 0x00, 0x3b, 0x00, 0x00, 0x00, 0x38, 0x00, 0x00, 0x00, 0x3a, 0x00, 0x00, 0x00,
    0x85, 0x00, 0x05, 0x00, 0x13, 0x00, 0x00, 0x00, 0x3c, 0x00, 0x00, 0x00, 0x3b, 0x00, 0x00, 0x00,
    0x14, 0x00, 0x00, 0x00, 0x83, 0x00, 0x05, 0x00, 0x13, 0x00, 0x00, 0x00, 0x3d, 0x00, 0x00, 0x00,
    0x15, 0x00, 0x00, 0x00, 0x3c, 0x00, 0x00, 0x00, 0x50, 0x00, 0x07, 0x00, 0x1d, 0x00, 0x00, 0x00,
    0x3e, 0x00, 0x00, 0x00, 0x36, 0x00, 0x00, 0x00, 0x3d, 0x00, 0x00, 0x00, 0x2b, 0x00, 0x00, 0x00,
    0x15, 0x00, 0x00, 0x00, 0x3e, 0x00, 0x03, 0x00, 0x08, 0x00, 0x00, 0x00, 0x3e, 0x00, 0x00, 0x00,
    0x3e, 0x00, 0x03, 0x00, 0x09, 0x00, 0x00, 0x00, 0x2c, 0x00, 0x00, 0x00, 0x3e, 0x00, 0x03, 0x00,
    0x0a, 0x00, 0x00, 0x00, 0x2d, 0x00, 0x00, 0x00, 0x3e, 0x00, 0x03, 0x00, 0x0b, 0x00, 0x00, 0x00,
    0x2e, 0x00, 0x00, 0x00, 0x3e, 0x00, 0x03, 0x00, 0x0c, 0x00, 0x00, 0x00, 0x2f, 0x00, 0x00, 0x00,
    0xfd, 0x00, 0x01, 0x00, 0x38, 0x00, 0x01, 0x00
};

static const unsigned char k_vs_poly_dxil[] = {
    0x44, 0x58, 0x42, 0x43, 0x8e, 0xb9, 0x14, 0xbc, 0x0a, 0xfd, 0x9a, 0x8a, 0xe5, 0xd7, 0x79, 0x74,
    0x7b, 0x71, 0xb3, 0x51, 0x01, 0x00, 0x00, 0x00, 0xd0, 0x13, 0x00, 0x00, 0x07, 0x00, 0x00, 0x00,
    0x3c, 0x00, 0x00, 0x00, 0x4c, 0x00, 0x00, 0x00, 0x28, 0x01, 0x00, 0x00, 0xf0, 0x01, 0x00, 0x00,
    0xe8, 0x03, 0x00, 0x00, 0x1c, 0x0b, 0x00, 0x00, 0x38, 0x0b, 0x00, 0x00, 0x53, 0x46, 0x49, 0x30,
    0x08, 0x00, 0x00, 0x00, 0x00, 0x00, 0x00, 0x00, 0x00, 0x00, 0x00, 0x00, 0x49, 0x53, 0x47, 0x31,
    0xd4, 0x00, 0x00, 0x00, 0x06, 0x00, 0x00, 0x00, 0x08, 0x00, 0x00, 0x00, 0x00, 0x00, 0x00, 0x00,
    0xc8, 0x00, 0x00, 0x00, 0x00, 0x00, 0x00, 0x00, 0x00, 0x00, 0x00, 0x00, 0x03, 0x00, 0x00, 0x00,
    0x00, 0x00, 0x00, 0x00, 0x03, 0x03, 0x00, 0x00, 0x00, 0x00, 0x00, 0x00, 0x00, 0x00, 0x00, 0x00,
    0xc8, 0x00, 0x00, 0x00, 0x01, 0x00, 0x00, 0x00, 0x00, 0x00, 0x00, 0x00, 0x03, 0x00, 0x00, 0x00,
    0x01, 0x00, 0x00, 0x00, 0x01, 0x01, 0x00, 0x00, 0x00, 0x00, 0x00, 0x00, 0x00, 0x00, 0x00, 0x00,
    0xc8, 0x00, 0x00, 0x00, 0x02, 0x00, 0x00, 0x00, 0x00, 0x00, 0x00, 0x00, 0x03, 0x00, 0x00, 0x00,
    0x02, 0x00, 0x00, 0x00, 0x07, 0x07, 0x00, 0x00, 0x00, 0x00, 0x00, 0x00, 0x00, 0x00, 0x00, 0x00,
    0xc8, 0x00, 0x00, 0x00, 0x03, 0x00, 0x00, 0x00, 0x00, 0x00, 0x00, 0x00, 0x03, 0x00, 0x00, 0x00,
    0x03, 0x00, 0x00, 0x00, 0x0f, 0x0f, 0x00, 0x00, 0x00, 0x00, 0x00, 0x00, 0x00, 0x00, 0x00, 0x00,
    0xc8, 0x00, 0x00, 0x00, 0x04, 0x00, 0x00, 0x00, 0x00, 0x00, 0x00, 0x00, 0x01, 0x00, 0x00, 0x00,
    0x04, 0x00, 0x00, 0x00, 0x0f, 0x0f, 0x00, 0x00, 0x00, 0x00, 0x00, 0x00, 0x00, 0x00, 0x00, 0x00,
    0xc8, 0x00, 0x00, 0x00, 0x05, 0x00, 0x00, 0x00, 0x00, 0x00, 0x00, 0x00, 0x01, 0x00, 0x00, 0x00,
    0x05, 0x00, 0x00, 0x00, 0x03, 0x03, 0x00, 0x00, 0x00, 0x00, 0x00, 0x00, 0x54, 0x45, 0x58, 0x43,
    0x4f, 0x4f, 0x52, 0x44, 0x00, 0x00, 0x00, 0x00, 0x4f, 0x53, 0x47, 0x31, 0xc0, 0x00, 0x00, 0x00,
    0x05, 0x00, 0x00, 0x00, 0x08, 0x00, 0x00, 0x00, 0x00, 0x00, 0x00, 0x00, 0xa8, 0x00, 0x00, 0x00,
    0x00, 0x00, 0x00, 0x00, 0x01, 0x00, 0x00, 0x00, 0x03, 0x00, 0x00, 0x00, 0x00, 0x00, 0x00, 0x00,
    0x0f, 0x00, 0x00, 0x00, 0x00, 0x00, 0x00, 0x00, 0x00, 0x00, 0x00, 0x00, 0xb4, 0x00, 0x00, 0x00,
    0x00, 0x00, 0x00, 0x00, 0x00, 0x00, 0x00, 0x00, 0x03, 0x00, 0x00, 0x00, 0x01, 0x00, 0x00, 0x00,
    0x07, 0x08, 0x00, 0x00, 0x00, 0x00, 0x00, 0x00, 0x00, 0x00, 0x00, 0x00, 0xb4, 0x00, 0x00, 0x00,
    0x01, 0x00, 0x00, 0x00, 0x00, 0x00, 0x00, 0x00, 0x03, 0x00, 0x00, 0x00, 0x02, 0x00, 0x00, 0x00,
    0x0f, 0x00, 0x00, 0x00, 0x00, 0x00, 0x00, 0x00, 0x00, 0x00, 0x00, 0x00, 0xb4, 0x00, 0x00, 0x00,
    0x02, 0x00, 0x00, 0x00, 0x00, 0x00, 0x00, 0x00, 0x01, 0x00, 0x00, 0x00, 0x03, 0x00, 0x00, 0x00,
    0x0f, 0x00, 0x00, 0x00, 0x00, 0x00, 0x00, 0x00, 0x00, 0x00, 0x00, 0x00, 0xb4, 0x00, 0x00, 0x00,
    0x03, 0x00, 0x00, 0x00, 0x00, 0x00, 0x00, 0x00, 0x01, 0x00, 0x00, 0x00, 0x04, 0x00, 0x00, 0x00,
    0x03, 0x0c, 0x00, 0x00, 0x00, 0x00, 0x00, 0x00, 0x53, 0x56, 0x5f, 0x50, 0x6f, 0x73, 0x69, 0x74,
    0x69, 0x6f, 0x6e, 0x00, 0x54, 0x45, 0x58, 0x43, 0x4f, 0x4f, 0x52, 0x44, 0x00, 0x00, 0x00, 0x00,
    0x50, 0x53, 0x56, 0x30, 0xf0, 0x01, 0x00, 0x00, 0x34, 0x00, 0x00, 0x00, 0x01, 0x00, 0x00, 0x00,
    0x00, 0x00, 0x00, 0x00, 0x00, 0x00, 0x00, 0x00, 0x00, 0x00, 0x00, 0x00, 0x00, 0x00, 0x00, 0x00,
    0xff, 0xff, 0xff, 0xff, 0x01, 0x00, 0x00, 0x00, 0x06, 0x05, 0x00, 0x06, 0x05, 0x00, 0x00, 0x00,
    0x00, 0x00, 0x00, 0x00, 0x00, 0x00, 0x00, 0x00, 0x00, 0x00, 0x00, 0x00, 0x5b, 0x00, 0x00, 0x00,
    0x01, 0x00, 0x00, 0x00, 0x18, 0x00, 0x00, 0x00, 0x02, 0x00, 0x00, 0x00, 0x01, 0x00, 0x00, 0x00,
    0x00, 0x00, 0x00, 0x00, 0x00, 0x00, 0x00, 0x00, 0x0d, 0x00, 0x00, 0x00, 0x00, 0x00, 0x00, 0x00,
    0x64, 0x00, 0x00, 0x00, 0x00, 0x54, 0x45, 0x58, 0x43, 0x4f, 0x4f, 0x52, 0x44, 0x00, 0x54, 0x45,
    0x58, 0x43, 0x4f, 0x4f, 0x52, 0x44, 0x00, 0x54, 0x45, 0x58, 0x43, 0x4f, 0x4f, 0x52, 0x44, 0x00,
    0x54, 0x45, 0x58, 0x43, 0x4f, 0x4f, 0x52, 0x44, 0x00, 0x54, 0x45, 0x58, 0x43, 0x4f, 0x4f, 0x52,
    0x44, 0x00, 0x54, 0x45, 0x58, 0x43, 0x4f, 0x4f, 0x52, 0x44, 0x00, 0x54, 0x45, 0x58, 0x43, 0x4f,
    0x4f, 0x52, 0x44, 0x00, 0x54, 0x45, 0x58, 0x43, 0x4f, 0x4f, 0x52, 0x44, 0x00, 0x54, 0x45, 0x58,
    0x43, 0x4f, 0x4f, 0x52, 0x44, 0x00, 0x54, 0x45, 0x58, 0x43, 0x4f, 0x4f, 0x52, 0x44, 0x00, 0x76,
    0x73, 0x5f, 0x70, 0x6f, 0x6c, 0x79, 0x00, 0x00, 0x06, 0x00, 0x00, 0x00, 0x00, 0x00, 0x00, 0x00,
    0x01, 0x00, 0x00, 0x00, 0x02, 0x00, 0x00, 0x00, 0x03, 0x00, 0x00, 0x00, 0x04, 0x00, 0x00, 0x00,
    0x05, 0x00, 0x00, 0x00, 0x10, 0x00, 0x00, 0x00, 0x01, 0x00, 0x00, 0x00, 0x00, 0x00, 0x00, 0x00,
    0x01, 0x00, 0x42, 0x00, 0x03, 0x00, 0x00, 0x00, 0x0a, 0x00, 0x00, 0x00, 0x01, 0x00, 0x00, 0x00,
    0x01, 0x01, 0x41, 0x00, 0x03, 0x00, 0x00, 0x00, 0x13, 0x00, 0x00, 0x00, 0x02, 0x00, 0x00, 0x00,
    0x01, 0x02, 0x43, 0x00, 0x03, 0x00, 0x00, 0x00, 0x1c, 0x00, 0x00, 0x00, 0x03, 0x00, 0x00, 0x00,
    0x01, 0x03, 0x44, 0x00, 0x03, 0x00, 0x00, 0x00, 0x25, 0x00, 0x00, 0x00, 0x04, 0x00, 0x00, 0x00,
    0x01, 0x04, 0x44, 0x00, 0x01, 0x00, 0x00, 0x00, 0x2e, 0x00, 0x00, 0x00, 0x05, 0x00, 0x00, 0x00,
    0x01, 0x05, 0x42, 0x00, 0x01, 0x00, 0x00, 0x00, 0x00, 0x00, 0x00, 0x00, 0x00, 0x00, 0x00, 0x00,
    0x01, 0x00, 0x44, 0x03, 0x03, 0x04, 0x00, 0x00, 0x37, 0x00, 0x00, 0x00, 0x00, 0x00, 0x00, 0x00,
    0x01, 0x01, 0x43, 0x00, 0x03, 0x04, 0x00, 0x00, 0x40, 0x00, 0x00, 0x00, 0x01, 0x00, 0x00, 0x00,
    0x01, 0x02, 0x44, 0x00, 0x03, 0x01, 0x00, 0x00, 0x49, 0x00, 0x00, 0x00, 0x02, 0x00, 0x00, 0x00,
    0x01, 0x03, 0x44, 0x00, 0x01, 0x01, 0x00, 0x00, 0x52, 0x00, 0x00, 0x00, 0x03, 0x00, 0x00, 0x00,
    0x01, 0x04, 0x42, 0x00, 0x01, 0x01, 0x00, 0x00, 0x01, 0x00, 0x00, 0x00, 0x02, 0x00, 0x00, 0x00,
    0x00, 0x00, 0x00, 0x00, 0x00, 0x00, 0x00, 0x00, 0x04, 0x00, 0x00, 0x00, 0x00, 0x00, 0x00, 0x00,
    0x00, 0x00, 0x00, 0x00, 0x00, 0x00, 0x00, 0x00, 0x10, 0x00, 0x00, 0x00, 0x20, 0x00, 0x00, 0x00,
    0x40, 0x00, 0x00, 0x00, 0x00, 0x00, 0x00, 0x00, 0x00, 0x01, 0x00, 0x00, 0x00, 0x02, 0x00, 0x00,
    0x00, 0x04, 0x00, 0x00, 0x00, 0x08, 0x00, 0x00, 0x00, 0x10, 0x00, 0x00, 0x00, 0x20, 0x00, 0x00,
    0x00, 0x40, 0x00, 0x00, 0x00, 0x80, 0x00, 0x00, 0x00, 0x00, 0x01, 0x00, 0x00, 0x00, 0x02, 0x00,
    0x00, 0x00, 0x00, 0x00, 0x00, 0x00, 0x00, 0x00, 0x53, 0x54, 0x41, 0x54, 0x2c, 0x07, 0x00, 0x00,
    0x60, 0x00, 0x01, 0x00, 0xcb, 0x01, 0x00, 0x00, 0x44, 0x58, 0x49, 0x4c, 0x00, 0x01, 0x00, 0x00,
    0x10, 0x00, 0x00, 0x00, 0x14, 0x07, 0x00, 0x00, 0x42, 0x43, 0xc0, 0xde, 0x21, 0x0c, 0x00, 0x00,
    0xc2, 0x01, 0x00, 0x00, 0x0b, 0x82, 0x20, 0x00, 0x02, 0x00, 0x00, 0x00, 0x13, 0x00, 0x00, 0x00,
    0x07, 0x81, 0x23, 0x91, 0x41, 0xc8, 0x04, 0x49, 0x06, 0x10, 0x32, 0x39, 0x92, 0x01, 0x84, 0x0c,
    0x25, 0x05, 0x08, 0x19, 0x1e, 0x04, 0x8b, 0x62, 0x80, 0x14, 0x45, 0x02, 0x42, 0x92, 0x0b, 0x42,
    0xa4, 0x10, 0x32, 0x14, 0x38, 0x08, 0x18, 0x4b, 0x0a, 0x32, 0x52, 0x88, 0x48, 0x90, 0x14, 0x20,
    0x43, 0x46, 0x88, 0xa5, 0x00, 0x19, 0x32, 0x42, 0xe4, 0x48, 0x0e, 0x90, 0x91, 0x22, 0xc4, 0x50,
    0x41, 0x51, 0x81, 0x8c, 0xe1, 0x83, 0xe5, 0x8a, 0x04, 0x29, 0x46, 0x06, 0x51, 0x18, 0x00, 0x00,
    0x08, 0x00, 0x00, 0x00, 0x1b, 0x8c, 0xe0, 0xff, 0xff, 0xff, 0xff, 0x07, 0x40, 0x02, 0xa8, 0x0d,
    0x84, 0xf0, 0xff, 0xff, 0xff, 0xff, 0x03, 0x20, 0x6d, 0x30, 0x86, 0xff, 0xff, 0xff, 0xff, 0x1f,
    0x00, 0x09, 0xa8, 0x00, 0x49, 0x18, 0x00, 0x00, 0x03, 0x00, 0x00, 0x00, 0x13, 0x82, 0x60, 0x42,
    0x20, 0x4c, 0x08, 0x06, 0x00, 0x00, 0x00, 0x00, 0x89, 0x20, 0x00, 0x00, 0x26, 0x00, 0x00, 0x00,
    0x32, 0x22, 0x48, 0x09, 0x20, 0x64, 0x85, 0x04, 0x93, 0x22, 0xa4, 0x84, 0x04, 0x93, 0x22, 0xe3,
    0x84, 0xa1, 0x90, 0x14, 0x12, 0x4c, 0x8a, 0x8c, 0x0b, 0x84, 0xa4, 0x4c, 0x10, 0x70, 0x23, 0x00,
    0x25, 0x00, 0x14, 0x66, 0x00, 0xe6, 0x08, 0xc0, 0x60, 0x8e, 0x00, 0x29, 0xc6, 0x20, 0x84, 0x14,
    0x42, 0xa6, 0x18, 0x84, 0x10, 0x52, 0x08, 0xa1, 0x62, 0x00, 0x42, 0x48, 0x19, 0xa4, 0x8a, 0x01,
    0x08, 0x21, 0x85, 0x10, 0x3b, 0x6a, 0xb8, 0xfc, 0x09, 0x7b, 0x08, 0xc9, 0xe7, 0x36, 0xaa, 0x58,
    0x89, 0xc9, 0x2f, 0x6e, 0x1b, 0x11, 0x63, 0x8c, 0x41, 0xe5, 0x9e, 0xe1, 0xf2, 0x27, 0xec, 0x21,
    0x24, 0x3f, 0x04, 0x9a, 0x61, 0x21, 0x50, 0xf0, 0x0a, 0xe1, 0x08, 0x24, 0x14, 0xe7, 0x08, 0x82,
    0x62, 0x40, 0x52, 0x08, 0x99, 0x44, 0x07, 0x02, 0x86, 0x11, 0x84, 0xe1, 0x1a, 0x69, 0x8a, 0x28,
    0x61, 0xf2, 0x59, 0x21, 0x22, 0x88, 0x06, 0x09, 0xf7, 0x5e, 0xc2, 0x0a, 0x11, 0x41, 0x34, 0xee,
    0x86, 0xa2, 0x00, 0x53, 0x4e, 0x0c, 0x02, 0x00, 0x13, 0x14, 0x72, 0xc0, 0x87, 0x74, 0x60, 0x87,
    0x36, 0x68, 0x87, 0x79, 0x68, 0x03, 0x72, 0xc0, 0x87, 0x0d, 0xaf, 0x50, 0x0e, 0x6d, 0xd0, 0x0e,
    0x7a, 0x50, 0x0e, 0x6d, 0x00, 0x0f, 0x7a, 0x30, 0x07, 0x72, 0xa0, 0x07, 0x73, 0x20, 0x07, 0x6d,
    0x90, 0x0e, 0x71, 0xa0, 0x07, 0x73, 0x20, 0x07, 0x6d, 0x90, 0x0e, 0x78, 0xa0, 0x07, 0x73, 0x20,
    0x07, 0x6d, 0x90, 0x0e, 0x71, 0x60, 0x07, 0x7a, 0x30, 0x07, 0x72, 0xd0, 0x06, 0xe9, 0x30, 0x07,
    0x72, 0xa0, 0x07, 0x73, 0x20, 0x07, 0x6d, 0x90, 0x0e, 0x76, 0x40, 0x07, 0x7a, 0x60, 0x07, 0x74,
    0xd0, 0x06, 0xe6, 0x10, 0x07, 0x76, 0xa0, 0x07, 0x73, 0x20, 0x07, 0x6d, 0x60, 0x0e, 0x73, 0x20,
    0x07, 0x7a, 0x30, 0x07, 0x72, 0xd0, 0x06, 0xe6, 0x60, 0x07, 0x74, 0xa0, 0x07, 0x76, 0x40, 0x07,
    0x6d, 0xe0, 0x0e, 0x78, 0xa0, 0x07, 0x71, 0x60, 0x07, 0x7a, 0x30, 0x07, 0x72, 0xa0, 0x07, 0x76,
    0x40, 0x07, 0x43, 0x9e, 0x00, 0x08, 0x00, 0x00, 0x00, 0x00, 0x00, 0x00, 0x00, 0x00, 0x00, 0x86,
    0x3c, 0x06, 0x10, 0x00, 0x01, 0x00, 0x00, 0x00, 0x00, 0x00, 0x00, 0x00, 0x0c, 0x79, 0x10, 0x20,
    0x00, 0x02, 0x00, 0x00, 0x00, 0x00, 0x00, 0x00, 0x00, 0x18, 0xf2, 0x28, 0x40, 0x00, 0x08, 0x00,
    0x00, 0x00, 0x00, 0x00, 0x00, 0x00, 0x30, 0xe4, 0x61, 0x80, 0x00, 0x10, 0x00, 0x00, 0x00, 0x00,
    0x00, 0x00, 0x00, 0x60, 0xc8, 0x13, 0x01, 0x01, 0x30, 0x00, 0x00, 0x00, 0x00, 0x00, 0x00, 0x00,
    0xc0, 0x90, 0x87, 0x02, 0x02, 0x60, 0x00, 0x00, 0x00, 0x00, 0x00, 0x00, 0x00, 0x80, 0x2c, 0x10,
    0x19, 0x00, 0x00, 0x00, 0x32, 0x1e, 0x98, 0x18, 0x19, 0x11, 0x4c, 0x90, 0x8c, 0x09, 0x26, 0x47,
    0xc6, 0x04, 0x43, 0x22, 0x25, 0x30, 0x02, 0x50, 0x0c, 0x05, 0x52, 0x06, 0xe5, 0x50, 0x12, 0xa5,
    0x51, 0x04, 0x05, 0x51, 0x1e, 0x85, 0x50, 0x0a, 0x85, 0x55, 0x22, 0x54, 0x4a, 0x62, 0x04, 0xa0,
    0x08, 0x4a, 0xa0, 0x0c, 0x0a, 0xa1, 0x14, 0x08, 0xcf, 0x00, 0x50, 0x9e, 0x01, 0x20, 0x3d, 0x03,
    0x40, 0x7b, 0x2c, 0xcc, 0x92, 0x02, 0x01, 0x00, 0x08, 0x00, 0x00, 0x20, 0x30, 0x00, 0x05, 0x00,
    0x44, 0x40, 0x08, 0x04, 0x03, 0x10, 0x14, 0x40, 0x90, 0x00, 0x41, 0x04, 0x04, 0x21, 0x10, 0x04,
    0x03, 0x10, 0x04, 0x05, 0x10, 0x04, 0x09, 0x00, 0x79, 0x18, 0x00, 0x00, 0xb1, 0x00, 0x00, 0x00,
    0x1a, 0x03, 0x4c, 0x90, 0x46, 0x02, 0x13, 0xc4, 0x8e, 0x0c, 0x6f, 0xec, 0xed, 0x4d, 0x0c, 0x24,
    0xc6, 0x25, 0xc7, 0x45, 0xc6, 0x06, 0x26, 0xc7, 0xa5, 0x06, 0x04, 0x05, 0x26, 0x46, 0xcc, 0x46,
    0x26, 0x8c, 0x8c, 0xe6, 0x26, 0x65, 0x43, 0x10, 0x4c, 0x10, 0x88, 0x63, 0x82, 0x40, 0x20, 0x1b,
    0x84, 0x81, 0xd8, 0x20, 0x10, 0x04, 0x05, 0xbb, 0xb9, 0x09, 0x02, 0x91, 0x6c, 0x18, 0x0e, 0x84,
    0x98, 0x20, 0x68, 0x1f, 0x93, 0xa9, 0x31, 0xb9, 0xb2, 0x32, 0xb7, 0x2a, 0xa1, 0xa7, 0x09, 0x02,
    0xa1, 0x6c, 0x40, 0x08, 0x65, 0x19, 0x88, 0x81, 0x01, 0x36, 0x04, 0xcd, 0x06, 0x02, 0x00, 0x1c,
    0x60, 0x82, 0x80, 0x75, 0x24, 0xe6, 0xd2, 0xf4, 0xca, 0x26, 0x08, 0xc4, 0x32, 0x41, 0x20, 0x98,
    0x09, 0x02, 0xd1, 0x4c, 0x10, 0x08, 0x67, 0x82, 0x40, 0x3c, 0x1b, 0x10, 0x24, 0x92, 0x88, 0x89,
    0xaa, 0x2c, 0x0e, 0x70, 0x61, 0x64, 0x13, 0x04, 0x02, 0xda, 0x80, 0x20, 0x98, 0x94, 0x4d, 0x54,
    0x65, 0x6d, 0x18, 0x98, 0x4b, 0x9b, 0x20, 0x64, 0x1e, 0x8d, 0xb9, 0x31, 0xb9, 0xb2, 0x32, 0xb7,
    0x0d, 0x04, 0xd2, 0x49, 0xc4, 0x06, 0x81, 0xf1, 0x36, 0x14, 0x04, 0xb4, 0x71, 0xdf, 0x04, 0x41,
    0x00, 0x36, 0x00, 0x1b, 0x06, 0x42, 0x0c, 0xc4, 0x60, 0x43, 0x30, 0x06, 0x1b, 0x86, 0x21, 0x0c,
    0xc8, 0x60, 0x82, 0xb0, 0x81, 0xc1, 0x86, 0xc0, 0x0c, 0x78, 0xd8, 0xcd, 0x7d, 0xc1, 0xbd, 0xb1,
    0xe5, 0x11, 0xa1, 0x2a, 0xc2, 0x1a, 0x7a, 0x7a, 0x92, 0x22, 0x9a, 0x20, 0x14, 0xd6, 0x04, 0xa1,
    0xb8, 0x36, 0x04, 0xc4, 0x04, 0xa1, 0xc0, 0x36, 0x08, 0x92, 0xb4, 0x61, 0x21, 0xd2, 0x40, 0x0d,
    0xd6, 0x80, 0x0d, 0xd6, 0x60, 0x68, 0x03, 0x62, 0x0d, 0xdc, 0x60, 0x43, 0x30, 0x4c, 0x10, 0x8a,
    0x6c, 0x83, 0x20, 0x0d, 0x1b, 0x96, 0x21, 0x0d, 0xd4, 0x60, 0x0d, 0xe0, 0x60, 0x0d, 0x86, 0x38,
    0x18, 0xd6, 0x40, 0x0e, 0x36, 0x04, 0xd6, 0x04, 0xa1, 0xd0, 0x36, 0x08, 0xd2, 0xb4, 0x61, 0xb1,
    0xd2, 0x40, 0x0d, 0xd6, 0x80, 0x0e, 0xd6, 0x60, 0xa8, 0x03, 0x6b, 0x0d, 0xec, 0x60, 0x43, 0x20,
    0x4d, 0x10, 0x8a, 0x6d, 0x82, 0x40, 0x44, 0x1b, 0x04, 0x49, 0x0f, 0x36, 0x2c, 0x52, 0x1a, 0xa8,
    0xc1, 0x1a, 0xe0, 0xc1, 0x1a, 0x0c, 0x79, 0x20, 0xad, 0xc1, 0x1e, 0x4c, 0x10, 0x08, 0x69, 0x82,
    0x50, 0x70, 0x1b, 0x82, 0x3e, 0xd8, 0xb0, 0xf4, 0x41, 0x1a, 0xf8, 0xc1, 0x1a, 0xfc, 0xc1, 0x1a,
    0x0c, 0x79, 0xd0, 0x07, 0x6b, 0xb0, 0x07, 0x13, 0x04, 0x62, 0xda, 0x10, 0x84, 0xc2, 0x86, 0x25,
    0x14, 0xd2, 0xc0, 0x0f, 0xd6, 0x40, 0x14, 0xd6, 0x60, 0x68, 0x83, 0x50, 0x58, 0x03, 0x37, 0xd8,
    0x60, 0xbc, 0xc1, 0x1c, 0xdc, 0x01, 0x1f, 0x80, 0xc2, 0x28, 0x70, 0x99, 0xb2, 0xfa, 0x82, 0x7a,
    0x9b, 0x4b, 0xa3, 0x4b, 0x7b, 0x73, 0xdb, 0xb0, 0x10, 0xa5, 0xa0, 0x06, 0x75, 0xc0, 0x06, 0x79,
    0x30, 0xe4, 0x01, 0xb1, 0x06, 0x7b, 0xb0, 0x61, 0x19, 0xd2, 0x40, 0x0d, 0xd6, 0x80, 0x0d, 0xf2,
    0x60, 0xa8, 0x83, 0x61, 0x0d, 0xec, 0x60, 0xc3, 0x62, 0xa5, 0x81, 0x1a, 0xac, 0x01, 0x1c, 0xc4,
    0xc1, 0x90, 0x07, 0xd6, 0x1a, 0xec, 0xc1, 0x86, 0x45, 0x4a, 0x03, 0x3f, 0x58, 0x03, 0x3a, 0x88,
    0x83, 0x21, 0x0f, 0xa4, 0x35, 0xd8, 0x83, 0x0d, 0x4b, 0x1f, 0xa4, 0x81, 0x1f, 0xac, 0x01, 0x1e,
    0xc4, 0xc1, 0xd0, 0x06, 0x7d, 0xb0, 0x06, 0x6e, 0xb0, 0xa1, 0x30, 0x85, 0x53, 0x40, 0x85, 0x54,
    0x50, 0x85, 0x0d, 0x03, 0x29, 0xac, 0x02, 0xb0, 0xa1, 0x08, 0x03, 0x34, 0x60, 0x85, 0x07, 0xa0,
    0x61, 0xc6, 0xf6, 0x16, 0x46, 0x37, 0xc7, 0x22, 0xcd, 0x6d, 0x8e, 0x6e, 0x6e, 0x82, 0x40, 0x50,
    0x34, 0xe6, 0xd2, 0xce, 0xbe, 0xd8, 0xc8, 0x68, 0xcc, 0xa5, 0x9d, 0x7d, 0xcd, 0xd1, 0x4d, 0x10,
    0x88, 0x6a, 0x03, 0xe2, 0x0a, 0xc8, 0x2b, 0xc0, 0x42, 0x2c, 0x30, 0xb2, 0x30, 0x0b, 0x55, 0xd8,
    0xd8, 0xec, 0xda, 0x5c, 0xd2, 0xc8, 0xca, 0xdc, 0xe8, 0xa6, 0x04, 0x41, 0x15, 0x32, 0x3c, 0x17,
    0xbb, 0x32, 0xb9, 0xb9, 0xb4, 0x37, 0xb7, 0x29, 0x01, 0xd1, 0x84, 0x0c, 0xcf, 0xc5, 0x2e, 0x8c,
    0xcd, 0xae, 0x4c, 0x6e, 0x4a, 0x50, 0xd4, 0x21, 0xc3, 0x73, 0x99, 0x43, 0x0b, 0x23, 0x2b, 0x93,
    0x6b, 0x7a, 0x23, 0x2b, 0x63, 0x9b, 0x12, 0x20, 0x65, 0xc8, 0xf0, 0x5c, 0xe4, 0xca, 0xe6, 0xde,
    0xea, 0xe4, 0xc6, 0xca, 0xe6, 0xa6, 0x04, 0x4e, 0x25, 0x32, 0x3c, 0x17, 0xba, 0x3c, 0xb8, 0xb2,
    0x20, 0x37, 0xb7, 0x37, 0xba, 0x30, 0xba, 0xb4, 0x37, 0xb7, 0xb9, 0x29, 0xc2, 0x47, 0x06, 0x75,
    0xc8, 0xf0, 0x5c, 0xec, 0xd2, 0xca, 0xee, 0x92, 0xc8, 0xa6, 0xe8, 0xc2, 0xe8, 0xca, 0xa6, 0x04,
    0x66, 0x50, 0x87, 0x0c, 0xcf, 0xa5, 0xcc, 0x8d, 0x4e, 0x2e, 0x0f, 0xea, 0x2d, 0xcd, 0x8d, 0x6e,
    0x6e, 0x4a, 0xc0, 0x0a, 0x5d, 0xc8, 0xf0, 0x5c, 0xc6, 0xde, 0xea, 0xdc, 0xe8, 0xca, 0xe4, 0xe6,
    0xa6, 0x04, 0xb3, 0x00, 0x79, 0x18, 0x00, 0x00, 0x4c, 0x00, 0x00, 0x00, 0x33, 0x08, 0x80, 0x1c,
    0xc4, 0xe1, 0x1c, 0x66, 0x14, 0x01, 0x3d, 0x88, 0x43, 0x38, 0x84, 0xc3, 0x8c, 0x42, 0x80, 0x07,
    0x79, 0x78, 0x07, 0x73, 0x98, 0x71, 0x0c, 0xe6, 0x00, 0x0f, 0xed, 0x10, 0x0e, 0xf4, 0x80, 0x0e,
    0x33, 0x0c, 0x42, 0x1e, 0xc2, 0xc1, 0x1d, 0xce, 0xa1, 0x1c, 0x66, 0x30, 0x05, 0x3d, 0x88, 0x43,
    0x38, 0x84, 0x83, 0x1b, 0xcc, 0x03, 0x3d, 0xc8, 0x43, 0x3d, 0x8c, 0x03, 0x3d, 0xcc, 0x78, 0x8c,
    0x74, 0x70, 0x07, 0x7b, 0x08, 0x07, 0x79, 0x48, 0x87, 0x70, 0x70, 0x07, 0x7a, 0x70, 0x03, 0x76,
    0x78, 0x87, 0x70, 0x20, 0x87, 0x19, 0xcc, 0x11, 0x0e, 0xec, 0x90, 0x0e, 0xe1, 0x30, 0x0f, 0x6e,
    0x30, 0x0f, 0xe3, 0xf0, 0x0e, 0xf0, 0x50, 0x0e, 0x33, 0x10, 0xc4, 0x1d, 0xde, 0x21, 0x1c, 0xd8,
    0x21, 0x1d, 0xc2, 0x61, 0x1e, 0x66, 0x30, 0x89, 0x3b, 0xbc, 0x83, 0x3b, 0xd0, 0x43, 0x39, 0xb4,
    0x03, 0x3c, 0xbc, 0x83, 0x3c, 0x84, 0x03, 0x3b, 0xcc, 0xf0, 0x14, 0x76, 0x60, 0x07, 0x7b, 0x68,
    0x07, 0x37, 0x68, 0x87, 0x72, 0x68, 0x07, 0x37, 0x80, 0x87, 0x70, 0x90, 0x87, 0x70, 0x60, 0x07,
    0x76, 0x28, 0x07, 0x76, 0xf8, 0x05, 0x76, 0x78, 0x87, 0x77, 0x80, 0x87, 0x5f, 0x08, 0x87, 0x71,
    0x18, 0x87, 0x72, 0x98, 0x87, 0x79, 0x98, 0x81, 0x2c, 0xee, 0xf0, 0x0e, 0xee, 0xe0, 0x0e, 0xf5,
    0xc0, 0x0e, 0xec, 0x30, 0x03, 0x62, 0xc8, 0xa1, 0x1c, 0xe4, 0xa1, 0x1c, 0xcc, 0xa1, 0x1c, 0xe4,
    0xa1, 0x1c, 0xdc, 0x61, 0x1c, 0xca, 0x21, 0x1c, 0xc4, 0x81, 0x1d, 0xca, 0x61, 0x06, 0xd6, 0x90,
    0x43, 0x39, 0xc8, 0x43, 0x39, 0x98, 0x43, 0x39, 0xc8, 0x43, 0x39, 0xb8, 0xc3, 0x38, 0x94, 0x43,
    0x38, 0x88, 0x03, 0x3b, 0x94, 0xc3, 0x2f, 0xbc, 0x83, 0x3c, 0xfc, 0x82, 0x3b, 0xd4, 0x03, 0x3b,
    0xb0, 0xc3, 0x8c, 0xc8, 0x21, 0x07, 0x7c, 0x70, 0x03, 0x72, 0x10, 0x87, 0x73, 0x70, 0x03, 0x7b,
    0x08, 0x07, 0x79, 0x60, 0x87, 0x70, 0xc8, 0x87, 0x77, 0xa8, 0x07, 0x7a, 0x98, 0x81, 0x3c, 0xe4,
    0x80, 0x0f, 0x6e, 0x40, 0x0f, 0xe5, 0xd0, 0x0e, 0xf0, 0x00, 0x00, 0x00, 0x71, 0x20, 0x00, 0x00,
    0x1d, 0x00, 0x00, 0x00, 0x56, 0xb0, 0x0d, 0x97, 0xef, 0x3c, 0xbe, 0x10, 0x50, 0x45, 0x41, 0x44,
    0xa5, 0x03, 0x0c, 0x25, 0x61, 0x00, 0x02, 0xe6, 0x17, 0xb7, 0x6d, 0x06, 0xd2, 0x70, 0xf9, 0xce,
    0xe3, 0x0b, 0x11, 0x01, 0x4c, 0x44, 0x08, 0x34, 0xc3, 0x42, 0x58, 0xc0, 0x34, 0x5c, 0xbe, 0xf3,
    0xf8, 0x8b, 0x03, 0x0c, 0x62, 0xf3, 0x50, 0x93, 0x5f, 0xdc, 0xb6, 0x09, 0x4c, 0xc3, 0xe5, 0x3b,
    0x8f, 0xbf, 0x38, 0xc0, 0x20, 0x36, 0x0f, 0x35, 0xf9, 0xc8, 0x6d, 0xdb, 0x40, 0x35, 0x5c, 0xbe,
    0xf3, 0xf8, 0xd2, 0xe4, 0x44, 0x04, 0x4a, 0x4d, 0x0f, 0x35, 0xf9, 0xc5, 0x6d, 0x1b, 0x41, 0x35,
    0x5c, 0xbe, 0xf3, 0xf8, 0xd2, 0xe4, 0x44, 0x04, 0x4a, 0x4d, 0x0f, 0x35, 0xf9, 0xc8, 0x6d, 0x1b,
    0xc0, 0x51, 0x49, 0xff, 0xe3, 0x2c, 0x18, 0x00, 0x00, 0x00, 0x00, 0x00, 0x48, 0x41, 0x53, 0x48,
    0x14, 0x00, 0x00, 0x00, 0x00, 0x00, 0x00, 0x00, 0x9c, 0x60, 0x7b, 0xef, 0xfa, 0xc4, 0xa1, 0xcd,
    0x52, 0x77, 0xea, 0xad, 0xe5, 0xdd, 0xbe, 0x7e, 0x44, 0x58, 0x49, 0x4c, 0x90, 0x08, 0x00, 0x00,
    0x60, 0x00, 0x01, 0x00, 0x24, 0x02, 0x00, 0x00, 0x44, 0x58, 0x49, 0x4c, 0x00, 0x01, 0x00, 0x00,
    0x10, 0x00, 0x00, 0x00, 0x78, 0x08, 0x00, 0x00, 0x42, 0x43, 0xc0, 0xde, 0x21, 0x0c, 0x00, 0x00,
    0x1b, 0x02, 0x00, 0x00, 0x0b, 0x82, 0x20, 0x00, 0x02, 0x00, 0x00, 0x00, 0x13, 0x00, 0x00, 0x00,
    0x07, 0x81, 0x23, 0x91, 0x41, 0xc8, 0x04, 0x49, 0x06, 0x10, 0x32, 0x39, 0x92, 0x01, 0x84, 0x0c,
    0x25, 0x05, 0x08, 0x19, 0x1e, 0x04, 0x8b, 0x62, 0x80, 0x14, 0x45, 0x02, 0x42, 0x92, 0x0b, 0x42,
    0xa4, 0x10, 0x32, 0x14, 0x38, 0x08, 0x18, 0x4b, 0x0a, 0x32, 0x52, 0x88, 0x48, 0x90, 0x14, 0x20,
    0x43, 0x46, 0x88, 0xa5, 0x00, 0x19, 0x32, 0x42, 0xe4, 0x48, 0x0e, 0x90, 0x91, 0x22, 0xc4, 0x50,
    0x41, 0x51, 0x81, 0x8c, 0xe1, 0x83, 0xe5, 0x8a, 0x04, 0x29, 0x46, 0x06, 0x51, 0x18, 0x00, 0x00,
    0x08, 0x00, 0x00, 0x00, 0x1b, 0x8c, 0xe0, 0xff, 0xff, 0xff, 0xff, 0x07, 0x40, 0x02, 0xa8, 0x0d,
    0x84, 0xf0, 0xff, 0xff, 0xff, 0xff, 0x03, 0x20, 0x6d, 0x30, 0x86, 0xff, 0xff, 0xff, 0xff, 0x1f,
    0x00, 0x09, 0xa8, 0x00, 0x49, 0x18, 0x00, 0x00, 0x03, 0x00, 0x00, 0x00, 0x13, 0x82, 0x60, 0x42,
    0x20, 0x4c, 0x08, 0x06, 0x00, 0x00, 0x00, 0x00, 0x89, 0x20, 0x00, 0x00, 0x26, 0x00, 0x00, 0x00,
    0x32, 0x22, 0x48, 0x09, 0x20, 0x64, 0x85, 0x04, 0x93, 0x22, 0xa4, 0x84, 0x04, 0x93, 0x22, 0xe3,
    0x84, 0xa1, 0x90, 0x14, 0x12, 0x4c, 0x8a, 0x8c, 0x0b, 0x84, 0xa4, 0x4c, 0x10, 0x70, 0x23, 0x00,
    0x25, 0x00, 0x14, 0x66, 0x00, 0xe6, 0x08, 0xc0, 0x60, 0x8e, 0x00, 0x29, 0xc6, 0x20, 0x84, 0x14,
    0x42, 0xa6, 0x18, 0x84, 0x10, 0x52, 0x08, 0xa1, 0x62, 0x00, 0x42, 0x48, 0x19, 0xa4, 0x8a, 0x01,
    0x08, 0x21, 0x85, 0x10, 0x3b, 0x6a, 0xb8, 0xfc, 0x09, 0x7b, 0x08, 0xc9, 0xe7, 0x36, 0xaa, 0x58,
    0x89, 0xc9, 0x2f, 0x6e, 0x1b, 0x11, 0x63, 0x8c, 0x41, 0xe5, 0x9e, 0xe1, 0xf2, 0x27, 0xec, 0x21,
    0x24, 0x3f, 0x04, 0x9a, 0x61, 0x21, 0x50, 0xf0, 0x0a, 0xe1, 0x08, 0x24, 0x14, 0xe7, 0x08, 0x82,
    0x62, 0x40, 0x52, 0x08, 0x99, 0x44, 0x07, 0x02, 0x86, 0x11, 0x84, 0xe1, 0x1a, 0x69, 0x8a, 0x28,
    0x61, 0xf2, 0x59, 0x21, 0x22, 0x88, 0x06, 0x09, 0xf7, 0x5e, 0xc2, 0x0a, 0x11, 0x41, 0x34, 0xee,
    0x86, 0xa2, 0x00, 0x53, 0x4e, 0x0c, 0x02, 0x00, 0x13, 0x14, 0x72, 0xc0, 0x87, 0x74, 0x60, 0x87,
    0x36, 0x68, 0x87, 0x79, 0x68, 0x03, 0x72, 0xc0, 0x87, 0x0d, 0xaf, 0x50, 0x0e, 0x6d, 0xd0, 0x0e,
    0x7a, 0x50, 0x0e, 0x6d, 0x00, 0x0f, 0x7a, 0x30, 0x07, 0x72, 0xa0, 0x07, 0x73, 0x20, 0x07, 0x6d,
    0x90, 0x0e, 0x71, 0xa0, 0x07, 0x73, 0x20, 0x07, 0x6d, 0x90, 0x0e, 0x78, 0xa0, 0x07, 0x73, 0x20,
    0x07, 0x6d, 0x90, 0x0e, 0x71, 0x60, 0x07, 0x7a, 0x30, 0x07, 0x72, 0xd0, 0x06, 0xe9, 0x30, 0x07,
    0x72, 0xa0, 0x07, 0x73, 0x20, 0x07, 0x6d, 0x90, 0x0e, 0x76, 0x40, 0x07, 0x7a, 0x60, 0x07, 0x74,
    0xd0, 0x06, 0xe6, 0x10, 0x07, 0x76, 0xa0, 0x07, 0x73, 0x20, 0x07, 0x6d, 0x60, 0x0e, 0x73, 0x20,
    0x07, 0x7a, 0x30, 0x07, 0x72, 0xd0, 0x06, 0xe6, 0x60, 0x07, 0x74, 0xa0, 0x07, 0x76, 0x40, 0x07,
    0x6d, 0xe0, 0x0e, 0x78, 0xa0, 0x07, 0x71, 0x60, 0x07, 0x7a, 0x30, 0x07, 0x72, 0xa0, 0x07, 0x76,
    0x40, 0x07, 0x43, 0x9e, 0x00, 0x00, 0x00, 0x00, 0x00, 0x00, 0x00, 0x00, 0x00, 0x00, 0x00, 0x86,
    0x3c, 0x06, 0x10, 0x00, 0x01, 0x00, 0x00, 0x00, 0x00, 0x00, 0x00, 0x00, 0x0c, 0x79, 0x10, 0x20,
    0x00, 0x02, 0x00, 0x00, 0x00, 0x00, 0x00, 0x00, 0x00, 0x18, 0xf2, 0x28, 0x40, 0x00, 0x08, 0x00,
    0x00, 0x00, 0x00, 0x00, 0x00, 0x00, 0x30, 0xe4, 0x61, 0x80, 0x00, 0x10, 0x00, 0x00, 0x00, 0x00,
    0x00, 0x00, 0x00, 0x60, 0xc8, 0x13, 0x01, 0x01, 0x30, 0x00, 0x00, 0x00, 0x00, 0x00, 0x00, 0x00,
    0xc0, 0x90, 0x87, 0x02, 0x02, 0x60, 0x00, 0x00, 0x00, 0x00, 0x00, 0x00, 0x00, 0x80, 0x2c, 0x10,
    0x16, 0x00, 0x00, 0x00, 0x32, 0x1e, 0x98, 0x14, 0x19, 0x11, 0x4c, 0x90, 0x8c, 0x09, 0x26, 0x47,
    0xc6, 0x04, 0x43, 0x22, 0x25, 0x30, 0x02, 0x50, 0x12, 0xc5, 0x50, 0x20, 0x65, 0x50, 0x04, 0xe5,
    0x50, 0x1e, 0x85, 0x50, 0x0a, 0x54, 0x4a, 0x62, 0x04, 0xa0, 0x08, 0x4a, 0xa0, 0x0c, 0x0a, 0xa1,
    0x14, 0x48, 0xcf, 0x00, 0xd0, 0x1e, 0x0b, 0xb3, 0xa4, 0x40, 0x00, 0x00, 0x02, 0x00, 0x00, 0x08,
    0x0c, 0x40, 0x01, 0x00, 0x11, 0x10, 0x02, 0xc1, 0x00, 0x04, 0x05, 0x10, 0x24, 0x40, 0x10, 0x01,
    0x41, 0x08, 0x04, 0xc1, 0x00, 0x04, 0x41, 0x01, 0x04, 0x41, 0x02, 0x00, 0x79, 0x18, 0x00, 0x00,
    0x7b, 0x00, 0x00, 0x00, 0x1a, 0x03, 0x4c, 0x90, 0x46, 0x02, 0x13, 0xc4, 0x8e, 0x0c, 0x6f, 0xec,
    0xed, 0x4d, 0x0c, 0x24, 0xc6, 0x25, 0xc7, 0x45, 0xc6, 0x06, 0x26, 0xc7, 0xa5, 0x06, 0x04, 0x05,
    0x26, 0x46, 0xcc, 0x46, 0x26, 0x8c, 0x8c, 0xe6, 0x26, 0x65, 0x43, 0x10, 0x4c, 0x10, 0x88, 0x63,
    0x82, 0x40, 0x20, 0x1b, 0x84, 0x81, 0x98, 0x20, 0x10, 0xc9, 0x06, 0x61, 0x30, 0x28, 0xd8, 0xcd,
    0x4d, 0x10, 0x08, 0x65, 0xc3, 0x80, 0x24, 0xc4, 0x04, 0x41, 0xcb, 0x08, 0x4c, 0x10, 0x88, 0x65,
    0x03, 0x42, 0x2c, 0xcc, 0x40, 0x0c, 0x0d, 0xb0, 0x21, 0x70, 0x36, 0x10, 0x00, 0xf0, 0x00, 0x13,
    0x84, 0x4d, 0xdb, 0x10, 0x44, 0x13, 0x04, 0x01, 0xe0, 0x61, 0x37, 0xf7, 0x05, 0xf7, 0xc6, 0x96,
    0x47, 0x84, 0xaa, 0x08, 0x6b, 0xe8, 0xe9, 0x49, 0x8a, 0x68, 0x82, 0x50, 0x48, 0x13, 0x84, 0x62,
    0xda, 0x10, 0x10, 0x13, 0x84, 0x82, 0x9a, 0x20, 0x10, 0xcc, 0x06, 0x41, 0xd3, 0x36, 0x2c, 0x44,
    0x65, 0x5d, 0xd8, 0x35, 0x64, 0xc4, 0xb5, 0x6d, 0x08, 0x86, 0x09, 0x42, 0x51, 0x6d, 0x10, 0xb4,
    0x61, 0xc3, 0x32, 0x54, 0xd6, 0xd5, 0x5d, 0x83, 0x37, 0x5c, 0xdf, 0x04, 0x81, 0x68, 0x36, 0x04,
    0x61, 0x30, 0x41, 0x28, 0xac, 0x09, 0x02, 0xe1, 0x6c, 0x10, 0x34, 0x32, 0xd8, 0xb0, 0x84, 0x41,
    0x65, 0x5d, 0x62, 0x70, 0x0d, 0x63, 0x10, 0x06, 0x57, 0x19, 0x6c, 0x08, 0xb4, 0x09, 0x42, 0x71,
    0x4d, 0x10, 0x88, 0x67, 0x83, 0xa0, 0xa5, 0xc1, 0x86, 0x45, 0xab, 0xac, 0xeb, 0x0c, 0xae, 0x01,
    0x0d, 0xb4, 0x4b, 0x0d, 0x26, 0x08, 0x04, 0x34, 0x41, 0x28, 0xb0, 0x0d, 0x01, 0x1b, 0x6c, 0x58,
    0xd8, 0xa0, 0x6a, 0x83, 0xcb, 0x0d, 0xae, 0x01, 0x0d, 0xd8, 0xe0, 0x52, 0x83, 0x09, 0x02, 0x11,
    0x6d, 0x08, 0xe0, 0x60, 0xc3, 0x02, 0x07, 0x55, 0x1b, 0x5c, 0x71, 0x70, 0x0d, 0x19, 0x1c, 0x5c,
    0xdb, 0x06, 0x83, 0x03, 0x03, 0x33, 0x58, 0x83, 0x37, 0x90, 0x03, 0x2e, 0x53, 0x56, 0x5f, 0x50,
    0x6f, 0x73, 0x69, 0x74, 0x69, 0x6f, 0x6e, 0x1b, 0x16, 0x82, 0x0e, 0xac, 0x31, 0xc0, 0xd0, 0x60,
    0x40, 0x03, 0xe2, 0x52, 0x83, 0x0d, 0xcb, 0x50, 0x59, 0x17, 0x86, 0x06, 0xc3, 0x18, 0x0c, 0x57,
    0x19, 0x6c, 0x58, 0xc2, 0xa0, 0xb2, 0xae, 0xce, 0x1b, 0xd0, 0x20, 0x0c, 0x2e, 0x35, 0xd8, 0xb0,
    0x68, 0x55, 0x1b, 0x5c, 0x62, 0xe0, 0x0d, 0x68, 0xa0, 0x5d, 0x6a, 0xb0, 0x61, 0x61, 0x83, 0xaa,
    0x0d, 0xae, 0x33, 0xf0, 0x86, 0x8c, 0x0d, 0xae, 0x6d, 0x43, 0x51, 0x07, 0x76, 0x70, 0x07, 0x78,
    0x90, 0x07, 0x1b, 0x86, 0x39, 0xd0, 0x03, 0x60, 0x43, 0x31, 0x51, 0x7b, 0x00, 0x01, 0x55, 0xd8,
    0xd8, 0xec, 0xda, 0x5c, 0xd2, 0xc8, 0xca, 0xdc, 0xe8, 0xa6, 0x04, 0x41, 0x15, 0x32, 0x3c, 0x17,
    0xbb, 0x32, 0xb9, 0xb9, 0xb4, 0x37, 0xb7, 0x29, 0x01, 0xd1, 0x84, 0x0c, 0xcf, 0xc5, 0x2e, 0x8c,
    0xcd, 0xae, 0x4c, 0x6e, 0x4a, 0x60, 0xd4, 0x21, 0xc3, 0x73, 0x99, 0x43, 0x0b, 0x23, 0x2b, 0x93,
    0x6b, 0x7a, 0x23, 0x2b, 0x63, 0x9b, 0x12, 0x24, 0x65, 0xc8, 0xf0, 0x5c, 0xe4, 0xca, 0xe6, 0xde,
    0xea, 0xe4, 0xc6, 0xca, 0xe6, 0xa6, 0x04, 0x4f, 0x1d, 0x32, 0x3c, 0x17, 0xbb, 0xb4, 0xb2, 0xbb,
    0x24, 0xb2, 0x29, 0xba, 0x30, 0xba, 0xb2, 0x29, 0x41, 0x54, 0x87, 0x0c, 0xcf, 0xa5, 0xcc, 0x8d,
    0x4e, 0x2e, 0x0f, 0xea, 0x2d, 0xcd, 0x8d, 0x6e, 0x6e, 0x4a, 0xb0, 0x07, 0x00, 0x00, 0x00, 0x00,
    0x79, 0x18, 0x00, 0x00, 0x4c, 0x00, 0x00, 0x00, 0x33, 0x08, 0x80, 0x1c, 0xc4, 0xe1, 0x1c, 0x66,
    0x14, 0x01, 0x3d, 0x88, 0x43, 0x38, 0x84, 0xc3, 0x8c, 0x42, 0x80, 0x07, 0x79, 0x78, 0x07, 0x73,
    0x98, 0x71, 0x0c, 0xe6, 0x00, 0x0f, 0xed, 0x10, 0x0e, 0xf4, 0x80, 0x0e, 0x33, 0x0c, 0x42, 0x1e,
    0xc2, 0xc1, 0x1d, 0xce, 0xa1, 0x1c, 0x66, 0x30, 0x05, 0x3d, 0x88, 0x43, 0x38, 0x84, 0x83, 0x1b,
    0xcc, 0x03, 0x3d, 0xc8, 0x43, 0x3d, 0x8c, 0x03, 0x3d, 0xcc, 0x78, 0x8c, 0x74, 0x70, 0x07, 0x7b,
    0x08, 0x07, 0x79, 0x48, 0x87, 0x70, 0x70, 0x07, 0x7a, 0x70, 0x03, 0x76, 0x78, 0x87, 0x70, 0x20,
    0x87, 0x19, 0xcc, 0x11, 0x0e, 0xec, 0x90, 0x0e, 0xe1, 0x30, 0x0f, 0x6e, 0x30, 0x0f, 0xe3, 0xf0,
    0x0e, 0xf0, 0x50, 0x0e, 0x33, 0x10, 0xc4, 0x1d, 0xde, 0x21, 0x1c, 0xd8, 0x21, 0x1d, 0xc2, 0x61,
    0x1e, 0x66, 0x30, 0x89, 0x3b, 0xbc, 0x83, 0x3b, 0xd0, 0x43, 0x39, 0xb4, 0x03, 0x3c, 0xbc, 0x83,
    0x3c, 0x84, 0x03, 0x3b, 0xcc, 0xf0, 0x14, 0x76, 0x60, 0x07, 0x7b, 0x68, 0x07, 0x37, 0x68, 0x87,
    0x72, 0x68, 0x07, 0x37, 0x80, 0x87, 0x70, 0x90, 0x87, 0x70, 0x60, 0x07, 0x76, 0x28, 0x07, 0x76,
    0xf8, 0x05, 0x76, 0x78, 0x87, 0x77, 0x80, 0x87, 0x5f, 0x08, 0x87, 0x71, 0x18, 0x87, 0x72, 0x98,
    0x87, 0x79, 0x98, 0x81, 0x2c, 0xee, 0xf0, 0x0e, 0xee, 0xe0, 0x0e, 0xf5, 0xc0, 0x0e, 0xec, 0x30,
    0x03, 0x62, 0xc8, 0xa1, 0x1c, 0xe4, 0xa1, 0x1c, 0xcc, 0xa1, 0x1c, 0xe4, 0xa1, 0x1c, 0xdc, 0x61,
    0x1c, 0xca, 0x21, 0x1c, 0xc4, 0x81, 0x1d, 0xca, 0x61, 0x06, 0xd6, 0x90, 0x43, 0x39, 0xc8, 0x43,
    0x39, 0x98, 0x43, 0x39, 0xc8, 0x43, 0x39, 0xb8, 0xc3, 0x38, 0x94, 0x43, 0x38, 0x88, 0x03, 0x3b,
    0x94, 0xc3, 0x2f, 0xbc, 0x83, 0x3c, 0xfc, 0x82, 0x3b, 0xd4, 0x03, 0x3b, 0xb0, 0xc3, 0x8c, 0xc8,
    0x21, 0x07, 0x7c, 0x70, 0x03, 0x72, 0x10, 0x87, 0x73, 0x70, 0x03, 0x7b, 0x08, 0x07, 0x79, 0x60,
    0x87, 0x70, 0xc8, 0x87, 0x77, 0xa8, 0x07, 0x7a, 0x98, 0x81, 0x3c, 0xe4, 0x80, 0x0f, 0x6e, 0x40,
    0x0f, 0xe5, 0xd0, 0x0e, 0xf0, 0x00, 0x00, 0x00, 0x71, 0x20, 0x00, 0x00, 0x1d, 0x00, 0x00, 0x00,
    0x56, 0xb0, 0x0d, 0x97, 0xef, 0x3c, 0xbe, 0x10, 0x50, 0x45, 0x41, 0x44, 0xa5, 0x03, 0x0c, 0x25,
    0x61, 0x00, 0x02, 0xe6, 0x17, 0xb7, 0x6d, 0x06, 0xd2, 0x70, 0xf9, 0xce, 0xe3, 0x0b, 0x11, 0x01,
    0x4c, 0x44, 0x08, 0x34, 0xc3, 0x42, 0x58, 0xc0, 0x34, 0x5c, 0xbe, 0xf3, 0xf8, 0x8b, 0x03, 0x0c,
    0x62, 0xf3, 0x50, 0x93, 0x5f, 0xdc, 0xb6, 0x09, 0x4c, 0xc3, 0xe5, 0x3b, 0x8f, 0xbf, 0x38, 0xc0,
    0x20, 0x36, 0x0f, 0x35, 0xf9, 0xc8, 0x6d, 0xdb, 0x40, 0x35, 0x5c, 0xbe, 0xf3, 0xf8, 0xd2, 0xe4,
    0x44, 0x04, 0x4a, 0x4d, 0x0f, 0x35, 0xf9, 0xc5, 0x6d, 0x1b, 0x41, 0x35, 0x5c, 0xbe, 0xf3, 0xf8,
    0xd2, 0xe4, 0x44, 0x04, 0x4a, 0x4d, 0x0f, 0x35, 0xf9, 0xc8, 0x6d, 0x1b, 0xc0, 0x51, 0x49, 0xff,
    0xe3, 0x2c, 0x18, 0x00, 0x61, 0x20, 0x00, 0x00, 0x90, 0x00, 0x00, 0x00, 0x13, 0x04, 0x41, 0x2c,
    0x10, 0x00, 0x00, 0x00, 0x08, 0x00, 0x00, 0x00, 0x34, 0x47, 0x00, 0x88, 0x94, 0x5d, 0xc9, 0xcd,
    0x00, 0xd0, 0x18, 0x23, 0x00, 0x41, 0x10, 0xc4, 0x7f, 0x61, 0x8c, 0x00, 0x04, 0x41, 0x10, 0xff,
    0xc6, 0x08, 0x40, 0x10, 0x04, 0x41, 0x30, 0x00, 0x23, 0x06, 0x09, 0x00, 0x82, 0x60, 0x40, 0x71,
    0x85, 0xa3, 0x69, 0xc7, 0x88, 0x41, 0x02, 0x80, 0x20, 0x18, 0x20, 0x61, 0x30, 0x49, 0x1b, 0x54,
    0x8c, 0x18, 0x24, 0x00, 0x08, 0x82, 0x01, 0x22, 0x06, 0xd4, 0xc4, 0x3d, 0xc6, 0x88, 0x41, 0x02,
    0x80, 0x20, 0x18, 0x20, 0x63, 0x50, 0x55, 0x9d, 0x74, 0x8c, 0x18, 0x24, 0x00, 0x08, 0x82, 0x01,
    0x42, 0x06, 0x96, 0xe5, 0x45, 0xc8, 0x88, 0x41, 0x02, 0x80, 0x20, 0x18, 0x20, 0x65, 0x70, 0x5d,
    0xdf, 0x94, 0x8c, 0x18, 0x24, 0x00, 0x08, 0x82, 0x01, 0x62, 0x06, 0x18, 0x06, 0x06, 0x92, 0x32,
    0x62, 0x90, 0x00, 0x20, 0x08, 0x06, 0x06, 0x1a, 0x64, 0x5d, 0x18, 0x58, 0xcb, 0x88, 0x41, 0x02,
    0x80, 0x20, 0x18, 0x18, 0x69, 0xa0, 0x79, 0x62, 0x50, 0x31, 0x23, 0x06, 0x09, 0x00, 0x82, 0x60,
    0x60, 0xa8, 0xc1, 0xf6, 0x8d, 0xc1, 0xd5, 0x8c, 0x18, 0x24, 0x00, 0x08, 0x82, 0x81, 0xb1, 0x06,
    0x1c, 0x18, 0x90, 0x81, 0xe5, 0x8c, 0x18, 0x24, 0x00, 0x08, 0x82, 0x81, 0xc1, 0x06, 0x1d, 0x18,
    0x94, 0x81, 0xf6, 0x8c, 0x18, 0x24, 0x00, 0x08, 0x82, 0x81, 0xd1, 0x06, 0x5e, 0x18, 0x98, 0x41,
    0x06, 0x8d, 0x18, 0x24, 0x00, 0x08, 0x82, 0x81, 0xe1, 0x06, 0x9f, 0x18, 0x9c, 0xc1, 0x16, 0x8d,
    0x18, 0x24, 0x00, 0x08, 0x82, 0x81, 0xf1, 0x06, 0x60, 0x90, 0x06, 0x68, 0xd0, 0x49, 0x23, 0x06,
    0x09, 0x00, 0x82, 0x60, 0x60, 0xc0, 0x41, 0x18, 0xa4, 0x41, 0x1a, 0x78, 0xd3, 0x88, 0x41, 0x02,
    0x80, 0x20, 0x18, 0x18, 0x71, 0x20, 0x06, 0x6a, 0xa0, 0x06, 0x1d, 0x35, 0x62, 0x70, 0x00, 0x20,
    0x08, 0x06, 0x91, 0x1b, 0x5c, 0xd1, 0x1a, 0x8c, 0x26, 0x04, 0x80, 0x11, 0x01, 0x7d, 0x2c, 0xa8,
    0xe4, 0x63, 0x01, 0x06, 0x9f, 0xd1, 0x84, 0x22, 0xb0, 0x23, 0xa0, 0x8f, 0x05, 0x99, 0x7c, 0x6c,
    0x0b, 0xe2, 0x33, 0x62, 0x90, 0x00, 0x20, 0x08, 0x06, 0x4a, 0x1e, 0xac, 0x01, 0x1d, 0xd0, 0x41,
    0x1a, 0x14, 0x23, 0x06, 0x09, 0x00, 0x82, 0x60, 0xa0, 0xe4, 0xc1, 0x1a, 0xd0, 0x01, 0x1d, 0x9c,
    0x41, 0x30, 0x62, 0x90, 0x00, 0x20, 0x08, 0x06, 0x4a, 0x1e, 0xac, 0x01, 0x1d, 0xd0, 0x01, 0x1a,
    0x30, 0x23, 0x06, 0x09, 0x00, 0x82, 0x60, 0xa0, 0xe4, 0xc1, 0x1a, 0xd0, 0x01, 0x1d, 0x98, 0x01,
    0x37, 0x62, 0x90, 0x00, 0x20, 0x08, 0x06, 0x4a, 0x1e, 0xac, 0x41, 0x1d, 0xd0, 0x41, 0x1a, 0x3c,
    0x23, 0x06, 0x09, 0x00, 0x82, 0x60, 0xa0, 0xe4, 0xc1, 0x1a, 0xd4, 0x01, 0x1d, 0x9c, 0x81, 0x33,
    0x62, 0x90, 0x00, 0x20, 0x08, 0x06, 0x4a, 0x1e, 0xac, 0x41, 0x1d, 0xd0, 0x01, 0x1a, 0x34, 0x23,
    0x06, 0x09, 0x00, 0x82, 0x60, 0xa0, 0xe4, 0xc1, 0x1a, 0xbc, 0x01, 0x1d, 0xa4, 0xc1, 0x34, 0x62,
    0x90, 0x00, 0x20, 0x08, 0x06, 0x4a, 0x1e, 0xac, 0xc1, 0x1b, 0xd0, 0xc1, 0x19, 0x48, 0x23, 0x06,
    0x09, 0x00, 0x82, 0x60, 0xa0, 0xe4, 0xc1, 0x1a, 0xbc, 0x01, 0x1d, 0xa0, 0x41, 0x34, 0x62, 0x90,
    0x00, 0x20, 0x08, 0x06, 0x4a, 0x1e, 0xac, 0xc1, 0x1b, 0xd0, 0x81, 0x19, 0x40, 0x23, 0x06, 0x09,
    0x00, 0x82, 0x60, 0xc0, 0xe0, 0xc1, 0x1a, 0xc0, 0x01, 0x1d, 0xa4, 0xc1, 0x35, 0x62, 0x90, 0x00,
    0x20, 0x08, 0x06, 0x0c, 0x1e, 0xac, 0x01, 0x1c, 0xd0, 0xc1, 0x19, 0x58, 0x23, 0x06, 0x09, 0x00,
    0x82, 0x60, 0xc0, 0xe0, 0xc1, 0x1a, 0xc0, 0x01, 0x1d, 0xa0, 0x41, 0x35, 0x62, 0x90, 0x00, 0x20,
    0x08, 0x06, 0x0c, 0x1e, 0xac, 0x01, 0x1c, 0xd0, 0x81, 0x19, 0x50, 0x23, 0x06, 0x09, 0x00, 0x82,
    0x60, 0xc0, 0xe0, 0xc1, 0x1a, 0xb0, 0x01, 0x1d, 0xa4, 0x41, 0x36, 0x62, 0x90, 0x00, 0x20, 0x08,
    0x06, 0x0c, 0x1e, 0xac, 0x01, 0x1b, 0xd0, 0xc1, 0x19, 0x60, 0x08, 0x00, 0x00, 0x00, 0x00, 0x00
};

static const char k_vs_poly_msl[] =
    "#include <metal_stdlib>\n"
    "#include <simd/simd.h>\n"
    "\n"
    "using namespace metal;\n"
    "\n"
    "struct Screen\n"
    "{\n"
    "    float2 size;\n"
    "    float2 pad;\n"
    "};\n"
    "\n"
    "struct type_ScreenUBO\n"
    "{\n"
    "    Screen screen;\n"
    "};\n"
    "\n"
    "struct main0_out\n"
    "{\n"
    "    float3 out_var_TEXCOORD0 [[user(locn0)]];\n"
    "    float4 out_var_TEXCOORD1 [[user(locn1)]];\n"
    "    uint4 out_var_TEXCOORD2 [[user(locn2)]];\n"
    "    uint2 out_var_TEXCOORD3 [[user(locn3)]];\n"
    "    float4 gl_Position [[position]];\n"
    "};\n"
    "\n"
    "struct main0_in\n"
    "{\n"
    "    float2 in_var_TEXCOORD0 [[attribute(0)]];\n"
    "    float in_var_TEXCOORD1 [[attribute(1)]];\n"
    "    float3 in_var_TEXCOORD2 [[attribute(2)]];\n"
    "    float4 in_var_TEXCOORD3 [[attribute(3)]];\n"
    "    uint4 in_var_TEXCOORD4 [[attribute(4)]];\n"
    "    uint2 in_var_TEXCOORD5 [[attribute(5)]];\n"
    "};\n"
    "\n"
    "vertex main0_out main0(main0_in in [[stage_in]], constant type_ScreenUBO& ScreenUBO [[buffer(0)]])\n"
    "{\n"
    "    main0_out out = {};\n"
    "    out.gl_Position = float4(((in.in_var_TEXCOORD0.x / ScreenUBO.screen.size.x) * 2.0) - 1.0, 1.0 - ((in.in_var_TEXCOORD0.y / ScreenUBO.screen.size.y) * 2.0), in.in_var_TEXCOORD1, 1.0);\n"
    "    out.out_var_TEXCOORD0 = in.in_var_TEXCOORD2;\n"
    "    out.out_var_TEXCOORD1 = in.in_var_TEXCOORD3;\n"
    "    out.out_var_TEXCOORD2 = in.in_var_TEXCOORD4;\n"
    "    out.out_var_TEXCOORD3 = in.in_var_TEXCOORD5;\n"
    "    return out;\n"
    "}\n"
    "\n"
    "";

static const unsigned char k_ps_poly_spv[] = {
    0x03, 0x02, 0x23, 0x07, 0x00, 0x00, 0x01, 0x00, 0x00, 0x00, 0x0e, 0x00, 0x8c, 0x05, 0x00, 0x00,
    0x00, 0x00, 0x00, 0x00, 0x11, 0x00, 0x02, 0x00, 0x01, 0x00, 0x00, 0x00, 0x0b, 0x00, 0x06, 0x00,
    0x01, 0x00, 0x00, 0x00, 0x47, 0x4c, 0x53, 0x4c, 0x2e, 0x73, 0x74, 0x64, 0x2e, 0x34, 0x35, 0x30,
    0x00, 0x00, 0x00, 0x00, 0x0e, 0x00, 0x03, 0x00, 0x00, 0x00, 0x00, 0x00, 0x01, 0x00, 0x00, 0x00,
    0x0f, 0x00, 0x0b, 0x00, 0x04, 0x00, 0x00, 0x00, 0x02, 0x00, 0x00, 0x00, 0x6d, 0x61, 0x69, 0x6e,
    0x00, 0x00, 0x00, 0x00, 0x03, 0x00, 0x00, 0x00, 0x04, 0x00, 0x00, 0x00, 0x05, 0x00, 0x00, 0x00,
    0x06, 0x00, 0x00, 0x00, 0x07, 0x00, 0x00, 0x00, 0x08, 0x00, 0x00, 0x00, 0x10, 0x00, 0x03, 0x00,
    0x02, 0x00, 0x00, 0x00, 0x07, 0x00, 0x00, 0x00, 0x03, 0x00, 0x03, 0x00, 0x05, 0x00, 0x00, 0x00,
    0x58, 0x02, 0x00, 0x00, 0x05, 0x00, 0x09, 0x00, 0x09, 0x00, 0x00, 0x00, 0x74, 0x79, 0x70, 0x65,
    0x2e, 0x53, 0x74, 0x72, 0x75, 0x63, 0x74, 0x75, 0x72, 0x65, 0x64, 0x42, 0x75, 0x66, 0x66, 0x65,
    0x72, 0x2e, 0x75, 0x69, 0x6e, 0x74, 0x00, 0x00, 0x05, 0x00, 0x04, 0x00, 0x0a, 0x00, 0x00, 0x00,
    0x74, 0x65, 0x78, 0x72, 0x61, 0x6d, 0x00, 0x00, 0x05, 0x00, 0x04, 0x00, 0x0b, 0x00, 0x00, 0x00,
    0x6c, 0x75, 0x6d, 0x61, 0x72, 0x61, 0x6d, 0x00, 0x05, 0x00, 0x04, 0x00, 0x0c, 0x00, 0x00, 0x00,
    0x78, 0x6c, 0x61, 0x74, 0x00, 0x00, 0x00, 0x00, 0x05, 0x00, 0x05, 0x00, 0x0d, 0x00, 0x00, 0x00,
    0x6c, 0x6f, 0x67, 0x32, 0x5f, 0x74, 0x61, 0x62, 0x6c, 0x65, 0x00, 0x00, 0x05, 0x00, 0x07, 0x00,
    0x04, 0x00, 0x00, 0x00, 0x69, 0x6e, 0x2e, 0x76, 0x61, 0x72, 0x2e, 0x54, 0x45, 0x58, 0x43, 0x4f,
    0x4f, 0x52, 0x44, 0x30, 0x00, 0x00, 0x00, 0x00, 0x05, 0x00, 0x07, 0x00, 0x05, 0x00, 0x00, 0x00,
    0x69, 0x6e, 0x2e, 0x76, 0x61, 0x72, 0x2e, 0x54, 0x45, 0x58, 0x43, 0x4f, 0x4f, 0x52, 0x44, 0x31,
    0x00, 0x00, 0x00, 0x00, 0x05, 0x00, 0x07, 0x00, 0x06, 0x00, 0x00, 0x00, 0x69, 0x6e, 0x2e, 0x76,
    0x61, 0x72, 0x2e, 0x54, 0x45, 0x58, 0x43, 0x4f, 0x4f, 0x52, 0x44, 0x32, 0x00, 0x00, 0x00, 0x00,
    0x05, 0x00, 0x07, 0x00, 0x07, 0x00, 0x00, 0x00, 0x69, 0x6e, 0x2e, 0x76, 0x61, 0x72, 0x2e, 0x54,
    0x45, 0x58, 0x43, 0x4f, 0x4f, 0x52, 0x44, 0x33, 0x00, 0x00, 0x00, 0x00, 0x05, 0x00, 0x07, 0x00,
    0x08, 0x00, 0x00, 0x00, 0x6f, 0x75, 0x74, 0x2e, 0x76, 0x61, 0x72, 0x2e, 0x53, 0x56, 0x5f, 0x54,
    0x61, 0x72, 0x67, 0x65, 0x74, 0x00, 0x00, 0x00, 0x05, 0x00, 0x04, 0x00, 0x02, 0x00, 0x00, 0x00,
    0x70, 0x73, 0x5f, 0x70, 0x6f, 0x6c, 0x79, 0x00, 0x47, 0x00, 0x04, 0x00, 0x03, 0x00, 0x00, 0x00,
    0x0b, 0x00, 0x00, 0x00, 0x0f, 0x00, 0x00, 0x00, 0x47, 0x00, 0x03, 0x00, 0x04, 0x00, 0x00, 0x00,
    0x0d, 0x00, 0x00, 0x00, 0x47, 0x00, 0x03, 0x00, 0x05, 0x00, 0x00, 0x00, 0x0e, 0x00, 0x00, 0x00,
    0x47, 0x00, 0x03, 0x00, 0x06, 0x00, 0x00, 0x00, 0x0e, 0x00, 0x00, 0x00, 0x47, 0x00, 0x03, 0x00,
    0x07, 0x00, 0x00, 0x00, 0x0e, 0x00, 0x00, 0x00, 0x47, 0x00, 0x04, 0x00, 0x04, 0x00, 0x00, 0x00,
    0x1e, 0x00, 0x00, 0x00, 0x00, 0x00, 0x00, 0x00, 0x47, 0x00, 0x04, 0x00, 0x05, 0x00, 0x00, 0x00,
    0x1e, 0x00, 0x00, 0x00, 0x01, 0x00, 0x00, 0x00, 0x47, 0x00, 0x04, 0x00, 0x06, 0x00, 0x00, 0x00,
    0x1e, 0x00, 0x00, 0x00, 0x02, 0x00, 0x00, 0x00, 0x47, 0x00, 0x04, 0x00, 0x07, 0x00, 0x00, 0x00,
    0x1e, 0x00, 0x00, 0x00, 0x03, 0x00, 0x00, 0x00, 0x47, 0x00, 0x04, 0x00, 0x08, 0x00, 0x00, 0x00,
    0x1e, 0x00, 0x00, 0x00, 0x00, 0x00, 0x00, 0x00, 0x47, 0x00, 0x04, 0x00, 0x0a, 0x00, 0x00, 0x00,
    0x22, 0x00, 0x00, 0x00, 0x02, 0x00, 0x00, 0x00, 0x47, 0x00, 0x04, 0x00, 0x0a, 0x00, 0x00, 0x00,
    0x21, 0x00, 0x00, 0x00, 0x00, 0x00, 0x00, 0x00, 0x47, 0x00, 0x04, 0x00, 0x0b, 0x00, 0x00, 0x00,
    0x22, 0x00, 0x00, 0x00, 0x02, 0x00, 0x00, 0x00, 0x47, 0x00, 0x04, 0x00, 0x0b, 0x00, 0x00, 0x00,
    0x21, 0x00, 0x00, 0x00, 0x01, 0x00, 0x00, 0x00, 0x47, 0x00, 0x04, 0x00, 0x0c, 0x00, 0x00, 0x00,
    0x22, 0x00, 0x00, 0x00, 0x02, 0x00, 0x00, 0x00, 0x47, 0x00, 0x04, 0x00, 0x0c, 0x00, 0x00, 0x00,
    0x21, 0x00, 0x00, 0x00, 0x02, 0x00, 0x00, 0x00, 0x47, 0x00, 0x04, 0x00, 0x0e, 0x00, 0x00, 0x00,
    0x06, 0x00, 0x00, 0x00, 0x04, 0x00, 0x00, 0x00, 0x48, 0x00, 0x05, 0x00, 0x09, 0x00, 0x00, 0x00,
    0x00, 0x00, 0x00, 0x00, 0x23, 0x00, 0x00, 0x00, 0x00, 0x00, 0x00, 0x00, 0x48, 0x00, 0x04, 0x00,
    0x09, 0x00, 0x00, 0x00, 0x00, 0x00, 0x00, 0x00, 0x18, 0x00, 0x00, 0x00, 0x47, 0x00, 0x03, 0x00,
    0x09, 0x00, 0x00, 0x00, 0x03, 0x00, 0x00, 0x00, 0x15, 0x00, 0x04, 0x00, 0x0f, 0x00, 0x00, 0x00,
    0x20, 0x00, 0x00, 0x00, 0x00, 0x00, 0x00, 0x00, 0x2b, 0x00, 0x04, 0x00, 0x0f, 0x00, 0x00, 0x00,
    0x10, 0x00, 0x00, 0x00, 0x10, 0x00, 0x00, 0x00, 0x15, 0x00, 0x04, 0x00, 0x11, 0x00, 0x00, 0x00,
    0x20, 0x00, 0x00, 0x00, 0x01, 0x00, 0x00, 0x00, 0x2b, 0x00, 0x04, 0x00, 0x0f, 0x00, 0x00, 0x00,
    0x12, 0x00, 0x00, 0x00, 0x00, 0x00, 0x00, 0x00, 0x2b, 0x00, 0x04, 0x00, 0x0f, 0x00, 0x00, 0x00,
    0x13, 0x00, 0x00, 0x00, 0x02, 0x00, 0x00, 0x00, 0x2b, 0x00, 0x04, 0x00, 0x0f, 0x00, 0x00, 0x00,
    0x14, 0x00, 0x00, 0x00, 0x05, 0x00, 0x00, 0x00, 0x2b, 0x00, 0x04, 0x00, 0x0f, 0x00, 0x00, 0x00,
    0x15, 0x00, 0x00, 0x00, 0x08, 0x00, 0x00, 0x00, 0x2b, 0x00, 0x04, 0x00, 0x0f, 0x00, 0x00, 0x00,
    0x16, 0x00, 0x00, 0x00, 0x0b, 0x00, 0x00, 0x00, 0x2b, 0x00, 0x04, 0x00, 0x0f, 0x00, 0x00, 0x00,
    0x17, 0x00, 0x00, 0x00, 0x0e, 0x00, 0x00, 0x00, 0x2b, 0x00, 0x04, 0x00, 0x0f, 0x00, 0x00, 0x00,
    0x18, 0x00, 0x00, 0x00, 0x13, 0x00, 0x00, 0x00, 0x2b, 0x00, 0x04, 0x00, 0x0f, 0x00, 0x00, 0x00,
    0x19, 0x00, 0x00, 0x00, 0x16, 0x00, 0x00, 0x00, 0x2b, 0x00, 0x04, 0x00, 0x0f, 0x00, 0x00, 0x00,
    0x1a, 0x00, 0x00, 0x00, 0x19, 0x00, 0x00, 0x00, 0x2b, 0x00, 0x04, 0x00, 0x0f, 0x00, 0x00, 0x00,
    0x1b, 0x00, 0x00, 0x00, 0x1b, 0x00, 0x00, 0x00, 0x2b, 0x00, 0x04, 0x00, 0x0f, 0x00, 0x00, 0x00,
    0x1c, 0x00, 0x00, 0x00, 0x1e, 0x00, 0x00, 0x00, 0x2b, 0x00, 0x04, 0x00, 0x0f, 0x00, 0x00, 0x00,
    0x1d, 0x00, 0x00, 0x00, 0x21, 0x00, 0x00, 0x00, 0x2b, 0x00, 0x04, 0x00, 0x0f, 0x00, 0x00, 0x00,
    0x1e, 0x00, 0x00, 0x00, 0x23, 0x00, 0x00, 0x00, 0x2b, 0x00, 0x04, 0x00, 0x0f, 0x00, 0x00, 0x00,
    0x1f, 0x00, 0x00, 0x00, 0x26, 0x00, 0x00, 0x00, 0x2b, 0x00, 0x04, 0x00, 0x0f, 0x00, 0x00, 0x00,
    0x20, 0x00, 0x00, 0x00, 0x28, 0x00, 0x00, 0x00, 0x2b, 0x00, 0x04, 0x00, 0x0f, 0x00, 0x00, 0x00,
    0x21, 0x00, 0x00, 0x00, 0x2b, 0x00, 0x00, 0x00, 0x2b, 0x00, 0x04, 0x00, 0x0f, 0x00, 0x00, 0x00,
    0x22, 0x00, 0x00, 0x00, 0x2e, 0x00, 0x00, 0x00, 0x2b, 0x00, 0x04, 0x00, 0x0f, 0x00, 0x00, 0x00,
    0x23, 0x00, 0x00, 0x00, 0x30, 0x00, 0x00, 0x00, 0x2b, 0x00, 0x04, 0x00, 0x0f, 0x00, 0x00, 0x00,
    0x24, 0x00, 0x00, 0x00, 0x33, 0x00, 0x00, 0x00, 0x2b, 0x00, 0x04, 0x00, 0x0f, 0x00, 0x00, 0x00,
    0x25, 0x00, 0x00, 0x00, 0x35, 0x00, 0x00, 0x00, 0x2b, 0x00, 0x04, 0x00, 0x0f, 0x00, 0x00, 0x00,
    0x26, 0x00, 0x00, 0x00, 0x38, 0x00, 0x00, 0x00, 0x2b, 0x00, 0x04, 0x00, 0x0f, 0x00, 0x00, 0x00,
    0x27, 0x00, 0x00, 0x00, 0x3a, 0x00, 0x00, 0x00, 0x2b, 0x00, 0x04, 0x00, 0x0f, 0x00, 0x00, 0x00,
    0x28, 0x00, 0x00, 0x00, 0x3d, 0x00, 0x00, 0x00, 0x2b, 0x00, 0x04, 0x00, 0x0f, 0x00, 0x00, 0x00,
    0x29, 0x00, 0x00, 0x00, 0x3f, 0x00, 0x00, 0x00, 0x2b, 0x00, 0x04, 0x00, 0x0f, 0x00, 0x00, 0x00,
    0x2a, 0x00, 0x00, 0x00, 0x41, 0x00, 0x00, 0x00, 0x2b, 0x00, 0x04, 0x00, 0x0f, 0x00, 0x00, 0x00,
    0x2b, 0x00, 0x00, 0x00, 0x44, 0x00, 0x00, 0x00, 0x2b, 0x00, 0x04, 0x00, 0x0f, 0x00, 0x00, 0x00,
    0x2c, 0x00, 0x00, 0x00, 0x46, 0x00, 0x00, 0x00, 0x2b, 0x00, 0x04, 0x00, 0x0f, 0x00, 0x00, 0x00,
    0x2d, 0x00, 0x00, 0x00, 0x49, 0x00, 0x00, 0x00, 0x2b, 0x00, 0x04, 0x00, 0x0f, 0x00, 0x00, 0x00,
    0x2e, 0x00, 0x00, 0x00, 0x4b, 0x00, 0x00, 0x00, 0x2b, 0x00, 0x04, 0x00, 0x0f, 0x00, 0x00, 0x00,
    0x2f, 0x00, 0x00, 0x00, 0x4d, 0x00, 0x00, 0x00, 0x2b, 0x00, 0x04, 0x00, 0x0f, 0x00, 0x00, 0x00,
    0x30, 0x00, 0x00, 0x00, 0x50, 0x00, 0x00, 0x00, 0x2b, 0x00, 0x04, 0x00, 0x0f, 0x00, 0x00, 0x00,
    0x31, 0x00, 0x00, 0x00, 0x52, 0x00, 0x00, 0x00, 0x2b, 0x00, 0x04, 0x00, 0x0f, 0x00, 0x00, 0x00,
    0x32, 0x00, 0x00, 0x00, 0x54, 0x00, 0x00, 0x00, 0x2b, 0x00, 0x04, 0x00, 0x0f, 0x00, 0x00, 0x00,
    0x33, 0x00, 0x00, 0x00, 0x57, 0x00, 0x00, 0x00, 0x2b, 0x00, 0x04, 0x00, 0x0f, 0x00, 0x00, 0x00,
    0x34, 0x00, 0x00, 0x00, 0x59, 0x00, 0x00, 0x00, 0x2b, 0x00, 0x04, 0x00, 0x0f, 0x00, 0x00, 0x00,
    0x35, 0x00, 0x00, 0x00, 0x5b, 0x00, 0x00, 0x00, 0x2b, 0x00, 0x04, 0x00, 0x0f, 0x00, 0x00, 0x00,
    0x36, 0x00, 0x00, 0x00, 0x5d, 0x00, 0x00, 0x00, 0x2b, 0x00, 0x04, 0x00, 0x0f, 0x00, 0x00, 0x00,
    0x37, 0x00, 0x00, 0x00, 0x60, 0x00, 0x00, 0x00, 0x2b, 0x00, 0x04, 0x00, 0x0f, 0x00, 0x00, 0x00,
    0x38, 0x00, 0x00, 0x00, 0x62, 0x00, 0x00, 0x00, 0x2b, 0x00, 0x04, 0x00, 0x0f, 0x00, 0x00, 0x00,
    0x39, 0x00, 0x00, 0x00, 0x64, 0x00, 0x00, 0x00, 0x2b, 0x00, 0x04, 0x00, 0x0f, 0x00, 0x00, 0x00,
    0x3a, 0x00, 0x00, 0x00, 0x66, 0x00, 0x00, 0x00, 0x2b, 0x00, 0x04, 0x00, 0x0f, 0x00, 0x00, 0x00,
    0x3b, 0x00, 0x00, 0x00, 0x68, 0x00, 0x00, 0x00, 0x2b, 0x00, 0x04, 0x00, 0x0f, 0x00, 0x00, 0x00,
    0x3c, 0x00, 0x00, 0x00, 0x6a, 0x00, 0x00, 0x00, 0x2b, 0x00, 0x04, 0x00, 0x0f, 0x00, 0x00, 0x00,
    0x3d, 0x00, 0x00, 0x00, 0x6d, 0x00, 0x00, 0x00, 0x2b, 0x00, 0x04, 0x00, 0x0f, 0x00, 0x00, 0x00,
    0x3e, 0x00, 0x00, 0x00, 0x6f, 0x00, 0x00, 0x00, 0x2b, 0x00, 0x04, 0x00, 0x0f, 0x00, 0x00, 0x00,
    0x3f, 0x00, 0x00, 0x00, 0x71, 0x00, 0x00, 0x00, 0x2b, 0x00, 0x04, 0x00, 0x0f, 0x00, 0x00, 0x00,
    0x40, 0x00, 0x00, 0x00, 0x73, 0x00, 0x00, 0x00, 0x2b, 0x00, 0x04, 0x00, 0x0f, 0x00, 0x00, 0x00,
    0x41, 0x00, 0x00, 0x00, 0x75, 0x00, 0x00, 0x00, 0x2b, 0x00, 0x04, 0x00, 0x0f, 0x00, 0x00, 0x00,
    0x42, 0x00, 0x00, 0x00, 0x77, 0x00, 0x00, 0x00, 0x2b, 0x00, 0x04, 0x00, 0x0f, 0x00, 0x00, 0x00,
    0x43, 0x00, 0x00, 0x00, 0x79, 0x00, 0x00, 0x00, 0x2b, 0x00, 0x04, 0x00, 0x0f, 0x00, 0x00, 0x00,
    0x44, 0x00, 0x00, 0x00, 0x7b, 0x00, 0x00, 0x00, 0x2b, 0x00, 0x04, 0x00, 0x0f, 0x00, 0x00, 0x00,
    0x45, 0x00, 0x00, 0x00, 0x7d, 0x00, 0x00, 0x00, 0x2b, 0x00, 0x04, 0x00, 0x0f, 0x00, 0x00, 0x00,
    0x46, 0x00, 0x00, 0x00, 0x7f, 0x00, 0x00, 0x00, 0x2b, 0x00, 0x04, 0x00, 0x0f, 0x00, 0x00, 0x00,
    0x47, 0x00, 0x00, 0x00, 0x81, 0x00, 0x00, 0x00, 0x2b, 0x00, 0x04, 0x00, 0x0f, 0x00, 0x00, 0x00,
    0x48, 0x00, 0x00, 0x00, 0x84, 0x00, 0x00, 0x00, 0x2b, 0x00, 0x04, 0x00, 0x0f, 0x00, 0x00, 0x00,
    0x49, 0x00, 0x00, 0x00, 0x86, 0x00, 0x00, 0x00, 0x2b, 0x00, 0x04, 0x00, 0x0f, 0x00, 0x00, 0x00,
    0x4a, 0x00, 0x00, 0x00, 0x88, 0x00, 0x00, 0x00, 0x2b, 0x00, 0x04, 0x00, 0x0f, 0x00, 0x00, 0x00,
    0x4b, 0x00, 0x00, 0x00, 0x8a, 0x00, 0x00, 0x00, 0x2b, 0x00, 0x04, 0x00, 0x0f, 0x00, 0x00, 0x00,
    0x4c, 0x00, 0x00, 0x00, 0x8c, 0x00, 0x00, 0x00, 0x2b, 0x00, 0x04, 0x00, 0x0f, 0x00, 0x00, 0x00,
    0x4d, 0x00, 0x00, 0x00, 0x8d, 0x00, 0x00, 0x00, 0x2b, 0x00, 0x04, 0x00, 0x0f, 0x00, 0x00, 0x00,
    0x4e, 0x00, 0x00, 0x00, 0x8f, 0x00, 0x00, 0x00, 0x2b, 0x00, 0x04, 0x00, 0x0f, 0x00, 0x00, 0x00,
    0x4f, 0x00, 0x00, 0x00, 0x91, 0x00, 0x00, 0x00, 0x2b, 0x00, 0x04, 0x00, 0x0f, 0x00, 0x00, 0x00,
    0x50, 0x00, 0x00, 0x00, 0x93, 0x00, 0x00, 0x00, 0x2b, 0x00, 0x04, 0x00, 0x0f, 0x00, 0x00, 0x00,
    0x51, 0x00, 0x00, 0x00, 0x95, 0x00, 0x00, 0x00, 0x2b, 0x00, 0x04, 0x00, 0x0f, 0x00, 0x00, 0x00,
    0x52, 0x00, 0x00, 0x00, 0x97, 0x00, 0x00, 0x00, 0x2b, 0x00, 0x04, 0x00, 0x0f, 0x00, 0x00, 0x00,
    0x53, 0x00, 0x00, 0x00, 0x99, 0x00, 0x00, 0x00, 0x2b, 0x00, 0x04, 0x00, 0x0f, 0x00, 0x00, 0x00,
    0x54, 0x00, 0x00, 0x00, 0x9b, 0x00, 0x00, 0x00, 0x2b, 0x00, 0x04, 0x00, 0x0f, 0x00, 0x00, 0x00,
    0x55, 0x00, 0x00, 0x00, 0x9d, 0x00, 0x00, 0x00, 0x2b, 0x00, 0x04, 0x00, 0x0f, 0x00, 0x00, 0x00,
    0x56, 0x00, 0x00, 0x00, 0x9f, 0x00, 0x00, 0x00, 0x2b, 0x00, 0x04, 0x00, 0x0f, 0x00, 0x00, 0x00,
    0x57, 0x00, 0x00, 0x00, 0xa1, 0x00, 0x00, 0x00, 0x2b, 0x00, 0x04, 0x00, 0x0f, 0x00, 0x00, 0x00,
    0x58, 0x00, 0x00, 0x00, 0xa2, 0x00, 0x00, 0x00, 0x2b, 0x00, 0x04, 0x00, 0x0f, 0x00, 0x00, 0x00,
    0x59, 0x00, 0x00, 0x00, 0xa4, 0x00, 0x00, 0x00, 0x2b, 0x00, 0x04, 0x00, 0x0f, 0x00, 0x00, 0x00,
    0x5a, 0x00, 0x00, 0x00, 0xa6, 0x00, 0x00, 0x00, 0x2b, 0x00, 0x04, 0x00, 0x0f, 0x00, 0x00, 0x00,
    0x5b, 0x00, 0x00, 0x00, 0xa8, 0x00, 0x00, 0x00, 0x2b, 0x00, 0x04, 0x00, 0x0f, 0x00, 0x00, 0x00,
    0x5c, 0x00, 0x00, 0x00, 0xaa, 0x00, 0x00, 0x00, 0x2b, 0x00, 0x04, 0x00, 0x0f, 0x00, 0x00, 0x00,
    0x5d, 0x00, 0x00, 0x00, 0xac, 0x00, 0x00, 0x00, 0x2b, 0x00, 0x04, 0x00, 0x0f, 0x00, 0x00, 0x00,
    0x5e, 0x00, 0x00, 0x00, 0xad, 0x00, 0x00, 0x00, 0x2b, 0x00, 0x04, 0x00, 0x0f, 0x00, 0x00, 0x00,
    0x5f, 0x00, 0x00, 0x00, 0xaf, 0x00, 0x00, 0x00, 0x2b, 0x00, 0x04, 0x00, 0x0f, 0x00, 0x00, 0x00,
    0x60, 0x00, 0x00, 0x00, 0xb1, 0x00, 0x00, 0x00, 0x2b, 0x00, 0x04, 0x00, 0x0f, 0x00, 0x00, 0x00,
    0x61, 0x00, 0x00, 0x00, 0xb3, 0x00, 0x00, 0x00, 0x2b, 0x00, 0x04, 0x00, 0x0f, 0x00, 0x00, 0x00,
    0x62, 0x00, 0x00, 0x00, 0xb5, 0x00, 0x00, 0x00, 0x2b, 0x00, 0x04, 0x00, 0x0f, 0x00, 0x00, 0x00,
    0x63, 0x00, 0x00, 0x00, 0xb6, 0x00, 0x00, 0x00, 0x2b, 0x00, 0x04, 0x00, 0x0f, 0x00, 0x00, 0x00,
    0x64, 0x00, 0x00, 0x00, 0xb8, 0x00, 0x00, 0x00, 0x2b, 0x00, 0x04, 0x00, 0x0f, 0x00, 0x00, 0x00,
    0x65, 0x00, 0x00, 0x00, 0xba, 0x00, 0x00, 0x00, 0x2b, 0x00, 0x04, 0x00, 0x0f, 0x00, 0x00, 0x00,
    0x66, 0x00, 0x00, 0x00, 0xbc, 0x00, 0x00, 0x00, 0x2b, 0x00, 0x04, 0x00, 0x0f, 0x00, 0x00, 0x00,
    0x67, 0x00, 0x00, 0x00, 0xbd, 0x00, 0x00, 0x00, 0x2b, 0x00, 0x04, 0x00, 0x0f, 0x00, 0x00, 0x00,
    0x68, 0x00, 0x00, 0x00, 0xbf, 0x00, 0x00, 0x00, 0x2b, 0x00, 0x04, 0x00, 0x0f, 0x00, 0x00, 0x00,
    0x69, 0x00, 0x00, 0x00, 0xc1, 0x00, 0x00, 0x00, 0x2b, 0x00, 0x04, 0x00, 0x0f, 0x00, 0x00, 0x00,
    0x6a, 0x00, 0x00, 0x00, 0xc2, 0x00, 0x00, 0x00, 0x2b, 0x00, 0x04, 0x00, 0x0f, 0x00, 0x00, 0x00,
    0x6b, 0x00, 0x00, 0x00, 0xc4, 0x00, 0x00, 0x00, 0x2b, 0x00, 0x04, 0x00, 0x0f, 0x00, 0x00, 0x00,
    0x6c, 0x00, 0x00, 0x00, 0xc6, 0x00, 0x00, 0x00, 0x2b, 0x00, 0x04, 0x00, 0x0f, 0x00, 0x00, 0x00,
    0x6d, 0x00, 0x00, 0x00, 0xc8, 0x00, 0x00, 0x00, 0x2b, 0x00, 0x04, 0x00, 0x0f, 0x00, 0x00, 0x00,
    0x6e, 0x00, 0x00, 0x00, 0xc9, 0x00, 0x00, 0x00, 0x2b, 0x00, 0x04, 0x00, 0x0f, 0x00, 0x00, 0x00,
    0x6f, 0x00, 0x00, 0x00, 0xcb, 0x00, 0x00, 0x00, 0x2b, 0x00, 0x04, 0x00, 0x0f, 0x00, 0x00, 0x00,
    0x70, 0x00, 0x00, 0x00, 0xcd, 0x00, 0x00, 0x00, 0x2b, 0x00, 0x04, 0x00, 0x0f, 0x00, 0x00, 0x00,
    0x71, 0x00, 0x00, 0x00, 0xce, 0x00, 0x00, 0x00, 0x2b, 0x00, 0x04, 0x00, 0x0f, 0x00, 0x00, 0x00,
    0x72, 0x00, 0x00, 0x00, 0xd0, 0x00, 0x00, 0x00, 0x2b, 0x00, 0x04, 0x00, 0x0f, 0x00, 0x00, 0x00,
    0x73, 0x00, 0x00, 0x00, 0xd1, 0x00, 0x00, 0x00, 0x2b, 0x00, 0x04, 0x00, 0x0f, 0x00, 0x00, 0x00,
    0x74, 0x00, 0x00, 0x00, 0xd3, 0x00, 0x00, 0x00, 0x2b, 0x00, 0x04, 0x00, 0x0f, 0x00, 0x00, 0x00,
    0x75, 0x00, 0x00, 0x00, 0xd5, 0x00, 0x00, 0x00, 0x2b, 0x00, 0x04, 0x00, 0x0f, 0x00, 0x00, 0x00,
    0x76, 0x00, 0x00, 0x00, 0xd6, 0x00, 0x00, 0x00, 0x2b, 0x00, 0x04, 0x00, 0x0f, 0x00, 0x00, 0x00,
    0x77, 0x00, 0x00, 0x00, 0xd8, 0x00, 0x00, 0x00, 0x2b, 0x00, 0x04, 0x00, 0x0f, 0x00, 0x00, 0x00,
    0x78, 0x00, 0x00, 0x00, 0xda, 0x00, 0x00, 0x00, 0x2b, 0x00, 0x04, 0x00, 0x0f, 0x00, 0x00, 0x00,
    0x79, 0x00, 0x00, 0x00, 0xdb, 0x00, 0x00, 0x00, 0x2b, 0x00, 0x04, 0x00, 0x0f, 0x00, 0x00, 0x00,
    0x7a, 0x00, 0x00, 0x00, 0xdd, 0x00, 0x00, 0x00, 0x2b, 0x00, 0x04, 0x00, 0x0f, 0x00, 0x00, 0x00,
    0x7b, 0x00, 0x00, 0x00, 0xde, 0x00, 0x00, 0x00, 0x2b, 0x00, 0x04, 0x00, 0x0f, 0x00, 0x00, 0x00,
    0x7c, 0x00, 0x00, 0x00, 0xe0, 0x00, 0x00, 0x00, 0x2b, 0x00, 0x04, 0x00, 0x0f, 0x00, 0x00, 0x00,
    0x7d, 0x00, 0x00, 0x00, 0xe1, 0x00, 0x00, 0x00, 0x2b, 0x00, 0x04, 0x00, 0x0f, 0x00, 0x00, 0x00,
    0x7e, 0x00, 0x00, 0x00, 0xe3, 0x00, 0x00, 0x00, 0x2b, 0x00, 0x04, 0x00, 0x0f, 0x00, 0x00, 0x00,
    0x7f, 0x00, 0x00, 0x00, 0xe5, 0x00, 0x00, 0x00, 0x2b, 0x00, 0x04, 0x00, 0x0f, 0x00, 0x00, 0x00,
    0x80, 0x00, 0x00, 0x00, 0xe6, 0x00, 0x00, 0x00, 0x2b, 0x00, 0x04, 0x00, 0x0f, 0x00, 0x00, 0x00,
    0x81, 0x00, 0x00, 0x00, 0xe8, 0x00, 0x00, 0x00, 0x2b, 0x00, 0x04, 0x00, 0x0f, 0x00, 0x00, 0x00,
    0x82, 0x00, 0x00, 0x00, 0xe9, 0x00, 0x00, 0x00, 0x2b, 0x00, 0x04, 0x00, 0x0f, 0x00, 0x00, 0x00,
    0x83, 0x00, 0x00, 0x00, 0xeb, 0x00, 0x00, 0x00, 0x2b, 0x00, 0x04, 0x00, 0x0f, 0x00, 0x00, 0x00,
    0x84, 0x00, 0x00, 0x00, 0xec, 0x00, 0x00, 0x00, 0x2b, 0x00, 0x04, 0x00, 0x0f, 0x00, 0x00, 0x00,
    0x85, 0x00, 0x00, 0x00, 0xee, 0x00, 0x00, 0x00, 0x2b, 0x00, 0x04, 0x00, 0x0f, 0x00, 0x00, 0x00,
    0x86, 0x00, 0x00, 0x00, 0xef, 0x00, 0x00, 0x00, 0x2b, 0x00, 0x04, 0x00, 0x0f, 0x00, 0x00, 0x00,
    0x87, 0x00, 0x00, 0x00, 0xf1, 0x00, 0x00, 0x00, 0x2b, 0x00, 0x04, 0x00, 0x0f, 0x00, 0x00, 0x00,
    0x88, 0x00, 0x00, 0x00, 0xf2, 0x00, 0x00, 0x00, 0x2b, 0x00, 0x04, 0x00, 0x0f, 0x00, 0x00, 0x00,
    0x89, 0x00, 0x00, 0x00, 0xf4, 0x00, 0x00, 0x00, 0x2b, 0x00, 0x04, 0x00, 0x0f, 0x00, 0x00, 0x00,
    0x8a, 0x00, 0x00, 0x00, 0xf5, 0x00, 0x00, 0x00, 0x2b, 0x00, 0x04, 0x00, 0x0f, 0x00, 0x00, 0x00,
    0x8b, 0x00, 0x00, 0x00, 0xf7, 0x00, 0x00, 0x00, 0x2b, 0x00, 0x04, 0x00, 0x0f, 0x00, 0x00, 0x00,
    0x8c, 0x00, 0x00, 0x00, 0xf8, 0x00, 0x00, 0x00, 0x2b, 0x00, 0x04, 0x00, 0x0f, 0x00, 0x00, 0x00,
    0x8d, 0x00, 0x00, 0x00, 0xfa, 0x00, 0x00, 0x00, 0x2b, 0x00, 0x04, 0x00, 0x0f, 0x00, 0x00, 0x00,
    0x8e, 0x00, 0x00, 0x00, 0xfb, 0x00, 0x00, 0x00, 0x2b, 0x00, 0x04, 0x00, 0x0f, 0x00, 0x00, 0x00,
    0x8f, 0x00, 0x00, 0x00, 0xfd, 0x00, 0x00, 0x00, 0x2b, 0x00, 0x04, 0x00, 0x0f, 0x00, 0x00, 0x00,
    0x90, 0x00, 0x00, 0x00, 0xfe, 0x00, 0x00, 0x00, 0x2b, 0x00, 0x04, 0x00, 0x11, 0x00, 0x00, 0x00,
    0x91, 0x00, 0x00, 0x00, 0x03, 0x00, 0x00, 0x00, 0x2b, 0x00, 0x04, 0x00, 0x11, 0x00, 0x00, 0x00,
    0x92, 0x00, 0x00, 0x00, 0x00, 0x00, 0x00, 0x00, 0x2b, 0x00, 0x04, 0x00, 0x0f, 0x00, 0x00, 0x00,
    0x93, 0x00, 0x00, 0x00, 0x1f, 0x00, 0x00, 0x00, 0x2b, 0x00, 0x04, 0x00, 0x0f, 0x00, 0x00, 0x00,
    0x94, 0x00, 0x00, 0x00, 0x01, 0x00, 0x00, 0x00, 0x2b, 0x00, 0x04, 0x00, 0x11, 0x00, 0x00, 0x00,
    0x95, 0x00, 0x00, 0x00, 0x01, 0x00, 0x00, 0x00, 0x2b, 0x00, 0x04, 0x00, 0x0f, 0x00, 0x00, 0x00,
    0x96, 0x00, 0x00, 0x00, 0x03, 0x00, 0x00, 0x00, 0x2b, 0x00, 0x04, 0x00, 0x11, 0x00, 0x00, 0x00,
    0x97, 0x00, 0x00, 0x00, 0x02, 0x00, 0x00, 0x00, 0x2b, 0x00, 0x04, 0x00, 0x0f, 0x00, 0x00, 0x00,
    0x98, 0x00, 0x00, 0x00, 0x0c, 0x00, 0x00, 0x00, 0x16, 0x00, 0x03, 0x00, 0x99, 0x00, 0x00, 0x00,
    0x20, 0x00, 0x00, 0x00, 0x2b, 0x00, 0x04, 0x00, 0x99, 0x00, 0x00, 0x00, 0x9a, 0x00, 0x00, 0x00,
    0x00, 0x00, 0x80, 0x3f, 0x2b, 0x00, 0x04, 0x00, 0x11, 0x00, 0x00, 0x00, 0x9b, 0x00, 0x00, 0x00,
    0x07, 0x00, 0x00, 0x00, 0x2b, 0x00, 0x04, 0x00, 0x11, 0x00, 0x00, 0x00, 0x9c, 0x00, 0x00, 0x00,
    0x1f, 0x00, 0x00, 0x00, 0x2b, 0x00, 0x04, 0x00, 0x99, 0x00, 0x00, 0x00, 0x9d, 0x00, 0x00, 0x00,
    0x00, 0x00, 0x80, 0x43, 0x14, 0x00, 0x02, 0x00, 0x9e, 0x00, 0x00, 0x00, 0x2a, 0x00, 0x03, 0x00,
    0x9e, 0x00, 0x00, 0x00, 0x9f, 0x00, 0x00, 0x00, 0x2b, 0x00, 0x04, 0x00, 0x11, 0x00, 0x00, 0x00,
    0xa0, 0x00, 0x00, 0x00, 0x7f, 0x00, 0x00, 0x00, 0x2b, 0x00, 0x04, 0x00, 0x0f, 0x00, 0x00, 0x00,
    0xa1, 0x00, 0x00, 0x00, 0x07, 0x00, 0x00, 0x00, 0x2b, 0x00, 0x04, 0x00, 0x11, 0x00, 0x00, 0x00,
    0xa2, 0x00, 0x00, 0x00, 0xff, 0xff, 0xff, 0xff, 0x2b, 0x00, 0x04, 0x00, 0x0f, 0x00, 0x00, 0x00,
    0xa3, 0x00, 0x00, 0x00, 0x00, 0x00, 0x40, 0x00, 0x2b, 0x00, 0x04, 0x00, 0x0f, 0x00, 0x00, 0x00,
    0xa4, 0x00, 0x00, 0x00, 0xff, 0x00, 0x00, 0x00, 0x2b, 0x00, 0x04, 0x00, 0x0f, 0x00, 0x00, 0x00,
    0xa5, 0x00, 0x00, 0x00, 0xff, 0xff, 0x00, 0x00, 0x2b, 0x00, 0x04, 0x00, 0x0f, 0x00, 0x00, 0x00,
    0xa6, 0x00, 0x00, 0x00, 0x00, 0x01, 0x00, 0x00, 0x2b, 0x00, 0x04, 0x00, 0x0f, 0x00, 0x00, 0x00,
    0xa7, 0x00, 0x00, 0x00, 0x00, 0x20, 0x00, 0x00, 0x2b, 0x00, 0x04, 0x00, 0x0f, 0x00, 0x00, 0x00,
    0xa8, 0x00, 0x00, 0x00, 0x00, 0x40, 0x00, 0x00, 0x2b, 0x00, 0x04, 0x00, 0x0f, 0x00, 0x00, 0x00,
    0xa9, 0x00, 0x00, 0x00, 0x0a, 0x00, 0x00, 0x00, 0x2b, 0x00, 0x04, 0x00, 0x99, 0x00, 0x00, 0x00,
    0xaa, 0x00, 0x00, 0x00, 0x00, 0x00, 0x00, 0x00, 0x2b, 0x00, 0x04, 0x00, 0x11, 0x00, 0x00, 0x00,
    0xab, 0x00, 0x00, 0x00, 0x08, 0x00, 0x00, 0x00, 0x2b, 0x00, 0x04, 0x00, 0x99, 0x00, 0x00, 0x00,
    0xac, 0x00, 0x00, 0x00, 0x00, 0x00, 0x00, 0xcf, 0x2b, 0x00, 0x04, 0x00, 0x99, 0x00, 0x00, 0x00,
    0xad, 0x00, 0x00, 0x00, 0x00, 0x00, 0x00, 0x4f, 0x2b, 0x00, 0x04, 0x00, 0x11, 0x00, 0x00, 0x00,
    0xae, 0x00, 0x00, 0x00, 0x00, 0x00, 0x00, 0x80, 0x2b, 0x00, 0x04, 0x00, 0x0f, 0x00, 0x00, 0x00,
    0xaf, 0x00, 0x00, 0x00, 0x80, 0x00, 0x00, 0x00, 0x2b, 0x00, 0x04, 0x00, 0x0f, 0x00, 0x00, 0x00,
    0xb0, 0x00, 0x00, 0x00, 0x20, 0x00, 0x00, 0x00, 0x2b, 0x00, 0x04, 0x00, 0x0f, 0x00, 0x00, 0x00,
    0xb1, 0x00, 0x00, 0x00, 0x11, 0x00, 0x00, 0x00, 0x2b, 0x00, 0x04, 0x00, 0x0f, 0x00, 0x00, 0x00,
    0xb2, 0x00, 0x00, 0x00, 0x14, 0x00, 0x00, 0x00, 0x2b, 0x00, 0x04, 0x00, 0x0f, 0x00, 0x00, 0x00,
    0xb3, 0x00, 0x00, 0x00, 0x00, 0x08, 0x00, 0x00, 0x2b, 0x00, 0x04, 0x00, 0x0f, 0x00, 0x00, 0x00,
    0xb4, 0x00, 0x00, 0x00, 0xff, 0x07, 0x00, 0x00, 0x2b, 0x00, 0x04, 0x00, 0x0f, 0x00, 0x00, 0x00,
    0xb5, 0x00, 0x00, 0x00, 0x00, 0x04, 0x00, 0x00, 0x2b, 0x00, 0x04, 0x00, 0x0f, 0x00, 0x00, 0x00,
    0xb6, 0x00, 0x00, 0x00, 0xff, 0x03, 0x00, 0x00, 0x2b, 0x00, 0x04, 0x00, 0x0f, 0x00, 0x00, 0x00,
    0xb7, 0x00, 0x00, 0x00, 0x06, 0x00, 0x00, 0x00, 0x2b, 0x00, 0x04, 0x00, 0x11, 0x00, 0x00, 0x00,
    0xb8, 0x00, 0x00, 0x00, 0x80, 0x00, 0x00, 0x00, 0x2b, 0x00, 0x04, 0x00, 0x0f, 0x00, 0x00, 0x00,
    0xb9, 0x00, 0x00, 0x00, 0x04, 0x00, 0x00, 0x00, 0x2b, 0x00, 0x04, 0x00, 0x0f, 0x00, 0x00, 0x00,
    0xba, 0x00, 0x00, 0x00, 0xf0, 0x00, 0x00, 0x00, 0x2b, 0x00, 0x04, 0x00, 0x0f, 0x00, 0x00, 0x00,
    0xbb, 0x00, 0x00, 0x00, 0x00, 0x00, 0x80, 0x00, 0x2b, 0x00, 0x04, 0x00, 0x0f, 0x00, 0x00, 0x00,
    0xbc, 0x00, 0x00, 0x00, 0xff, 0x00, 0xff, 0x00, 0x2b, 0x00, 0x04, 0x00, 0x11, 0x00, 0x00, 0x00,
    0xbd, 0x00, 0x00, 0x00, 0x00, 0x04, 0x00, 0x00, 0x2b, 0x00, 0x04, 0x00, 0x11, 0x00, 0x00, 0x00,
    0xbe, 0x00, 0x00, 0x00, 0x00, 0x02, 0x00, 0x00, 0x2b, 0x00, 0x04, 0x00, 0x0f, 0x00, 0x00, 0x00,
    0xbf, 0x00, 0x00, 0x00, 0x00, 0x00, 0x08, 0x00, 0x2b, 0x00, 0x04, 0x00, 0x0f, 0x00, 0x00, 0x00,
    0xc0, 0x00, 0x00, 0x00, 0xff, 0xff, 0x07, 0x00, 0x2b, 0x00, 0x04, 0x00, 0x0f, 0x00, 0x00, 0x00,
    0xc1, 0x00, 0x00, 0x00, 0x0f, 0x00, 0x00, 0x00, 0x17, 0x00, 0x04, 0x00, 0xc2, 0x00, 0x00, 0x00,
    0x99, 0x00, 0x00, 0x00, 0x02, 0x00, 0x00, 0x00, 0x1d, 0x00, 0x03, 0x00, 0x0e, 0x00, 0x00, 0x00,
    0x0f, 0x00, 0x00, 0x00, 0x1e, 0x00, 0x03, 0x00, 0x09, 0x00, 0x00, 0x00, 0x0e, 0x00, 0x00, 0x00,
    0x20, 0x00, 0x04, 0x00, 0xc3, 0x00, 0x00, 0x00, 0x02, 0x00, 0x00, 0x00, 0x09, 0x00, 0x00, 0x00,
    0x1c, 0x00, 0x04, 0x00, 0xc4, 0x00, 0x00, 0x00, 0x0f, 0x00, 0x00, 0x00, 0xaf, 0x00, 0x00, 0x00,
    0x17, 0x00, 0x04, 0x00, 0xc5, 0x00, 0x00, 0x00, 0x99, 0x00, 0x00, 0x00, 0x04, 0x00, 0x00, 0x00,
    0x20, 0x00, 0x04, 0x00, 0xc6, 0x00, 0x00, 0x00, 0x01, 0x00, 0x00, 0x00, 0xc5, 0x00, 0x00, 0x00,
    0x17, 0x00, 0x04, 0x00, 0xc7, 0x00, 0x00, 0x00, 0x99, 0x00, 0x00, 0x00, 0x03, 0x00, 0x00, 0x00,
    0x20, 0x00, 0x04, 0x00, 0xc8, 0x00, 0x00, 0x00, 0x01, 0x00, 0x00, 0x00, 0xc7, 0x00, 0x00, 0x00,
    0x17, 0x00, 0x04, 0x00, 0xc9, 0x00, 0x00, 0x00, 0x0f, 0x00, 0x00, 0x00, 0x04, 0x00, 0x00, 0x00,
    0x20, 0x00, 0x04, 0x00, 0xca, 0x00, 0x00, 0x00, 0x01, 0x00, 0x00, 0x00, 0xc9, 0x00, 0x00, 0x00,
    0x17, 0x00, 0x04, 0x00, 0xcb, 0x00, 0x00, 0x00, 0x0f, 0x00, 0x00, 0x00, 0x02, 0x00, 0x00, 0x00,
    0x20, 0x00, 0x04, 0x00, 0xcc, 0x00, 0x00, 0x00, 0x01, 0x00, 0x00, 0x00, 0xcb, 0x00, 0x00, 0x00,
    0x20, 0x00, 0x04, 0x00, 0xcd, 0x00, 0x00, 0x00, 0x03, 0x00, 0x00, 0x00, 0xc5, 0x00, 0x00, 0x00,
    0x13, 0x00, 0x02, 0x00, 0xce, 0x00, 0x00, 0x00, 0x21, 0x00, 0x03, 0x00, 0xcf, 0x00, 0x00, 0x00,
    0xce, 0x00, 0x00, 0x00, 0x20, 0x00, 0x04, 0x00, 0xd0, 0x00, 0x00, 0x00, 0x07, 0x00, 0x00, 0x00,
    0x0f, 0x00, 0x00, 0x00, 0x20, 0x00, 0x04, 0x00, 0xd1, 0x00, 0x00, 0x00, 0x02, 0x00, 0x00, 0x00,
    0x0f, 0x00, 0x00, 0x00, 0x3b, 0x00, 0x04, 0x00, 0xc3, 0x00, 0x00, 0x00, 0x0a, 0x00, 0x00, 0x00,
    0x02, 0x00, 0x00, 0x00, 0x3b, 0x00, 0x04, 0x00, 0xc3, 0x00, 0x00, 0x00, 0x0b, 0x00, 0x00, 0x00,
    0x02, 0x00, 0x00, 0x00, 0x3b, 0x00, 0x04, 0x00, 0xc3, 0x00, 0x00, 0x00, 0x0c, 0x00, 0x00, 0x00,
    0x02, 0x00, 0x00, 0x00, 0x3b, 0x00, 0x04, 0x00, 0xc6, 0x00, 0x00, 0x00, 0x03, 0x00, 0x00, 0x00,
    0x01, 0x00, 0x00, 0x00, 0x3b, 0x00, 0x04, 0x00, 0xc8, 0x00, 0x00, 0x00, 0x04, 0x00, 0x00, 0x00,
    0x01, 0x00, 0x00, 0x00, 0x3b, 0x00, 0x04, 0x00, 0xc6, 0x00, 0x00, 0x00, 0x05, 0x00, 0x00, 0x00,
    0x01, 0x00, 0x00, 0x00, 0x3b, 0x00, 0x04, 0x00, 0xca, 0x00, 0x00, 0x00, 0x06, 0x00, 0x00, 0x00,
    0x01, 0x00, 0x00, 0x00, 0x3b, 0x00, 0x04, 0x00, 0xcc, 0x00, 0x00, 0x00, 0x07, 0x00, 0x00, 0x00,
    0x01, 0x00, 0x00, 0x00, 0x3b, 0x00, 0x04, 0x00, 0xcd, 0x00, 0x00, 0x00, 0x08, 0x00, 0x00, 0x00,
    0x03, 0x00, 0x00, 0x00, 0x20, 0x00, 0x04, 0x00, 0xd2, 0x00, 0x00, 0x00, 0x07, 0x00, 0x00, 0x00,
    0xc4, 0x00, 0x00, 0x00, 0x2c, 0x00, 0x83, 0x00, 0xc4, 0x00, 0x00, 0x00, 0xd3, 0x00, 0x00, 0x00,
    0x12, 0x00, 0x00, 0x00, 0x13, 0x00, 0x00, 0x00, 0x14, 0x00, 0x00, 0x00, 0x15, 0x00, 0x00, 0x00,
    0x16, 0x00, 0x00, 0x00, 0x17, 0x00, 0x00, 0x00, 0x10, 0x00, 0x00, 0x00, 0x18, 0x00, 0x00, 0x00,
    0x19, 0x00, 0x00, 0x00, 0x1a, 0x00, 0x00, 0x00, 0x1b, 0x00, 0x00, 0x00, 0x1c, 0x00, 0x00, 0x00,
    0x1d, 0x00, 0x00, 0x00, 0x1e, 0x00, 0x00, 0x00, 0x1f, 0x00, 0x00, 0x00, 0x20, 0x00, 0x00, 0x00,
    0x21, 0x00, 0x00, 0x00, 0x22, 0x00, 0x00, 0x00, 0x23, 0x00, 0x00, 0x00, 0x24, 0x00, 0x00, 0x00,
    0x25, 0x00, 0x00, 0x00, 0x26, 0x00, 0x00, 0x00, 0x27, 0x00, 0x00, 0x00, 0x28, 0x00, 0x00, 0x00,
    0x29, 0x00, 0x00, 0x00, 0x2a, 0x00, 0x00, 0x00, 0x2b, 0x00, 0x00, 0x00, 0x2c, 0x00, 0x00, 0x00,
    0x2d, 0x00, 0x00, 0x00, 0x2e, 0x00, 0x00, 0x00, 0x2f, 0x00, 0x00, 0x00, 0x30, 0x00, 0x00, 0x00,
    0x31, 0x00, 0x00, 0x00, 0x32, 0x00, 0x00, 0x00, 0x33, 0x00, 0x00, 0x00, 0x34, 0x00, 0x00, 0x00,
    0x35, 0x00, 0x00, 0x00, 0x36, 0x00, 0x00, 0x00, 0x37, 0x00, 0x00, 0x00, 0x38, 0x00, 0x00, 0x00,
    0x39, 0x00, 0x00, 0x00, 0x3a, 0x00, 0x00, 0x00, 0x3b, 0x00, 0x00, 0x00, 0x3c, 0x00, 0x00, 0x00,
    0x3d, 0x00, 0x00, 0x00, 0x3e, 0x00, 0x00, 0x00, 0x3f, 0x00, 0x00, 0x00, 0x40, 0x00, 0x00, 0x00,
    0x41, 0x00, 0x00, 0x00, 0x42, 0x00, 0x00, 0x00, 0x43, 0x00, 0x00, 0x00, 0x44, 0x00, 0x00, 0x00,
    0x45, 0x00, 0x00, 0x00, 0x46, 0x00, 0x00, 0x00, 0x47, 0x00, 0x00, 0x00, 0x48, 0x00, 0x00, 0x00,
    0x49, 0x00, 0x00, 0x00, 0x4a, 0x00, 0x00, 0x00, 0x4b, 0x00, 0x00, 0x00, 0x4c, 0x00, 0x00, 0x00,
    0x4d, 0x00, 0x00, 0x00, 0x4e, 0x00, 0x00, 0x00, 0x4f, 0x00, 0x00, 0x00, 0x50, 0x00, 0x00, 0x00,
    0x51, 0x00, 0x00, 0x00, 0x52, 0x00, 0x00, 0x00, 0x53, 0x00, 0x00, 0x00, 0x54, 0x00, 0x00, 0x00,
    0x55, 0x00, 0x00, 0x00, 0x56, 0x00, 0x00, 0x00, 0x57, 0x00, 0x00, 0x00, 0x58, 0x00, 0x00, 0x00,
    0x59, 0x00, 0x00, 0x00, 0x5a, 0x00, 0x00, 0x00, 0x5b, 0x00, 0x00, 0x00, 0x5c, 0x00, 0x00, 0x00,
    0x5d, 0x00, 0x00, 0x00, 0x5e, 0x00, 0x00, 0x00, 0x5f, 0x00, 0x00, 0x00, 0x60, 0x00, 0x00, 0x00,
    0x61, 0x00, 0x00, 0x00, 0x62, 0x00, 0x00, 0x00, 0x63, 0x00, 0x00, 0x00, 0x64, 0x00, 0x00, 0x00,
    0x65, 0x00, 0x00, 0x00, 0x66, 0x00, 0x00, 0x00, 0x67, 0x00, 0x00, 0x00, 0x68, 0x00, 0x00, 0x00,
    0x69, 0x00, 0x00, 0x00, 0x6a, 0x00, 0x00, 0x00, 0x6b, 0x00, 0x00, 0x00, 0x6c, 0x00, 0x00, 0x00,
    0x6d, 0x00, 0x00, 0x00, 0x6e, 0x00, 0x00, 0x00, 0x6f, 0x00, 0x00, 0x00, 0x70, 0x00, 0x00, 0x00,
    0x71, 0x00, 0x00, 0x00, 0x72, 0x00, 0x00, 0x00, 0x73, 0x00, 0x00, 0x00, 0x74, 0x00, 0x00, 0x00,
    0x75, 0x00, 0x00, 0x00, 0x76, 0x00, 0x00, 0x00, 0x77, 0x00, 0x00, 0x00, 0x78, 0x00, 0x00, 0x00,
    0x79, 0x00, 0x00, 0x00, 0x7a, 0x00, 0x00, 0x00, 0x7b, 0x00, 0x00, 0x00, 0x7c, 0x00, 0x00, 0x00,
    0x7d, 0x00, 0x00, 0x00, 0x7e, 0x00, 0x00, 0x00, 0x7f, 0x00, 0x00, 0x00, 0x80, 0x00, 0x00, 0x00,
    0x81, 0x00, 0x00, 0x00, 0x82, 0x00, 0x00, 0x00, 0x83, 0x00, 0x00, 0x00, 0x84, 0x00, 0x00, 0x00,
    0x85, 0x00, 0x00, 0x00, 0x86, 0x00, 0x00, 0x00, 0x87, 0x00, 0x00, 0x00, 0x88, 0x00, 0x00, 0x00,
    0x89, 0x00, 0x00, 0x00, 0x8a, 0x00, 0x00, 0x00, 0x8b, 0x00, 0x00, 0x00, 0x8c, 0x00, 0x00, 0x00,
    0x8d, 0x00, 0x00, 0x00, 0x8e, 0x00, 0x00, 0x00, 0x8f, 0x00, 0x00, 0x00, 0x90, 0x00, 0x00, 0x00,
    0x2b, 0x00, 0x04, 0x00, 0x11, 0x00, 0x00, 0x00, 0xd4, 0x00, 0x00, 0x00, 0x00, 0x80, 0x00, 0x00,
    0x2b, 0x00, 0x04, 0x00, 0x99, 0x00, 0x00, 0x00, 0xd5, 0x00, 0x00, 0x00, 0x81, 0x80, 0x80, 0x3b,
    0x20, 0x00, 0x04, 0x00, 0xd6, 0x00, 0x00, 0x00, 0x01, 0x00, 0x00, 0x00, 0x0f, 0x00, 0x00, 0x00,
    0x20, 0x00, 0x04, 0x00, 0xd7, 0x00, 0x00, 0x00, 0x01, 0x00, 0x00, 0x00, 0x99, 0x00, 0x00, 0x00,
    0x36, 0x00, 0x05, 0x00, 0xce, 0x00, 0x00, 0x00, 0x02, 0x00, 0x00, 0x00, 0x00, 0x00, 0x00, 0x00,
    0xcf, 0x00, 0x00, 0x00, 0xf8, 0x00, 0x02, 0x00, 0xd8, 0x00, 0x00, 0x00, 0x3b, 0x00, 0x04, 0x00,
    0xd2, 0x00, 0x00, 0x00, 0x0d, 0x00, 0x00, 0x00, 0x07, 0x00, 0x00, 0x00, 0x3e, 0x00, 0x03, 0x00,
    0x0d, 0x00, 0x00, 0x00, 0xd3, 0x00, 0x00, 0x00, 0x3d, 0x00, 0x04, 0x00, 0xc5, 0x00, 0x00, 0x00,
    0xd9, 0x00, 0x00, 0x00, 0x03, 0x00, 0x00, 0x00, 0x3d, 0x00, 0x04, 0x00, 0xc5, 0x00, 0x00, 0x00,
    0xda, 0x00, 0x00, 0x00, 0x05, 0x00, 0x00, 0x00, 0xf7, 0x00, 0x03, 0x00, 0xdb, 0x00, 0x00, 0x00,
    0x00, 0x00, 0x00, 0x00, 0xfb, 0x00, 0x03, 0x00, 0x12, 0x00, 0x00, 0x00, 0xdc, 0x00, 0x00, 0x00,
    0xf8, 0x00, 0x02, 0x00, 0xdc, 0x00, 0x00, 0x00, 0x41, 0x00, 0x05, 0x00, 0xd6, 0x00, 0x00, 0x00,
    0xdd, 0x00, 0x00, 0x00, 0x06, 0x00, 0x00, 0x00, 0x92, 0x00, 0x00, 0x00, 0x3d, 0x00, 0x04, 0x00,
    0x0f, 0x00, 0x00, 0x00, 0xde, 0x00, 0x00, 0x00, 0xdd, 0x00, 0x00, 0x00, 0xc2, 0x00, 0x05, 0x00,
    0x0f, 0x00, 0x00, 0x00, 0xdf, 0x00, 0x00, 0x00, 0xde, 0x00, 0x00, 0x00, 0x13, 0x00, 0x00, 0x00,
    0xc7, 0x00, 0x05, 0x00, 0x0f, 0x00, 0x00, 0x00, 0xe0, 0x00, 0x00, 0x00, 0xdf, 0x00, 0x00, 0x00,
    0x94, 0x00, 0x00, 0x00, 0xab, 0x00, 0x05, 0x00, 0x9e, 0x00, 0x00, 0x00, 0xe1, 0x00, 0x00, 0x00,
    0xe0, 0x00, 0x00, 0x00, 0x12, 0x00, 0x00, 0x00, 0xf7, 0x00, 0x03, 0x00, 0xe2, 0x00, 0x00, 0x00,
    0x00, 0x00, 0x00, 0x00, 0xfa, 0x00, 0x04, 0x00, 0xe1, 0x00, 0x00, 0x00, 0xe3, 0x00, 0x00, 0x00,
    0xe2, 0x00, 0x00, 0x00, 0xf8, 0x00, 0x02, 0x00, 0xe3, 0x00, 0x00, 0x00, 0x4f, 0x00, 0x07, 0x00,
    0xc2, 0x00, 0x00, 0x00, 0xe4, 0x00, 0x00, 0x00, 0xd9, 0x00, 0x00, 0x00, 0xd9, 0x00, 0x00, 0x00,
    0x00, 0x00, 0x00, 0x00, 0x01, 0x00, 0x00, 0x00, 0x6d, 0x00, 0x04, 0x00, 0xcb, 0x00, 0x00, 0x00,
    0xe5, 0x00, 0x00, 0x00, 0xe4, 0x00, 0x00, 0x00, 0x51, 0x00, 0x05, 0x00, 0x0f, 0x00, 0x00, 0x00,
    0xe6, 0x00, 0x00, 0x00, 0xe5, 0x00, 0x00, 0x00, 0x00, 0x00, 0x00, 0x00, 0x51, 0x00, 0x05, 0x00,
    0x0f, 0x00, 0x00, 0x00, 0xe7, 0x00, 0x00, 0x00, 0xe5, 0x00, 0x00, 0x00, 0x01, 0x00, 0x00, 0x00,
    0xc6, 0x00, 0x05, 0x00, 0x0f, 0x00, 0x00, 0x00, 0xe8, 0x00, 0x00, 0x00, 0xe6, 0x00, 0x00, 0x00,
    0xe7, 0x00, 0x00, 0x00, 0xc7, 0x00, 0x05, 0x00, 0x0f, 0x00, 0x00, 0x00, 0xe9, 0x00, 0x00, 0x00,
    0xe8, 0x00, 0x00, 0x00, 0x94, 0x00, 0x00, 0x00, 0xaa, 0x00, 0x05, 0x00, 0x9e, 0x00, 0x00, 0x00,
    0xea, 0x00, 0x00, 0x00, 0xe9, 0x00, 0x00, 0x00, 0x12, 0x00, 0x00, 0x00, 0xf7, 0x00, 0x03, 0x00,
    0xeb, 0x00, 0x00, 0x00, 0x00, 0x00, 0x00, 0x00, 0xfa, 0x00, 0x04, 0x00, 0xea, 0x00, 0x00, 0x00,
    0xec, 0x00, 0x00, 0x00, 0xeb, 0x00, 0x00, 0x00, 0xf8, 0x00, 0x02, 0x00, 0xec, 0x00, 0x00, 0x00,
    0xfc, 0x00, 0x01, 0x00, 0xf8, 0x00, 0x02, 0x00, 0xeb, 0x00, 0x00, 0x00, 0xf9, 0x00, 0x02, 0x00,
    0xe2, 0x00, 0x00, 0x00, 0xf8, 0x00, 0x02, 0x00, 0xe2, 0x00, 0x00, 0x00, 0xc7, 0x00, 0x05, 0x00,
    0x0f, 0x00, 0x00, 0x00, 0xed, 0x00, 0x00, 0x00, 0xde, 0x00, 0x00, 0x00, 0x96, 0x00, 0x00, 0x00,
    0xb0, 0x00, 0x05, 0x00, 0x9e, 0x00, 0x00, 0x00, 0xee, 0x00, 0x00, 0x00, 0xed, 0x00, 0x00, 0x00,
    0x13, 0x00, 0x00, 0x00, 0xf7, 0x00, 0x03, 0x00, 0xef, 0x00, 0x00, 0x00, 0x00, 0x00, 0x00, 0x00,
    0xfa, 0x00, 0x04, 0x00, 0xee, 0x00, 0x00, 0x00, 0xf0, 0x00, 0x00, 0x00, 0xef, 0x00, 0x00, 0x00,
    0xf8, 0x00, 0x02, 0x00, 0xf0, 0x00, 0x00, 0x00, 0xf9, 0x00, 0x02, 0x00, 0xdb, 0x00, 0x00, 0x00,
    0xf8, 0x00, 0x02, 0x00, 0xef, 0x00, 0x00, 0x00, 0xaa, 0x00, 0x05, 0x00, 0x9e, 0x00, 0x00, 0x00,
    0xf1, 0x00, 0x00, 0x00, 0xed, 0x00, 0x00, 0x00, 0x96, 0x00, 0x00, 0x00, 0xc2, 0x00, 0x05, 0x00,
    0x0f, 0x00, 0x00, 0x00, 0xf2, 0x00, 0x00, 0x00, 0xde, 0x00, 0x00, 0x00, 0x98, 0x00, 0x00, 0x00,
    0xc7, 0x00, 0x05, 0x00, 0x0f, 0x00, 0x00, 0x00, 0xf3, 0x00, 0x00, 0x00, 0xf2, 0x00, 0x00, 0x00,
    0x93, 0x00, 0x00, 0x00, 0x7c, 0x00, 0x04, 0x00, 0x11, 0x00, 0x00, 0x00, 0xf4, 0x00, 0x00, 0x00,
    0xf3, 0x00, 0x00, 0x00, 0x41, 0x00, 0x05, 0x00, 0xd7, 0x00, 0x00, 0x00, 0xf5, 0x00, 0x00, 0x00,
    0x04, 0x00, 0x00, 0x00, 0x92, 0x00, 0x00, 0x00, 0x3d, 0x00, 0x04, 0x00, 0x99, 0x00, 0x00, 0x00,
    0xf6, 0x00, 0x00, 0x00, 0xf5, 0x00, 0x00, 0x00, 0x88, 0x00, 0x05, 0x00, 0x99, 0x00, 0x00, 0x00,
    0xf7, 0x00, 0x00, 0x00, 0x9a, 0x00, 0x00, 0x00, 0xf6, 0x00, 0x00, 0x00, 0x41, 0x00, 0x05, 0x00,
    0xd6, 0x00, 0x00, 0x00, 0xf8, 0x00, 0x00, 0x00, 0x07, 0x00, 0x00, 0x00, 0x92, 0x00, 0x00, 0x00,
    0x3d, 0x00, 0x04, 0x00, 0x0f, 0x00, 0x00, 0x00, 0xf9, 0x00, 0x00, 0x00, 0xf8, 0x00, 0x00, 0x00,
    0x7c, 0x00, 0x04, 0x00, 0x11, 0x00, 0x00, 0x00, 0xfa, 0x00, 0x00, 0x00, 0xf9, 0x00, 0x00, 0x00,
    0xf7, 0x00, 0x03, 0x00, 0xfb, 0x00, 0x00, 0x00, 0x00, 0x00, 0x00, 0x00, 0xfb, 0x00, 0x03, 0x00,
    0x12, 0x00, 0x00, 0x00, 0xfc, 0x00, 0x00, 0x00, 0xf8, 0x00, 0x02, 0x00, 0xfc, 0x00, 0x00, 0x00,
    0xb8, 0x00, 0x05, 0x00, 0x9e, 0x00, 0x00, 0x00, 0xfd, 0x00, 0x00, 0x00, 0xf7, 0x00, 0x00, 0x00,
    0xaa, 0x00, 0x00, 0x00, 0xf7, 0x00, 0x03, 0x00, 0xfe, 0x00, 0x00, 0x00, 0x00, 0x00, 0x00, 0x00,
    0xfa, 0x00, 0x04, 0x00, 0xfd, 0x00, 0x00, 0x00, 0xff, 0x00, 0x00, 0x00, 0xfe, 0x00, 0x00, 0x00,
    0xf8, 0x00, 0x02, 0x00, 0xff, 0x00, 0x00, 0x00, 0xf9, 0x00, 0x02, 0x00, 0xfb, 0x00, 0x00, 0x00,
    0xf8, 0x00, 0x02, 0x00, 0xfe, 0x00, 0x00, 0x00, 0x7c, 0x00, 0x04, 0x00, 0x0f, 0x00, 0x00, 0x00,
    0x00, 0x01, 0x00, 0x00, 0xf7, 0x00, 0x00, 0x00, 0xc2, 0x00, 0x05, 0x00, 0x0f, 0x00, 0x00, 0x00,
    0x01, 0x01, 0x00, 0x00, 0x00, 0x01, 0x00, 0x00, 0x10, 0x00, 0x00, 0x00, 0xc2, 0x00, 0x05, 0x00,
    0x0f, 0x00, 0x00, 0x00, 0x02, 0x01, 0x00, 0x00, 0x01, 0x01, 0x00, 0x00, 0xa1, 0x00, 0x00, 0x00,
    0x7c, 0x00, 0x04, 0x00, 0x11, 0x00, 0x00, 0x00, 0x03, 0x01, 0x00, 0x00, 0x02, 0x01, 0x00, 0x00,
    0x82, 0x00, 0x05, 0x00, 0x11, 0x00, 0x00, 0x00, 0x04, 0x01, 0x00, 0x00, 0x03, 0x01, 0x00, 0x00,
    0xa0, 0x00, 0x00, 0x00, 0xc4, 0x00, 0x05, 0x00, 0x11, 0x00, 0x00, 0x00, 0x05, 0x01, 0x00, 0x00,
    0x04, 0x01, 0x00, 0x00, 0xab, 0x00, 0x00, 0x00, 0xc7, 0x00, 0x05, 0x00, 0x0f, 0x00, 0x00, 0x00,
    0x06, 0x01, 0x00, 0x00, 0x01, 0x01, 0x00, 0x00, 0x46, 0x00, 0x00, 0x00, 0x41, 0x00, 0x05, 0x00,
    0xd0, 0x00, 0x00, 0x00, 0x07, 0x01, 0x00, 0x00, 0x0d, 0x00, 0x00, 0x00, 0x06, 0x01, 0x00, 0x00,
    0x3d, 0x00, 0x04, 0x00, 0x0f, 0x00, 0x00, 0x00, 0x08, 0x01, 0x00, 0x00, 0x07, 0x01, 0x00, 0x00,
    0x7c, 0x00, 0x04, 0x00, 0x11, 0x00, 0x00, 0x00, 0x09, 0x01, 0x00, 0x00, 0x08, 0x01, 0x00, 0x00,
    0xc5, 0x00, 0x05, 0x00, 0x11, 0x00, 0x00, 0x00, 0x0a, 0x01, 0x00, 0x00, 0x05, 0x01, 0x00, 0x00,
    0x09, 0x01, 0x00, 0x00, 0xf9, 0x00, 0x02, 0x00, 0xfb, 0x00, 0x00, 0x00, 0xf8, 0x00, 0x02, 0x00,
    0xfb, 0x00, 0x00, 0x00, 0xf5, 0x00, 0x07, 0x00, 0x11, 0x00, 0x00, 0x00, 0x0b, 0x01, 0x00, 0x00,
    0x92, 0x00, 0x00, 0x00, 0xff, 0x00, 0x00, 0x00, 0x0a, 0x01, 0x00, 0x00, 0xfe, 0x00, 0x00, 0x00,
    0x82, 0x00, 0x05, 0x00, 0x11, 0x00, 0x00, 0x00, 0x0c, 0x01, 0x00, 0x00, 0x0b, 0x01, 0x00, 0x00,
    0xfa, 0x00, 0x00, 0x00, 0xc3, 0x00, 0x05, 0x00, 0x11, 0x00, 0x00, 0x00, 0x0d, 0x01, 0x00, 0x00,
    0x0c, 0x01, 0x00, 0x00, 0x9b, 0x00, 0x00, 0x00, 0x0c, 0x00, 0x08, 0x00, 0x11, 0x00, 0x00, 0x00,
    0x0e, 0x01, 0x00, 0x00, 0x01, 0x00, 0x00, 0x00, 0x2d, 0x00, 0x00, 0x00, 0x0d, 0x01, 0x00, 0x00,
    0x92, 0x00, 0x00, 0x00, 0xf4, 0x00, 0x00, 0x00, 0x41, 0x00, 0x05, 0x00, 0xd7, 0x00, 0x00, 0x00,
    0x0f, 0x01, 0x00, 0x00, 0x04, 0x00, 0x00, 0x00, 0x95, 0x00, 0x00, 0x00, 0x3d, 0x00, 0x04, 0x00,
    0x99, 0x00, 0x00, 0x00, 0x10, 0x01, 0x00, 0x00, 0x0f, 0x01, 0x00, 0x00, 0x85, 0x00, 0x05, 0x00,
    0x99, 0x00, 0x00, 0x00, 0x11, 0x01, 0x00, 0x00, 0x10, 0x01, 0x00, 0x00, 0xf7, 0x00, 0x00, 0x00,
    0x85, 0x00, 0x05, 0x00, 0x99, 0x00, 0x00, 0x00, 0x12, 0x01, 0x00, 0x00, 0x11, 0x01, 0x00, 0x00,
    0x9d, 0x00, 0x00, 0x00, 0xf7, 0x00, 0x03, 0x00, 0x13, 0x01, 0x00, 0x00, 0x00, 0x00, 0x00, 0x00,
    0xfb, 0x00, 0x03, 0x00, 0x12, 0x00, 0x00, 0x00, 0x14, 0x01, 0x00, 0x00, 0xf8, 0x00, 0x02, 0x00,
    0x14, 0x01, 0x00, 0x00, 0xbe, 0x00, 0x05, 0x00, 0x9e, 0x00, 0x00, 0x00, 0x15, 0x01, 0x00, 0x00,
    0x12, 0x01, 0x00, 0x00, 0xac, 0x00, 0x00, 0x00, 0xf7, 0x00, 0x03, 0x00, 0x16, 0x01, 0x00, 0x00,
    0x00, 0x00, 0x00, 0x00, 0xfa, 0x00, 0x04, 0x00, 0x15, 0x01, 0x00, 0x00, 0x17, 0x01, 0x00, 0x00,
    0x16, 0x01, 0x00, 0x00, 0xf8, 0x00, 0x02, 0x00, 0x17, 0x01, 0x00, 0x00, 0xb8, 0x00, 0x05, 0x00,
    0x9e, 0x00, 0x00, 0x00, 0x18, 0x01, 0x00, 0x00, 0x12, 0x01, 0x00, 0x00, 0xad, 0x00, 0x00, 0x00,
    0xf9, 0x00, 0x02, 0x00, 0x16, 0x01, 0x00, 0x00, 0xf8, 0x00, 0x02, 0x00, 0x16, 0x01, 0x00, 0x00,
    0xf5, 0x00, 0x07, 0x00, 0x9e, 0x00, 0x00, 0x00, 0x19, 0x01, 0x00, 0x00, 0x9f, 0x00, 0x00, 0x00,
    0x14, 0x01, 0x00, 0x00, 0x18, 0x01, 0x00, 0x00, 0x17, 0x01, 0x00, 0x00, 0xa8, 0x00, 0x04, 0x00,
    0x9e, 0x00, 0x00, 0x00, 0x1a, 0x01, 0x00, 0x00, 0x19, 0x01, 0x00, 0x00, 0xf7, 0x00, 0x03, 0x00,
    0x1b, 0x01, 0x00, 0x00, 0x00, 0x00, 0x00, 0x00, 0xfa, 0x00, 0x04, 0x00, 0x1a, 0x01, 0x00, 0x00,
    0x1c, 0x01, 0x00, 0x00, 0x1b, 0x01, 0x00, 0x00, 0xf8, 0x00, 0x02, 0x00, 0x1c, 0x01, 0x00, 0x00,
    0xf9, 0x00, 0x02, 0x00, 0x13, 0x01, 0x00, 0x00, 0xf8, 0x00, 0x02, 0x00, 0x1b, 0x01, 0x00, 0x00,
    0x6e, 0x00, 0x04, 0x00, 0x11, 0x00, 0x00, 0x00, 0x1d, 0x01, 0x00, 0x00, 0x12, 0x01, 0x00, 0x00,
    0xf9, 0x00, 0x02, 0x00, 0x13, 0x01, 0x00, 0x00, 0xf8, 0x00, 0x02, 0x00, 0x13, 0x01, 0x00, 0x00,
    0xf5, 0x00, 0x07, 0x00, 0x11, 0x00, 0x00, 0x00, 0x1e, 0x01, 0x00, 0x00, 0xae, 0x00, 0x00, 0x00,
    0x1c, 0x01, 0x00, 0x00, 0x1d, 0x01, 0x00, 0x00, 0x1b, 0x01, 0x00, 0x00, 0x41, 0x00, 0x05, 0x00,
    0xd7, 0x00, 0x00, 0x00, 0x1f, 0x01, 0x00, 0x00, 0x04, 0x00, 0x00, 0x00, 0x97, 0x00, 0x00, 0x00,
    0x3d, 0x00, 0x04, 0x00, 0x99, 0x00, 0x00, 0x00, 0x20, 0x01, 0x00, 0x00, 0x1f, 0x01, 0x00, 0x00,
    0x85, 0x00, 0x05, 0x00, 0x99, 0x00, 0x00, 0x00, 0x21, 0x01, 0x00, 0x00, 0x20, 0x01, 0x00, 0x00,
    0xf7, 0x00, 0x00, 0x00, 0x85, 0x00, 0x05, 0x00, 0x99, 0x00, 0x00, 0x00, 0x22, 0x01, 0x00, 0x00,
    0x21, 0x01, 0x00, 0x00, 0x9d, 0x00, 0x00, 0x00, 0xf7, 0x00, 0x03, 0x00, 0x23, 0x01, 0x00, 0x00,
    0x00, 0x00, 0x00, 0x00, 0xfb, 0x00, 0x03, 0x00, 0x12, 0x00, 0x00, 0x00, 0x24, 0x01, 0x00, 0x00,
    0xf8, 0x00, 0x02, 0x00, 0x24, 0x01, 0x00, 0x00, 0xbe, 0x00, 0x05, 0x00, 0x9e, 0x00, 0x00, 0x00,
    0x25, 0x01, 0x00, 0x00, 0x22, 0x01, 0x00, 0x00, 0xac, 0x00, 0x00, 0x00, 0xf7, 0x00, 0x03, 0x00,
    0x26, 0x01, 0x00, 0x00, 0x00, 0x00, 0x00, 0x00, 0xfa, 0x00, 0x04, 0x00, 0x25, 0x01, 0x00, 0x00,
    0x27, 0x01, 0x00, 0x00, 0x26, 0x01, 0x00, 0x00, 0xf8, 0x00, 0x02, 0x00, 0x27, 0x01, 0x00, 0x00,
    0xb8, 0x00, 0x05, 0x00, 0x9e, 0x00, 0x00, 0x00, 0x28, 0x01, 0x00, 0x00, 0x22, 0x01, 0x00, 0x00,
    0xad, 0x00, 0x00, 0x00, 0xf9, 0x00, 0x02, 0x00, 0x26, 0x01, 0x00, 0x00, 0xf8, 0x00, 0x02, 0x00,
    0x26, 0x01, 0x00, 0x00, 0xf5, 0x00, 0x07, 0x00, 0x9e, 0x00, 0x00, 0x00, 0x29, 0x01, 0x00, 0x00,
    0x9f, 0x00, 0x00, 0x00, 0x24, 0x01, 0x00, 0x00, 0x28, 0x01, 0x00, 0x00, 0x27, 0x01, 0x00, 0x00,
    0xa8, 0x00, 0x04, 0x00, 0x9e, 0x00, 0x00, 0x00, 0x2a, 0x01, 0x00, 0x00, 0x29, 0x01, 0x00, 0x00,
    0xf7, 0x00, 0x03, 0x00, 0x2b, 0x01, 0x00, 0x00, 0x00, 0x00, 0x00, 0x00, 0xfa, 0x00, 0x04, 0x00,
    0x2a, 0x01, 0x00, 0x00, 0x2c, 0x01, 0x00, 0x00, 0x2b, 0x01, 0x00, 0x00, 0xf8, 0x00, 0x02, 0x00,
    0x2c, 0x01, 0x00, 0x00, 0xf9, 0x00, 0x02, 0x00, 0x23, 0x01, 0x00, 0x00, 0xf8, 0x00, 0x02, 0x00,
    0x2b, 0x01, 0x00, 0x00, 0x6e, 0x00, 0x04, 0x00, 0x11, 0x00, 0x00, 0x00, 0x2d, 0x01, 0x00, 0x00,
    0x22, 0x01, 0x00, 0x00, 0xf9, 0x00, 0x02, 0x00, 0x23, 0x01, 0x00, 0x00, 0xf8, 0x00, 0x02, 0x00,
    0x23, 0x01, 0x00, 0x00, 0xf5, 0x00, 0x07, 0x00, 0x11, 0x00, 0x00, 0x00, 0x2e, 0x01, 0x00, 0x00,
    0xae, 0x00, 0x00, 0x00, 0x2c, 0x01, 0x00, 0x00, 0x2d, 0x01, 0x00, 0x00, 0x2b, 0x01, 0x00, 0x00,
    0xc2, 0x00, 0x05, 0x00, 0x0f, 0x00, 0x00, 0x00, 0x2f, 0x01, 0x00, 0x00, 0xde, 0x00, 0x00, 0x00,
    0xa9, 0x00, 0x00, 0x00, 0xc7, 0x00, 0x05, 0x00, 0x0f, 0x00, 0x00, 0x00, 0x30, 0x01, 0x00, 0x00,
    0x2f, 0x01, 0x00, 0x00, 0x94, 0x00, 0x00, 0x00, 0xab, 0x00, 0x05, 0x00, 0x9e, 0x00, 0x00, 0x00,
    0x31, 0x01, 0x00, 0x00, 0x30, 0x01, 0x00, 0x00, 0x12, 0x00, 0x00, 0x00, 0xaa, 0x00, 0x05, 0x00,
    0x9e, 0x00, 0x00, 0x00, 0x32, 0x01, 0x00, 0x00, 0x0e, 0x01, 0x00, 0x00, 0xa2, 0x00, 0x00, 0x00,
    0xf7, 0x00, 0x03, 0x00, 0x33, 0x01, 0x00, 0x00, 0x00, 0x00, 0x00, 0x00, 0xfa, 0x00, 0x04, 0x00,
    0x32, 0x01, 0x00, 0x00, 0x34, 0x01, 0x00, 0x00, 0x35, 0x01, 0x00, 0x00, 0xf8, 0x00, 0x02, 0x00,
    0x35, 0x01, 0x00, 0x00, 0x41, 0x00, 0x05, 0x00, 0xd6, 0x00, 0x00, 0x00, 0x36, 0x01, 0x00, 0x00,
    0x06, 0x00, 0x00, 0x00, 0x95, 0x00, 0x00, 0x00, 0x3d, 0x00, 0x04, 0x00, 0x0f, 0x00, 0x00, 0x00,
    0x37, 0x01, 0x00, 0x00, 0x36, 0x01, 0x00, 0x00, 0xc7, 0x00, 0x05, 0x00, 0x0f, 0x00, 0x00, 0x00,
    0x38, 0x01, 0x00, 0x00, 0x37, 0x01, 0x00, 0x00, 0xa5, 0x00, 0x00, 0x00, 0xc2, 0x00, 0x05, 0x00,
    0x0f, 0x00, 0x00, 0x00, 0x39, 0x01, 0x00, 0x00, 0x37, 0x01, 0x00, 0x00, 0x10, 0x00, 0x00, 0x00,
    0xc2, 0x00, 0x05, 0x00, 0x0f, 0x00, 0x00, 0x00, 0x3a, 0x01, 0x00, 0x00, 0xde, 0x00, 0x00, 0x00,
    0xb1, 0x00, 0x00, 0x00, 0xc7, 0x00, 0x05, 0x00, 0x0f, 0x00, 0x00, 0x00, 0x3b, 0x01, 0x00, 0x00,
    0x3a, 0x01, 0x00, 0x00, 0xa1, 0x00, 0x00, 0x00, 0xc4, 0x00, 0x05, 0x00, 0x0f, 0x00, 0x00, 0x00,
    0x3c, 0x01, 0x00, 0x00, 0xb0, 0x00, 0x00, 0x00, 0x3b, 0x01, 0x00, 0x00, 0x7c, 0x00, 0x04, 0x00,
    0x0f, 0x00, 0x00, 0x00, 0x3d, 0x01, 0x00, 0x00, 0x0e, 0x01, 0x00, 0x00, 0xc7, 0x00, 0x05, 0x00,
    0x0f, 0x00, 0x00, 0x00, 0x3e, 0x01, 0x00, 0x00, 0x3d, 0x01, 0x00, 0x00, 0x93, 0x00, 0x00, 0x00,
    0xc2, 0x00, 0x05, 0x00, 0x0f, 0x00, 0x00, 0x00, 0x3f, 0x01, 0x00, 0x00, 0x3c, 0x01, 0x00, 0x00,
    0x3e, 0x01, 0x00, 0x00, 0xc2, 0x00, 0x05, 0x00, 0x0f, 0x00, 0x00, 0x00, 0x40, 0x01, 0x00, 0x00,
    0xde, 0x00, 0x00, 0x00, 0xb2, 0x00, 0x00, 0x00, 0xc7, 0x00, 0x05, 0x00, 0x0f, 0x00, 0x00, 0x00,
    0x41, 0x01, 0x00, 0x00, 0x40, 0x01, 0x00, 0x00, 0xa1, 0x00, 0x00, 0x00, 0xc4, 0x00, 0x05, 0x00,
    0x0f, 0x00, 0x00, 0x00, 0x42, 0x01, 0x00, 0x00, 0xb0, 0x00, 0x00, 0x00, 0x41, 0x01, 0x00, 0x00,
    0xc2, 0x00, 0x05, 0x00, 0x0f, 0x00, 0x00, 0x00, 0x43, 0x01, 0x00, 0x00, 0x42, 0x01, 0x00, 0x00,
    0x3e, 0x01, 0x00, 0x00, 0x82, 0x00, 0x05, 0x00, 0x0f, 0x00, 0x00, 0x00, 0x44, 0x01, 0x00, 0x00,
    0x38, 0x01, 0x00, 0x00, 0xb3, 0x00, 0x00, 0x00, 0xc2, 0x00, 0x05, 0x00, 0x0f, 0x00, 0x00, 0x00,
    0x45, 0x01, 0x00, 0x00, 0x44, 0x01, 0x00, 0x00, 0x3e, 0x01, 0x00, 0x00, 0xc7, 0x00, 0x05, 0x00,
    0x0f, 0x00, 0x00, 0x00, 0x46, 0x01, 0x00, 0x00, 0x45, 0x01, 0x00, 0x00, 0xb4, 0x00, 0x00, 0x00,
    0x82, 0x00, 0x05, 0x00, 0x0f, 0x00, 0x00, 0x00, 0x47, 0x01, 0x00, 0x00, 0x39, 0x01, 0x00, 0x00,
    0xb5, 0x00, 0x00, 0x00, 0xc2, 0x00, 0x05, 0x00, 0x0f, 0x00, 0x00, 0x00, 0x48, 0x01, 0x00, 0x00,
    0x47, 0x01, 0x00, 0x00, 0x3e, 0x01, 0x00, 0x00, 0xc7, 0x00, 0x05, 0x00, 0x0f, 0x00, 0x00, 0x00,
    0x49, 0x01, 0x00, 0x00, 0x48, 0x01, 0x00, 0x00, 0xb6, 0x00, 0x00, 0x00, 0xc7, 0x00, 0x05, 0x00,
    0x11, 0x00, 0x00, 0x00, 0x4a, 0x01, 0x00, 0x00, 0x0e, 0x01, 0x00, 0x00, 0x95, 0x00, 0x00, 0x00,
    0xab, 0x00, 0x05, 0x00, 0x9e, 0x00, 0x00, 0x00, 0x4b, 0x01, 0x00, 0x00, 0x4a, 0x01, 0x00, 0x00,
    0x92, 0x00, 0x00, 0x00, 0xa5, 0x00, 0x05, 0x00, 0x9e, 0x00, 0x00, 0x00, 0x4c, 0x01, 0x00, 0x00,
    0x4b, 0x01, 0x00, 0x00, 0x31, 0x01, 0x00, 0x00, 0xa9, 0x00, 0x06, 0x00, 0x0f, 0x00, 0x00, 0x00,
    0x4d, 0x01, 0x00, 0x00, 0x4c, 0x01, 0x00, 0x00, 0x94, 0x00, 0x00, 0x00, 0x12, 0x00, 0x00, 0x00,
    0xc7, 0x00, 0x05, 0x00, 0x11, 0x00, 0x00, 0x00, 0x4e, 0x01, 0x00, 0x00, 0x0e, 0x01, 0x00, 0x00,
    0x9c, 0x00, 0x00, 0x00, 0xc3, 0x00, 0x05, 0x00, 0x11, 0x00, 0x00, 0x00, 0x4f, 0x01, 0x00, 0x00,
    0x1e, 0x01, 0x00, 0x00, 0x4e, 0x01, 0x00, 0x00, 0xc3, 0x00, 0x05, 0x00, 0x11, 0x00, 0x00, 0x00,
    0x50, 0x01, 0x00, 0x00, 0x2e, 0x01, 0x00, 0x00, 0x4e, 0x01, 0x00, 0x00, 0xf9, 0x00, 0x02, 0x00,
    0x33, 0x01, 0x00, 0x00, 0xf8, 0x00, 0x02, 0x00, 0x34, 0x01, 0x00, 0x00, 0x41, 0x00, 0x05, 0x00,
    0xd6, 0x00, 0x00, 0x00, 0x51, 0x01, 0x00, 0x00, 0x06, 0x00, 0x00, 0x00, 0x97, 0x00, 0x00, 0x00,
    0x3d, 0x00, 0x04, 0x00, 0x0f, 0x00, 0x00, 0x00, 0x52, 0x01, 0x00, 0x00, 0x51, 0x01, 0x00, 0x00,
    0xc7, 0x00, 0x05, 0x00, 0x0f, 0x00, 0x00, 0x00, 0x53, 0x01, 0x00, 0x00, 0x52, 0x01, 0x00, 0x00,
    0xa5, 0x00, 0x00, 0x00, 0xc2, 0x00, 0x05, 0x00, 0x0f, 0x00, 0x00, 0x00, 0x54, 0x01, 0x00, 0x00,
    0x52, 0x01, 0x00, 0x00, 0x10, 0x00, 0x00, 0x00, 0xa9, 0x00, 0x06, 0x00, 0x0f, 0x00, 0x00, 0x00,
    0x55, 0x01, 0x00, 0x00, 0x31, 0x01, 0x00, 0x00, 0x12, 0x00, 0x00, 0x00, 0x94, 0x00, 0x00, 0x00,
    0xc2, 0x00, 0x05, 0x00, 0x0f, 0x00, 0x00, 0x00, 0x56, 0x01, 0x00, 0x00, 0xde, 0x00, 0x00, 0x00,
    0x15, 0x00, 0x00, 0x00, 0xc7, 0x00, 0x05, 0x00, 0x0f, 0x00, 0x00, 0x00, 0x57, 0x01, 0x00, 0x00,
    0x56, 0x01, 0x00, 0x00, 0x96, 0x00, 0x00, 0x00, 0xc4, 0x00, 0x05, 0x00, 0x0f, 0x00, 0x00, 0x00,
    0x58, 0x01, 0x00, 0x00, 0x94, 0x00, 0x00, 0x00, 0x57, 0x01, 0x00, 0x00, 0x7c, 0x00, 0x04, 0x00,
    0x11, 0x00, 0x00, 0x00, 0x59, 0x01, 0x00, 0x00, 0x58, 0x01, 0x00, 0x00, 0xc7, 0x00, 0x05, 0x00,
    0x11, 0x00, 0x00, 0x00, 0x5a, 0x01, 0x00, 0x00, 0x59, 0x01, 0x00, 0x00, 0x9c, 0x00, 0x00, 0x00,
    0xc4, 0x00, 0x05, 0x00, 0x11, 0x00, 0x00, 0x00, 0x5b, 0x01, 0x00, 0x00, 0x1e, 0x01, 0x00, 0x00,
    0x5a, 0x01, 0x00, 0x00, 0xc4, 0x00, 0x05, 0x00, 0x11, 0x00, 0x00, 0x00, 0x5c, 0x01, 0x00, 0x00,
    0x2e, 0x01, 0x00, 0x00, 0x5a, 0x01, 0x00, 0x00, 0xf9, 0x00, 0x02, 0x00, 0x33, 0x01, 0x00, 0x00,
    0xf8, 0x00, 0x02, 0x00, 0x33, 0x01, 0x00, 0x00, 0xf5, 0x00, 0x07, 0x00, 0x0f, 0x00, 0x00, 0x00,
    0x5d, 0x01, 0x00, 0x00, 0x55, 0x01, 0x00, 0x00, 0x34, 0x01, 0x00, 0x00, 0x4d, 0x01, 0x00, 0x00,
    0x35, 0x01, 0x00, 0x00, 0xf5, 0x00, 0x07, 0x00, 0x0f, 0x00, 0x00, 0x00, 0x5e, 0x01, 0x00, 0x00,
    0x54, 0x01, 0x00, 0x00, 0x34, 0x01, 0x00, 0x00, 0x49, 0x01, 0x00, 0x00, 0x35, 0x01, 0x00, 0x00,
    0xf5, 0x00, 0x07, 0x00, 0x0f, 0x00, 0x00, 0x00, 0x5f, 0x01, 0x00, 0x00, 0x53, 0x01, 0x00, 0x00,
    0x34, 0x01, 0x00, 0x00, 0x46, 0x01, 0x00, 0x00, 0x35, 0x01, 0x00, 0x00, 0xf5, 0x00, 0x07, 0x00,
    0x0f, 0x00, 0x00, 0x00, 0x60, 0x01, 0x00, 0x00, 0xaf, 0x00, 0x00, 0x00, 0x34, 0x01, 0x00, 0x00,
    0x43, 0x01, 0x00, 0x00, 0x35, 0x01, 0x00, 0x00, 0xf5, 0x00, 0x07, 0x00, 0x11, 0x00, 0x00, 0x00,
    0x61, 0x01, 0x00, 0x00, 0x5c, 0x01, 0x00, 0x00, 0x34, 0x01, 0x00, 0x00, 0x50, 0x01, 0x00, 0x00,
    0x35, 0x01, 0x00, 0x00, 0xf5, 0x00, 0x07, 0x00, 0x0f, 0x00, 0x00, 0x00, 0x62, 0x01, 0x00, 0x00,
    0xaf, 0x00, 0x00, 0x00, 0x34, 0x01, 0x00, 0x00, 0x3f, 0x01, 0x00, 0x00, 0x35, 0x01, 0x00, 0x00,
    0xf5, 0x00, 0x07, 0x00, 0x11, 0x00, 0x00, 0x00, 0x63, 0x01, 0x00, 0x00, 0x5b, 0x01, 0x00, 0x00,
    0x34, 0x01, 0x00, 0x00, 0x4f, 0x01, 0x00, 0x00, 0x35, 0x01, 0x00, 0x00, 0xc2, 0x00, 0x05, 0x00,
    0x0f, 0x00, 0x00, 0x00, 0x64, 0x01, 0x00, 0x00, 0xde, 0x00, 0x00, 0x00, 0x14, 0x00, 0x00, 0x00,
    0xc7, 0x00, 0x05, 0x00, 0x0f, 0x00, 0x00, 0x00, 0x65, 0x01, 0x00, 0x00, 0x64, 0x01, 0x00, 0x00,
    0x94, 0x00, 0x00, 0x00, 0xab, 0x00, 0x05, 0x00, 0x9e, 0x00, 0x00, 0x00, 0x66, 0x01, 0x00, 0x00,
    0x65, 0x01, 0x00, 0x00, 0x12, 0x00, 0x00, 0x00, 0xf7, 0x00, 0x03, 0x00, 0x67, 0x01, 0x00, 0x00,
    0x00, 0x00, 0x00, 0x00, 0xfa, 0x00, 0x04, 0x00, 0x66, 0x01, 0x00, 0x00, 0x68, 0x01, 0x00, 0x00,
    0x67, 0x01, 0x00, 0x00, 0xf8, 0x00, 0x02, 0x00, 0x68, 0x01, 0x00, 0x00, 0xc4, 0x00, 0x05, 0x00,
    0x0f, 0x00, 0x00, 0x00, 0x69, 0x01, 0x00, 0x00, 0x62, 0x01, 0x00, 0x00, 0x15, 0x00, 0x00, 0x00,
    0x7c, 0x00, 0x04, 0x00, 0x11, 0x00, 0x00, 0x00, 0x6a, 0x01, 0x00, 0x00, 0x69, 0x01, 0x00, 0x00,
    0xc7, 0x00, 0x05, 0x00, 0x11, 0x00, 0x00, 0x00, 0x6b, 0x01, 0x00, 0x00, 0x63, 0x01, 0x00, 0x00,
    0x6a, 0x01, 0x00, 0x00, 0xab, 0x00, 0x05, 0x00, 0x9e, 0x00, 0x00, 0x00, 0x6c, 0x01, 0x00, 0x00,
    0x6b, 0x01, 0x00, 0x00, 0x92, 0x00, 0x00, 0x00, 0xf9, 0x00, 0x02, 0x00, 0x67, 0x01, 0x00, 0x00,
    0xf8, 0x00, 0x02, 0x00, 0x67, 0x01, 0x00, 0x00, 0xf5, 0x00, 0x07, 0x00, 0x9e, 0x00, 0x00, 0x00,
    0x6d, 0x01, 0x00, 0x00, 0x9f, 0x00, 0x00, 0x00, 0x33, 0x01, 0x00, 0x00, 0x6c, 0x01, 0x00, 0x00,
    0x68, 0x01, 0x00, 0x00, 0xf7, 0x00, 0x03, 0x00, 0x6e, 0x01, 0x00, 0x00, 0x00, 0x00, 0x00, 0x00,
    0xfa, 0x00, 0x04, 0x00, 0x6d, 0x01, 0x00, 0x00, 0x6f, 0x01, 0x00, 0x00, 0x6e, 0x01, 0x00, 0x00,
    0xf8, 0x00, 0x02, 0x00, 0x6f, 0x01, 0x00, 0x00, 0xc8, 0x00, 0x04, 0x00, 0x11, 0x00, 0x00, 0x00,
    0x70, 0x01, 0x00, 0x00, 0x63, 0x01, 0x00, 0x00, 0xf9, 0x00, 0x02, 0x00, 0x6e, 0x01, 0x00, 0x00,
    0xf8, 0x00, 0x02, 0x00, 0x6e, 0x01, 0x00, 0x00, 0xf5, 0x00, 0x07, 0x00, 0x11, 0x00, 0x00, 0x00,
    0x71, 0x01, 0x00, 0x00, 0x63, 0x01, 0x00, 0x00, 0x67, 0x01, 0x00, 0x00, 0x70, 0x01, 0x00, 0x00,
    0x6f, 0x01, 0x00, 0x00, 0xc2, 0x00, 0x05, 0x00, 0x0f, 0x00, 0x00, 0x00, 0x72, 0x01, 0x00, 0x00,
    0xde, 0x00, 0x00, 0x00, 0xb7, 0x00, 0x00, 0x00, 0xc7, 0x00, 0x05, 0x00, 0x0f, 0x00, 0x00, 0x00,
    0x73, 0x01, 0x00, 0x00, 0x72, 0x01, 0x00, 0x00, 0x94, 0x00, 0x00, 0x00, 0xab, 0x00, 0x05, 0x00,
    0x9e, 0x00, 0x00, 0x00, 0x74, 0x01, 0x00, 0x00, 0x73, 0x01, 0x00, 0x00, 0x12, 0x00, 0x00, 0x00,
    0xf7, 0x00, 0x03, 0x00, 0x75, 0x01, 0x00, 0x00, 0x00, 0x00, 0x00, 0x00, 0xfa, 0x00, 0x04, 0x00,
    0x74, 0x01, 0x00, 0x00, 0x76, 0x01, 0x00, 0x00, 0x75, 0x01, 0x00, 0x00, 0xf8, 0x00, 0x02, 0x00,
    0x76, 0x01, 0x00, 0x00, 0xc4, 0x00, 0x05, 0x00, 0x0f, 0x00, 0x00, 0x00, 0x77, 0x01, 0x00, 0x00,
    0x60, 0x01, 0x00, 0x00, 0x15, 0x00, 0x00, 0x00, 0x7c, 0x00, 0x04, 0x00, 0x11, 0x00, 0x00, 0x00,
    0x78, 0x01, 0x00, 0x00, 0x77, 0x01, 0x00, 0x00, 0xc7, 0x00, 0x05, 0x00, 0x11, 0x00, 0x00, 0x00,
    0x79, 0x01, 0x00, 0x00, 0x61, 0x01, 0x00, 0x00, 0x78, 0x01, 0x00, 0x00, 0xab, 0x00, 0x05, 0x00,
    0x9e, 0x00, 0x00, 0x00, 0x7a, 0x01, 0x00, 0x00, 0x79, 0x01, 0x00, 0x00, 0x92, 0x00, 0x00, 0x00,
    0xf9, 0x00, 0x02, 0x00, 0x75, 0x01, 0x00, 0x00, 0xf8, 0x00, 0x02, 0x00, 0x75, 0x01, 0x00, 0x00,
    0xf5, 0x00, 0x07, 0x00, 0x9e, 0x00, 0x00, 0x00, 0x7b, 0x01, 0x00, 0x00, 0x9f, 0x00, 0x00, 0x00,
    0x6e, 0x01, 0x00, 0x00, 0x7a, 0x01, 0x00, 0x00, 0x76, 0x01, 0x00, 0x00, 0xf7, 0x00, 0x03, 0x00,
    0x7c, 0x01, 0x00, 0x00, 0x00, 0x00, 0x00, 0x00, 0xfa, 0x00, 0x04, 0x00, 0x7b, 0x01, 0x00, 0x00,
    0x7d, 0x01, 0x00, 0x00, 0x7c, 0x01, 0x00, 0x00, 0xf8, 0x00, 0x02, 0x00, 0x7d, 0x01, 0x00, 0x00,
    0xc8, 0x00, 0x04, 0x00, 0x11, 0x00, 0x00, 0x00, 0x7e, 0x01, 0x00, 0x00, 0x61, 0x01, 0x00, 0x00,
    0xf9, 0x00, 0x02, 0x00, 0x7c, 0x01, 0x00, 0x00, 0xf8, 0x00, 0x02, 0x00, 0x7c, 0x01, 0x00, 0x00,
    0xf5, 0x00, 0x07, 0x00, 0x11, 0x00, 0x00, 0x00, 0x7f, 0x01, 0x00, 0x00, 0x61, 0x01, 0x00, 0x00,
    0x75, 0x01, 0x00, 0x00, 0x7e, 0x01, 0x00, 0x00, 0x7d, 0x01, 0x00, 0x00, 0x82, 0x00, 0x05, 0x00,
    0x11, 0x00, 0x00, 0x00, 0x80, 0x01, 0x00, 0x00, 0x71, 0x01, 0x00, 0x00, 0xb8, 0x00, 0x00, 0x00,
    0x82, 0x00, 0x05, 0x00, 0x11, 0x00, 0x00, 0x00, 0x81, 0x01, 0x00, 0x00, 0x7f, 0x01, 0x00, 0x00,
    0xb8, 0x00, 0x00, 0x00, 0x7c, 0x00, 0x04, 0x00, 0x0f, 0x00, 0x00, 0x00, 0x82, 0x01, 0x00, 0x00,
    0x80, 0x01, 0x00, 0x00, 0xc7, 0x00, 0x05, 0x00, 0x0f, 0x00, 0x00, 0x00, 0x83, 0x01, 0x00, 0x00,
    0x82, 0x01, 0x00, 0x00, 0xa4, 0x00, 0x00, 0x00, 0x7c, 0x00, 0x04, 0x00, 0x0f, 0x00, 0x00, 0x00,
    0x84, 0x01, 0x00, 0x00, 0x81, 0x01, 0x00, 0x00, 0xc7, 0x00, 0x05, 0x00, 0x0f, 0x00, 0x00, 0x00,
    0x85, 0x01, 0x00, 0x00, 0x84, 0x01, 0x00, 0x00, 0xa4, 0x00, 0x00, 0x00, 0xc3, 0x00, 0x05, 0x00,
    0x11, 0x00, 0x00, 0x00, 0x86, 0x01, 0x00, 0x00, 0x80, 0x01, 0x00, 0x00, 0xab, 0x00, 0x00, 0x00,
    0x7c, 0x00, 0x04, 0x00, 0x0f, 0x00, 0x00, 0x00, 0x87, 0x01, 0x00, 0x00, 0x86, 0x01, 0x00, 0x00,
    0x82, 0x00, 0x05, 0x00, 0x0f, 0x00, 0x00, 0x00, 0x88, 0x01, 0x00, 0x00, 0x62, 0x01, 0x00, 0x00,
    0x94, 0x00, 0x00, 0x00, 0xc7, 0x00, 0x05, 0x00, 0x0f, 0x00, 0x00, 0x00, 0x89, 0x01, 0x00, 0x00,
    0x87, 0x01, 0x00, 0x00, 0x88, 0x01, 0x00, 0x00, 0x7c, 0x00, 0x04, 0x00, 0x11, 0x00, 0x00, 0x00,
    0x8a, 0x01, 0x00, 0x00, 0x89, 0x01, 0x00, 0x00, 0x80, 0x00, 0x05, 0x00, 0x11, 0x00, 0x00, 0x00,
    0x8b, 0x01, 0x00, 0x00, 0x8a, 0x01, 0x00, 0x00, 0x95, 0x00, 0x00, 0x00, 0x7c, 0x00, 0x04, 0x00,
    0x0f, 0x00, 0x00, 0x00, 0x8c, 0x01, 0x00, 0x00, 0x8b, 0x01, 0x00, 0x00, 0xc7, 0x00, 0x05, 0x00,
    0x0f, 0x00, 0x00, 0x00, 0x8d, 0x01, 0x00, 0x00, 0x8c, 0x01, 0x00, 0x00, 0x88, 0x01, 0x00, 0x00,
    0x7c, 0x00, 0x04, 0x00, 0x11, 0x00, 0x00, 0x00, 0x8e, 0x01, 0x00, 0x00, 0x8d, 0x01, 0x00, 0x00,
    0xc3, 0x00, 0x05, 0x00, 0x11, 0x00, 0x00, 0x00, 0x8f, 0x01, 0x00, 0x00, 0x81, 0x01, 0x00, 0x00,
    0xab, 0x00, 0x00, 0x00, 0x7c, 0x00, 0x04, 0x00, 0x0f, 0x00, 0x00, 0x00, 0x90, 0x01, 0x00, 0x00,
    0x8f, 0x01, 0x00, 0x00, 0x82, 0x00, 0x05, 0x00, 0x0f, 0x00, 0x00, 0x00, 0x91, 0x01, 0x00, 0x00,
    0x60, 0x01, 0x00, 0x00, 0x94, 0x00, 0x00, 0x00, 0xc7, 0x00, 0x05, 0x00, 0x0f, 0x00, 0x00, 0x00,
    0x92, 0x01, 0x00, 0x00, 0x90, 0x01, 0x00, 0x00, 0x91, 0x01, 0x00, 0x00, 0x7c, 0x00, 0x04, 0x00,
    0x11, 0x00, 0x00, 0x00, 0x93, 0x01, 0x00, 0x00, 0x92, 0x01, 0x00, 0x00, 0x80, 0x00, 0x05, 0x00,
    0x11, 0x00, 0x00, 0x00, 0x94, 0x01, 0x00, 0x00, 0x93, 0x01, 0x00, 0x00, 0x95, 0x00, 0x00, 0x00,
    0x7c, 0x00, 0x04, 0x00, 0x0f, 0x00, 0x00, 0x00, 0x95, 0x01, 0x00, 0x00, 0x94, 0x01, 0x00, 0x00,
    0xc7, 0x00, 0x05, 0x00, 0x0f, 0x00, 0x00, 0x00, 0x96, 0x01, 0x00, 0x00, 0x95, 0x01, 0x00, 0x00,
    0x91, 0x01, 0x00, 0x00, 0x7c, 0x00, 0x04, 0x00, 0x11, 0x00, 0x00, 0x00, 0x97, 0x01, 0x00, 0x00,
    0x96, 0x01, 0x00, 0x00, 0xc2, 0x00, 0x05, 0x00, 0x0f, 0x00, 0x00, 0x00, 0x98, 0x01, 0x00, 0x00,
    0xde, 0x00, 0x00, 0x00, 0x96, 0x00, 0x00, 0x00, 0xc7, 0x00, 0x05, 0x00, 0x0f, 0x00, 0x00, 0x00,
    0x99, 0x01, 0x00, 0x00, 0x98, 0x01, 0x00, 0x00, 0x94, 0x00, 0x00, 0x00, 0xaa, 0x00, 0x05, 0x00,
    0x9e, 0x00, 0x00, 0x00, 0x9a, 0x01, 0x00, 0x00, 0x99, 0x01, 0x00, 0x00, 0x12, 0x00, 0x00, 0x00,
    0xf7, 0x00, 0x03, 0x00, 0x9b, 0x01, 0x00, 0x00, 0x00, 0x00, 0x00, 0x00, 0xfa, 0x00, 0x04, 0x00,
    0x9a, 0x01, 0x00, 0x00, 0x9c, 0x01, 0x00, 0x00, 0x9b, 0x01, 0x00, 0x00, 0xf8, 0x00, 0x02, 0x00,
    0x9c, 0x01, 0x00, 0x00, 0xaa, 0x00, 0x05, 0x00, 0x9e, 0x00, 0x00, 0x00, 0x9d, 0x01, 0x00, 0x00,
    0x8e, 0x01, 0x00, 0x00, 0x92, 0x00, 0x00, 0x00, 0xf9, 0x00, 0x02, 0x00, 0x9b, 0x01, 0x00, 0x00,
    0xf8, 0x00, 0x02, 0x00, 0x9b, 0x01, 0x00, 0x00, 0xf5, 0x00, 0x07, 0x00, 0x9e, 0x00, 0x00, 0x00,
    0x9e, 0x01, 0x00, 0x00, 0x9f, 0x00, 0x00, 0x00, 0x7c, 0x01, 0x00, 0x00, 0x9d, 0x01, 0x00, 0x00,
    0x9c, 0x01, 0x00, 0x00, 0xf7, 0x00, 0x03, 0x00, 0x9f, 0x01, 0x00, 0x00, 0x00, 0x00, 0x00, 0x00,
    0xfa, 0x00, 0x04, 0x00, 0x9e, 0x01, 0x00, 0x00, 0xa0, 0x01, 0x00, 0x00, 0x9f, 0x01, 0x00, 0x00,
    0xf8, 0x00, 0x02, 0x00, 0xa0, 0x01, 0x00, 0x00, 0xae, 0x00, 0x05, 0x00, 0x9e, 0x00, 0x00, 0x00,
    0xa1, 0x01, 0x00, 0x00, 0x83, 0x01, 0x00, 0x00, 0xaf, 0x00, 0x00, 0x00, 0xf7, 0x00, 0x03, 0x00,
    0xa2, 0x01, 0x00, 0x00, 0x00, 0x00, 0x00, 0x00, 0xfa, 0x00, 0x04, 0x00, 0xa1, 0x01, 0x00, 0x00,
    0xa3, 0x01, 0x00, 0x00, 0xa4, 0x01, 0x00, 0x00, 0xf8, 0x00, 0x02, 0x00, 0xa4, 0x01, 0x00, 0x00,
    0x82, 0x00, 0x05, 0x00, 0x11, 0x00, 0x00, 0x00, 0xa5, 0x01, 0x00, 0x00, 0x8a, 0x01, 0x00, 0x00,
    0x95, 0x00, 0x00, 0x00, 0xf9, 0x00, 0x02, 0x00, 0xa2, 0x01, 0x00, 0x00, 0xf8, 0x00, 0x02, 0x00,
    0xa3, 0x01, 0x00, 0x00, 0x80, 0x00, 0x05, 0x00, 0x11, 0x00, 0x00, 0x00, 0xa6, 0x01, 0x00, 0x00,
    0x8e, 0x01, 0x00, 0x00, 0x95, 0x00, 0x00, 0x00, 0xf9, 0x00, 0x02, 0x00, 0xa2, 0x01, 0x00, 0x00,
    0xf8, 0x00, 0x02, 0x00, 0xa2, 0x01, 0x00, 0x00, 0xf5, 0x00, 0x07, 0x00, 0x11, 0x00, 0x00, 0x00,
    0xa7, 0x01, 0x00, 0x00, 0xa6, 0x01, 0x00, 0x00, 0xa3, 0x01, 0x00, 0x00, 0x8a, 0x01, 0x00, 0x00,
    0xa4, 0x01, 0x00, 0x00, 0xf5, 0x00, 0x07, 0x00, 0x11, 0x00, 0x00, 0x00, 0xa8, 0x01, 0x00, 0x00,
    0x8e, 0x01, 0x00, 0x00, 0xa3, 0x01, 0x00, 0x00, 0xa5, 0x01, 0x00, 0x00, 0xa4, 0x01, 0x00, 0x00,
    0xa9, 0x00, 0x06, 0x00, 0x0f, 0x00, 0x00, 0x00, 0xa9, 0x01, 0x00, 0x00, 0xa1, 0x01, 0x00, 0x00,
    0x12, 0x00, 0x00, 0x00, 0xa6, 0x00, 0x00, 0x00, 0xf9, 0x00, 0x02, 0x00, 0x9f, 0x01, 0x00, 0x00,
    0xf8, 0x00, 0x02, 0x00, 0x9f, 0x01, 0x00, 0x00, 0xf5, 0x00, 0x07, 0x00, 0x0f, 0x00, 0x00, 0x00,
    0xaa, 0x01, 0x00, 0x00, 0x83, 0x01, 0x00, 0x00, 0x9b, 0x01, 0x00, 0x00, 0xa9, 0x01, 0x00, 0x00,
    0xa2, 0x01, 0x00, 0x00, 0xf5, 0x00, 0x07, 0x00, 0x11, 0x00, 0x00, 0x00, 0xab, 0x01, 0x00, 0x00,
    0x8e, 0x01, 0x00, 0x00, 0x9b, 0x01, 0x00, 0x00, 0xa7, 0x01, 0x00, 0x00, 0xa2, 0x01, 0x00, 0x00,
    0xf5, 0x00, 0x07, 0x00, 0x11, 0x00, 0x00, 0x00, 0xac, 0x01, 0x00, 0x00, 0x8a, 0x01, 0x00, 0x00,
    0x9b, 0x01, 0x00, 0x00, 0xa8, 0x01, 0x00, 0x00, 0xa2, 0x01, 0x00, 0x00, 0xc2, 0x00, 0x05, 0x00,
    0x0f, 0x00, 0x00, 0x00, 0xad, 0x01, 0x00, 0x00, 0xde, 0x00, 0x00, 0x00, 0xb9, 0x00, 0x00, 0x00,
    0xc7, 0x00, 0x05, 0x00, 0x0f, 0x00, 0x00, 0x00, 0xae, 0x01, 0x00, 0x00, 0xad, 0x01, 0x00, 0x00,
    0x94, 0x00, 0x00, 0x00, 0xaa, 0x00, 0x05, 0x00, 0x9e, 0x00, 0x00, 0x00, 0xaf, 0x01, 0x00, 0x00,
    0xae, 0x01, 0x00, 0x00, 0x12, 0x00, 0x00, 0x00, 0xf7, 0x00, 0x03, 0x00, 0xb0, 0x01, 0x00, 0x00,
    0x00, 0x00, 0x00, 0x00, 0xfa, 0x00, 0x04, 0x00, 0xaf, 0x01, 0x00, 0x00, 0xb1, 0x01, 0x00, 0x00,
    0xb0, 0x01, 0x00, 0x00, 0xf8, 0x00, 0x02, 0x00, 0xb1, 0x01, 0x00, 0x00, 0xaa, 0x00, 0x05, 0x00,
    0x9e, 0x00, 0x00, 0x00, 0xb2, 0x01, 0x00, 0x00, 0x97, 0x01, 0x00, 0x00, 0x92, 0x00, 0x00, 0x00,
    0xf9, 0x00, 0x02, 0x00, 0xb0, 0x01, 0x00, 0x00, 0xf8, 0x00, 0x02, 0x00, 0xb0, 0x01, 0x00, 0x00,
    0xf5, 0x00, 0x07, 0x00, 0x9e, 0x00, 0x00, 0x00, 0xb3, 0x01, 0x00, 0x00, 0x9f, 0x00, 0x00, 0x00,
    0x9f, 0x01, 0x00, 0x00, 0xb2, 0x01, 0x00, 0x00, 0xb1, 0x01, 0x00, 0x00, 0xf7, 0x00, 0x03, 0x00,
    0xb4, 0x01, 0x00, 0x00, 0x00, 0x00, 0x00, 0x00, 0xfa, 0x00, 0x04, 0x00, 0xb3, 0x01, 0x00, 0x00,
    0xb5, 0x01, 0x00, 0x00, 0xb4, 0x01, 0x00, 0x00, 0xf8, 0x00, 0x02, 0x00, 0xb5, 0x01, 0x00, 0x00,
    0xae, 0x00, 0x05, 0x00, 0x9e, 0x00, 0x00, 0x00, 0xb6, 0x01, 0x00, 0x00, 0x85, 0x01, 0x00, 0x00,
    0xaf, 0x00, 0x00, 0x00, 0xf7, 0x00, 0x03, 0x00, 0xb7, 0x01, 0x00, 0x00, 0x00, 0x00, 0x00, 0x00,
    0xfa, 0x00, 0x04, 0x00, 0xb6, 0x01, 0x00, 0x00, 0xb8, 0x01, 0x00, 0x00, 0xb9, 0x01, 0x00, 0x00,
    0xf8, 0x00, 0x02, 0x00, 0xb9, 0x01, 0x00, 0x00, 0x82, 0x00, 0x05, 0x00, 0x11, 0x00, 0x00, 0x00,
    0xba, 0x01, 0x00, 0x00, 0x93, 0x01, 0x00, 0x00, 0x95, 0x00, 0x00, 0x00, 0xf9, 0x00, 0x02, 0x00,
    0xb7, 0x01, 0x00, 0x00, 0xf8, 0x00, 0x02, 0x00, 0xb8, 0x01, 0x00, 0x00, 0x80, 0x00, 0x05, 0x00,
    0x11, 0x00, 0x00, 0x00, 0xbb, 0x01, 0x00, 0x00, 0x97, 0x01, 0x00, 0x00, 0x95, 0x00, 0x00, 0x00,
    0xf9, 0x00, 0x02, 0x00, 0xb7, 0x01, 0x00, 0x00, 0xf8, 0x00, 0x02, 0x00, 0xb7, 0x01, 0x00, 0x00,
    0xf5, 0x00, 0x07, 0x00, 0x11, 0x00, 0x00, 0x00, 0xbc, 0x01, 0x00, 0x00, 0xbb, 0x01, 0x00, 0x00,
    0xb8, 0x01, 0x00, 0x00, 0x93, 0x01, 0x00, 0x00, 0xb9, 0x01, 0x00, 0x00, 0xf5, 0x00, 0x07, 0x00,
    0x11, 0x00, 0x00, 0x00, 0xbd, 0x01, 0x00, 0x00, 0x92, 0x00, 0x00, 0x00, 0xb8, 0x01, 0x00, 0x00,
    0xba, 0x01, 0x00, 0x00, 0xb9, 0x01, 0x00, 0x00, 0xa9, 0x00, 0x06, 0x00, 0x0f, 0x00, 0x00, 0x00,
    0xbe, 0x01, 0x00, 0x00, 0xb6, 0x01, 0x00, 0x00, 0x12, 0x00, 0x00, 0x00, 0xa6, 0x00, 0x00, 0x00,
    0xf9, 0x00, 0x02, 0x00, 0xb4, 0x01, 0x00, 0x00, 0xf8, 0x00, 0x02, 0x00, 0xb4, 0x01, 0x00, 0x00,
    0xf5, 0x00, 0x07, 0x00, 0x0f, 0x00, 0x00, 0x00, 0xbf, 0x01, 0x00, 0x00, 0x85, 0x01, 0x00, 0x00,
    0xb0, 0x01, 0x00, 0x00, 0xbe, 0x01, 0x00, 0x00, 0xb7, 0x01, 0x00, 0x00, 0xf5, 0x00, 0x07, 0x00,
    0x11, 0x00, 0x00, 0x00, 0xc0, 0x01, 0x00, 0x00, 0x97, 0x01, 0x00, 0x00, 0xb0, 0x01, 0x00, 0x00,
    0xbc, 0x01, 0x00, 0x00, 0xb7, 0x01, 0x00, 0x00, 0xf5, 0x00, 0x07, 0x00, 0x11, 0x00, 0x00, 0x00,
    0xc1, 0x01, 0x00, 0x00, 0x93, 0x01, 0x00, 0x00, 0xb0, 0x01, 0x00, 0x00, 0xbd, 0x01, 0x00, 0x00,
    0xb7, 0x01, 0x00, 0x00, 0x7c, 0x00, 0x04, 0x00, 0x11, 0x00, 0x00, 0x00, 0xc2, 0x01, 0x00, 0x00,
    0x5f, 0x01, 0x00, 0x00, 0x80, 0x00, 0x05, 0x00, 0x11, 0x00, 0x00, 0x00, 0xc3, 0x01, 0x00, 0x00,
    0xc2, 0x01, 0x00, 0x00, 0xac, 0x01, 0x00, 0x00, 0x7c, 0x00, 0x04, 0x00, 0x11, 0x00, 0x00, 0x00,
    0xc4, 0x01, 0x00, 0x00, 0x5e, 0x01, 0x00, 0x00, 0x80, 0x00, 0x05, 0x00, 0x11, 0x00, 0x00, 0x00,
    0xc5, 0x01, 0x00, 0x00, 0xc4, 0x01, 0x00, 0x00, 0xc1, 0x01, 0x00, 0x00, 0xaf, 0x00, 0x05, 0x00,
    0x9e, 0x00, 0x00, 0x00, 0xc6, 0x01, 0x00, 0x00, 0xc3, 0x01, 0x00, 0x00, 0xbd, 0x00, 0x00, 0x00,
    0xf7, 0x00, 0x03, 0x00, 0xc7, 0x01, 0x00, 0x00, 0x00, 0x00, 0x00, 0x00, 0xfa, 0x00, 0x04, 0x00,
    0xc6, 0x01, 0x00, 0x00, 0xc8, 0x01, 0x00, 0x00, 0xc7, 0x01, 0x00, 0x00, 0xf8, 0x00, 0x02, 0x00,
    0xc8, 0x01, 0x00, 0x00, 0x82, 0x00, 0x05, 0x00, 0x11, 0x00, 0x00, 0x00, 0xc9, 0x01, 0x00, 0x00,
    0xc3, 0x01, 0x00, 0x00, 0xbd, 0x00, 0x00, 0x00, 0xc6, 0x00, 0x05, 0x00, 0x11, 0x00, 0x00, 0x00,
    0xca, 0x01, 0x00, 0x00, 0xc5, 0x01, 0x00, 0x00, 0xbd, 0x00, 0x00, 0x00, 0xf9, 0x00, 0x02, 0x00,
    0xc7, 0x01, 0x00, 0x00, 0xf8, 0x00, 0x02, 0x00, 0xc7, 0x01, 0x00, 0x00, 0xf5, 0x00, 0x07, 0x00,
    0x11, 0x00, 0x00, 0x00, 0xcb, 0x01, 0x00, 0x00, 0xc3, 0x01, 0x00, 0x00, 0xb4, 0x01, 0x00, 0x00,
    0xc9, 0x01, 0x00, 0x00, 0xc8, 0x01, 0x00, 0x00, 0xf5, 0x00, 0x07, 0x00, 0x11, 0x00, 0x00, 0x00,
    0xcc, 0x01, 0x00, 0x00, 0xc5, 0x01, 0x00, 0x00, 0xb4, 0x01, 0x00, 0x00, 0xca, 0x01, 0x00, 0x00,
    0xc8, 0x01, 0x00, 0x00, 0x87, 0x00, 0x05, 0x00, 0x11, 0x00, 0x00, 0x00, 0xcd, 0x01, 0x00, 0x00,
    0xcc, 0x01, 0x00, 0x00, 0x97, 0x00, 0x00, 0x00, 0x84, 0x00, 0x05, 0x00, 0x11, 0x00, 0x00, 0x00,
    0xce, 0x01, 0x00, 0x00, 0xcd, 0x01, 0x00, 0x00, 0xbe, 0x00, 0x00, 0x00, 0x87, 0x00, 0x05, 0x00,
    0x11, 0x00, 0x00, 0x00, 0xcf, 0x01, 0x00, 0x00, 0xcb, 0x01, 0x00, 0x00, 0x97, 0x00, 0x00, 0x00,
    0x80, 0x00, 0x05, 0x00, 0x11, 0x00, 0x00, 0x00, 0xd0, 0x01, 0x00, 0x00, 0xce, 0x01, 0x00, 0x00,
    0xcf, 0x01, 0x00, 0x00, 0x7c, 0x00, 0x04, 0x00, 0x0f, 0x00, 0x00, 0x00, 0xd1, 0x01, 0x00, 0x00,
    0xd0, 0x01, 0x00, 0x00, 0x84, 0x00, 0x05, 0x00, 0x0f, 0x00, 0x00, 0x00, 0xd2, 0x01, 0x00, 0x00,
    0x5d, 0x01, 0x00, 0x00, 0xbf, 0x00, 0x00, 0x00, 0xc2, 0x00, 0x05, 0x00, 0x0f, 0x00, 0x00, 0x00,
    0xd3, 0x01, 0x00, 0x00, 0xd1, 0x01, 0x00, 0x00, 0x94, 0x00, 0x00, 0x00, 0xc7, 0x00, 0x05, 0x00,
    0x0f, 0x00, 0x00, 0x00, 0xd4, 0x01, 0x00, 0x00, 0xd3, 0x01, 0x00, 0x00, 0xc0, 0x00, 0x00, 0x00,
    0x80, 0x00, 0x05, 0x00, 0x0f, 0x00, 0x00, 0x00, 0xd5, 0x01, 0x00, 0x00, 0xd2, 0x01, 0x00, 0x00,
    0xd4, 0x01, 0x00, 0x00, 0x41, 0x00, 0x06, 0x00, 0xd1, 0x00, 0x00, 0x00, 0xd6, 0x01, 0x00, 0x00,
    0x0a, 0x00, 0x00, 0x00, 0x92, 0x00, 0x00, 0x00, 0xd5, 0x01, 0x00, 0x00, 0x3d, 0x00, 0x04, 0x00,
    0x0f, 0x00, 0x00, 0x00, 0xd7, 0x01, 0x00, 0x00, 0xd6, 0x01, 0x00, 0x00, 0xc7, 0x00, 0x05, 0x00,
    0x0f, 0x00, 0x00, 0x00, 0xd8, 0x01, 0x00, 0x00, 0xd1, 0x01, 0x00, 0x00, 0x94, 0x00, 0x00, 0x00,
    0xab, 0x00, 0x05, 0x00, 0x9e, 0x00, 0x00, 0x00, 0xd9, 0x01, 0x00, 0x00, 0xd8, 0x01, 0x00, 0x00,
    0x12, 0x00, 0x00, 0x00, 0xf7, 0x00, 0x03, 0x00, 0xda, 0x01, 0x00, 0x00, 0x00, 0x00, 0x00, 0x00,
    0xfa, 0x00, 0x04, 0x00, 0xd9, 0x01, 0x00, 0x00, 0xdb, 0x01, 0x00, 0x00, 0xda, 0x01, 0x00, 0x00,
    0xf8, 0x00, 0x02, 0x00, 0xdb, 0x01, 0x00, 0x00, 0xc2, 0x00, 0x05, 0x00, 0x0f, 0x00, 0x00, 0x00,
    0xdc, 0x01, 0x00, 0x00, 0xd7, 0x01, 0x00, 0x00, 0x10, 0x00, 0x00, 0x00, 0xf9, 0x00, 0x02, 0x00,
    0xda, 0x01, 0x00, 0x00, 0xf8, 0x00, 0x02, 0x00, 0xda, 0x01, 0x00, 0x00, 0xf5, 0x00, 0x07, 0x00,
    0x0f, 0x00, 0x00, 0x00, 0xdd, 0x01, 0x00, 0x00, 0xd7, 0x01, 0x00, 0x00, 0xc7, 0x01, 0x00, 0x00,
    0xdc, 0x01, 0x00, 0x00, 0xdb, 0x01, 0x00, 0x00, 0xc7, 0x00, 0x05, 0x00, 0x11, 0x00, 0x00, 0x00,
    0xde, 0x01, 0x00, 0x00, 0xc1, 0x01, 0x00, 0x00, 0x95, 0x00, 0x00, 0x00, 0xaa, 0x00, 0x05, 0x00,
    0x9e, 0x00, 0x00, 0x00, 0xdf, 0x01, 0x00, 0x00, 0xde, 0x01, 0x00, 0x00, 0x92, 0x00, 0x00, 0x00,
    0xf7, 0x00, 0x03, 0x00, 0xe0, 0x01, 0x00, 0x00, 0x00, 0x00, 0x00, 0x00, 0xfa, 0x00, 0x04, 0x00,
    0xdf, 0x01, 0x00, 0x00, 0xe1, 0x01, 0x00, 0x00, 0xe0, 0x01, 0x00, 0x00, 0xf8, 0x00, 0x02, 0x00,
    0xe1, 0x01, 0x00, 0x00, 0xc2, 0x00, 0x05, 0x00, 0x0f, 0x00, 0x00, 0x00, 0xe2, 0x01, 0x00, 0x00,
    0xdd, 0x01, 0x00, 0x00, 0x15, 0x00, 0x00, 0x00, 0xf9, 0x00, 0x02, 0x00, 0xe0, 0x01, 0x00, 0x00,
    0xf8, 0x00, 0x02, 0x00, 0xe0, 0x01, 0x00, 0x00, 0xf5, 0x00, 0x07, 0x00, 0x0f, 0x00, 0x00, 0x00,
    0xe3, 0x01, 0x00, 0x00, 0xdd, 0x01, 0x00, 0x00, 0xda, 0x01, 0x00, 0x00, 0xe2, 0x01, 0x00, 0x00,
    0xe1, 0x01, 0x00, 0x00, 0xc7, 0x00, 0x05, 0x00, 0x11, 0x00, 0x00, 0x00, 0xe4, 0x01, 0x00, 0x00,
    0xac, 0x01, 0x00, 0x00, 0x95, 0x00, 0x00, 0x00, 0xaa, 0x00, 0x05, 0x00, 0x9e, 0x00, 0x00, 0x00,
    0xe5, 0x01, 0x00, 0x00, 0xe4, 0x01, 0x00, 0x00, 0x92, 0x00, 0x00, 0x00, 0xf7, 0x00, 0x03, 0x00,
    0xe6, 0x01, 0x00, 0x00, 0x00, 0x00, 0x00, 0x00, 0xfa, 0x00, 0x04, 0x00, 0xe5, 0x01, 0x00, 0x00,
    0xe7, 0x01, 0x00, 0x00, 0xe6, 0x01, 0x00, 0x00, 0xf8, 0x00, 0x02, 0x00, 0xe7, 0x01, 0x00, 0x00,
    0xc2, 0x00, 0x05, 0x00, 0x0f, 0x00, 0x00, 0x00, 0xe8, 0x01, 0x00, 0x00, 0xe3, 0x01, 0x00, 0x00,
    0xb9, 0x00, 0x00, 0x00, 0xf9, 0x00, 0x02, 0x00, 0xe6, 0x01, 0x00, 0x00, 0xf8, 0x00, 0x02, 0x00,
    0xe6, 0x01, 0x00, 0x00, 0xf5, 0x00, 0x07, 0x00, 0x0f, 0x00, 0x00, 0x00, 0xe9, 0x01, 0x00, 0x00,
    0xe3, 0x01, 0x00, 0x00, 0xe0, 0x01, 0x00, 0x00, 0xe8, 0x01, 0x00, 0x00, 0xe7, 0x01, 0x00, 0x00,
    0xc7, 0x00, 0x05, 0x00, 0x0f, 0x00, 0x00, 0x00, 0xea, 0x01, 0x00, 0x00, 0xe9, 0x01, 0x00, 0x00,
    0xc1, 0x00, 0x00, 0x00, 0xc4, 0x00, 0x05, 0x00, 0x0f, 0x00, 0x00, 0x00, 0xeb, 0x01, 0x00, 0x00,
    0xea, 0x01, 0x00, 0x00, 0xb9, 0x00, 0x00, 0x00, 0x80, 0x00, 0x05, 0x00, 0x11, 0x00, 0x00, 0x00,
    0xec, 0x01, 0x00, 0x00, 0xc2, 0x01, 0x00, 0x00, 0xab, 0x01, 0x00, 0x00, 0xaf, 0x00, 0x05, 0x00,
    0x9e, 0x00, 0x00, 0x00, 0xed, 0x01, 0x00, 0x00, 0xec, 0x01, 0x00, 0x00, 0xbd, 0x00, 0x00, 0x00,
    0xf7, 0x00, 0x03, 0x00, 0xee, 0x01, 0x00, 0x00, 0x00, 0x00, 0x00, 0x00, 0xfa, 0x00, 0x04, 0x00,
    0xed, 0x01, 0x00, 0x00, 0xef, 0x01, 0x00, 0x00, 0xee, 0x01, 0x00, 0x00, 0xf8, 0x00, 0x02, 0x00,
    0xef, 0x01, 0x00, 0x00, 0x82, 0x00, 0x05, 0x00, 0x11, 0x00, 0x00, 0x00, 0xf0, 0x01, 0x00, 0x00,
    0xec, 0x01, 0x00, 0x00, 0xbd, 0x00, 0x00, 0x00, 0xc6, 0x00, 0x05, 0x00, 0x11, 0x00, 0x00, 0x00,
    0xf1, 0x01, 0x00, 0x00, 0xc5, 0x01, 0x00, 0x00, 0xbd, 0x00, 0x00, 0x00, 0xf9, 0x00, 0x02, 0x00,
    0xee, 0x01, 0x00, 0x00, 0xf8, 0x00, 0x02, 0x00, 0xee, 0x01, 0x00, 0x00, 0xf5, 0x00, 0x07, 0x00,
    0x11, 0x00, 0x00, 0x00, 0xf2, 0x01, 0x00, 0x00, 0xec, 0x01, 0x00, 0x00, 0xe6, 0x01, 0x00, 0x00,
    0xf0, 0x01, 0x00, 0x00, 0xef, 0x01, 0x00, 0x00, 0xf5, 0x00, 0x07, 0x00, 0x11, 0x00, 0x00, 0x00,
    0xf3, 0x01, 0x00, 0x00, 0xc5, 0x01, 0x00, 0x00, 0xe6, 0x01, 0x00, 0x00, 0xf1, 0x01, 0x00, 0x00,
    0xef, 0x01, 0x00, 0x00, 0x87, 0x00, 0x05, 0x00, 0x11, 0x00, 0x00, 0x00, 0xf4, 0x01, 0x00, 0x00,
    0xf3, 0x01, 0x00, 0x00, 0x97, 0x00, 0x00, 0x00, 0x84, 0x00, 0x05, 0x00, 0x11, 0x00, 0x00, 0x00,
    0xf5, 0x01, 0x00, 0x00, 0xf4, 0x01, 0x00, 0x00, 0xbe, 0x00, 0x00, 0x00, 0x87, 0x00, 0x05, 0x00,
    0x11, 0x00, 0x00, 0x00, 0xf6, 0x01, 0x00, 0x00, 0xf2, 0x01, 0x00, 0x00, 0x97, 0x00, 0x00, 0x00,
    0x80, 0x00, 0x05, 0x00, 0x11, 0x00, 0x00, 0x00, 0xf7, 0x01, 0x00, 0x00, 0xf5, 0x01, 0x00, 0x00,
    0xf6, 0x01, 0x00, 0x00, 0x7c, 0x00, 0x04, 0x00, 0x0f, 0x00, 0x00, 0x00, 0xf8, 0x01, 0x00, 0x00,
    0xf7, 0x01, 0x00, 0x00, 0xc2, 0x00, 0x05, 0x00, 0x0f, 0x00, 0x00, 0x00, 0xf9, 0x01, 0x00, 0x00,
    0xf8, 0x01, 0x00, 0x00, 0x94, 0x00, 0x00, 0x00, 0xc7, 0x00, 0x05, 0x00, 0x0f, 0x00, 0x00, 0x00,
    0xfa, 0x01, 0x00, 0x00, 0xf9, 0x01, 0x00, 0x00, 0xc0, 0x00, 0x00, 0x00, 0x80, 0x00, 0x05, 0x00,
    0x0f, 0x00, 0x00, 0x00, 0xfb, 0x01, 0x00, 0x00, 0xd2, 0x01, 0x00, 0x00, 0xfa, 0x01, 0x00, 0x00,
    0x41, 0x00, 0x06, 0x00, 0xd1, 0x00, 0x00, 0x00, 0xfc, 0x01, 0x00, 0x00, 0x0a, 0x00, 0x00, 0x00,
    0x92, 0x00, 0x00, 0x00, 0xfb, 0x01, 0x00, 0x00, 0x3d, 0x00, 0x04, 0x00, 0x0f, 0x00, 0x00, 0x00,
    0xfd, 0x01, 0x00, 0x00, 0xfc, 0x01, 0x00, 0x00, 0xc7, 0x00, 0x05, 0x00, 0x0f, 0x00, 0x00, 0x00,
    0xfe, 0x01, 0x00, 0x00, 0xf8, 0x01, 0x00, 0x00, 0x94, 0x00, 0x00, 0x00, 0xab, 0x00, 0x05, 0x00,
    0x9e, 0x00, 0x00, 0x00, 0xff, 0x01, 0x00, 0x00, 0xfe, 0x01, 0x00, 0x00, 0x12, 0x00, 0x00, 0x00,
    0xf7, 0x00, 0x03, 0x00, 0x00, 0x02, 0x00, 0x00, 0x00, 0x00, 0x00, 0x00, 0xfa, 0x00, 0x04, 0x00,
    0xff, 0x01, 0x00, 0x00, 0x01, 0x02, 0x00, 0x00, 0x00, 0x02, 0x00, 0x00, 0xf8, 0x00, 0x02, 0x00,
    0x01, 0x02, 0x00, 0x00, 0xc2, 0x00, 0x05, 0x00, 0x0f, 0x00, 0x00, 0x00, 0x02, 0x02, 0x00, 0x00,
    0xfd, 0x01, 0x00, 0x00, 0x10, 0x00, 0x00, 0x00, 0xf9, 0x00, 0x02, 0x00, 0x00, 0x02, 0x00, 0x00,
    0xf8, 0x00, 0x02, 0x00, 0x00, 0x02, 0x00, 0x00, 0xf5, 0x00, 0x07, 0x00, 0x0f, 0x00, 0x00, 0x00,
    0x03, 0x02, 0x00, 0x00, 0xfd, 0x01, 0x00, 0x00, 0xee, 0x01, 0x00, 0x00, 0x02, 0x02, 0x00, 0x00,
    0x01, 0x02, 0x00, 0x00, 0xf7, 0x00, 0x03, 0x00, 0x04, 0x02, 0x00, 0x00, 0x00, 0x00, 0x00, 0x00,
    0xfa, 0x00, 0x04, 0x00, 0xdf, 0x01, 0x00, 0x00, 0x05, 0x02, 0x00, 0x00, 0x04, 0x02, 0x00, 0x00,
    0xf8, 0x00, 0x02, 0x00, 0x05, 0x02, 0x00, 0x00, 0xc2, 0x00, 0x05, 0x00, 0x0f, 0x00, 0x00, 0x00,
    0x06, 0x02, 0x00, 0x00, 0x03, 0x02, 0x00, 0x00, 0x15, 0x00, 0x00, 0x00, 0xf9, 0x00, 0x02, 0x00,
    0x04, 0x02, 0x00, 0x00, 0xf8, 0x00, 0x02, 0x00, 0x04, 0x02, 0x00, 0x00, 0xf5, 0x00, 0x07, 0x00,
    0x0f, 0x00, 0x00, 0x00, 0x07, 0x02, 0x00, 0x00, 0x03, 0x02, 0x00, 0x00, 0x00, 0x02, 0x00, 0x00,
    0x06, 0x02, 0x00, 0x00, 0x05, 0x02, 0x00, 0x00, 0xc7, 0x00, 0x05, 0x00, 0x11, 0x00, 0x00, 0x00,
    0x08, 0x02, 0x00, 0x00, 0xab, 0x01, 0x00, 0x00, 0x95, 0x00, 0x00, 0x00, 0xaa, 0x00, 0x05, 0x00,
    0x9e, 0x00, 0x00, 0x00, 0x09, 0x02, 0x00, 0x00, 0x08, 0x02, 0x00, 0x00, 0x92, 0x00, 0x00, 0x00,
    0xf7, 0x00, 0x03, 0x00, 0x0a, 0x02, 0x00, 0x00, 0x00, 0x00, 0x00, 0x00, 0xfa, 0x00, 0x04, 0x00,
    0x09, 0x02, 0x00, 0x00, 0x0b, 0x02, 0x00, 0x00, 0x0a, 0x02, 0x00, 0x00, 0xf8, 0x00, 0x02, 0x00,
    0x0b, 0x02, 0x00, 0x00, 0xc2, 0x00, 0x05, 0x00, 0x0f, 0x00, 0x00, 0x00, 0x0c, 0x02, 0x00, 0x00,
    0x07, 0x02, 0x00, 0x00, 0xb9, 0x00, 0x00, 0x00, 0xf9, 0x00, 0x02, 0x00, 0x0a, 0x02, 0x00, 0x00,
    0xf8, 0x00, 0x02, 0x00, 0x0a, 0x02, 0x00, 0x00, 0xf5, 0x00, 0x07, 0x00, 0x0f, 0x00, 0x00, 0x00,
    0x0d, 0x02, 0x00, 0x00, 0x07, 0x02, 0x00, 0x00, 0x04, 0x02, 0x00, 0x00, 0x0c, 0x02, 0x00, 0x00,
    0x0b, 0x02, 0x00, 0x00, 0xc7, 0x00, 0x05, 0x00, 0x0f, 0x00, 0x00, 0x00, 0x0e, 0x02, 0x00, 0x00,
    0x0d, 0x02, 0x00, 0x00, 0xc1, 0x00, 0x00, 0x00, 0xc4, 0x00, 0x05, 0x00, 0x0f, 0x00, 0x00, 0x00,
    0x0f, 0x02, 0x00, 0x00, 0x0e, 0x02, 0x00, 0x00, 0xb9, 0x00, 0x00, 0x00, 0x80, 0x00, 0x05, 0x00,
    0x11, 0x00, 0x00, 0x00, 0x10, 0x02, 0x00, 0x00, 0xc4, 0x01, 0x00, 0x00, 0xc0, 0x01, 0x00, 0x00,
    0xf7, 0x00, 0x03, 0x00, 0x11, 0x02, 0x00, 0x00, 0x00, 0x00, 0x00, 0x00, 0xfa, 0x00, 0x04, 0x00,
    0xc6, 0x01, 0x00, 0x00, 0x12, 0x02, 0x00, 0x00, 0x11, 0x02, 0x00, 0x00, 0xf8, 0x00, 0x02, 0x00,
    0x12, 0x02, 0x00, 0x00, 0x82, 0x00, 0x05, 0x00, 0x11, 0x00, 0x00, 0x00, 0x13, 0x02, 0x00, 0x00,
    0xc3, 0x01, 0x00, 0x00, 0xbd, 0x00, 0x00, 0x00, 0xc6, 0x00, 0x05, 0x00, 0x11, 0x00, 0x00, 0x00,
    0x14, 0x02, 0x00, 0x00, 0x10, 0x02, 0x00, 0x00, 0xbd, 0x00, 0x00, 0x00, 0xf9, 0x00, 0x02, 0x00,
    0x11, 0x02, 0x00, 0x00, 0xf8, 0x00, 0x02, 0x00, 0x11, 0x02, 0x00, 0x00, 0xf5, 0x00, 0x07, 0x00,
    0x11, 0x00, 0x00, 0x00, 0x15, 0x02, 0x00, 0x00, 0xc3, 0x01, 0x00, 0x00, 0x0a, 0x02, 0x00, 0x00,
    0x13, 0x02, 0x00, 0x00, 0x12, 0x02, 0x00, 0x00, 0xf5, 0x00, 0x07, 0x00, 0x11, 0x00, 0x00, 0x00,
    0x16, 0x02, 0x00, 0x00, 0x10, 0x02, 0x00, 0x00, 0x0a, 0x02, 0x00, 0x00, 0x14, 0x02, 0x00, 0x00,
    0x12, 0x02, 0x00, 0x00, 0x87, 0x00, 0x05, 0x00, 0x11, 0x00, 0x00, 0x00, 0x17, 0x02, 0x00, 0x00,
    0x16, 0x02, 0x00, 0x00, 0x97, 0x00, 0x00, 0x00, 0x84, 0x00, 0x05, 0x00, 0x11, 0x00, 0x00, 0x00,
    0x18, 0x02, 0x00, 0x00, 0x17, 0x02, 0x00, 0x00, 0xbe, 0x00, 0x00, 0x00, 0x87, 0x00, 0x05, 0x00,
    0x11, 0x00, 0x00, 0x00, 0x19, 0x02, 0x00, 0x00, 0x15, 0x02, 0x00, 0x00, 0x97, 0x00, 0x00, 0x00,
    0x80, 0x00, 0x05, 0x00, 0x11, 0x00, 0x00, 0x00, 0x1a, 0x02, 0x00, 0x00, 0x18, 0x02, 0x00, 0x00,
    0x19, 0x02, 0x00, 0x00, 0x7c, 0x00, 0x04, 0x00, 0x0f, 0x00, 0x00, 0x00, 0x1b, 0x02, 0x00, 0x00,
    0x1a, 0x02, 0x00, 0x00, 0xc2, 0x00, 0x05, 0x00, 0x0f, 0x00, 0x00, 0x00, 0x1c, 0x02, 0x00, 0x00,
    0x1b, 0x02, 0x00, 0x00, 0x94, 0x00, 0x00, 0x00, 0xc7, 0x00, 0x05, 0x00, 0x0f, 0x00, 0x00, 0x00,
    0x1d, 0x02, 0x00, 0x00, 0x1c, 0x02, 0x00, 0x00, 0xc0, 0x00, 0x00, 0x00, 0x80, 0x00, 0x05, 0x00,
    0x0f, 0x00, 0x00, 0x00, 0x1e, 0x02, 0x00, 0x00, 0xd2, 0x01, 0x00, 0x00, 0x1d, 0x02, 0x00, 0x00,
    0x41, 0x00, 0x06, 0x00, 0xd1, 0x00, 0x00, 0x00, 0x1f, 0x02, 0x00, 0x00, 0x0a, 0x00, 0x00, 0x00,
    0x92, 0x00, 0x00, 0x00, 0x1e, 0x02, 0x00, 0x00, 0x3d, 0x00, 0x04, 0x00, 0x0f, 0x00, 0x00, 0x00,
    0x20, 0x02, 0x00, 0x00, 0x1f, 0x02, 0x00, 0x00, 0xc7, 0x00, 0x05, 0x00, 0x0f, 0x00, 0x00, 0x00,
    0x21, 0x02, 0x00, 0x00, 0x1b, 0x02, 0x00, 0x00, 0x94, 0x00, 0x00, 0x00, 0xab, 0x00, 0x05, 0x00,
    0x9e, 0x00, 0x00, 0x00, 0x22, 0x02, 0x00, 0x00, 0x21, 0x02, 0x00, 0x00, 0x12, 0x00, 0x00, 0x00,
    0xf7, 0x00, 0x03, 0x00, 0x23, 0x02, 0x00, 0x00, 0x00, 0x00, 0x00, 0x00, 0xfa, 0x00, 0x04, 0x00,
    0x22, 0x02, 0x00, 0x00, 0x24, 0x02, 0x00, 0x00, 0x23, 0x02, 0x00, 0x00, 0xf8, 0x00, 0x02, 0x00,
    0x24, 0x02, 0x00, 0x00, 0xc2, 0x00, 0x05, 0x00, 0x0f, 0x00, 0x00, 0x00, 0x25, 0x02, 0x00, 0x00,
    0x20, 0x02, 0x00, 0x00, 0x10, 0x00, 0x00, 0x00, 0xf9, 0x00, 0x02, 0x00, 0x23, 0x02, 0x00, 0x00,
    0xf8, 0x00, 0x02, 0x00, 0x23, 0x02, 0x00, 0x00, 0xf5, 0x00, 0x07, 0x00, 0x0f, 0x00, 0x00, 0x00,
    0x26, 0x02, 0x00, 0x00, 0x20, 0x02, 0x00, 0x00, 0x11, 0x02, 0x00, 0x00, 0x25, 0x02, 0x00, 0x00,
    0x24, 0x02, 0x00, 0x00, 0xc7, 0x00, 0x05, 0x00, 0x11, 0x00, 0x00, 0x00, 0x27, 0x02, 0x00, 0x00,
    0xc0, 0x01, 0x00, 0x00, 0x95, 0x00, 0x00, 0x00, 0xaa, 0x00, 0x05, 0x00, 0x9e, 0x00, 0x00, 0x00,
    0x28, 0x02, 0x00, 0x00, 0x27, 0x02, 0x00, 0x00, 0x92, 0x00, 0x00, 0x00, 0xf7, 0x00, 0x03, 0x00,
    0x29, 0x02, 0x00, 0x00, 0x00, 0x00, 0x00, 0x00, 0xfa, 0x00, 0x04, 0x00, 0x28, 0x02, 0x00, 0x00,
    0x2a, 0x02, 0x00, 0x00, 0x29, 0x02, 0x00, 0x00, 0xf8, 0x00, 0x02, 0x00, 0x2a, 0x02, 0x00, 0x00,
    0xc2, 0x00, 0x05, 0x00, 0x0f, 0x00, 0x00, 0x00, 0x2b, 0x02, 0x00, 0x00, 0x26, 0x02, 0x00, 0x00,
    0x15, 0x00, 0x00, 0x00, 0xf9, 0x00, 0x02, 0x00, 0x29, 0x02, 0x00, 0x00, 0xf8, 0x00, 0x02, 0x00,
    0x29, 0x02, 0x00, 0x00, 0xf5, 0x00, 0x07, 0x00, 0x0f, 0x00, 0x00, 0x00, 0x2c, 0x02, 0x00, 0x00,
    0x26, 0x02, 0x00, 0x00, 0x23, 0x02, 0x00, 0x00, 0x2b, 0x02, 0x00, 0x00, 0x2a, 0x02, 0x00, 0x00,
    0xf7, 0x00, 0x03, 0x00, 0x2d, 0x02, 0x00, 0x00, 0x00, 0x00, 0x00, 0x00, 0xfa, 0x00, 0x04, 0x00,
    0xe5, 0x01, 0x00, 0x00, 0x2e, 0x02, 0x00, 0x00, 0x2d, 0x02, 0x00, 0x00, 0xf8, 0x00, 0x02, 0x00,
    0x2e, 0x02, 0x00, 0x00, 0xc2, 0x00, 0x05, 0x00, 0x0f, 0x00, 0x00, 0x00, 0x2f, 0x02, 0x00, 0x00,
    0x2c, 0x02, 0x00, 0x00, 0xb9, 0x00, 0x00, 0x00, 0xf9, 0x00, 0x02, 0x00, 0x2d, 0x02, 0x00, 0x00,
    0xf8, 0x00, 0x02, 0x00, 0x2d, 0x02, 0x00, 0x00, 0xf5, 0x00, 0x07, 0x00, 0x0f, 0x00, 0x00, 0x00,
    0x30, 0x02, 0x00, 0x00, 0x2c, 0x02, 0x00, 0x00, 0x29, 0x02, 0x00, 0x00, 0x2f, 0x02, 0x00, 0x00,
    0x2e, 0x02, 0x00, 0x00, 0xc7, 0x00, 0x05, 0x00, 0x0f, 0x00, 0x00, 0x00, 0x31, 0x02, 0x00, 0x00,
    0x30, 0x02, 0x00, 0x00, 0xc1, 0x00, 0x00, 0x00, 0xc4, 0x00, 0x05, 0x00, 0x0f, 0x00, 0x00, 0x00,
    0x32, 0x02, 0x00, 0x00, 0x31, 0x02, 0x00, 0x00, 0xb9, 0x00, 0x00, 0x00, 0xf7, 0x00, 0x03, 0x00,
    0x33, 0x02, 0x00, 0x00, 0x00, 0x00, 0x00, 0x00, 0xfa, 0x00, 0x04, 0x00, 0xed, 0x01, 0x00, 0x00,
    0x34, 0x02, 0x00, 0x00, 0x33, 0x02, 0x00, 0x00, 0xf8, 0x00, 0x02, 0x00, 0x34, 0x02, 0x00, 0x00,
    0x82, 0x00, 0x05, 0x00, 0x11, 0x00, 0x00, 0x00, 0x35, 0x02, 0x00, 0x00, 0xec, 0x01, 0x00, 0x00,
    0xbd, 0x00, 0x00, 0x00, 0xc6, 0x00, 0x05, 0x00, 0x11, 0x00, 0x00, 0x00, 0x36, 0x02, 0x00, 0x00,
    0x10, 0x02, 0x00, 0x00, 0xbd, 0x00, 0x00, 0x00, 0xf9, 0x00, 0x02, 0x00, 0x33, 0x02, 0x00, 0x00,
    0xf8, 0x00, 0x02, 0x00, 0x33, 0x02, 0x00, 0x00, 0xf5, 0x00, 0x07, 0x00, 0x11, 0x00, 0x00, 0x00,
    0x37, 0x02, 0x00, 0x00, 0xec, 0x01, 0x00, 0x00, 0x2d, 0x02, 0x00, 0x00, 0x35, 0x02, 0x00, 0x00,
    0x34, 0x02, 0x00, 0x00, 0xf5, 0x00, 0x07, 0x00, 0x11, 0x00, 0x00, 0x00, 0x38, 0x02, 0x00, 0x00,
    0x10, 0x02, 0x00, 0x00, 0x2d, 0x02, 0x00, 0x00, 0x36, 0x02, 0x00, 0x00, 0x34, 0x02, 0x00, 0x00,
    0x87, 0x00, 0x05, 0x00, 0x11, 0x00, 0x00, 0x00, 0x39, 0x02, 0x00, 0x00, 0x38, 0x02, 0x00, 0x00,
    0x97, 0x00, 0x00, 0x00, 0x84, 0x00, 0x05, 0x00, 0x11, 0x00, 0x00, 0x00, 0x3a, 0x02, 0x00, 0x00,
    0x39, 0x02, 0x00, 0x00, 0xbe, 0x00, 0x00, 0x00, 0x87, 0x00, 0x05, 0x00, 0x11, 0x00, 0x00, 0x00,
    0x3b, 0x02, 0x00, 0x00, 0x37, 0x02, 0x00, 0x00, 0x97, 0x00, 0x00, 0x00, 0x80, 0x00, 0x05, 0x00,
    0x11, 0x00, 0x00, 0x00, 0x3c, 0x02, 0x00, 0x00, 0x3a, 0x02, 0x00, 0x00, 0x3b, 0x02, 0x00, 0x00,
    0x7c, 0x00, 0x04, 0x00, 0x0f, 0x00, 0x00, 0x00, 0x3d, 0x02, 0x00, 0x00, 0x3c, 0x02, 0x00, 0x00,
    0xc2, 0x00, 0x05, 0x00, 0x0f, 0x00, 0x00, 0x00, 0x3e, 0x02, 0x00, 0x00, 0x3d, 0x02, 0x00, 0x00,
    0x94, 0x00, 0x00, 0x00, 0xc7, 0x00, 0x05, 0x00, 0x0f, 0x00, 0x00, 0x00, 0x3f, 0x02, 0x00, 0x00,
    0x3e, 0x02, 0x00, 0x00, 0xc0, 0x00, 0x00, 0x00, 0x80, 0x00, 0x05, 0x00, 0x0f, 0x00, 0x00, 0x00,
    0x40, 0x02, 0x00, 0x00, 0xd2, 0x01, 0x00, 0x00, 0x3f, 0x02, 0x00, 0x00, 0x41, 0x00, 0x06, 0x00,
    0xd1, 0x00, 0x00, 0x00, 0x41, 0x02, 0x00, 0x00, 0x0a, 0x00, 0x00, 0x00, 0x92, 0x00, 0x00, 0x00,
    0x40, 0x02, 0x00, 0x00, 0x3d, 0x00, 0x04, 0x00, 0x0f, 0x00, 0x00, 0x00, 0x42, 0x02, 0x00, 0x00,
    0x41, 0x02, 0x00, 0x00, 0xc7, 0x00, 0x05, 0x00, 0x0f, 0x00, 0x00, 0x00, 0x43, 0x02, 0x00, 0x00,
    0x3d, 0x02, 0x00, 0x00, 0x94, 0x00, 0x00, 0x00, 0xab, 0x00, 0x05, 0x00, 0x9e, 0x00, 0x00, 0x00,
    0x44, 0x02, 0x00, 0x00, 0x43, 0x02, 0x00, 0x00, 0x12, 0x00, 0x00, 0x00, 0xf7, 0x00, 0x03, 0x00,
    0x45, 0x02, 0x00, 0x00, 0x00, 0x00, 0x00, 0x00, 0xfa, 0x00, 0x04, 0x00, 0x44, 0x02, 0x00, 0x00,
    0x46, 0x02, 0x00, 0x00, 0x45, 0x02, 0x00, 0x00, 0xf8, 0x00, 0x02, 0x00, 0x46, 0x02, 0x00, 0x00,
    0xc2, 0x00, 0x05, 0x00, 0x0f, 0x00, 0x00, 0x00, 0x47, 0x02, 0x00, 0x00, 0x42, 0x02, 0x00, 0x00,
    0x10, 0x00, 0x00, 0x00, 0xf9, 0x00, 0x02, 0x00, 0x45, 0x02, 0x00, 0x00, 0xf8, 0x00, 0x02, 0x00,
    0x45, 0x02, 0x00, 0x00, 0xf5, 0x00, 0x07, 0x00, 0x0f, 0x00, 0x00, 0x00, 0x48, 0x02, 0x00, 0x00,
    0x42, 0x02, 0x00, 0x00, 0x33, 0x02, 0x00, 0x00, 0x47, 0x02, 0x00, 0x00, 0x46, 0x02, 0x00, 0x00,
    0xf7, 0x00, 0x03, 0x00, 0x49, 0x02, 0x00, 0x00, 0x00, 0x00, 0x00, 0x00, 0xfa, 0x00, 0x04, 0x00,
    0x28, 0x02, 0x00, 0x00, 0x4a, 0x02, 0x00, 0x00, 0x49, 0x02, 0x00, 0x00, 0xf8, 0x00, 0x02, 0x00,
    0x4a, 0x02, 0x00, 0x00, 0xc2, 0x00, 0x05, 0x00, 0x0f, 0x00, 0x00, 0x00, 0x4b, 0x02, 0x00, 0x00,
    0x48, 0x02, 0x00, 0x00, 0x15, 0x00, 0x00, 0x00, 0xf9, 0x00, 0x02, 0x00, 0x49, 0x02, 0x00, 0x00,
    0xf8, 0x00, 0x02, 0x00, 0x49, 0x02, 0x00, 0x00, 0xf5, 0x00, 0x07, 0x00, 0x0f, 0x00, 0x00, 0x00,
    0x4c, 0x02, 0x00, 0x00, 0x48, 0x02, 0x00, 0x00, 0x45, 0x02, 0x00, 0x00, 0x4b, 0x02, 0x00, 0x00,
    0x4a, 0x02, 0x00, 0x00, 0xf7, 0x00, 0x03, 0x00, 0x4d, 0x02, 0x00, 0x00, 0x00, 0x00, 0x00, 0x00,
    0xfa, 0x00, 0x04, 0x00, 0x09, 0x02, 0x00, 0x00, 0x4e, 0x02, 0x00, 0x00, 0x4d, 0x02, 0x00, 0x00,
    0xf8, 0x00, 0x02, 0x00, 0x4e, 0x02, 0x00, 0x00, 0xc2, 0x00, 0x05, 0x00, 0x0f, 0x00, 0x00, 0x00,
    0x4f, 0x02, 0x00, 0x00, 0x4c, 0x02, 0x00, 0x00, 0xb9, 0x00, 0x00, 0x00, 0xf9, 0x00, 0x02, 0x00,
    0x4d, 0x02, 0x00, 0x00, 0xf8, 0x00, 0x02, 0x00, 0x4d, 0x02, 0x00, 0x00, 0xf5, 0x00, 0x07, 0x00,
    0x0f, 0x00, 0x00, 0x00, 0x50, 0x02, 0x00, 0x00, 0x4c, 0x02, 0x00, 0x00, 0x49, 0x02, 0x00, 0x00,
    0x4f, 0x02, 0x00, 0x00, 0x4e, 0x02, 0x00, 0x00, 0xc7, 0x00, 0x05, 0x00, 0x0f, 0x00, 0x00, 0x00,
    0x51, 0x02, 0x00, 0x00, 0x50, 0x02, 0x00, 0x00, 0xc1, 0x00, 0x00, 0x00, 0xc4, 0x00, 0x05, 0x00,
    0x0f, 0x00, 0x00, 0x00, 0x52, 0x02, 0x00, 0x00, 0x51, 0x02, 0x00, 0x00, 0xb9, 0x00, 0x00, 0x00,
    0xf7, 0x00, 0x03, 0x00, 0x53, 0x02, 0x00, 0x00, 0x00, 0x00, 0x00, 0x00, 0xfa, 0x00, 0x04, 0x00,
    0xf1, 0x00, 0x00, 0x00, 0x54, 0x02, 0x00, 0x00, 0x53, 0x02, 0x00, 0x00, 0xf8, 0x00, 0x02, 0x00,
    0x54, 0x02, 0x00, 0x00, 0xab, 0x00, 0x05, 0x00, 0x9e, 0x00, 0x00, 0x00, 0x55, 0x02, 0x00, 0x00,
    0xeb, 0x01, 0x00, 0x00, 0xba, 0x00, 0x00, 0x00, 0xf7, 0x00, 0x03, 0x00, 0x56, 0x02, 0x00, 0x00,
    0x00, 0x00, 0x00, 0x00, 0xfa, 0x00, 0x04, 0x00, 0x55, 0x02, 0x00, 0x00, 0x57, 0x02, 0x00, 0x00,
    0x56, 0x02, 0x00, 0x00, 0xf8, 0x00, 0x02, 0x00, 0x57, 0x02, 0x00, 0x00, 0xc5, 0x00, 0x05, 0x00,
    0x0f, 0x00, 0x00, 0x00, 0x58, 0x02, 0x00, 0x00, 0xeb, 0x01, 0x00, 0x00, 0xbb, 0x00, 0x00, 0x00,
    0xf9, 0x00, 0x02, 0x00, 0x56, 0x02, 0x00, 0x00, 0xf8, 0x00, 0x02, 0x00, 0x56, 0x02, 0x00, 0x00,
    0xf5, 0x00, 0x07, 0x00, 0x0f, 0x00, 0x00, 0x00, 0x59, 0x02, 0x00, 0x00, 0xeb, 0x01, 0x00, 0x00,
    0x54, 0x02, 0x00, 0x00, 0x58, 0x02, 0x00, 0x00, 0x57, 0x02, 0x00, 0x00, 0xab, 0x00, 0x05, 0x00,
    0x9e, 0x00, 0x00, 0x00, 0x5a, 0x02, 0x00, 0x00, 0x0f, 0x02, 0x00, 0x00, 0xba, 0x00, 0x00, 0x00,
    0xf7, 0x00, 0x03, 0x00, 0x5b, 0x02, 0x00, 0x00, 0x00, 0x00, 0x00, 0x00, 0xfa, 0x00, 0x04, 0x00,
    0x5a, 0x02, 0x00, 0x00, 0x5c, 0x02, 0x00, 0x00, 0x5b, 0x02, 0x00, 0x00, 0xf8, 0x00, 0x02, 0x00,
    0x5c, 0x02, 0x00, 0x00, 0xc5, 0x00, 0x05, 0x00, 0x0f, 0x00, 0x00, 0x00, 0x5d, 0x02, 0x00, 0x00,
    0x0f, 0x02, 0x00, 0x00, 0xbb, 0x00, 0x00, 0x00, 0xf9, 0x00, 0x02, 0x00, 0x5b, 0x02, 0x00, 0x00,
    0xf8, 0x00, 0x02, 0x00, 0x5b, 0x02, 0x00, 0x00, 0xf5, 0x00, 0x07, 0x00, 0x0f, 0x00, 0x00, 0x00,
    0x5e, 0x02, 0x00, 0x00, 0x0f, 0x02, 0x00, 0x00, 0x56, 0x02, 0x00, 0x00, 0x5d, 0x02, 0x00, 0x00,
    0x5c, 0x02, 0x00, 0x00, 0xab, 0x00, 0x05, 0x00, 0x9e, 0x00, 0x00, 0x00, 0x5f, 0x02, 0x00, 0x00,
    0x32, 0x02, 0x00, 0x00, 0xba, 0x00, 0x00, 0x00, 0xf7, 0x00, 0x03, 0x00, 0x60, 0x02, 0x00, 0x00,
    0x00, 0x00, 0x00, 0x00, 0xfa, 0x00, 0x04, 0x00, 0x5f, 0x02, 0x00, 0x00, 0x61, 0x02, 0x00, 0x00,
    0x60, 0x02, 0x00, 0x00, 0xf8, 0x00, 0x02, 0x00, 0x61, 0x02, 0x00, 0x00, 0xc5, 0x00, 0x05, 0x00,
    0x0f, 0x00, 0x00, 0x00, 0x62, 0x02, 0x00, 0x00, 0x32, 0x02, 0x00, 0x00, 0xbb, 0x00, 0x00, 0x00,
    0xf9, 0x00, 0x02, 0x00, 0x60, 0x02, 0x00, 0x00, 0xf8, 0x00, 0x02, 0x00, 0x60, 0x02, 0x00, 0x00,
    0xf5, 0x00, 0x07, 0x00, 0x0f, 0x00, 0x00, 0x00, 0x63, 0x02, 0x00, 0x00, 0x32, 0x02, 0x00, 0x00,
    0x5b, 0x02, 0x00, 0x00, 0x62, 0x02, 0x00, 0x00, 0x61, 0x02, 0x00, 0x00, 0xab, 0x00, 0x05, 0x00,
    0x9e, 0x00, 0x00, 0x00, 0x64, 0x02, 0x00, 0x00, 0x52, 0x02, 0x00, 0x00, 0xba, 0x00, 0x00, 0x00,
    0xf7, 0x00, 0x03, 0x00, 0x65, 0x02, 0x00, 0x00, 0x00, 0x00, 0x00, 0x00, 0xfa, 0x00, 0x04, 0x00,
    0x64, 0x02, 0x00, 0x00, 0x66, 0x02, 0x00, 0x00, 0x65, 0x02, 0x00, 0x00, 0xf8, 0x00, 0x02, 0x00,
    0x66, 0x02, 0x00, 0x00, 0xc5, 0x00, 0x05, 0x00, 0x0f, 0x00, 0x00, 0x00, 0x67, 0x02, 0x00, 0x00,
    0x52, 0x02, 0x00, 0x00, 0xbb, 0x00, 0x00, 0x00, 0xf9, 0x00, 0x02, 0x00, 0x65, 0x02, 0x00, 0x00,
    0xf8, 0x00, 0x02, 0x00, 0x65, 0x02, 0x00, 0x00, 0xf5, 0x00, 0x07, 0x00, 0x0f, 0x00, 0x00, 0x00,
    0x68, 0x02, 0x00, 0x00, 0x52, 0x02, 0x00, 0x00, 0x60, 0x02, 0x00, 0x00, 0x67, 0x02, 0x00, 0x00,
    0x66, 0x02, 0x00, 0x00, 0xaa, 0x00, 0x05, 0x00, 0x9e, 0x00, 0x00, 0x00, 0x69, 0x02, 0x00, 0x00,
    0x59, 0x02, 0x00, 0x00, 0xba, 0x00, 0x00, 0x00, 0xf7, 0x00, 0x03, 0x00, 0x6a, 0x02, 0x00, 0x00,
    0x00, 0x00, 0x00, 0x00, 0xfa, 0x00, 0x04, 0x00, 0x69, 0x02, 0x00, 0x00, 0x6b, 0x02, 0x00, 0x00,
    0x6a, 0x02, 0x00, 0x00, 0xf8, 0x00, 0x02, 0x00, 0x6b, 0x02, 0x00, 0x00, 0xc7, 0x00, 0x05, 0x00,
    0x0f, 0x00, 0x00, 0x00, 0x6c, 0x02, 0x00, 0x00, 0x5e, 0x02, 0x00, 0x00, 0xa4, 0x00, 0x00, 0x00,
    0xf9, 0x00, 0x02, 0x00, 0x6a, 0x02, 0x00, 0x00, 0xf8, 0x00, 0x02, 0x00, 0x6a, 0x02, 0x00, 0x00,
    0xf5, 0x00, 0x07, 0x00, 0x0f, 0x00, 0x00, 0x00, 0x6d, 0x02, 0x00, 0x00, 0x59, 0x02, 0x00, 0x00,
    0x65, 0x02, 0x00, 0x00, 0x6c, 0x02, 0x00, 0x00, 0x6b, 0x02, 0x00, 0x00, 0xaa, 0x00, 0x05, 0x00,
    0x9e, 0x00, 0x00, 0x00, 0x6e, 0x02, 0x00, 0x00, 0x5e, 0x02, 0x00, 0x00, 0xba, 0x00, 0x00, 0x00,
    0xf7, 0x00, 0x03, 0x00, 0x6f, 0x02, 0x00, 0x00, 0x00, 0x00, 0x00, 0x00, 0xfa, 0x00, 0x04, 0x00,
    0x6e, 0x02, 0x00, 0x00, 0x70, 0x02, 0x00, 0x00, 0x6f, 0x02, 0x00, 0x00, 0xf8, 0x00, 0x02, 0x00,
    0x70, 0x02, 0x00, 0x00, 0xc7, 0x00, 0x05, 0x00, 0x0f, 0x00, 0x00, 0x00, 0x71, 0x02, 0x00, 0x00,
    0x6d, 0x02, 0x00, 0x00, 0xa4, 0x00, 0x00, 0x00, 0xf9, 0x00, 0x02, 0x00, 0x6f, 0x02, 0x00, 0x00,
    0xf8, 0x00, 0x02, 0x00, 0x6f, 0x02, 0x00, 0x00, 0xf5, 0x00, 0x07, 0x00, 0x0f, 0x00, 0x00, 0x00,
    0x72, 0x02, 0x00, 0x00, 0x5e, 0x02, 0x00, 0x00, 0x6a, 0x02, 0x00, 0x00, 0x71, 0x02, 0x00, 0x00,
    0x70, 0x02, 0x00, 0x00, 0xaa, 0x00, 0x05, 0x00, 0x9e, 0x00, 0x00, 0x00, 0x73, 0x02, 0x00, 0x00,
    0x63, 0x02, 0x00, 0x00, 0xba, 0x00, 0x00, 0x00, 0xf7, 0x00, 0x03, 0x00, 0x74, 0x02, 0x00, 0x00,
    0x00, 0x00, 0x00, 0x00, 0xfa, 0x00, 0x04, 0x00, 0x73, 0x02, 0x00, 0x00, 0x75, 0x02, 0x00, 0x00,
    0x74, 0x02, 0x00, 0x00, 0xf8, 0x00, 0x02, 0x00, 0x75, 0x02, 0x00, 0x00, 0xc7, 0x00, 0x05, 0x00,
    0x0f, 0x00, 0x00, 0x00, 0x76, 0x02, 0x00, 0x00, 0x68, 0x02, 0x00, 0x00, 0xa4, 0x00, 0x00, 0x00,
    0xf9, 0x00, 0x02, 0x00, 0x74, 0x02, 0x00, 0x00, 0xf8, 0x00, 0x02, 0x00, 0x74, 0x02, 0x00, 0x00,
    0xf5, 0x00, 0x07, 0x00, 0x0f, 0x00, 0x00, 0x00, 0x77, 0x02, 0x00, 0x00, 0x63, 0x02, 0x00, 0x00,
    0x6f, 0x02, 0x00, 0x00, 0x76, 0x02, 0x00, 0x00, 0x75, 0x02, 0x00, 0x00, 0xaa, 0x00, 0x05, 0x00,
    0x9e, 0x00, 0x00, 0x00, 0x78, 0x02, 0x00, 0x00, 0x68, 0x02, 0x00, 0x00, 0xba, 0x00, 0x00, 0x00,
    0xf7, 0x00, 0x03, 0x00, 0x79, 0x02, 0x00, 0x00, 0x00, 0x00, 0x00, 0x00, 0xfa, 0x00, 0x04, 0x00,
    0x78, 0x02, 0x00, 0x00, 0x7a, 0x02, 0x00, 0x00, 0x79, 0x02, 0x00, 0x00, 0xf8, 0x00, 0x02, 0x00,
    0x7a, 0x02, 0x00, 0x00, 0xc7, 0x00, 0x05, 0x00, 0x0f, 0x00, 0x00, 0x00, 0x7b, 0x02, 0x00, 0x00,
    0x77, 0x02, 0x00, 0x00, 0xa4, 0x00, 0x00, 0x00, 0xf9, 0x00, 0x02, 0x00, 0x79, 0x02, 0x00, 0x00,
    0xf8, 0x00, 0x02, 0x00, 0x79, 0x02, 0x00, 0x00, 0xf5, 0x00, 0x07, 0x00, 0x0f, 0x00, 0x00, 0x00,
    0x7c, 0x02, 0x00, 0x00, 0x68, 0x02, 0x00, 0x00, 0x74, 0x02, 0x00, 0x00, 0x7b, 0x02, 0x00, 0x00,
    0x7a, 0x02, 0x00, 0x00, 0xf9, 0x00, 0x02, 0x00, 0x53, 0x02, 0x00, 0x00, 0xf8, 0x00, 0x02, 0x00,
    0x53, 0x02, 0x00, 0x00, 0xf5, 0x00, 0x07, 0x00, 0x0f, 0x00, 0x00, 0x00, 0x7d, 0x02, 0x00, 0x00,
    0x52, 0x02, 0x00, 0x00, 0x4d, 0x02, 0x00, 0x00, 0x7c, 0x02, 0x00, 0x00, 0x79, 0x02, 0x00, 0x00,
    0xf5, 0x00, 0x07, 0x00, 0x0f, 0x00, 0x00, 0x00, 0x7e, 0x02, 0x00, 0x00, 0x32, 0x02, 0x00, 0x00,
    0x4d, 0x02, 0x00, 0x00, 0x77, 0x02, 0x00, 0x00, 0x79, 0x02, 0x00, 0x00, 0xf5, 0x00, 0x07, 0x00,
    0x0f, 0x00, 0x00, 0x00, 0x7f, 0x02, 0x00, 0x00, 0x0f, 0x02, 0x00, 0x00, 0x4d, 0x02, 0x00, 0x00,
    0x72, 0x02, 0x00, 0x00, 0x79, 0x02, 0x00, 0x00, 0xf5, 0x00, 0x07, 0x00, 0x0f, 0x00, 0x00, 0x00,
    0x80, 0x02, 0x00, 0x00, 0xeb, 0x01, 0x00, 0x00, 0x4d, 0x02, 0x00, 0x00, 0x6d, 0x02, 0x00, 0x00,
    0x79, 0x02, 0x00, 0x00, 0x82, 0x00, 0x05, 0x00, 0x0f, 0x00, 0x00, 0x00, 0x81, 0x02, 0x00, 0x00,
    0x7f, 0x02, 0x00, 0x00, 0x80, 0x02, 0x00, 0x00, 0x84, 0x00, 0x05, 0x00, 0x0f, 0x00, 0x00, 0x00,
    0x82, 0x02, 0x00, 0x00, 0x81, 0x02, 0x00, 0x00, 0xaa, 0x01, 0x00, 0x00, 0xc2, 0x00, 0x05, 0x00,
    0x0f, 0x00, 0x00, 0x00, 0x83, 0x02, 0x00, 0x00, 0x82, 0x02, 0x00, 0x00, 0x15, 0x00, 0x00, 0x00,
    0x80, 0x00, 0x05, 0x00, 0x0f, 0x00, 0x00, 0x00, 0x84, 0x02, 0x00, 0x00, 0x80, 0x02, 0x00, 0x00,
    0x83, 0x02, 0x00, 0x00, 0xc7, 0x00, 0x05, 0x00, 0x0f, 0x00, 0x00, 0x00, 0x85, 0x02, 0x00, 0x00,
    0x84, 0x02, 0x00, 0x00, 0xbc, 0x00, 0x00, 0x00, 0x82, 0x00, 0x05, 0x00, 0x0f, 0x00, 0x00, 0x00,
    0x86, 0x02, 0x00, 0x00, 0x7d, 0x02, 0x00, 0x00, 0x7e, 0x02, 0x00, 0x00, 0x84, 0x00, 0x05, 0x00,
    0x0f, 0x00, 0x00, 0x00, 0x87, 0x02, 0x00, 0x00, 0x86, 0x02, 0x00, 0x00, 0xaa, 0x01, 0x00, 0x00,
    0xc2, 0x00, 0x05, 0x00, 0x0f, 0x00, 0x00, 0x00, 0x88, 0x02, 0x00, 0x00, 0x87, 0x02, 0x00, 0x00,
    0x15, 0x00, 0x00, 0x00, 0x80, 0x00, 0x05, 0x00, 0x0f, 0x00, 0x00, 0x00, 0x89, 0x02, 0x00, 0x00,
    0x7e, 0x02, 0x00, 0x00, 0x88, 0x02, 0x00, 0x00, 0xc7, 0x00, 0x05, 0x00, 0x0f, 0x00, 0x00, 0x00,
    0x8a, 0x02, 0x00, 0x00, 0x89, 0x02, 0x00, 0x00, 0xbc, 0x00, 0x00, 0x00, 0xf7, 0x00, 0x03, 0x00,
    0x8b, 0x02, 0x00, 0x00, 0x00, 0x00, 0x00, 0x00, 0xfa, 0x00, 0x04, 0x00, 0xf1, 0x00, 0x00, 0x00,
    0x8c, 0x02, 0x00, 0x00, 0x8b, 0x02, 0x00, 0x00, 0xf8, 0x00, 0x02, 0x00, 0x8c, 0x02, 0x00, 0x00,
    0xaa, 0x00, 0x05, 0x00, 0x9e, 0x00, 0x00, 0x00, 0x8d, 0x02, 0x00, 0x00, 0x85, 0x02, 0x00, 0x00,
    0xba, 0x00, 0x00, 0x00, 0xf7, 0x00, 0x03, 0x00, 0x8e, 0x02, 0x00, 0x00, 0x00, 0x00, 0x00, 0x00,
    0xfa, 0x00, 0x04, 0x00, 0x8d, 0x02, 0x00, 0x00, 0x8f, 0x02, 0x00, 0x00, 0x8e, 0x02, 0x00, 0x00,
    0xf8, 0x00, 0x02, 0x00, 0x8f, 0x02, 0x00, 0x00, 0xc7, 0x00, 0x05, 0x00, 0x0f, 0x00, 0x00, 0x00,
    0x90, 0x02, 0x00, 0x00, 0x89, 0x02, 0x00, 0x00, 0xa4, 0x00, 0x00, 0x00, 0xf9, 0x00, 0x02, 0x00,
    0x8e, 0x02, 0x00, 0x00, 0xf8, 0x00, 0x02, 0x00, 0x8e, 0x02, 0x00, 0x00, 0xf5, 0x00, 0x07, 0x00,
    0x0f, 0x00, 0x00, 0x00, 0x91, 0x02, 0x00, 0x00, 0x85, 0x02, 0x00, 0x00, 0x8c, 0x02, 0x00, 0x00,
    0x90, 0x02, 0x00, 0x00, 0x8f, 0x02, 0x00, 0x00, 0xaa, 0x00, 0x05, 0x00, 0x9e, 0x00, 0x00, 0x00,
    0x92, 0x02, 0x00, 0x00, 0x8a, 0x02, 0x00, 0x00, 0xba, 0x00, 0x00, 0x00, 0xf7, 0x00, 0x03, 0x00,
    0x93, 0x02, 0x00, 0x00, 0x00, 0x00, 0x00, 0x00, 0xfa, 0x00, 0x04, 0x00, 0x92, 0x02, 0x00, 0x00,
    0x94, 0x02, 0x00, 0x00, 0x93, 0x02, 0x00, 0x00, 0xf8, 0x00, 0x02, 0x00, 0x94, 0x02, 0x00, 0x00,
    0xc7, 0x00, 0x05, 0x00, 0x0f, 0x00, 0x00, 0x00, 0x95, 0x02, 0x00, 0x00, 0x91, 0x02, 0x00, 0x00,
    0xa4, 0x00, 0x00, 0x00, 0xf9, 0x00, 0x02, 0x00, 0x93, 0x02, 0x00, 0x00, 0xf8, 0x00, 0x02, 0x00,
    0x93, 0x02, 0x00, 0x00, 0xf5, 0x00, 0x07, 0x00, 0x0f, 0x00, 0x00, 0x00, 0x96, 0x02, 0x00, 0x00,
    0x8a, 0x02, 0x00, 0x00, 0x8e, 0x02, 0x00, 0x00, 0x95, 0x02, 0x00, 0x00, 0x94, 0x02, 0x00, 0x00,
    0xf9, 0x00, 0x02, 0x00, 0x8b, 0x02, 0x00, 0x00, 0xf8, 0x00, 0x02, 0x00, 0x8b, 0x02, 0x00, 0x00,
    0xf5, 0x00, 0x07, 0x00, 0x0f, 0x00, 0x00, 0x00, 0x97, 0x02, 0x00, 0x00, 0x8a, 0x02, 0x00, 0x00,
    0x53, 0x02, 0x00, 0x00, 0x96, 0x02, 0x00, 0x00, 0x93, 0x02, 0x00, 0x00, 0xf5, 0x00, 0x07, 0x00,
    0x0f, 0x00, 0x00, 0x00, 0x98, 0x02, 0x00, 0x00, 0x85, 0x02, 0x00, 0x00, 0x53, 0x02, 0x00, 0x00,
    0x91, 0x02, 0x00, 0x00, 0x93, 0x02, 0x00, 0x00, 0x82, 0x00, 0x05, 0x00, 0x0f, 0x00, 0x00, 0x00,
    0x99, 0x02, 0x00, 0x00, 0x97, 0x02, 0x00, 0x00, 0x98, 0x02, 0x00, 0x00, 0x84, 0x00, 0x05, 0x00,
    0x0f, 0x00, 0x00, 0x00, 0x9a, 0x02, 0x00, 0x00, 0x99, 0x02, 0x00, 0x00, 0xbf, 0x01, 0x00, 0x00,
    0xc2, 0x00, 0x05, 0x00, 0x0f, 0x00, 0x00, 0x00, 0x9b, 0x02, 0x00, 0x00, 0x9a, 0x02, 0x00, 0x00,
    0x15, 0x00, 0x00, 0x00, 0x80, 0x00, 0x05, 0x00, 0x0f, 0x00, 0x00, 0x00, 0x9c, 0x02, 0x00, 0x00,
    0x98, 0x02, 0x00, 0x00, 0x9b, 0x02, 0x00, 0x00, 0xc7, 0x00, 0x05, 0x00, 0x0f, 0x00, 0x00, 0x00,
    0x9d, 0x02, 0x00, 0x00, 0x9c, 0x02, 0x00, 0x00, 0xbc, 0x00, 0x00, 0x00, 0xad, 0x00, 0x05, 0x00,
    0x9e, 0x00, 0x00, 0x00, 0x9e, 0x02, 0x00, 0x00, 0x0c, 0x01, 0x00, 0x00, 0x92, 0x00, 0x00, 0x00,
    0xf7, 0x00, 0x03, 0x00, 0x9f, 0x02, 0x00, 0x00, 0x00, 0x00, 0x00, 0x00, 0xfa, 0x00, 0x04, 0x00,
    0x9e, 0x02, 0x00, 0x00, 0xa0, 0x02, 0x00, 0x00, 0x9f, 0x02, 0x00, 0x00, 0xf8, 0x00, 0x02, 0x00,
    0xa0, 0x02, 0x00, 0x00, 0xb1, 0x00, 0x05, 0x00, 0x9e, 0x00, 0x00, 0x00, 0xa1, 0x02, 0x00, 0x00,
    0x0e, 0x01, 0x00, 0x00, 0xf4, 0x00, 0x00, 0x00, 0xf9, 0x00, 0x02, 0x00, 0x9f, 0x02, 0x00, 0x00,
    0xf8, 0x00, 0x02, 0x00, 0x9f, 0x02, 0x00, 0x00, 0xf5, 0x00, 0x07, 0x00, 0x9e, 0x00, 0x00, 0x00,
    0xa2, 0x02, 0x00, 0x00, 0x9f, 0x00, 0x00, 0x00, 0x8b, 0x02, 0x00, 0x00, 0xa1, 0x02, 0x00, 0x00,
    0xa0, 0x02, 0x00, 0x00, 0xf7, 0x00, 0x03, 0x00, 0xa3, 0x02, 0x00, 0x00, 0x00, 0x00, 0x00, 0x00,
    0xfa, 0x00, 0x04, 0x00, 0xa2, 0x02, 0x00, 0x00, 0xa4, 0x02, 0x00, 0x00, 0xa5, 0x02, 0x00, 0x00,
    0xf8, 0x00, 0x02, 0x00, 0xa5, 0x02, 0x00, 0x00, 0xc2, 0x00, 0x05, 0x00, 0x0f, 0x00, 0x00, 0x00,
    0xa6, 0x02, 0x00, 0x00, 0xde, 0x00, 0x00, 0x00, 0xa1, 0x00, 0x00, 0x00, 0xc7, 0x00, 0x05, 0x00,
    0x0f, 0x00, 0x00, 0x00, 0xa7, 0x02, 0x00, 0x00, 0xa6, 0x02, 0x00, 0x00, 0x94, 0x00, 0x00, 0x00,
    0xab, 0x00, 0x05, 0x00, 0x9e, 0x00, 0x00, 0x00, 0xa8, 0x02, 0x00, 0x00, 0xa7, 0x02, 0x00, 0x00,
    0x12, 0x00, 0x00, 0x00, 0xf7, 0x00, 0x03, 0x00, 0xa9, 0x02, 0x00, 0x00, 0x00, 0x00, 0x00, 0x00,
    0xfa, 0x00, 0x04, 0x00, 0xa8, 0x02, 0x00, 0x00, 0xaa, 0x02, 0x00, 0x00, 0xa9, 0x02, 0x00, 0x00,
    0xf8, 0x00, 0x02, 0x00, 0xaa, 0x02, 0x00, 0x00, 0xb1, 0x00, 0x05, 0x00, 0x9e, 0x00, 0x00, 0x00,
    0xab, 0x02, 0x00, 0x00, 0x0c, 0x01, 0x00, 0x00, 0x92, 0x00, 0x00, 0x00, 0xf9, 0x00, 0x02, 0x00,
    0xa9, 0x02, 0x00, 0x00, 0xf8, 0x00, 0x02, 0x00, 0xa9, 0x02, 0x00, 0x00, 0xf5, 0x00, 0x07, 0x00,
    0x9e, 0x00, 0x00, 0x00, 0xac, 0x02, 0x00, 0x00, 0x9f, 0x00, 0x00, 0x00, 0xa5, 0x02, 0x00, 0x00,
    0xab, 0x02, 0x00, 0x00, 0xaa, 0x02, 0x00, 0x00, 0xf7, 0x00, 0x03, 0x00, 0xad, 0x02, 0x00, 0x00,
    0x00, 0x00, 0x00, 0x00, 0xfa, 0x00, 0x04, 0x00, 0xac, 0x02, 0x00, 0x00, 0xae, 0x02, 0x00, 0x00,
    0xad, 0x02, 0x00, 0x00, 0xf8, 0x00, 0x02, 0x00, 0xae, 0x02, 0x00, 0x00, 0x41, 0x00, 0x05, 0x00,
    0xd6, 0x00, 0x00, 0x00, 0xaf, 0x02, 0x00, 0x00, 0x06, 0x00, 0x00, 0x00, 0x97, 0x00, 0x00, 0x00,
    0x3d, 0x00, 0x04, 0x00, 0x0f, 0x00, 0x00, 0x00, 0xb0, 0x02, 0x00, 0x00, 0xaf, 0x02, 0x00, 0x00,
    0xc7, 0x00, 0x05, 0x00, 0x0f, 0x00, 0x00, 0x00, 0xb1, 0x02, 0x00, 0x00, 0xb0, 0x02, 0x00, 0x00,
    0xa5, 0x00, 0x00, 0x00, 0xc2, 0x00, 0x05, 0x00, 0x0f, 0x00, 0x00, 0x00, 0xb2, 0x02, 0x00, 0x00,
    0xb0, 0x02, 0x00, 0x00, 0x10, 0x00, 0x00, 0x00, 0xa9, 0x00, 0x06, 0x00, 0x0f, 0x00, 0x00, 0x00,
    0xb3, 0x02, 0x00, 0x00, 0x31, 0x01, 0x00, 0x00, 0x12, 0x00, 0x00, 0x00, 0x94, 0x00, 0x00, 0x00,
    0xc2, 0x00, 0x05, 0x00, 0x0f, 0x00, 0x00, 0x00, 0xb4, 0x02, 0x00, 0x00, 0xde, 0x00, 0x00, 0x00,
    0x15, 0x00, 0x00, 0x00, 0xc7, 0x00, 0x05, 0x00, 0x0f, 0x00, 0x00, 0x00, 0xb5, 0x02, 0x00, 0x00,
    0xb4, 0x02, 0x00, 0x00, 0x96, 0x00, 0x00, 0x00, 0xc4, 0x00, 0x05, 0x00, 0x0f, 0x00, 0x00, 0x00,
    0xb6, 0x02, 0x00, 0x00, 0x94, 0x00, 0x00, 0x00, 0xb5, 0x02, 0x00, 0x00, 0x7c, 0x00, 0x04, 0x00,
    0x11, 0x00, 0x00, 0x00, 0xb7, 0x02, 0x00, 0x00, 0xb6, 0x02, 0x00, 0x00, 0xc7, 0x00, 0x05, 0x00,
    0x11, 0x00, 0x00, 0x00, 0xb8, 0x02, 0x00, 0x00, 0xb7, 0x02, 0x00, 0x00, 0x9c, 0x00, 0x00, 0x00,
    0xc4, 0x00, 0x05, 0x00, 0x11, 0x00, 0x00, 0x00, 0xb9, 0x02, 0x00, 0x00, 0x1e, 0x01, 0x00, 0x00,
    0xb8, 0x02, 0x00, 0x00, 0xc4, 0x00, 0x05, 0x00, 0x11, 0x00, 0x00, 0x00, 0xba, 0x02, 0x00, 0x00,
    0x2e, 0x01, 0x00, 0x00, 0xb8, 0x02, 0x00, 0x00, 0xf7, 0x00, 0x03, 0x00, 0xbb, 0x02, 0x00, 0x00,
    0x00, 0x00, 0x00, 0x00, 0xfa, 0x00, 0x04, 0x00, 0x66, 0x01, 0x00, 0x00, 0xbc, 0x02, 0x00, 0x00,
    0xbb, 0x02, 0x00, 0x00, 0xf8, 0x00, 0x02, 0x00, 0xbc, 0x02, 0x00, 0x00, 0xc7, 0x00, 0x05, 0x00,
    0x11, 0x00, 0x00, 0x00, 0xbd, 0x02, 0x00, 0x00, 0xb9, 0x02, 0x00, 0x00, 0xd4, 0x00, 0x00, 0x00,
    0xab, 0x00, 0x05, 0x00, 0x9e, 0x00, 0x00, 0x00, 0xbe, 0x02, 0x00, 0x00, 0xbd, 0x02, 0x00, 0x00,
    0x92, 0x00, 0x00, 0x00, 0xf9, 0x00, 0x02, 0x00, 0xbb, 0x02, 0x00, 0x00, 0xf8, 0x00, 0x02, 0x00,
    0xbb, 0x02, 0x00, 0x00, 0xf5, 0x00, 0x07, 0x00, 0x9e, 0x00, 0x00, 0x00, 0xbf, 0x02, 0x00, 0x00,
    0x9f, 0x00, 0x00, 0x00, 0xae, 0x02, 0x00, 0x00, 0xbe, 0x02, 0x00, 0x00, 0xbc, 0x02, 0x00, 0x00,
    0xf7, 0x00, 0x03, 0x00, 0xc0, 0x02, 0x00, 0x00, 0x00, 0x00, 0x00, 0x00, 0xfa, 0x00, 0x04, 0x00,
    0xbf, 0x02, 0x00, 0x00, 0xc1, 0x02, 0x00, 0x00, 0xc0, 0x02, 0x00, 0x00, 0xf8, 0x00, 0x02, 0x00,
    0xc1, 0x02, 0x00, 0x00, 0xc8, 0x00, 0x04, 0x00, 0x11, 0x00, 0x00, 0x00, 0xc2, 0x02, 0x00, 0x00,
    0xb9, 0x02, 0x00, 0x00, 0xf9, 0x00, 0x02, 0x00, 0xc0, 0x02, 0x00, 0x00, 0xf8, 0x00, 0x02, 0x00,
    0xc0, 0x02, 0x00, 0x00, 0xf5, 0x00, 0x07, 0x00, 0x11, 0x00, 0x00, 0x00, 0xc3, 0x02, 0x00, 0x00,
    0xb9, 0x02, 0x00, 0x00, 0xbb, 0x02, 0x00, 0x00, 0xc2, 0x02, 0x00, 0x00, 0xc1, 0x02, 0x00, 0x00,
    0xf7, 0x00, 0x03, 0x00, 0xc4, 0x02, 0x00, 0x00, 0x00, 0x00, 0x00, 0x00, 0xfa, 0x00, 0x04, 0x00,
    0x74, 0x01, 0x00, 0x00, 0xc5, 0x02, 0x00, 0x00, 0xc4, 0x02, 0x00, 0x00, 0xf8, 0x00, 0x02, 0x00,
    0xc5, 0x02, 0x00, 0x00, 0xc7, 0x00, 0x05, 0x00, 0x11, 0x00, 0x00, 0x00, 0xc6, 0x02, 0x00, 0x00,
    0xba, 0x02, 0x00, 0x00, 0xd4, 0x00, 0x00, 0x00, 0xab, 0x00, 0x05, 0x00, 0x9e, 0x00, 0x00, 0x00,
    0xc7, 0x02, 0x00, 0x00, 0xc6, 0x02, 0x00, 0x00, 0x92, 0x00, 0x00, 0x00, 0xf9, 0x00, 0x02, 0x00,
    0xc4, 0x02, 0x00, 0x00, 0xf8, 0x00, 0x02, 0x00, 0xc4, 0x02, 0x00, 0x00, 0xf5, 0x00, 0x07, 0x00,
    0x9e, 0x00, 0x00, 0x00, 0xc8, 0x02, 0x00, 0x00, 0x9f, 0x00, 0x00, 0x00, 0xc0, 0x02, 0x00, 0x00,
    0xc7, 0x02, 0x00, 0x00, 0xc5, 0x02, 0x00, 0x00, 0xf7, 0x00, 0x03, 0x00, 0xc9, 0x02, 0x00, 0x00,
    0x00, 0x00, 0x00, 0x00, 0xfa, 0x00, 0x04, 0x00, 0xc8, 0x02, 0x00, 0x00, 0xca, 0x02, 0x00, 0x00,
    0xc9, 0x02, 0x00, 0x00, 0xf8, 0x00, 0x02, 0x00, 0xca, 0x02, 0x00, 0x00, 0xc8, 0x00, 0x04, 0x00,
    0x11, 0x00, 0x00, 0x00, 0xcb, 0x02, 0x00, 0x00, 0xba, 0x02, 0x00, 0x00, 0xf9, 0x00, 0x02, 0x00,
    0xc9, 0x02, 0x00, 0x00, 0xf8, 0x00, 0x02, 0x00, 0xc9, 0x02, 0x00, 0x00, 0xf5, 0x00, 0x07, 0x00,
    0x11, 0x00, 0x00, 0x00, 0xcc, 0x02, 0x00, 0x00, 0xba, 0x02, 0x00, 0x00, 0xc4, 0x02, 0x00, 0x00,
    0xcb, 0x02, 0x00, 0x00, 0xca, 0x02, 0x00, 0x00, 0x82, 0x00, 0x05, 0x00, 0x11, 0x00, 0x00, 0x00,
    0xcd, 0x02, 0x00, 0x00, 0xc3, 0x02, 0x00, 0x00, 0xb8, 0x00, 0x00, 0x00, 0x82, 0x00, 0x05, 0x00,
    0x11, 0x00, 0x00, 0x00, 0xce, 0x02, 0x00, 0x00, 0xcc, 0x02, 0x00, 0x00, 0xb8, 0x00, 0x00, 0x00,
    0x7c, 0x00, 0x04, 0x00, 0x0f, 0x00, 0x00, 0x00, 0xcf, 0x02, 0x00, 0x00, 0xcd, 0x02, 0x00, 0x00,
    0xc7, 0x00, 0x05, 0x00, 0x0f, 0x00, 0x00, 0x00, 0xd0, 0x02, 0x00, 0x00, 0xcf, 0x02, 0x00, 0x00,
    0xa4, 0x00, 0x00, 0x00, 0x7c, 0x00, 0x04, 0x00, 0x0f, 0x00, 0x00, 0x00, 0xd1, 0x02, 0x00, 0x00,
    0xce, 0x02, 0x00, 0x00, 0xc7, 0x00, 0x05, 0x00, 0x0f, 0x00, 0x00, 0x00, 0xd2, 0x02, 0x00, 0x00,
    0xd1, 0x02, 0x00, 0x00, 0xa4, 0x00, 0x00, 0x00, 0xc3, 0x00, 0x05, 0x00, 0x11, 0x00, 0x00, 0x00,
    0xd3, 0x02, 0x00, 0x00, 0xcd, 0x02, 0x00, 0x00, 0xab, 0x00, 0x00, 0x00, 0x7c, 0x00, 0x04, 0x00,
    0x0f, 0x00, 0x00, 0x00, 0xd4, 0x02, 0x00, 0x00, 0xd3, 0x02, 0x00, 0x00, 0xc7, 0x00, 0x05, 0x00,
    0x0f, 0x00, 0x00, 0x00, 0xd5, 0x02, 0x00, 0x00, 0xd4, 0x02, 0x00, 0x00, 0x46, 0x00, 0x00, 0x00,
    0x7c, 0x00, 0x04, 0x00, 0x11, 0x00, 0x00, 0x00, 0xd6, 0x02, 0x00, 0x00, 0xd5, 0x02, 0x00, 0x00,
    0x80, 0x00, 0x05, 0x00, 0x11, 0x00, 0x00, 0x00, 0xd7, 0x02, 0x00, 0x00, 0xd6, 0x02, 0x00, 0x00,
    0x95, 0x00, 0x00, 0x00, 0x7c, 0x00, 0x04, 0x00, 0x0f, 0x00, 0x00, 0x00, 0xd8, 0x02, 0x00, 0x00,
    0xd7, 0x02, 0x00, 0x00, 0xc7, 0x00, 0x05, 0x00, 0x0f, 0x00, 0x00, 0x00, 0xd9, 0x02, 0x00, 0x00,
    0xd8, 0x02, 0x00, 0x00, 0x46, 0x00, 0x00, 0x00, 0x7c, 0x00, 0x04, 0x00, 0x11, 0x00, 0x00, 0x00,
    0xda, 0x02, 0x00, 0x00, 0xd9, 0x02, 0x00, 0x00, 0xc3, 0x00, 0x05, 0x00, 0x11, 0x00, 0x00, 0x00,
    0xdb, 0x02, 0x00, 0x00, 0xce, 0x02, 0x00, 0x00, 0xab, 0x00, 0x00, 0x00, 0x7c, 0x00, 0x04, 0x00,
    0x0f, 0x00, 0x00, 0x00, 0xdc, 0x02, 0x00, 0x00, 0xdb, 0x02, 0x00, 0x00, 0xc7, 0x00, 0x05, 0x00,
    0x0f, 0x00, 0x00, 0x00, 0xdd, 0x02, 0x00, 0x00, 0xdc, 0x02, 0x00, 0x00, 0x46, 0x00, 0x00, 0x00,
    0x7c, 0x00, 0x04, 0x00, 0x11, 0x00, 0x00, 0x00, 0xde, 0x02, 0x00, 0x00, 0xdd, 0x02, 0x00, 0x00,
    0x80, 0x00, 0x05, 0x00, 0x11, 0x00, 0x00, 0x00, 0xdf, 0x02, 0x00, 0x00, 0xde, 0x02, 0x00, 0x00,
    0x95, 0x00, 0x00, 0x00, 0x7c, 0x00, 0x04, 0x00, 0x0f, 0x00, 0x00, 0x00, 0xe0, 0x02, 0x00, 0x00,
    0xdf, 0x02, 0x00, 0x00, 0xc7, 0x00, 0x05, 0x00, 0x0f, 0x00, 0x00, 0x00, 0xe1, 0x02, 0x00, 0x00,
    0xe0, 0x02, 0x00, 0x00, 0x46, 0x00, 0x00, 0x00, 0x7c, 0x00, 0x04, 0x00, 0x11, 0x00, 0x00, 0x00,
    0xe2, 0x02, 0x00, 0x00, 0xe1, 0x02, 0x00, 0x00, 0xf7, 0x00, 0x03, 0x00, 0xe3, 0x02, 0x00, 0x00,
    0x00, 0x00, 0x00, 0x00, 0xfa, 0x00, 0x04, 0x00, 0x9a, 0x01, 0x00, 0x00, 0xe4, 0x02, 0x00, 0x00,
    0xe3, 0x02, 0x00, 0x00, 0xf8, 0x00, 0x02, 0x00, 0xe4, 0x02, 0x00, 0x00, 0xaa, 0x00, 0x05, 0x00,
    0x9e, 0x00, 0x00, 0x00, 0xe5, 0x02, 0x00, 0x00, 0xda, 0x02, 0x00, 0x00, 0x92, 0x00, 0x00, 0x00,
    0xf9, 0x00, 0x02, 0x00, 0xe3, 0x02, 0x00, 0x00, 0xf8, 0x00, 0x02, 0x00, 0xe3, 0x02, 0x00, 0x00,
    0xf5, 0x00, 0x07, 0x00, 0x9e, 0x00, 0x00, 0x00, 0xe6, 0x02, 0x00, 0x00, 0x9f, 0x00, 0x00, 0x00,
    0xc9, 0x02, 0x00, 0x00, 0xe5, 0x02, 0x00, 0x00, 0xe4, 0x02, 0x00, 0x00, 0xf7, 0x00, 0x03, 0x00,
    0xe7, 0x02, 0x00, 0x00, 0x00, 0x00, 0x00, 0x00, 0xfa, 0x00, 0x04, 0x00, 0xe6, 0x02, 0x00, 0x00,
    0xe8, 0x02, 0x00, 0x00, 0xe7, 0x02, 0x00, 0x00, 0xf8, 0x00, 0x02, 0x00, 0xe8, 0x02, 0x00, 0x00,
    0xae, 0x00, 0x05, 0x00, 0x9e, 0x00, 0x00, 0x00, 0xe9, 0x02, 0x00, 0x00, 0xd0, 0x02, 0x00, 0x00,
    0xaf, 0x00, 0x00, 0x00, 0xf7, 0x00, 0x03, 0x00, 0xea, 0x02, 0x00, 0x00, 0x00, 0x00, 0x00, 0x00,
    0xfa, 0x00, 0x04, 0x00, 0xe9, 0x02, 0x00, 0x00, 0xeb, 0x02, 0x00, 0x00, 0xec, 0x02, 0x00, 0x00,
    0xf8, 0x00, 0x02, 0x00, 0xec, 0x02, 0x00, 0x00, 0x82, 0x00, 0x05, 0x00, 0x11, 0x00, 0x00, 0x00,
    0xed, 0x02, 0x00, 0x00, 0xd6, 0x02, 0x00, 0x00, 0x95, 0x00, 0x00, 0x00, 0xf9, 0x00, 0x02, 0x00,
    0xea, 0x02, 0x00, 0x00, 0xf8, 0x00, 0x02, 0x00, 0xeb, 0x02, 0x00, 0x00, 0x80, 0x00, 0x05, 0x00,
    0x11, 0x00, 0x00, 0x00, 0xee, 0x02, 0x00, 0x00, 0xda, 0x02, 0x00, 0x00, 0x95, 0x00, 0x00, 0x00,
    0xf9, 0x00, 0x02, 0x00, 0xea, 0x02, 0x00, 0x00, 0xf8, 0x00, 0x02, 0x00, 0xea, 0x02, 0x00, 0x00,
    0xf5, 0x00, 0x07, 0x00, 0x11, 0x00, 0x00, 0x00, 0xef, 0x02, 0x00, 0x00, 0xee, 0x02, 0x00, 0x00,
    0xeb, 0x02, 0x00, 0x00, 0xd6, 0x02, 0x00, 0x00, 0xec, 0x02, 0x00, 0x00, 0xf5, 0x00, 0x07, 0x00,
    0x11, 0x00, 0x00, 0x00, 0xf0, 0x02, 0x00, 0x00, 0xda, 0x02, 0x00, 0x00, 0xeb, 0x02, 0x00, 0x00,
    0xed, 0x02, 0x00, 0x00, 0xec, 0x02, 0x00, 0x00, 0xa9, 0x00, 0x06, 0x00, 0x0f, 0x00, 0x00, 0x00,
    0xf1, 0x02, 0x00, 0x00, 0xe9, 0x02, 0x00, 0x00, 0x12, 0x00, 0x00, 0x00, 0xa6, 0x00, 0x00, 0x00,
    0xf9, 0x00, 0x02, 0x00, 0xe7, 0x02, 0x00, 0x00, 0xf8, 0x00, 0x02, 0x00, 0xe7, 0x02, 0x00, 0x00,
    0xf5, 0x00, 0x07, 0x00, 0x0f, 0x00, 0x00, 0x00, 0xf2, 0x02, 0x00, 0x00, 0xd0, 0x02, 0x00, 0x00,
    0xe3, 0x02, 0x00, 0x00, 0xf1, 0x02, 0x00, 0x00, 0xea, 0x02, 0x00, 0x00, 0xf5, 0x00, 0x07, 0x00,
    0x11, 0x00, 0x00, 0x00, 0xf3, 0x02, 0x00, 0x00, 0xda, 0x02, 0x00, 0x00, 0xe3, 0x02, 0x00, 0x00,
    0xef, 0x02, 0x00, 0x00, 0xea, 0x02, 0x00, 0x00, 0xf5, 0x00, 0x07, 0x00, 0x11, 0x00, 0x00, 0x00,
    0xf4, 0x02, 0x00, 0x00, 0xd6, 0x02, 0x00, 0x00, 0xe3, 0x02, 0x00, 0x00, 0xf0, 0x02, 0x00, 0x00,
    0xea, 0x02, 0x00, 0x00, 0xf7, 0x00, 0x03, 0x00, 0xf5, 0x02, 0x00, 0x00, 0x00, 0x00, 0x00, 0x00,
    0xfa, 0x00, 0x04, 0x00, 0xaf, 0x01, 0x00, 0x00, 0xf6, 0x02, 0x00, 0x00, 0xf5, 0x02, 0x00, 0x00,
    0xf8, 0x00, 0x02, 0x00, 0xf6, 0x02, 0x00, 0x00, 0xaa, 0x00, 0x05, 0x00, 0x9e, 0x00, 0x00, 0x00,
    0xf7, 0x02, 0x00, 0x00, 0xe2, 0x02, 0x00, 0x00, 0x92, 0x00, 0x00, 0x00, 0xf9, 0x00, 0x02, 0x00,
    0xf5, 0x02, 0x00, 0x00, 0xf8, 0x00, 0x02, 0x00, 0xf5, 0x02, 0x00, 0x00, 0xf5, 0x00, 0x07, 0x00,
    0x9e, 0x00, 0x00, 0x00, 0xf8, 0x02, 0x00, 0x00, 0x9f, 0x00, 0x00, 0x00, 0xe7, 0x02, 0x00, 0x00,
    0xf7, 0x02, 0x00, 0x00, 0xf6, 0x02, 0x00, 0x00, 0xf7, 0x00, 0x03, 0x00, 0xf9, 0x02, 0x00, 0x00,
    0x00, 0x00, 0x00, 0x00, 0xfa, 0x00, 0x04, 0x00, 0xf8, 0x02, 0x00, 0x00, 0xfa, 0x02, 0x00, 0x00,
    0xf9, 0x02, 0x00, 0x00, 0xf8, 0x00, 0x02, 0x00, 0xfa, 0x02, 0x00, 0x00, 0xae, 0x00, 0x05, 0x00,
    0x9e, 0x00, 0x00, 0x00, 0xfb, 0x02, 0x00, 0x00, 0xd2, 0x02, 0x00, 0x00, 0xaf, 0x00, 0x00, 0x00,
    0xf7, 0x00, 0x03, 0x00, 0xfc, 0x02, 0x00, 0x00, 0x00, 0x00, 0x00, 0x00, 0xfa, 0x00, 0x04, 0x00,
    0xfb, 0x02, 0x00, 0x00, 0xfd, 0x02, 0x00, 0x00, 0xfe, 0x02, 0x00, 0x00, 0xf8, 0x00, 0x02, 0x00,
    0xfe, 0x02, 0x00, 0x00, 0x82, 0x00, 0x05, 0x00, 0x11, 0x00, 0x00, 0x00, 0xff, 0x02, 0x00, 0x00,
    0xde, 0x02, 0x00, 0x00, 0x95, 0x00, 0x00, 0x00, 0xf9, 0x00, 0x02, 0x00, 0xfc, 0x02, 0x00, 0x00,
    0xf8, 0x00, 0x02, 0x00, 0xfd, 0x02, 0x00, 0x00, 0x80, 0x00, 0x05, 0x00, 0x11, 0x00, 0x00, 0x00,
    0x00, 0x03, 0x00, 0x00, 0xe2, 0x02, 0x00, 0x00, 0x95, 0x00, 0x00, 0x00, 0xf9, 0x00, 0x02, 0x00,
    0xfc, 0x02, 0x00, 0x00, 0xf8, 0x00, 0x02, 0x00, 0xfc, 0x02, 0x00, 0x00, 0xf5, 0x00, 0x07, 0x00,
    0x11, 0x00, 0x00, 0x00, 0x01, 0x03, 0x00, 0x00, 0x00, 0x03, 0x00, 0x00, 0xfd, 0x02, 0x00, 0x00,
    0xde, 0x02, 0x00, 0x00, 0xfe, 0x02, 0x00, 0x00, 0xf5, 0x00, 0x07, 0x00, 0x11, 0x00, 0x00, 0x00,
    0x02, 0x03, 0x00, 0x00, 0x92, 0x00, 0x00, 0x00, 0xfd, 0x02, 0x00, 0x00, 0xff, 0x02, 0x00, 0x00,
    0xfe, 0x02, 0x00, 0x00, 0xa9, 0x00, 0x06, 0x00, 0x0f, 0x00, 0x00, 0x00, 0x03, 0x03, 0x00, 0x00,
    0xfb, 0x02, 0x00, 0x00, 0x12, 0x00, 0x00, 0x00, 0xa6, 0x00, 0x00, 0x00, 0xf9, 0x00, 0x02, 0x00,
    0xf9, 0x02, 0x00, 0x00, 0xf8, 0x00, 0x02, 0x00, 0xf9, 0x02, 0x00, 0x00, 0xf5, 0x00, 0x07, 0x00,
    0x0f, 0x00, 0x00, 0x00, 0x04, 0x03, 0x00, 0x00, 0xd2, 0x02, 0x00, 0x00, 0xf5, 0x02, 0x00, 0x00,
    0x03, 0x03, 0x00, 0x00, 0xfc, 0x02, 0x00, 0x00, 0xf5, 0x00, 0x07, 0x00, 0x11, 0x00, 0x00, 0x00,
    0x05, 0x03, 0x00, 0x00, 0xe2, 0x02, 0x00, 0x00, 0xf5, 0x02, 0x00, 0x00, 0x01, 0x03, 0x00, 0x00,
    0xfc, 0x02, 0x00, 0x00, 0xf5, 0x00, 0x07, 0x00, 0x11, 0x00, 0x00, 0x00, 0x06, 0x03, 0x00, 0x00,
    0xde, 0x02, 0x00, 0x00, 0xf5, 0x02, 0x00, 0x00, 0x02, 0x03, 0x00, 0x00, 0xfc, 0x02, 0x00, 0x00,
    0x7c, 0x00, 0x04, 0x00, 0x11, 0x00, 0x00, 0x00, 0x07, 0x03, 0x00, 0x00, 0xb1, 0x02, 0x00, 0x00,
    0x80, 0x00, 0x05, 0x00, 0x11, 0x00, 0x00, 0x00, 0x08, 0x03, 0x00, 0x00, 0x07, 0x03, 0x00, 0x00,
    0xf4, 0x02, 0x00, 0x00, 0x7c, 0x00, 0x04, 0x00, 0x11, 0x00, 0x00, 0x00, 0x09, 0x03, 0x00, 0x00,
    0xb2, 0x02, 0x00, 0x00, 0x80, 0x00, 0x05, 0x00, 0x11, 0x00, 0x00, 0x00, 0x0a, 0x03, 0x00, 0x00,
    0x09, 0x03, 0x00, 0x00, 0x06, 0x03, 0x00, 0x00, 0xaf, 0x00, 0x05, 0x00, 0x9e, 0x00, 0x00, 0x00,
    0x0b, 0x03, 0x00, 0x00, 0x08, 0x03, 0x00, 0x00, 0xbd, 0x00, 0x00, 0x00, 0xf7, 0x00, 0x03, 0x00,
    0x0c, 0x03, 0x00, 0x00, 0x00, 0x00, 0x00, 0x00, 0xfa, 0x00, 0x04, 0x00, 0x0b, 0x03, 0x00, 0x00,
    0x0d, 0x03, 0x00, 0x00, 0x0c, 0x03, 0x00, 0x00, 0xf8, 0x00, 0x02, 0x00, 0x0d, 0x03, 0x00, 0x00,
    0x82, 0x00, 0x05, 0x00, 0x11, 0x00, 0x00, 0x00, 0x0e, 0x03, 0x00, 0x00, 0x08, 0x03, 0x00, 0x00,
    0xbd, 0x00, 0x00, 0x00, 0xc6, 0x00, 0x05, 0x00, 0x11, 0x00, 0x00, 0x00, 0x0f, 0x03, 0x00, 0x00,
    0x0a, 0x03, 0x00, 0x00, 0xbd, 0x00, 0x00, 0x00, 0xf9, 0x00, 0x02, 0x00, 0x0c, 0x03, 0x00, 0x00,
    0xf8, 0x00, 0x02, 0x00, 0x0c, 0x03, 0x00, 0x00, 0xf5, 0x00, 0x07, 0x00, 0x11, 0x00, 0x00, 0x00,
    0x10, 0x03, 0x00, 0x00, 0x08, 0x03, 0x00, 0x00, 0xf9, 0x02, 0x00, 0x00, 0x0e, 0x03, 0x00, 0x00,
    0x0d, 0x03, 0x00, 0x00, 0xf5, 0x00, 0x07, 0x00, 0x11, 0x00, 0x00, 0x00, 0x11, 0x03, 0x00, 0x00,
    0x0a, 0x03, 0x00, 0x00, 0xf9, 0x02, 0x00, 0x00, 0x0f, 0x03, 0x00, 0x00, 0x0d, 0x03, 0x00, 0x00,
    0x87, 0x00, 0x05, 0x00, 0x11, 0x00, 0x00, 0x00, 0x12, 0x03, 0x00, 0x00, 0x11, 0x03, 0x00, 0x00,
    0x97, 0x00, 0x00, 0x00, 0x84, 0x00, 0x05, 0x00, 0x11, 0x00, 0x00, 0x00, 0x13, 0x03, 0x00, 0x00,
    0x12, 0x03, 0x00, 0x00, 0xbe, 0x00, 0x00, 0x00, 0x87, 0x00, 0x05, 0x00, 0x11, 0x00, 0x00, 0x00,
    0x14, 0x03, 0x00, 0x00, 0x10, 0x03, 0x00, 0x00, 0x97, 0x00, 0x00, 0x00, 0x80, 0x00, 0x05, 0x00,
    0x11, 0x00, 0x00, 0x00, 0x15, 0x03, 0x00, 0x00, 0x13, 0x03, 0x00, 0x00, 0x14, 0x03, 0x00, 0x00,
    0x7c, 0x00, 0x04, 0x00, 0x0f, 0x00, 0x00, 0x00, 0x16, 0x03, 0x00, 0x00, 0x15, 0x03, 0x00, 0x00,
    0x53, 0x00, 0x04, 0x00, 0x0f, 0x00, 0x00, 0x00, 0x17, 0x03, 0x00, 0x00, 0x12, 0x00, 0x00, 0x00,
    0x53, 0x00, 0x04, 0x00, 0x0f, 0x00, 0x00, 0x00, 0x18, 0x03, 0x00, 0x00, 0xbf, 0x00, 0x00, 0x00,
    0xa9, 0x00, 0x06, 0x00, 0x0f, 0x00, 0x00, 0x00, 0x19, 0x03, 0x00, 0x00, 0x31, 0x01, 0x00, 0x00,
    0x12, 0x00, 0x00, 0x00, 0xbf, 0x00, 0x00, 0x00, 0xc2, 0x00, 0x05, 0x00, 0x0f, 0x00, 0x00, 0x00,
    0x1a, 0x03, 0x00, 0x00, 0x16, 0x03, 0x00, 0x00, 0x94, 0x00, 0x00, 0x00, 0xc7, 0x00, 0x05, 0x00,
    0x0f, 0x00, 0x00, 0x00, 0x1b, 0x03, 0x00, 0x00, 0x1a, 0x03, 0x00, 0x00, 0xc0, 0x00, 0x00, 0x00,
    0x80, 0x00, 0x05, 0x00, 0x0f, 0x00, 0x00, 0x00, 0x1c, 0x03, 0x00, 0x00, 0x19, 0x03, 0x00, 0x00,
    0x1b, 0x03, 0x00, 0x00, 0x41, 0x00, 0x06, 0x00, 0xd1, 0x00, 0x00, 0x00, 0x1d, 0x03, 0x00, 0x00,
    0x0a, 0x00, 0x00, 0x00, 0x92, 0x00, 0x00, 0x00, 0x1c, 0x03, 0x00, 0x00, 0x3d, 0x00, 0x04, 0x00,
    0x0f, 0x00, 0x00, 0x00, 0x1e, 0x03, 0x00, 0x00, 0x1d, 0x03, 0x00, 0x00, 0xc7, 0x00, 0x05, 0x00,
    0x0f, 0x00, 0x00, 0x00, 0x1f, 0x03, 0x00, 0x00, 0x16, 0x03, 0x00, 0x00, 0x94, 0x00, 0x00, 0x00,
    0xab, 0x00, 0x05, 0x00, 0x9e, 0x00, 0x00, 0x00, 0x20, 0x03, 0x00, 0x00, 0x1f, 0x03, 0x00, 0x00,
    0x12, 0x00, 0x00, 0x00, 0xf7, 0x00, 0x03, 0x00, 0x21, 0x03, 0x00, 0x00, 0x00, 0x00, 0x00, 0x00,
    0xfa, 0x00, 0x04, 0x00, 0x20, 0x03, 0x00, 0x00, 0x22, 0x03, 0x00, 0x00, 0x21, 0x03, 0x00, 0x00,
    0xf8, 0x00, 0x02, 0x00, 0x22, 0x03, 0x00, 0x00, 0xc2, 0x00, 0x05, 0x00, 0x0f, 0x00, 0x00, 0x00,
    0x23, 0x03, 0x00, 0x00, 0x1e, 0x03, 0x00, 0x00, 0x10, 0x00, 0x00, 0x00, 0xf9, 0x00, 0x02, 0x00,
    0x21, 0x03, 0x00, 0x00, 0xf8, 0x00, 0x02, 0x00, 0x21, 0x03, 0x00, 0x00, 0xf5, 0x00, 0x07, 0x00,
    0x0f, 0x00, 0x00, 0x00, 0x24, 0x03, 0x00, 0x00, 0x1e, 0x03, 0x00, 0x00, 0x0c, 0x03, 0x00, 0x00,
    0x23, 0x03, 0x00, 0x00, 0x22, 0x03, 0x00, 0x00, 0xc7, 0x00, 0x05, 0x00, 0x11, 0x00, 0x00, 0x00,
    0x25, 0x03, 0x00, 0x00, 0x06, 0x03, 0x00, 0x00, 0x95, 0x00, 0x00, 0x00, 0xaa, 0x00, 0x05, 0x00,
    0x9e, 0x00, 0x00, 0x00, 0x26, 0x03, 0x00, 0x00, 0x25, 0x03, 0x00, 0x00, 0x92, 0x00, 0x00, 0x00,
    0xf7, 0x00, 0x03, 0x00, 0x27, 0x03, 0x00, 0x00, 0x00, 0x00, 0x00, 0x00, 0xfa, 0x00, 0x04, 0x00,
    0x26, 0x03, 0x00, 0x00, 0x28, 0x03, 0x00, 0x00, 0x27, 0x03, 0x00, 0x00, 0xf8, 0x00, 0x02, 0x00,
    0x28, 0x03, 0x00, 0x00, 0xc2, 0x00, 0x05, 0x00, 0x0f, 0x00, 0x00, 0x00, 0x29, 0x03, 0x00, 0x00,
    0x24, 0x03, 0x00, 0x00, 0x15, 0x00, 0x00, 0x00, 0xf9, 0x00, 0x02, 0x00, 0x27, 0x03, 0x00, 0x00,
    0xf8, 0x00, 0x02, 0x00, 0x27, 0x03, 0x00, 0x00, 0xf5, 0x00, 0x07, 0x00, 0x0f, 0x00, 0x00, 0x00,
    0x2a, 0x03, 0x00, 0x00, 0x24, 0x03, 0x00, 0x00, 0x21, 0x03, 0x00, 0x00, 0x29, 0x03, 0x00, 0x00,
    0x28, 0x03, 0x00, 0x00, 0xc7, 0x00, 0x05, 0x00, 0x11, 0x00, 0x00, 0x00, 0x2b, 0x03, 0x00, 0x00,
    0xf4, 0x02, 0x00, 0x00, 0x95, 0x00, 0x00, 0x00, 0xaa, 0x00, 0x05, 0x00, 0x9e, 0x00, 0x00, 0x00,
    0x2c, 0x03, 0x00, 0x00, 0x2b, 0x03, 0x00, 0x00, 0x92, 0x00, 0x00, 0x00, 0xf7, 0x00, 0x03, 0x00,
    0x2d, 0x03, 0x00, 0x00, 0x00, 0x00, 0x00, 0x00, 0xfa, 0x00, 0x04, 0x00, 0x2c, 0x03, 0x00, 0x00,
    0x2e, 0x03, 0x00, 0x00, 0x2d, 0x03, 0x00, 0x00, 0xf8, 0x00, 0x02, 0x00, 0x2e, 0x03, 0x00, 0x00,
    0xc2, 0x00, 0x05, 0x00, 0x0f, 0x00, 0x00, 0x00, 0x2f, 0x03, 0x00, 0x00, 0x2a, 0x03, 0x00, 0x00,
    0xb9, 0x00, 0x00, 0x00, 0xf9, 0x00, 0x02, 0x00, 0x2d, 0x03, 0x00, 0x00, 0xf8, 0x00, 0x02, 0x00,
    0x2d, 0x03, 0x00, 0x00, 0xf5, 0x00, 0x07, 0x00, 0x0f, 0x00, 0x00, 0x00, 0x30, 0x03, 0x00, 0x00,
    0x2a, 0x03, 0x00, 0x00, 0x27, 0x03, 0x00, 0x00, 0x2f, 0x03, 0x00, 0x00, 0x2e, 0x03, 0x00, 0x00,
    0xc7, 0x00, 0x05, 0x00, 0x0f, 0x00, 0x00, 0x00, 0x31, 0x03, 0x00, 0x00, 0x30, 0x03, 0x00, 0x00,
    0xc1, 0x00, 0x00, 0x00, 0xc4, 0x00, 0x05, 0x00, 0x0f, 0x00, 0x00, 0x00, 0x32, 0x03, 0x00, 0x00,
    0x31, 0x03, 0x00, 0x00, 0xb9, 0x00, 0x00, 0x00, 0x80, 0x00, 0x05, 0x00, 0x11, 0x00, 0x00, 0x00,
    0x33, 0x03, 0x00, 0x00, 0x07, 0x03, 0x00, 0x00, 0xf3, 0x02, 0x00, 0x00, 0xaf, 0x00, 0x05, 0x00,
    0x9e, 0x00, 0x00, 0x00, 0x34, 0x03, 0x00, 0x00, 0x33, 0x03, 0x00, 0x00, 0xbd, 0x00, 0x00, 0x00,
    0xf7, 0x00, 0x03, 0x00, 0x35, 0x03, 0x00, 0x00, 0x00, 0x00, 0x00, 0x00, 0xfa, 0x00, 0x04, 0x00,
    0x34, 0x03, 0x00, 0x00, 0x36, 0x03, 0x00, 0x00, 0x35, 0x03, 0x00, 0x00, 0xf8, 0x00, 0x02, 0x00,
    0x36, 0x03, 0x00, 0x00, 0x82, 0x00, 0x05, 0x00, 0x11, 0x00, 0x00, 0x00, 0x37, 0x03, 0x00, 0x00,
    0x33, 0x03, 0x00, 0x00, 0xbd, 0x00, 0x00, 0x00, 0xc6, 0x00, 0x05, 0x00, 0x11, 0x00, 0x00, 0x00,
    0x38, 0x03, 0x00, 0x00, 0x0a, 0x03, 0x00, 0x00, 0xbd, 0x00, 0x00, 0x00, 0xf9, 0x00, 0x02, 0x00,
    0x35, 0x03, 0x00, 0x00, 0xf8, 0x00, 0x02, 0x00, 0x35, 0x03, 0x00, 0x00, 0xf5, 0x00, 0x07, 0x00,
    0x11, 0x00, 0x00, 0x00, 0x39, 0x03, 0x00, 0x00, 0x33, 0x03, 0x00, 0x00, 0x2d, 0x03, 0x00, 0x00,
    0x37, 0x03, 0x00, 0x00, 0x36, 0x03, 0x00, 0x00, 0xf5, 0x00, 0x07, 0x00, 0x11, 0x00, 0x00, 0x00,
    0x3a, 0x03, 0x00, 0x00, 0x0a, 0x03, 0x00, 0x00, 0x2d, 0x03, 0x00, 0x00, 0x38, 0x03, 0x00, 0x00,
    0x36, 0x03, 0x00, 0x00, 0x87, 0x00, 0x05, 0x00, 0x11, 0x00, 0x00, 0x00, 0x3b, 0x03, 0x00, 0x00,
    0x3a, 0x03, 0x00, 0x00, 0x97, 0x00, 0x00, 0x00, 0x84, 0x00, 0x05, 0x00, 0x11, 0x00, 0x00, 0x00,
    0x3c, 0x03, 0x00, 0x00, 0x3b, 0x03, 0x00, 0x00, 0xbe, 0x00, 0x00, 0x00, 0x87, 0x00, 0x05, 0x00,
    0x11, 0x00, 0x00, 0x00, 0x3d, 0x03, 0x00, 0x00, 0x39, 0x03, 0x00, 0x00, 0x97, 0x00, 0x00, 0x00,
    0x80, 0x00, 0x05, 0x00, 0x11, 0x00, 0x00, 0x00, 0x3e, 0x03, 0x00, 0x00, 0x3c, 0x03, 0x00, 0x00,
    0x3d, 0x03, 0x00, 0x00, 0x7c, 0x00, 0x04, 0x00, 0x0f, 0x00, 0x00, 0x00, 0x3f, 0x03, 0x00, 0x00,
    0x3e, 0x03, 0x00, 0x00, 0xc2, 0x00, 0x05, 0x00, 0x0f, 0x00, 0x00, 0x00, 0x40, 0x03, 0x00, 0x00,
    0x3f, 0x03, 0x00, 0x00, 0x94, 0x00, 0x00, 0x00, 0xc7, 0x00, 0x05, 0x00, 0x0f, 0x00, 0x00, 0x00,
    0x41, 0x03, 0x00, 0x00, 0x40, 0x03, 0x00, 0x00, 0xc0, 0x00, 0x00, 0x00, 0x80, 0x00, 0x05, 0x00,
    0x0f, 0x00, 0x00, 0x00, 0x42, 0x03, 0x00, 0x00, 0x19, 0x03, 0x00, 0x00, 0x41, 0x03, 0x00, 0x00,
    0x41, 0x00, 0x06, 0x00, 0xd1, 0x00, 0x00, 0x00, 0x43, 0x03, 0x00, 0x00, 0x0a, 0x00, 0x00, 0x00,
    0x92, 0x00, 0x00, 0x00, 0x42, 0x03, 0x00, 0x00, 0x3d, 0x00, 0x04, 0x00, 0x0f, 0x00, 0x00, 0x00,
    0x44, 0x03, 0x00, 0x00, 0x43, 0x03, 0x00, 0x00, 0xc7, 0x00, 0x05, 0x00, 0x0f, 0x00, 0x00, 0x00,
    0x45, 0x03, 0x00, 0x00, 0x3f, 0x03, 0x00, 0x00, 0x94, 0x00, 0x00, 0x00, 0xab, 0x00, 0x05, 0x00,
    0x9e, 0x00, 0x00, 0x00, 0x46, 0x03, 0x00, 0x00, 0x45, 0x03, 0x00, 0x00, 0x12, 0x00, 0x00, 0x00,
    0xf7, 0x00, 0x03, 0x00, 0x47, 0x03, 0x00, 0x00, 0x00, 0x00, 0x00, 0x00, 0xfa, 0x00, 0x04, 0x00,
    0x46, 0x03, 0x00, 0x00, 0x48, 0x03, 0x00, 0x00, 0x47, 0x03, 0x00, 0x00, 0xf8, 0x00, 0x02, 0x00,
    0x48, 0x03, 0x00, 0x00, 0xc2, 0x00, 0x05, 0x00, 0x0f, 0x00, 0x00, 0x00, 0x49, 0x03, 0x00, 0x00,
    0x44, 0x03, 0x00, 0x00, 0x10, 0x00, 0x00, 0x00, 0xf9, 0x00, 0x02, 0x00, 0x47, 0x03, 0x00, 0x00,
    0xf8, 0x00, 0x02, 0x00, 0x47, 0x03, 0x00, 0x00, 0xf5, 0x00, 0x07, 0x00, 0x0f, 0x00, 0x00, 0x00,
    0x4a, 0x03, 0x00, 0x00, 0x44, 0x03, 0x00, 0x00, 0x35, 0x03, 0x00, 0x00, 0x49, 0x03, 0x00, 0x00,
    0x48, 0x03, 0x00, 0x00, 0xf7, 0x00, 0x03, 0x00, 0x4b, 0x03, 0x00, 0x00, 0x00, 0x00, 0x00, 0x00,
    0xfa, 0x00, 0x04, 0x00, 0x26, 0x03, 0x00, 0x00, 0x4c, 0x03, 0x00, 0x00, 0x4b, 0x03, 0x00, 0x00,
    0xf8, 0x00, 0x02, 0x00, 0x4c, 0x03, 0x00, 0x00, 0xc2, 0x00, 0x05, 0x00, 0x0f, 0x00, 0x00, 0x00,
    0x4d, 0x03, 0x00, 0x00, 0x4a, 0x03, 0x00, 0x00, 0x15, 0x00, 0x00, 0x00, 0xf9, 0x00, 0x02, 0x00,
    0x4b, 0x03, 0x00, 0x00, 0xf8, 0x00, 0x02, 0x00, 0x4b, 0x03, 0x00, 0x00, 0xf5, 0x00, 0x07, 0x00,
    0x0f, 0x00, 0x00, 0x00, 0x4e, 0x03, 0x00, 0x00, 0x4a, 0x03, 0x00, 0x00, 0x47, 0x03, 0x00, 0x00,
    0x4d, 0x03, 0x00, 0x00, 0x4c, 0x03, 0x00, 0x00, 0xc7, 0x00, 0x05, 0x00, 0x11, 0x00, 0x00, 0x00,
    0x4f, 0x03, 0x00, 0x00, 0xf3, 0x02, 0x00, 0x00, 0x95, 0x00, 0x00, 0x00, 0xaa, 0x00, 0x05, 0x00,
    0x9e, 0x00, 0x00, 0x00, 0x50, 0x03, 0x00, 0x00, 0x4f, 0x03, 0x00, 0x00, 0x92, 0x00, 0x00, 0x00,
    0xf7, 0x00, 0x03, 0x00, 0x51, 0x03, 0x00, 0x00, 0x00, 0x00, 0x00, 0x00, 0xfa, 0x00, 0x04, 0x00,
    0x50, 0x03, 0x00, 0x00, 0x52, 0x03, 0x00, 0x00, 0x51, 0x03, 0x00, 0x00, 0xf8, 0x00, 0x02, 0x00,
    0x52, 0x03, 0x00, 0x00, 0xc2, 0x00, 0x05, 0x00, 0x0f, 0x00, 0x00, 0x00, 0x53, 0x03, 0x00, 0x00,
    0x4e, 0x03, 0x00, 0x00, 0xb9, 0x00, 0x00, 0x00, 0xf9, 0x00, 0x02, 0x00, 0x51, 0x03, 0x00, 0x00,
    0xf8, 0x00, 0x02, 0x00, 0x51, 0x03, 0x00, 0x00, 0xf5, 0x00, 0x07, 0x00, 0x0f, 0x00, 0x00, 0x00,
    0x54, 0x03, 0x00, 0x00, 0x4e, 0x03, 0x00, 0x00, 0x4b, 0x03, 0x00, 0x00, 0x53, 0x03, 0x00, 0x00,
    0x52, 0x03, 0x00, 0x00, 0xc7, 0x00, 0x05, 0x00, 0x0f, 0x00, 0x00, 0x00, 0x55, 0x03, 0x00, 0x00,
    0x54, 0x03, 0x00, 0x00, 0xc1, 0x00, 0x00, 0x00, 0xc4, 0x00, 0x05, 0x00, 0x0f, 0x00, 0x00, 0x00,
    0x56, 0x03, 0x00, 0x00, 0x55, 0x03, 0x00, 0x00, 0xb9, 0x00, 0x00, 0x00, 0x80, 0x00, 0x05, 0x00,
    0x11, 0x00, 0x00, 0x00, 0x57, 0x03, 0x00, 0x00, 0x09, 0x03, 0x00, 0x00, 0x05, 0x03, 0x00, 0x00,
    0xf7, 0x00, 0x03, 0x00, 0x58, 0x03, 0x00, 0x00, 0x00, 0x00, 0x00, 0x00, 0xfa, 0x00, 0x04, 0x00,
    0x0b, 0x03, 0x00, 0x00, 0x59, 0x03, 0x00, 0x00, 0x58, 0x03, 0x00, 0x00, 0xf8, 0x00, 0x02, 0x00,
    0x59, 0x03, 0x00, 0x00, 0x82, 0x00, 0x05, 0x00, 0x11, 0x00, 0x00, 0x00, 0x5a, 0x03, 0x00, 0x00,
    0x08, 0x03, 0x00, 0x00, 0xbd, 0x00, 0x00, 0x00, 0xc6, 0x00, 0x05, 0x00, 0x11, 0x00, 0x00, 0x00,
    0x5b, 0x03, 0x00, 0x00, 0x57, 0x03, 0x00, 0x00, 0xbd, 0x00, 0x00, 0x00, 0xf9, 0x00, 0x02, 0x00,
    0x58, 0x03, 0x00, 0x00, 0xf8, 0x00, 0x02, 0x00, 0x58, 0x03, 0x00, 0x00, 0xf5, 0x00, 0x07, 0x00,
    0x11, 0x00, 0x00, 0x00, 0x5c, 0x03, 0x00, 0x00, 0x08, 0x03, 0x00, 0x00, 0x51, 0x03, 0x00, 0x00,
    0x5a, 0x03, 0x00, 0x00, 0x59, 0x03, 0x00, 0x00, 0xf5, 0x00, 0x07, 0x00, 0x11, 0x00, 0x00, 0x00,
    0x5d, 0x03, 0x00, 0x00, 0x57, 0x03, 0x00, 0x00, 0x51, 0x03, 0x00, 0x00, 0x5b, 0x03, 0x00, 0x00,
    0x59, 0x03, 0x00, 0x00, 0x87, 0x00, 0x05, 0x00, 0x11, 0x00, 0x00, 0x00, 0x5e, 0x03, 0x00, 0x00,
    0x5d, 0x03, 0x00, 0x00, 0x97, 0x00, 0x00, 0x00, 0x84, 0x00, 0x05, 0x00, 0x11, 0x00, 0x00, 0x00,
    0x5f, 0x03, 0x00, 0x00, 0x5e, 0x03, 0x00, 0x00, 0xbe, 0x00, 0x00, 0x00, 0x87, 0x00, 0x05, 0x00,
    0x11, 0x00, 0x00, 0x00, 0x60, 0x03, 0x00, 0x00, 0x5c, 0x03, 0x00, 0x00, 0x97, 0x00, 0x00, 0x00,
    0x80, 0x00, 0x05, 0x00, 0x11, 0x00, 0x00, 0x00, 0x61, 0x03, 0x00, 0x00, 0x5f, 0x03, 0x00, 0x00,
    0x60, 0x03, 0x00, 0x00, 0x7c, 0x00, 0x04, 0x00, 0x0f, 0x00, 0x00, 0x00, 0x62, 0x03, 0x00, 0x00,
    0x61, 0x03, 0x00, 0x00, 0xc2, 0x00, 0x05, 0x00, 0x0f, 0x00, 0x00, 0x00, 0x63, 0x03, 0x00, 0x00,
    0x62, 0x03, 0x00, 0x00, 0x94, 0x00, 0x00, 0x00, 0xc7, 0x00, 0x05, 0x00, 0x0f, 0x00, 0x00, 0x00,
    0x64, 0x03, 0x00, 0x00, 0x63, 0x03, 0x00, 0x00, 0xc0, 0x00, 0x00, 0x00, 0x80, 0x00, 0x05, 0x00,
    0x0f, 0x00, 0x00, 0x00, 0x65, 0x03, 0x00, 0x00, 0x19, 0x03, 0x00, 0x00, 0x64, 0x03, 0x00, 0x00,
    0x41, 0x00, 0x06, 0x00, 0xd1, 0x00, 0x00, 0x00, 0x66, 0x03, 0x00, 0x00, 0x0a, 0x00, 0x00, 0x00,
    0x92, 0x00, 0x00, 0x00, 0x65, 0x03, 0x00, 0x00, 0x3d, 0x00, 0x04, 0x00, 0x0f, 0x00, 0x00, 0x00,
    0x67, 0x03, 0x00, 0x00, 0x66, 0x03, 0x00, 0x00, 0xc7, 0x00, 0x05, 0x00, 0x0f, 0x00, 0x00, 0x00,
    0x68, 0x03, 0x00, 0x00, 0x62, 0x03, 0x00, 0x00, 0x94, 0x00, 0x00, 0x00, 0xab, 0x00, 0x05, 0x00,
    0x9e, 0x00, 0x00, 0x00, 0x69, 0x03, 0x00, 0x00, 0x68, 0x03, 0x00, 0x00, 0x12, 0x00, 0x00, 0x00,
    0xf7, 0x00, 0x03, 0x00, 0x6a, 0x03, 0x00, 0x00, 0x00, 0x00, 0x00, 0x00, 0xfa, 0x00, 0x04, 0x00,
    0x69, 0x03, 0x00, 0x00, 0x6b, 0x03, 0x00, 0x00, 0x6a, 0x03, 0x00, 0x00, 0xf8, 0x00, 0x02, 0x00,
    0x6b, 0x03, 0x00, 0x00, 0xc2, 0x00, 0x05, 0x00, 0x0f, 0x00, 0x00, 0x00, 0x6c, 0x03, 0x00, 0x00,
    0x67, 0x03, 0x00, 0x00, 0x10, 0x00, 0x00, 0x00, 0xf9, 0x00, 0x02, 0x00, 0x6a, 0x03, 0x00, 0x00,
    0xf8, 0x00, 0x02, 0x00, 0x6a, 0x03, 0x00, 0x00, 0xf5, 0x00, 0x07, 0x00, 0x0f, 0x00, 0x00, 0x00,
    0x6d, 0x03, 0x00, 0x00, 0x67, 0x03, 0x00, 0x00, 0x58, 0x03, 0x00, 0x00, 0x6c, 0x03, 0x00, 0x00,
    0x6b, 0x03, 0x00, 0x00, 0xc7, 0x00, 0x05, 0x00, 0x11, 0x00, 0x00, 0x00, 0x6e, 0x03, 0x00, 0x00,
    0x05, 0x03, 0x00, 0x00, 0x95, 0x00, 0x00, 0x00, 0xaa, 0x00, 0x05, 0x00, 0x9e, 0x00, 0x00, 0x00,
    0x6f, 0x03, 0x00, 0x00, 0x6e, 0x03, 0x00, 0x00, 0x92, 0x00, 0x00, 0x00, 0xf7, 0x00, 0x03, 0x00,
    0x70, 0x03, 0x00, 0x00, 0x00, 0x00, 0x00, 0x00, 0xfa, 0x00, 0x04, 0x00, 0x6f, 0x03, 0x00, 0x00,
    0x71, 0x03, 0x00, 0x00, 0x70, 0x03, 0x00, 0x00, 0xf8, 0x00, 0x02, 0x00, 0x71, 0x03, 0x00, 0x00,
    0xc2, 0x00, 0x05, 0x00, 0x0f, 0x00, 0x00, 0x00, 0x72, 0x03, 0x00, 0x00, 0x6d, 0x03, 0x00, 0x00,
    0x15, 0x00, 0x00, 0x00, 0xf9, 0x00, 0x02, 0x00, 0x70, 0x03, 0x00, 0x00, 0xf8, 0x00, 0x02, 0x00,
    0x70, 0x03, 0x00, 0x00, 0xf5, 0x00, 0x07, 0x00, 0x0f, 0x00, 0x00, 0x00, 0x73, 0x03, 0x00, 0x00,
    0x6d, 0x03, 0x00, 0x00, 0x6a, 0x03, 0x00, 0x00, 0x72, 0x03, 0x00, 0x00, 0x71, 0x03, 0x00, 0x00,
    0xf7, 0x00, 0x03, 0x00, 0x74, 0x03, 0x00, 0x00, 0x00, 0x00, 0x00, 0x00, 0xfa, 0x00, 0x04, 0x00,
    0x2c, 0x03, 0x00, 0x00, 0x75, 0x03, 0x00, 0x00, 0x74, 0x03, 0x00, 0x00, 0xf8, 0x00, 0x02, 0x00,
    0x75, 0x03, 0x00, 0x00, 0xc2, 0x00, 0x05, 0x00, 0x0f, 0x00, 0x00, 0x00, 0x76, 0x03, 0x00, 0x00,
    0x73, 0x03, 0x00, 0x00, 0xb9, 0x00, 0x00, 0x00, 0xf9, 0x00, 0x02, 0x00, 0x74, 0x03, 0x00, 0x00,
    0xf8, 0x00, 0x02, 0x00, 0x74, 0x03, 0x00, 0x00, 0xf5, 0x00, 0x07, 0x00, 0x0f, 0x00, 0x00, 0x00,
    0x77, 0x03, 0x00, 0x00, 0x73, 0x03, 0x00, 0x00, 0x70, 0x03, 0x00, 0x00, 0x76, 0x03, 0x00, 0x00,
    0x75, 0x03, 0x00, 0x00, 0xc7, 0x00, 0x05, 0x00, 0x0f, 0x00, 0x00, 0x00, 0x78, 0x03, 0x00, 0x00,
    0x77, 0x03, 0x00, 0x00, 0xc1, 0x00, 0x00, 0x00, 0xc4, 0x00, 0x05, 0x00, 0x0f, 0x00, 0x00, 0x00,
    0x79, 0x03, 0x00, 0x00, 0x78, 0x03, 0x00, 0x00, 0xb9, 0x00, 0x00, 0x00, 0xf7, 0x00, 0x03, 0x00,
    0x7a, 0x03, 0x00, 0x00, 0x00, 0x00, 0x00, 0x00, 0xfa, 0x00, 0x04, 0x00, 0x34, 0x03, 0x00, 0x00,
    0x7b, 0x03, 0x00, 0x00, 0x7a, 0x03, 0x00, 0x00, 0xf8, 0x00, 0x02, 0x00, 0x7b, 0x03, 0x00, 0x00,
    0x82, 0x00, 0x05, 0x00, 0x11, 0x00, 0x00, 0x00, 0x7c, 0x03, 0x00, 0x00, 0x33, 0x03, 0x00, 0x00,
    0xbd, 0x00, 0x00, 0x00, 0xc6, 0x00, 0x05, 0x00, 0x11, 0x00, 0x00, 0x00, 0x7d, 0x03, 0x00, 0x00,
    0x57, 0x03, 0x00, 0x00, 0xbd, 0x00, 0x00, 0x00, 0xf9, 0x00, 0x02, 0x00, 0x7a, 0x03, 0x00, 0x00,
    0xf8, 0x00, 0x02, 0x00, 0x7a, 0x03, 0x00, 0x00, 0xf5, 0x00, 0x07, 0x00, 0x11, 0x00, 0x00, 0x00,
    0x7e, 0x03, 0x00, 0x00, 0x33, 0x03, 0x00, 0x00, 0x74, 0x03, 0x00, 0x00, 0x7c, 0x03, 0x00, 0x00,
    0x7b, 0x03, 0x00, 0x00, 0xf5, 0x00, 0x07, 0x00, 0x11, 0x00, 0x00, 0x00, 0x7f, 0x03, 0x00, 0x00,
    0x57, 0x03, 0x00, 0x00, 0x74, 0x03, 0x00, 0x00, 0x7d, 0x03, 0x00, 0x00, 0x7b, 0x03, 0x00, 0x00,
    0x87, 0x00, 0x05, 0x00, 0x11, 0x00, 0x00, 0x00, 0x80, 0x03, 0x00, 0x00, 0x7f, 0x03, 0x00, 0x00,
    0x97, 0x00, 0x00, 0x00, 0x84, 0x00, 0x05, 0x00, 0x11, 0x00, 0x00, 0x00, 0x81, 0x03, 0x00, 0x00,
    0x80, 0x03, 0x00, 0x00, 0xbe, 0x00, 0x00, 0x00, 0x87, 0x00, 0x05, 0x00, 0x11, 0x00, 0x00, 0x00,
    0x82, 0x03, 0x00, 0x00, 0x7e, 0x03, 0x00, 0x00, 0x97, 0x00, 0x00, 0x00, 0x80, 0x00, 0x05, 0x00,
    0x11, 0x00, 0x00, 0x00, 0x83, 0x03, 0x00, 0x00, 0x81, 0x03, 0x00, 0x00, 0x82, 0x03, 0x00, 0x00,
    0x7c, 0x00, 0x04, 0x00, 0x0f, 0x00, 0x00, 0x00, 0x84, 0x03, 0x00, 0x00, 0x83, 0x03, 0x00, 0x00,
    0xc2, 0x00, 0x05, 0x00, 0x0f, 0x00, 0x00, 0x00, 0x85, 0x03, 0x00, 0x00, 0x84, 0x03, 0x00, 0x00,
    0x94, 0x00, 0x00, 0x00, 0xc7, 0x00, 0x05, 0x00, 0x0f, 0x00, 0x00, 0x00, 0x86, 0x03, 0x00, 0x00,
    0x85, 0x03, 0x00, 0x00, 0xc0, 0x00, 0x00, 0x00, 0x80, 0x00, 0x05, 0x00, 0x0f, 0x00, 0x00, 0x00,
    0x87, 0x03, 0x00, 0x00, 0x19, 0x03, 0x00, 0x00, 0x86, 0x03, 0x00, 0x00, 0x41, 0x00, 0x06, 0x00,
    0xd1, 0x00, 0x00, 0x00, 0x88, 0x03, 0x00, 0x00, 0x0a, 0x00, 0x00, 0x00, 0x92, 0x00, 0x00, 0x00,
    0x87, 0x03, 0x00, 0x00, 0x3d, 0x00, 0x04, 0x00, 0x0f, 0x00, 0x00, 0x00, 0x89, 0x03, 0x00, 0x00,
    0x88, 0x03, 0x00, 0x00, 0xc7, 0x00, 0x05, 0x00, 0x0f, 0x00, 0x00, 0x00, 0x8a, 0x03, 0x00, 0x00,
    0x84, 0x03, 0x00, 0x00, 0x94, 0x00, 0x00, 0x00, 0xab, 0x00, 0x05, 0x00, 0x9e, 0x00, 0x00, 0x00,
    0x8b, 0x03, 0x00, 0x00, 0x8a, 0x03, 0x00, 0x00, 0x12, 0x00, 0x00, 0x00, 0xf7, 0x00, 0x03, 0x00,
    0x8c, 0x03, 0x00, 0x00, 0x00, 0x00, 0x00, 0x00, 0xfa, 0x00, 0x04, 0x00, 0x8b, 0x03, 0x00, 0x00,
    0x8d, 0x03, 0x00, 0x00, 0x8c, 0x03, 0x00, 0x00, 0xf8, 0x00, 0x02, 0x00, 0x8d, 0x03, 0x00, 0x00,
    0xc2, 0x00, 0x05, 0x00, 0x0f, 0x00, 0x00, 0x00, 0x8e, 0x03, 0x00, 0x00, 0x89, 0x03, 0x00, 0x00,
    0x10, 0x00, 0x00, 0x00, 0xf9, 0x00, 0x02, 0x00, 0x8c, 0x03, 0x00, 0x00, 0xf8, 0x00, 0x02, 0x00,
    0x8c, 0x03, 0x00, 0x00, 0xf5, 0x00, 0x07, 0x00, 0x0f, 0x00, 0x00, 0x00, 0x8f, 0x03, 0x00, 0x00,
    0x89, 0x03, 0x00, 0x00, 0x7a, 0x03, 0x00, 0x00, 0x8e, 0x03, 0x00, 0x00, 0x8d, 0x03, 0x00, 0x00,
    0xf7, 0x00, 0x03, 0x00, 0x90, 0x03, 0x00, 0x00, 0x00, 0x00, 0x00, 0x00, 0xfa, 0x00, 0x04, 0x00,
    0x6f, 0x03, 0x00, 0x00, 0x91, 0x03, 0x00, 0x00, 0x90, 0x03, 0x00, 0x00, 0xf8, 0x00, 0x02, 0x00,
    0x91, 0x03, 0x00, 0x00, 0xc2, 0x00, 0x05, 0x00, 0x0f, 0x00, 0x00, 0x00, 0x92, 0x03, 0x00, 0x00,
    0x8f, 0x03, 0x00, 0x00, 0x15, 0x00, 0x00, 0x00, 0xf9, 0x00, 0x02, 0x00, 0x90, 0x03, 0x00, 0x00,
    0xf8, 0x00, 0x02, 0x00, 0x90, 0x03, 0x00, 0x00, 0xf5, 0x00, 0x07, 0x00, 0x0f, 0x00, 0x00, 0x00,
    0x93, 0x03, 0x00, 0x00, 0x8f, 0x03, 0x00, 0x00, 0x8c, 0x03, 0x00, 0x00, 0x92, 0x03, 0x00, 0x00,
    0x91, 0x03, 0x00, 0x00, 0xf7, 0x00, 0x03, 0x00, 0x94, 0x03, 0x00, 0x00, 0x00, 0x00, 0x00, 0x00,
    0xfa, 0x00, 0x04, 0x00, 0x50, 0x03, 0x00, 0x00, 0x95, 0x03, 0x00, 0x00, 0x94, 0x03, 0x00, 0x00,
    0xf8, 0x00, 0x02, 0x00, 0x95, 0x03, 0x00, 0x00, 0xc2, 0x00, 0x05, 0x00, 0x0f, 0x00, 0x00, 0x00,
    0x96, 0x03, 0x00, 0x00, 0x93, 0x03, 0x00, 0x00, 0xb9, 0x00, 0x00, 0x00, 0xf9, 0x00, 0x02, 0x00,
    0x94, 0x03, 0x00, 0x00, 0xf8, 0x00, 0x02, 0x00, 0x94, 0x03, 0x00, 0x00, 0xf5, 0x00, 0x07, 0x00,
    0x0f, 0x00, 0x00, 0x00, 0x97, 0x03, 0x00, 0x00, 0x93, 0x03, 0x00, 0x00, 0x90, 0x03, 0x00, 0x00,
    0x96, 0x03, 0x00, 0x00, 0x95, 0x03, 0x00, 0x00, 0xc7, 0x00, 0x05, 0x00, 0x0f, 0x00, 0x00, 0x00,
    0x98, 0x03, 0x00, 0x00, 0x97, 0x03, 0x00, 0x00, 0xc1, 0x00, 0x00, 0x00, 0xc4, 0x00, 0x05, 0x00,
    0x0f, 0x00, 0x00, 0x00, 0x99, 0x03, 0x00, 0x00, 0x98, 0x03, 0x00, 0x00, 0xb9, 0x00, 0x00, 0x00,
    0xf7, 0x00, 0x03, 0x00, 0x9a, 0x03, 0x00, 0x00, 0x00, 0x00, 0x00, 0x00, 0xfa, 0x00, 0x04, 0x00,
    0xf1, 0x00, 0x00, 0x00, 0x9b, 0x03, 0x00, 0x00, 0x9a, 0x03, 0x00, 0x00, 0xf8, 0x00, 0x02, 0x00,
    0x9b, 0x03, 0x00, 0x00, 0xab, 0x00, 0x05, 0x00, 0x9e, 0x00, 0x00, 0x00, 0x9c, 0x03, 0x00, 0x00,
    0x32, 0x03, 0x00, 0x00, 0xba, 0x00, 0x00, 0x00, 0xf7, 0x00, 0x03, 0x00, 0x9d, 0x03, 0x00, 0x00,
    0x00, 0x00, 0x00, 0x00, 0xfa, 0x00, 0x04, 0x00, 0x9c, 0x03, 0x00, 0x00, 0x9e, 0x03, 0x00, 0x00,
    0x9d, 0x03, 0x00, 0x00, 0xf8, 0x00, 0x02, 0x00, 0x9e, 0x03, 0x00, 0x00, 0xc5, 0x00, 0x05, 0x00,
    0x0f, 0x00, 0x00, 0x00, 0x9f, 0x03, 0x00, 0x00, 0x32, 0x03, 0x00, 0x00, 0xbb, 0x00, 0x00, 0x00,
    0xf9, 0x00, 0x02, 0x00, 0x9d, 0x03, 0x00, 0x00, 0xf8, 0x00, 0x02, 0x00, 0x9d, 0x03, 0x00, 0x00,
    0xf5, 0x00, 0x07, 0x00, 0x0f, 0x00, 0x00, 0x00, 0xa0, 0x03, 0x00, 0x00, 0x32, 0x03, 0x00, 0x00,
    0x9b, 0x03, 0x00, 0x00, 0x9f, 0x03, 0x00, 0x00, 0x9e, 0x03, 0x00, 0x00, 0xab, 0x00, 0x05, 0x00,
    0x9e, 0x00, 0x00, 0x00, 0xa1, 0x03, 0x00, 0x00, 0x56, 0x03, 0x00, 0x00, 0xba, 0x00, 0x00, 0x00,
    0xf7, 0x00, 0x03, 0x00, 0xa2, 0x03, 0x00, 0x00, 0x00, 0x00, 0x00, 0x00, 0xfa, 0x00, 0x04, 0x00,
    0xa1, 0x03, 0x00, 0x00, 0xa3, 0x03, 0x00, 0x00, 0xa2, 0x03, 0x00, 0x00, 0xf8, 0x00, 0x02, 0x00,
    0xa3, 0x03, 0x00, 0x00, 0xc5, 0x00, 0x05, 0x00, 0x0f, 0x00, 0x00, 0x00, 0xa4, 0x03, 0x00, 0x00,
    0x56, 0x03, 0x00, 0x00, 0xbb, 0x00, 0x00, 0x00, 0xf9, 0x00, 0x02, 0x00, 0xa2, 0x03, 0x00, 0x00,
    0xf8, 0x00, 0x02, 0x00, 0xa2, 0x03, 0x00, 0x00, 0xf5, 0x00, 0x07, 0x00, 0x0f, 0x00, 0x00, 0x00,
    0xa5, 0x03, 0x00, 0x00, 0x56, 0x03, 0x00, 0x00, 0x9d, 0x03, 0x00, 0x00, 0xa4, 0x03, 0x00, 0x00,
    0xa3, 0x03, 0x00, 0x00, 0xab, 0x00, 0x05, 0x00, 0x9e, 0x00, 0x00, 0x00, 0xa6, 0x03, 0x00, 0x00,
    0x79, 0x03, 0x00, 0x00, 0xba, 0x00, 0x00, 0x00, 0xf7, 0x00, 0x03, 0x00, 0xa7, 0x03, 0x00, 0x00,
    0x00, 0x00, 0x00, 0x00, 0xfa, 0x00, 0x04, 0x00, 0xa6, 0x03, 0x00, 0x00, 0xa8, 0x03, 0x00, 0x00,
    0xa7, 0x03, 0x00, 0x00, 0xf8, 0x00, 0x02, 0x00, 0xa8, 0x03, 0x00, 0x00, 0xc5, 0x00, 0x05, 0x00,
    0x0f, 0x00, 0x00, 0x00, 0xa9, 0x03, 0x00, 0x00, 0x79, 0x03, 0x00, 0x00, 0xbb, 0x00, 0x00, 0x00,
    0xf9, 0x00, 0x02, 0x00, 0xa7, 0x03, 0x00, 0x00, 0xf8, 0x00, 0x02, 0x00, 0xa7, 0x03, 0x00, 0x00,
    0xf5, 0x00, 0x07, 0x00, 0x0f, 0x00, 0x00, 0x00, 0xaa, 0x03, 0x00, 0x00, 0x79, 0x03, 0x00, 0x00,
    0xa2, 0x03, 0x00, 0x00, 0xa9, 0x03, 0x00, 0x00, 0xa8, 0x03, 0x00, 0x00, 0xab, 0x00, 0x05, 0x00,
    0x9e, 0x00, 0x00, 0x00, 0xab, 0x03, 0x00, 0x00, 0x99, 0x03, 0x00, 0x00, 0xba, 0x00, 0x00, 0x00,
    0xf7, 0x00, 0x03, 0x00, 0xac, 0x03, 0x00, 0x00, 0x00, 0x00, 0x00, 0x00, 0xfa, 0x00, 0x04, 0x00,
    0xab, 0x03, 0x00, 0x00, 0xad, 0x03, 0x00, 0x00, 0xac, 0x03, 0x00, 0x00, 0xf8, 0x00, 0x02, 0x00,
    0xad, 0x03, 0x00, 0x00, 0xc5, 0x00, 0x05, 0x00, 0x0f, 0x00, 0x00, 0x00, 0xae, 0x03, 0x00, 0x00,
    0x99, 0x03, 0x00, 0x00, 0xbb, 0x00, 0x00, 0x00, 0xf9, 0x00, 0x02, 0x00, 0xac, 0x03, 0x00, 0x00,
    0xf8, 0x00, 0x02, 0x00, 0xac, 0x03, 0x00, 0x00, 0xf5, 0x00, 0x07, 0x00, 0x0f, 0x00, 0x00, 0x00,
    0xaf, 0x03, 0x00, 0x00, 0x99, 0x03, 0x00, 0x00, 0xa7, 0x03, 0x00, 0x00, 0xae, 0x03, 0x00, 0x00,
    0xad, 0x03, 0x00, 0x00, 0xaa, 0x00, 0x05, 0x00, 0x9e, 0x00, 0x00, 0x00, 0xb0, 0x03, 0x00, 0x00,
    0xa0, 0x03, 0x00, 0x00, 0xba, 0x00, 0x00, 0x00, 0xf7, 0x00, 0x03, 0x00, 0xb1, 0x03, 0x00, 0x00,
    0x00, 0x00, 0x00, 0x00, 0xfa, 0x00, 0x04, 0x00, 0xb0, 0x03, 0x00, 0x00, 0xb2, 0x03, 0x00, 0x00,
    0xb1, 0x03, 0x00, 0x00, 0xf8, 0x00, 0x02, 0x00, 0xb2, 0x03, 0x00, 0x00, 0xc7, 0x00, 0x05, 0x00,
    0x0f, 0x00, 0x00, 0x00, 0xb3, 0x03, 0x00, 0x00, 0xa5, 0x03, 0x00, 0x00, 0xa4, 0x00, 0x00, 0x00,
    0xf9, 0x00, 0x02, 0x00, 0xb1, 0x03, 0x00, 0x00, 0xf8, 0x00, 0x02, 0x00, 0xb1, 0x03, 0x00, 0x00,
    0xf5, 0x00, 0x07, 0x00, 0x0f, 0x00, 0x00, 0x00, 0xb4, 0x03, 0x00, 0x00, 0xa0, 0x03, 0x00, 0x00,
    0xac, 0x03, 0x00, 0x00, 0xb3, 0x03, 0x00, 0x00, 0xb2, 0x03, 0x00, 0x00, 0xaa, 0x00, 0x05, 0x00,
    0x9e, 0x00, 0x00, 0x00, 0xb5, 0x03, 0x00, 0x00, 0xa5, 0x03, 0x00, 0x00, 0xba, 0x00, 0x00, 0x00,
    0xf7, 0x00, 0x03, 0x00, 0xb6, 0x03, 0x00, 0x00, 0x00, 0x00, 0x00, 0x00, 0xfa, 0x00, 0x04, 0x00,
    0xb5, 0x03, 0x00, 0x00, 0xb7, 0x03, 0x00, 0x00, 0xb6, 0x03, 0x00, 0x00, 0xf8, 0x00, 0x02, 0x00,
    0xb7, 0x03, 0x00, 0x00, 0xc7, 0x00, 0x05, 0x00, 0x0f, 0x00, 0x00, 0x00, 0xb8, 0x03, 0x00, 0x00,
    0xb4, 0x03, 0x00, 0x00, 0xa4, 0x00, 0x00, 0x00, 0xf9, 0x00, 0x02, 0x00, 0xb6, 0x03, 0x00, 0x00,
    0xf8, 0x00, 0x02, 0x00, 0xb6, 0x03, 0x00, 0x00, 0xf5, 0x00, 0x07, 0x00, 0x0f, 0x00, 0x00, 0x00,
    0xb9, 0x03, 0x00, 0x00, 0xa5, 0x03, 0x00, 0x00, 0xb1, 0x03, 0x00, 0x00, 0xb8, 0x03, 0x00, 0x00,
    0xb7, 0x03, 0x00, 0x00, 0xaa, 0x00, 0x05, 0x00, 0x9e, 0x00, 0x00, 0x00, 0xba, 0x03, 0x00, 0x00,
    0xaa, 0x03, 0x00, 0x00, 0xba, 0x00, 0x00, 0x00, 0xf7, 0x00, 0x03, 0x00, 0xbb, 0x03, 0x00, 0x00,
    0x00, 0x00, 0x00, 0x00, 0xfa, 0x00, 0x04, 0x00, 0xba, 0x03, 0x00, 0x00, 0xbc, 0x03, 0x00, 0x00,
    0xbb, 0x03, 0x00, 0x00, 0xf8, 0x00, 0x02, 0x00, 0xbc, 0x03, 0x00, 0x00, 0xc7, 0x00, 0x05, 0x00,
    0x0f, 0x00, 0x00, 0x00, 0xbd, 0x03, 0x00, 0x00, 0xaf, 0x03, 0x00, 0x00, 0xa4, 0x00, 0x00, 0x00,
    0xf9, 0x00, 0x02, 0x00, 0xbb, 0x03, 0x00, 0x00, 0xf8, 0x00, 0x02, 0x00, 0xbb, 0x03, 0x00, 0x00,
    0xf5, 0x00, 0x07, 0x00, 0x0f, 0x00, 0x00, 0x00, 0xbe, 0x03, 0x00, 0x00, 0xaa, 0x03, 0x00, 0x00,
    0xb6, 0x03, 0x00, 0x00, 0xbd, 0x03, 0x00, 0x00, 0xbc, 0x03, 0x00, 0x00, 0xaa, 0x00, 0x05, 0x00,
    0x9e, 0x00, 0x00, 0x00, 0xbf, 0x03, 0x00, 0x00, 0xaf, 0x03, 0x00, 0x00, 0xba, 0x00, 0x00, 0x00,
    0xf7, 0x00, 0x03, 0x00, 0xc0, 0x03, 0x00, 0x00, 0x00, 0x00, 0x00, 0x00, 0xfa, 0x00, 0x04, 0x00,
    0xbf, 0x03, 0x00, 0x00, 0xc1, 0x03, 0x00, 0x00, 0xc0, 0x03, 0x00, 0x00, 0xf8, 0x00, 0x02, 0x00,
    0xc1, 0x03, 0x00, 0x00, 0xc7, 0x00, 0x05, 0x00, 0x0f, 0x00, 0x00, 0x00, 0xc2, 0x03, 0x00, 0x00,
    0xbe, 0x03, 0x00, 0x00, 0xa4, 0x00, 0x00, 0x00, 0xf9, 0x00, 0x02, 0x00, 0xc0, 0x03, 0x00, 0x00,
    0xf8, 0x00, 0x02, 0x00, 0xc0, 0x03, 0x00, 0x00, 0xf5, 0x00, 0x07, 0x00, 0x0f, 0x00, 0x00, 0x00,
    0xc3, 0x03, 0x00, 0x00, 0xaf, 0x03, 0x00, 0x00, 0xbb, 0x03, 0x00, 0x00, 0xc2, 0x03, 0x00, 0x00,
    0xc1, 0x03, 0x00, 0x00, 0xf9, 0x00, 0x02, 0x00, 0x9a, 0x03, 0x00, 0x00, 0xf8, 0x00, 0x02, 0x00,
    0x9a, 0x03, 0x00, 0x00, 0xf5, 0x00, 0x07, 0x00, 0x0f, 0x00, 0x00, 0x00, 0xc4, 0x03, 0x00, 0x00,
    0x99, 0x03, 0x00, 0x00, 0x94, 0x03, 0x00, 0x00, 0xc3, 0x03, 0x00, 0x00, 0xc0, 0x03, 0x00, 0x00,
    0xf5, 0x00, 0x07, 0x00, 0x0f, 0x00, 0x00, 0x00, 0xc5, 0x03, 0x00, 0x00, 0x79, 0x03, 0x00, 0x00,
    0x94, 0x03, 0x00, 0x00, 0xbe, 0x03, 0x00, 0x00, 0xc0, 0x03, 0x00, 0x00, 0xf5, 0x00, 0x07, 0x00,
    0x0f, 0x00, 0x00, 0x00, 0xc6, 0x03, 0x00, 0x00, 0x56, 0x03, 0x00, 0x00, 0x94, 0x03, 0x00, 0x00,
    0xb9, 0x03, 0x00, 0x00, 0xc0, 0x03, 0x00, 0x00, 0xf5, 0x00, 0x07, 0x00, 0x0f, 0x00, 0x00, 0x00,
    0xc7, 0x03, 0x00, 0x00, 0x32, 0x03, 0x00, 0x00, 0x94, 0x03, 0x00, 0x00, 0xb4, 0x03, 0x00, 0x00,
    0xc0, 0x03, 0x00, 0x00, 0x82, 0x00, 0x05, 0x00, 0x0f, 0x00, 0x00, 0x00, 0xc8, 0x03, 0x00, 0x00,
    0xc6, 0x03, 0x00, 0x00, 0xc7, 0x03, 0x00, 0x00, 0x84, 0x00, 0x05, 0x00, 0x0f, 0x00, 0x00, 0x00,
    0xc9, 0x03, 0x00, 0x00, 0xc8, 0x03, 0x00, 0x00, 0xf2, 0x02, 0x00, 0x00, 0xc2, 0x00, 0x05, 0x00,
    0x0f, 0x00, 0x00, 0x00, 0xca, 0x03, 0x00, 0x00, 0xc9, 0x03, 0x00, 0x00, 0x15, 0x00, 0x00, 0x00,
    0x80, 0x00, 0x05, 0x00, 0x0f, 0x00, 0x00, 0x00, 0xcb, 0x03, 0x00, 0x00, 0xc7, 0x03, 0x00, 0x00,
    0xca, 0x03, 0x00, 0x00, 0xc7, 0x00, 0x05, 0x00, 0x0f, 0x00, 0x00, 0x00, 0xcc, 0x03, 0x00, 0x00,
    0xcb, 0x03, 0x00, 0x00, 0xbc, 0x00, 0x00, 0x00, 0x82, 0x00, 0x05, 0x00, 0x0f, 0x00, 0x00, 0x00,
    0xcd, 0x03, 0x00, 0x00, 0xc4, 0x03, 0x00, 0x00, 0xc5, 0x03, 0x00, 0x00, 0x84, 0x00, 0x05, 0x00,
    0x0f, 0x00, 0x00, 0x00, 0xce, 0x03, 0x00, 0x00, 0xcd, 0x03, 0x00, 0x00, 0xf2, 0x02, 0x00, 0x00,
    0xc2, 0x00, 0x05, 0x00, 0x0f, 0x00, 0x00, 0x00, 0xcf, 0x03, 0x00, 0x00, 0xce, 0x03, 0x00, 0x00,
    0x15, 0x00, 0x00, 0x00, 0x80, 0x00, 0x05, 0x00, 0x0f, 0x00, 0x00, 0x00, 0xd0, 0x03, 0x00, 0x00,
    0xc5, 0x03, 0x00, 0x00, 0xcf, 0x03, 0x00, 0x00, 0xc7, 0x00, 0x05, 0x00, 0x0f, 0x00, 0x00, 0x00,
    0xd1, 0x03, 0x00, 0x00, 0xd0, 0x03, 0x00, 0x00, 0xbc, 0x00, 0x00, 0x00, 0xf7, 0x00, 0x03, 0x00,
    0xd2, 0x03, 0x00, 0x00, 0x00, 0x00, 0x00, 0x00, 0xfa, 0x00, 0x04, 0x00, 0xf1, 0x00, 0x00, 0x00,
    0xd3, 0x03, 0x00, 0x00, 0xd2, 0x03, 0x00, 0x00, 0xf8, 0x00, 0x02, 0x00, 0xd3, 0x03, 0x00, 0x00,
    0xaa, 0x00, 0x05, 0x00, 0x9e, 0x00, 0x00, 0x00, 0xd4, 0x03, 0x00, 0x00, 0xcc, 0x03, 0x00, 0x00,
    0xba, 0x00, 0x00, 0x00, 0xf7, 0x00, 0x03, 0x00, 0xd5, 0x03, 0x00, 0x00, 0x00, 0x00, 0x00, 0x00,
    0xfa, 0x00, 0x04, 0x00, 0xd4, 0x03, 0x00, 0x00, 0xd6, 0x03, 0x00, 0x00, 0xd5, 0x03, 0x00, 0x00,
    0xf8, 0x00, 0x02, 0x00, 0xd6, 0x03, 0x00, 0x00, 0xc7, 0x00, 0x05, 0x00, 0x0f, 0x00, 0x00, 0x00,
    0xd7, 0x03, 0x00, 0x00, 0xd0, 0x03, 0x00, 0x00, 0xa4, 0x00, 0x00, 0x00, 0xf9, 0x00, 0x02, 0x00,
    0xd5, 0x03, 0x00, 0x00, 0xf8, 0x00, 0x02, 0x00, 0xd5, 0x03, 0x00, 0x00, 0xf5, 0x00, 0x07, 0x00,
    0x0f, 0x00, 0x00, 0x00, 0xd8, 0x03, 0x00, 0x00, 0xcc, 0x03, 0x00, 0x00, 0xd3, 0x03, 0x00, 0x00,
    0xd7, 0x03, 0x00, 0x00, 0xd6, 0x03, 0x00, 0x00, 0xaa, 0x00, 0x05, 0x00, 0x9e, 0x00, 0x00, 0x00,
    0xd9, 0x03, 0x00, 0x00, 0xd1, 0x03, 0x00, 0x00, 0xba, 0x00, 0x00, 0x00, 0xf7, 0x00, 0x03, 0x00,
    0xda, 0x03, 0x00, 0x00, 0x00, 0x00, 0x00, 0x00, 0xfa, 0x00, 0x04, 0x00, 0xd9, 0x03, 0x00, 0x00,
    0xdb, 0x03, 0x00, 0x00, 0xda, 0x03, 0x00, 0x00, 0xf8, 0x00, 0x02, 0x00, 0xdb, 0x03, 0x00, 0x00,
    0xc7, 0x00, 0x05, 0x00, 0x0f, 0x00, 0x00, 0x00, 0xdc, 0x03, 0x00, 0x00, 0xd8, 0x03, 0x00, 0x00,
    0xa4, 0x00, 0x00, 0x00, 0xf9, 0x00, 0x02, 0x00, 0xda, 0x03, 0x00, 0x00, 0xf8, 0x00, 0x02, 0x00,
    0xda, 0x03, 0x00, 0x00, 0xf5, 0x00, 0x07, 0x00, 0x0f, 0x00, 0x00, 0x00, 0xdd, 0x03, 0x00, 0x00,
    0xd1, 0x03, 0x00, 0x00, 0xd5, 0x03, 0x00, 0x00, 0xdc, 0x03, 0x00, 0x00, 0xdb, 0x03, 0x00, 0x00,
    0xf9, 0x00, 0x02, 0x00, 0xd2, 0x03, 0x00, 0x00, 0xf8, 0x00, 0x02, 0x00, 0xd2, 0x03, 0x00, 0x00,
    0xf5, 0x00, 0x07, 0x00, 0x0f, 0x00, 0x00, 0x00, 0xde, 0x03, 0x00, 0x00, 0xd1, 0x03, 0x00, 0x00,
    0x9a, 0x03, 0x00, 0x00, 0xdd, 0x03, 0x00, 0x00, 0xda, 0x03, 0x00, 0x00, 0xf5, 0x00, 0x07, 0x00,
    0x0f, 0x00, 0x00, 0x00, 0xdf, 0x03, 0x00, 0x00, 0xcc, 0x03, 0x00, 0x00, 0x9a, 0x03, 0x00, 0x00,
    0xd8, 0x03, 0x00, 0x00, 0xda, 0x03, 0x00, 0x00, 0x82, 0x00, 0x05, 0x00, 0x0f, 0x00, 0x00, 0x00,
    0xe0, 0x03, 0x00, 0x00, 0xde, 0x03, 0x00, 0x00, 0xdf, 0x03, 0x00, 0x00, 0x84, 0x00, 0x05, 0x00,
    0x0f, 0x00, 0x00, 0x00, 0xe1, 0x03, 0x00, 0x00, 0xe0, 0x03, 0x00, 0x00, 0x04, 0x03, 0x00, 0x00,
    0xc2, 0x00, 0x05, 0x00, 0x0f, 0x00, 0x00, 0x00, 0xe2, 0x03, 0x00, 0x00, 0xe1, 0x03, 0x00, 0x00,
    0x15, 0x00, 0x00, 0x00, 0x80, 0x00, 0x05, 0x00, 0x0f, 0x00, 0x00, 0x00, 0xe3, 0x03, 0x00, 0x00,
    0xdf, 0x03, 0x00, 0x00, 0xe2, 0x03, 0x00, 0x00, 0xc7, 0x00, 0x05, 0x00, 0x0f, 0x00, 0x00, 0x00,
    0xe4, 0x03, 0x00, 0x00, 0xe3, 0x03, 0x00, 0x00, 0xbc, 0x00, 0x00, 0x00, 0x7e, 0x00, 0x04, 0x00,
    0x11, 0x00, 0x00, 0x00, 0xe5, 0x03, 0x00, 0x00, 0x0c, 0x01, 0x00, 0x00, 0x7c, 0x00, 0x04, 0x00,
    0x11, 0x00, 0x00, 0x00, 0xe6, 0x03, 0x00, 0x00, 0xb5, 0x02, 0x00, 0x00, 0xc7, 0x00, 0x05, 0x00,
    0x11, 0x00, 0x00, 0x00, 0xe7, 0x03, 0x00, 0x00, 0xe6, 0x03, 0x00, 0x00, 0x9c, 0x00, 0x00, 0x00,
    0xc3, 0x00, 0x05, 0x00, 0x11, 0x00, 0x00, 0x00, 0xe8, 0x03, 0x00, 0x00, 0xe5, 0x03, 0x00, 0x00,
    0xe7, 0x03, 0x00, 0x00, 0x0c, 0x00, 0x07, 0x00, 0x11, 0x00, 0x00, 0x00, 0xe9, 0x03, 0x00, 0x00,
    0x01, 0x00, 0x00, 0x00, 0x27, 0x00, 0x00, 0x00, 0xe8, 0x03, 0x00, 0x00, 0xa0, 0x00, 0x00, 0x00,
    0x7c, 0x00, 0x04, 0x00, 0x0f, 0x00, 0x00, 0x00, 0xea, 0x03, 0x00, 0x00, 0xe9, 0x03, 0x00, 0x00,
    0x82, 0x00, 0x05, 0x00, 0x0f, 0x00, 0x00, 0x00, 0xeb, 0x03, 0x00, 0x00, 0xe4, 0x03, 0x00, 0x00,
    0x9d, 0x02, 0x00, 0x00, 0x84, 0x00, 0x05, 0x00, 0x0f, 0x00, 0x00, 0x00, 0xec, 0x03, 0x00, 0x00,
    0xeb, 0x03, 0x00, 0x00, 0xea, 0x03, 0x00, 0x00, 0xc2, 0x00, 0x05, 0x00, 0x0f, 0x00, 0x00, 0x00,
    0xed, 0x03, 0x00, 0x00, 0xec, 0x03, 0x00, 0x00, 0x15, 0x00, 0x00, 0x00, 0x80, 0x00, 0x05, 0x00,
    0x0f, 0x00, 0x00, 0x00, 0xee, 0x03, 0x00, 0x00, 0x9d, 0x02, 0x00, 0x00, 0xed, 0x03, 0x00, 0x00,
    0xc7, 0x00, 0x05, 0x00, 0x0f, 0x00, 0x00, 0x00, 0xef, 0x03, 0x00, 0x00, 0xee, 0x03, 0x00, 0x00,
    0xbc, 0x00, 0x00, 0x00, 0xf9, 0x00, 0x02, 0x00, 0xad, 0x02, 0x00, 0x00, 0xf8, 0x00, 0x02, 0x00,
    0xad, 0x02, 0x00, 0x00, 0xf5, 0x00, 0x07, 0x00, 0x0f, 0x00, 0x00, 0x00, 0xf0, 0x03, 0x00, 0x00,
    0x9d, 0x02, 0x00, 0x00, 0xa9, 0x02, 0x00, 0x00, 0xef, 0x03, 0x00, 0x00, 0xd2, 0x03, 0x00, 0x00,
    0xf9, 0x00, 0x02, 0x00, 0xa3, 0x02, 0x00, 0x00, 0xf8, 0x00, 0x02, 0x00, 0xa4, 0x02, 0x00, 0x00,
    0x80, 0x00, 0x05, 0x00, 0x11, 0x00, 0x00, 0x00, 0xf1, 0x03, 0x00, 0x00, 0x0e, 0x01, 0x00, 0x00,
    0x95, 0x00, 0x00, 0x00, 0xaa, 0x00, 0x05, 0x00, 0x9e, 0x00, 0x00, 0x00, 0xf2, 0x03, 0x00, 0x00,
    0xf1, 0x03, 0x00, 0x00, 0xa2, 0x00, 0x00, 0x00, 0xf7, 0x00, 0x03, 0x00, 0xf3, 0x03, 0x00, 0x00,
    0x00, 0x00, 0x00, 0x00, 0xfa, 0x00, 0x04, 0x00, 0xf2, 0x03, 0x00, 0x00, 0xf4, 0x03, 0x00, 0x00,
    0xf5, 0x03, 0x00, 0x00, 0xf8, 0x00, 0x02, 0x00, 0xf5, 0x03, 0x00, 0x00, 0x41, 0x00, 0x05, 0x00,
    0xd6, 0x00, 0x00, 0x00, 0xf6, 0x03, 0x00, 0x00, 0x06, 0x00, 0x00, 0x00, 0x95, 0x00, 0x00, 0x00,
    0x3d, 0x00, 0x04, 0x00, 0x0f, 0x00, 0x00, 0x00, 0xf7, 0x03, 0x00, 0x00, 0xf6, 0x03, 0x00, 0x00,
    0xc7, 0x00, 0x05, 0x00, 0x0f, 0x00, 0x00, 0x00, 0xf8, 0x03, 0x00, 0x00, 0xf7, 0x03, 0x00, 0x00,
    0xa5, 0x00, 0x00, 0x00, 0xc2, 0x00, 0x05, 0x00, 0x0f, 0x00, 0x00, 0x00, 0xf9, 0x03, 0x00, 0x00,
    0xf7, 0x03, 0x00, 0x00, 0x10, 0x00, 0x00, 0x00, 0xc2, 0x00, 0x05, 0x00, 0x0f, 0x00, 0x00, 0x00,
    0xfa, 0x03, 0x00, 0x00, 0xde, 0x00, 0x00, 0x00, 0xb1, 0x00, 0x00, 0x00, 0xc7, 0x00, 0x05, 0x00,
    0x0f, 0x00, 0x00, 0x00, 0xfb, 0x03, 0x00, 0x00, 0xfa, 0x03, 0x00, 0x00, 0xa1, 0x00, 0x00, 0x00,
    0xc4, 0x00, 0x05, 0x00, 0x0f, 0x00, 0x00, 0x00, 0xfc, 0x03, 0x00, 0x00, 0xb0, 0x00, 0x00, 0x00,
    0xfb, 0x03, 0x00, 0x00, 0x7c, 0x00, 0x04, 0x00, 0x0f, 0x00, 0x00, 0x00, 0xfd, 0x03, 0x00, 0x00,
    0xf1, 0x03, 0x00, 0x00, 0xc7, 0x00, 0x05, 0x00, 0x0f, 0x00, 0x00, 0x00, 0xfe, 0x03, 0x00, 0x00,
    0xfd, 0x03, 0x00, 0x00, 0x93, 0x00, 0x00, 0x00, 0xc2, 0x00, 0x05, 0x00, 0x0f, 0x00, 0x00, 0x00,
    0xff, 0x03, 0x00, 0x00, 0xfc, 0x03, 0x00, 0x00, 0xfe, 0x03, 0x00, 0x00, 0xc2, 0x00, 0x05, 0x00,
    0x0f, 0x00, 0x00, 0x00, 0x00, 0x04, 0x00, 0x00, 0xde, 0x00, 0x00, 0x00, 0xb2, 0x00, 0x00, 0x00,
    0xc7, 0x00, 0x05, 0x00, 0x0f, 0x00, 0x00, 0x00, 0x01, 0x04, 0x00, 0x00, 0x00, 0x04, 0x00, 0x00,
    0xa1, 0x00, 0x00, 0x00, 0xc4, 0x00, 0x05, 0x00, 0x0f, 0x00, 0x00, 0x00, 0x02, 0x04, 0x00, 0x00,
    0xb0, 0x00, 0x00, 0x00, 0x01, 0x04, 0x00, 0x00, 0xc2, 0x00, 0x05, 0x00, 0x0f, 0x00, 0x00, 0x00,
    0x03, 0x04, 0x00, 0x00, 0x02, 0x04, 0x00, 0x00, 0xfe, 0x03, 0x00, 0x00, 0x82, 0x00, 0x05, 0x00,
    0x0f, 0x00, 0x00, 0x00, 0x04, 0x04, 0x00, 0x00, 0xf8, 0x03, 0x00, 0x00, 0xb3, 0x00, 0x00, 0x00,
    0xc2, 0x00, 0x05, 0x00, 0x0f, 0x00, 0x00, 0x00, 0x05, 0x04, 0x00, 0x00, 0x04, 0x04, 0x00, 0x00,
    0xfe, 0x03, 0x00, 0x00, 0xc7, 0x00, 0x05, 0x00, 0x0f, 0x00, 0x00, 0x00, 0x06, 0x04, 0x00, 0x00,
    0x05, 0x04, 0x00, 0x00, 0xb4, 0x00, 0x00, 0x00, 0x82, 0x00, 0x05, 0x00, 0x0f, 0x00, 0x00, 0x00,
    0x07, 0x04, 0x00, 0x00, 0xf9, 0x03, 0x00, 0x00, 0xb5, 0x00, 0x00, 0x00, 0xc2, 0x00, 0x05, 0x00,
    0x0f, 0x00, 0x00, 0x00, 0x08, 0x04, 0x00, 0x00, 0x07, 0x04, 0x00, 0x00, 0xfe, 0x03, 0x00, 0x00,
    0xc7, 0x00, 0x05, 0x00, 0x0f, 0x00, 0x00, 0x00, 0x09, 0x04, 0x00, 0x00, 0x08, 0x04, 0x00, 0x00,
    0xb6, 0x00, 0x00, 0x00, 0xc7, 0x00, 0x05, 0x00, 0x11, 0x00, 0x00, 0x00, 0x0a, 0x04, 0x00, 0x00,
    0xf1, 0x03, 0x00, 0x00, 0x95, 0x00, 0x00, 0x00, 0xab, 0x00, 0x05, 0x00, 0x9e, 0x00, 0x00, 0x00,
    0x0b, 0x04, 0x00, 0x00, 0x0a, 0x04, 0x00, 0x00, 0x92, 0x00, 0x00, 0x00, 0xa5, 0x00, 0x05, 0x00,
    0x9e, 0x00, 0x00, 0x00, 0x0c, 0x04, 0x00, 0x00, 0x0b, 0x04, 0x00, 0x00, 0x31, 0x01, 0x00, 0x00,
    0xa9, 0x00, 0x06, 0x00, 0x0f, 0x00, 0x00, 0x00, 0x0d, 0x04, 0x00, 0x00, 0x0c, 0x04, 0x00, 0x00,
    0x94, 0x00, 0x00, 0x00, 0x12, 0x00, 0x00, 0x00, 0xc7, 0x00, 0x05, 0x00, 0x11, 0x00, 0x00, 0x00,
    0x0e, 0x04, 0x00, 0x00, 0xf1, 0x03, 0x00, 0x00, 0x9c, 0x00, 0x00, 0x00, 0xc3, 0x00, 0x05, 0x00,
    0x11, 0x00, 0x00, 0x00, 0x0f, 0x04, 0x00, 0x00, 0x1e, 0x01, 0x00, 0x00, 0x0e, 0x04, 0x00, 0x00,
    0xc3, 0x00, 0x05, 0x00, 0x11, 0x00, 0x00, 0x00, 0x10, 0x04, 0x00, 0x00, 0x2e, 0x01, 0x00, 0x00,
    0x0e, 0x04, 0x00, 0x00, 0xf9, 0x00, 0x02, 0x00, 0xf3, 0x03, 0x00, 0x00, 0xf8, 0x00, 0x02, 0x00,
    0xf4, 0x03, 0x00, 0x00, 0x41, 0x00, 0x05, 0x00, 0xd6, 0x00, 0x00, 0x00, 0x11, 0x04, 0x00, 0x00,
    0x06, 0x00, 0x00, 0x00, 0x97, 0x00, 0x00, 0x00, 0x3d, 0x00, 0x04, 0x00, 0x0f, 0x00, 0x00, 0x00,
    0x12, 0x04, 0x00, 0x00, 0x11, 0x04, 0x00, 0x00, 0xc7, 0x00, 0x05, 0x00, 0x0f, 0x00, 0x00, 0x00,
    0x13, 0x04, 0x00, 0x00, 0x12, 0x04, 0x00, 0x00, 0xa5, 0x00, 0x00, 0x00, 0xc2, 0x00, 0x05, 0x00,
    0x0f, 0x00, 0x00, 0x00, 0x14, 0x04, 0x00, 0x00, 0x12, 0x04, 0x00, 0x00, 0x10, 0x00, 0x00, 0x00,
    0xa9, 0x00, 0x06, 0x00, 0x0f, 0x00, 0x00, 0x00, 0x15, 0x04, 0x00, 0x00, 0x31, 0x01, 0x00, 0x00,
    0x12, 0x00, 0x00, 0x00, 0x94, 0x00, 0x00, 0x00, 0xc2, 0x00, 0x05, 0x00, 0x0f, 0x00, 0x00, 0x00,
    0x16, 0x04, 0x00, 0x00, 0xde, 0x00, 0x00, 0x00, 0x15, 0x00, 0x00, 0x00, 0xc7, 0x00, 0x05, 0x00,
    0x0f, 0x00, 0x00, 0x00, 0x17, 0x04, 0x00, 0x00, 0x16, 0x04, 0x00, 0x00, 0x96, 0x00, 0x00, 0x00,
    0xc4, 0x00, 0x05, 0x00, 0x0f, 0x00, 0x00, 0x00, 0x18, 0x04, 0x00, 0x00, 0x94, 0x00, 0x00, 0x00,
    0x17, 0x04, 0x00, 0x00, 0x7c, 0x00, 0x04, 0x00, 0x11, 0x00, 0x00, 0x00, 0x19, 0x04, 0x00, 0x00,
    0x18, 0x04, 0x00, 0x00, 0xc7, 0x00, 0x05, 0x00, 0x11, 0x00, 0x00, 0x00, 0x1a, 0x04, 0x00, 0x00,
    0x19, 0x04, 0x00, 0x00, 0x9c, 0x00, 0x00, 0x00, 0xc4, 0x00, 0x05, 0x00, 0x11, 0x00, 0x00, 0x00,
    0x1b, 0x04, 0x00, 0x00, 0x1e, 0x01, 0x00, 0x00, 0x1a, 0x04, 0x00, 0x00, 0xc4, 0x00, 0x05, 0x00,
    0x11, 0x00, 0x00, 0x00, 0x1c, 0x04, 0x00, 0x00, 0x2e, 0x01, 0x00, 0x00, 0x1a, 0x04, 0x00, 0x00,
    0xf9, 0x00, 0x02, 0x00, 0xf3, 0x03, 0x00, 0x00, 0xf8, 0x00, 0x02, 0x00, 0xf3, 0x03, 0x00, 0x00,
    0xf5, 0x00, 0x07, 0x00, 0x0f, 0x00, 0x00, 0x00, 0x1d, 0x04, 0x00, 0x00, 0x15, 0x04, 0x00, 0x00,
    0xf4, 0x03, 0x00, 0x00, 0x0d, 0x04, 0x00, 0x00, 0xf5, 0x03, 0x00, 0x00, 0xf5, 0x00, 0x07, 0x00,
    0x0f, 0x00, 0x00, 0x00, 0x1e, 0x04, 0x00, 0x00, 0x14, 0x04, 0x00, 0x00, 0xf4, 0x03, 0x00, 0x00,
    0x09, 0x04, 0x00, 0x00, 0xf5, 0x03, 0x00, 0x00, 0xf5, 0x00, 0x07, 0x00, 0x0f, 0x00, 0x00, 0x00,
    0x1f, 0x04, 0x00, 0x00, 0x13, 0x04, 0x00, 0x00, 0xf4, 0x03, 0x00, 0x00, 0x06, 0x04, 0x00, 0x00,
    0xf5, 0x03, 0x00, 0x00, 0xf5, 0x00, 0x07, 0x00, 0x0f, 0x00, 0x00, 0x00, 0x20, 0x04, 0x00, 0x00,
    0xaf, 0x00, 0x00, 0x00, 0xf4, 0x03, 0x00, 0x00, 0x03, 0x04, 0x00, 0x00, 0xf5, 0x03, 0x00, 0x00,
    0xf5, 0x00, 0x07, 0x00, 0x11, 0x00, 0x00, 0x00, 0x21, 0x04, 0x00, 0x00, 0x1c, 0x04, 0x00, 0x00,
    0xf4, 0x03, 0x00, 0x00, 0x10, 0x04, 0x00, 0x00, 0xf5, 0x03, 0x00, 0x00, 0xf5, 0x00, 0x07, 0x00,
    0x0f, 0x00, 0x00, 0x00, 0x22, 0x04, 0x00, 0x00, 0xaf, 0x00, 0x00, 0x00, 0xf4, 0x03, 0x00, 0x00,
    0xff, 0x03, 0x00, 0x00, 0xf5, 0x03, 0x00, 0x00, 0xf5, 0x00, 0x07, 0x00, 0x11, 0x00, 0x00, 0x00,
    0x23, 0x04, 0x00, 0x00, 0x1b, 0x04, 0x00, 0x00, 0xf4, 0x03, 0x00, 0x00, 0x0f, 0x04, 0x00, 0x00,
    0xf5, 0x03, 0x00, 0x00, 0xf7, 0x00, 0x03, 0x00, 0x24, 0x04, 0x00, 0x00, 0x00, 0x00, 0x00, 0x00,
    0xfa, 0x00, 0x04, 0x00, 0x66, 0x01, 0x00, 0x00, 0x25, 0x04, 0x00, 0x00, 0x24, 0x04, 0x00, 0x00,
    0xf8, 0x00, 0x02, 0x00, 0x25, 0x04, 0x00, 0x00, 0xc4, 0x00, 0x05, 0x00, 0x0f, 0x00, 0x00, 0x00,
    0x26, 0x04, 0x00, 0x00, 0x22, 0x04, 0x00, 0x00, 0x15, 0x00, 0x00, 0x00, 0x7c, 0x00, 0x04, 0x00,
    0x11, 0x00, 0x00, 0x00, 0x27, 0x04, 0x00, 0x00, 0x26, 0x04, 0x00, 0x00, 0xc7, 0x00, 0x05, 0x00,
    0x11, 0x00, 0x00, 0x00, 0x28, 0x04, 0x00, 0x00, 0x23, 0x04, 0x00, 0x00, 0x27, 0x04, 0x00, 0x00,
    0xab, 0x00, 0x05, 0x00, 0x9e, 0x00, 0x00, 0x00, 0x29, 0x04, 0x00, 0x00, 0x28, 0x04, 0x00, 0x00,
    0x92, 0x00, 0x00, 0x00, 0xf9, 0x00, 0x02, 0x00, 0x24, 0x04, 0x00, 0x00, 0xf8, 0x00, 0x02, 0x00,
    0x24, 0x04, 0x00, 0x00, 0xf5, 0x00, 0x07, 0x00, 0x9e, 0x00, 0x00, 0x00, 0x2a, 0x04, 0x00, 0x00,
    0x9f, 0x00, 0x00, 0x00, 0xf3, 0x03, 0x00, 0x00, 0x29, 0x04, 0x00, 0x00, 0x25, 0x04, 0x00, 0x00,
    0xf7, 0x00, 0x03, 0x00, 0x2b, 0x04, 0x00, 0x00, 0x00, 0x00, 0x00, 0x00, 0xfa, 0x00, 0x04, 0x00,
    0x2a, 0x04, 0x00, 0x00, 0x2c, 0x04, 0x00, 0x00, 0x2b, 0x04, 0x00, 0x00, 0xf8, 0x00, 0x02, 0x00,
    0x2c, 0x04, 0x00, 0x00, 0xc8, 0x00, 0x04, 0x00, 0x11, 0x00, 0x00, 0x00, 0x2d, 0x04, 0x00, 0x00,
    0x23, 0x04, 0x00, 0x00, 0xf9, 0x00, 0x02, 0x00, 0x2b, 0x04, 0x00, 0x00, 0xf8, 0x00, 0x02, 0x00,
    0x2b, 0x04, 0x00, 0x00, 0xf5, 0x00, 0x07, 0x00, 0x11, 0x00, 0x00, 0x00, 0x2e, 0x04, 0x00, 0x00,
    0x23, 0x04, 0x00, 0x00, 0x24, 0x04, 0x00, 0x00, 0x2d, 0x04, 0x00, 0x00, 0x2c, 0x04, 0x00, 0x00,
    0xf7, 0x00, 0x03, 0x00, 0x2f, 0x04, 0x00, 0x00, 0x00, 0x00, 0x00, 0x00, 0xfa, 0x00, 0x04, 0x00,
    0x74, 0x01, 0x00, 0x00, 0x30, 0x04, 0x00, 0x00, 0x2f, 0x04, 0x00, 0x00, 0xf8, 0x00, 0x02, 0x00,
    0x30, 0x04, 0x00, 0x00, 0xc4, 0x00, 0x05, 0x00, 0x0f, 0x00, 0x00, 0x00, 0x31, 0x04, 0x00, 0x00,
    0x20, 0x04, 0x00, 0x00, 0x15, 0x00, 0x00, 0x00, 0x7c, 0x00, 0x04, 0x00, 0x11, 0x00, 0x00, 0x00,
    0x32, 0x04, 0x00, 0x00, 0x31, 0x04, 0x00, 0x00, 0xc7, 0x00, 0x05, 0x00, 0x11, 0x00, 0x00, 0x00,
    0x33, 0x04, 0x00, 0x00, 0x21, 0x04, 0x00, 0x00, 0x32, 0x04, 0x00, 0x00, 0xab, 0x00, 0x05, 0x00,
    0x9e, 0x00, 0x00, 0x00, 0x34, 0x04, 0x00, 0x00, 0x33, 0x04, 0x00, 0x00, 0x92, 0x00, 0x00, 0x00,
    0xf9, 0x00, 0x02, 0x00, 0x2f, 0x04, 0x00, 0x00, 0xf8, 0x00, 0x02, 0x00, 0x2f, 0x04, 0x00, 0x00,
    0xf5, 0x00, 0x07, 0x00, 0x9e, 0x00, 0x00, 0x00, 0x35, 0x04, 0x00, 0x00, 0x9f, 0x00, 0x00, 0x00,
    0x2b, 0x04, 0x00, 0x00, 0x34, 0x04, 0x00, 0x00, 0x30, 0x04, 0x00, 0x00, 0xf7, 0x00, 0x03, 0x00,
    0x36, 0x04, 0x00, 0x00, 0x00, 0x00, 0x00, 0x00, 0xfa, 0x00, 0x04, 0x00, 0x35, 0x04, 0x00, 0x00,
    0x37, 0x04, 0x00, 0x00, 0x36, 0x04, 0x00, 0x00, 0xf8, 0x00, 0x02, 0x00, 0x37, 0x04, 0x00, 0x00,
    0xc8, 0x00, 0x04, 0x00, 0x11, 0x00, 0x00, 0x00, 0x38, 0x04, 0x00, 0x00, 0x21, 0x04, 0x00, 0x00,
    0xf9, 0x00, 0x02, 0x00, 0x36, 0x04, 0x00, 0x00, 0xf8, 0x00, 0x02, 0x00, 0x36, 0x04, 0x00, 0x00,
    0xf5, 0x00, 0x07, 0x00, 0x11, 0x00, 0x00, 0x00, 0x39, 0x04, 0x00, 0x00, 0x21, 0x04, 0x00, 0x00,
    0x2f, 0x04, 0x00, 0x00, 0x38, 0x04, 0x00, 0x00, 0x37, 0x04, 0x00, 0x00, 0x82, 0x00, 0x05, 0x00,
    0x11, 0x00, 0x00, 0x00, 0x3a, 0x04, 0x00, 0x00, 0x2e, 0x04, 0x00, 0x00, 0xb8, 0x00, 0x00, 0x00,
    0x82, 0x00, 0x05, 0x00, 0x11, 0x00, 0x00, 0x00, 0x3b, 0x04, 0x00, 0x00, 0x39, 0x04, 0x00, 0x00,
    0xb8, 0x00, 0x00, 0x00, 0x7c, 0x00, 0x04, 0x00, 0x0f, 0x00, 0x00, 0x00, 0x3c, 0x04, 0x00, 0x00,
    0x3a, 0x04, 0x00, 0x00, 0xc7, 0x00, 0x05, 0x00, 0x0f, 0x00, 0x00, 0x00, 0x3d, 0x04, 0x00, 0x00,
    0x3c, 0x04, 0x00, 0x00, 0xa4, 0x00, 0x00, 0x00, 0x7c, 0x00, 0x04, 0x00, 0x0f, 0x00, 0x00, 0x00,
    0x3e, 0x04, 0x00, 0x00, 0x3b, 0x04, 0x00, 0x00, 0xc7, 0x00, 0x05, 0x00, 0x0f, 0x00, 0x00, 0x00,
    0x3f, 0x04, 0x00, 0x00, 0x3e, 0x04, 0x00, 0x00, 0xa4, 0x00, 0x00, 0x00, 0xc3, 0x00, 0x05, 0x00,
    0x11, 0x00, 0x00, 0x00, 0x40, 0x04, 0x00, 0x00, 0x3a, 0x04, 0x00, 0x00, 0xab, 0x00, 0x00, 0x00,
    0x7c, 0x00, 0x04, 0x00, 0x0f, 0x00, 0x00, 0x00, 0x41, 0x04, 0x00, 0x00, 0x40, 0x04, 0x00, 0x00,
    0x82, 0x00, 0x05, 0x00, 0x0f, 0x00, 0x00, 0x00, 0x42, 0x04, 0x00, 0x00, 0x22, 0x04, 0x00, 0x00,
    0x94, 0x00, 0x00, 0x00, 0xc7, 0x00, 0x05, 0x00, 0x0f, 0x00, 0x00, 0x00, 0x43, 0x04, 0x00, 0x00,
    0x41, 0x04, 0x00, 0x00, 0x42, 0x04, 0x00, 0x00, 0x7c, 0x00, 0x04, 0x00, 0x11, 0x00, 0x00, 0x00,
    0x44, 0x04, 0x00, 0x00, 0x43, 0x04, 0x00, 0x00, 0x80, 0x00, 0x05, 0x00, 0x11, 0x00, 0x00, 0x00,
    0x45, 0x04, 0x00, 0x00, 0x44, 0x04, 0x00, 0x00, 0x95, 0x00, 0x00, 0x00, 0x7c, 0x00, 0x04, 0x00,
    0x0f, 0x00, 0x00, 0x00, 0x46, 0x04, 0x00, 0x00, 0x45, 0x04, 0x00, 0x00, 0xc7, 0x00, 0x05, 0x00,
    0x0f, 0x00, 0x00, 0x00, 0x47, 0x04, 0x00, 0x00, 0x46, 0x04, 0x00, 0x00, 0x42, 0x04, 0x00, 0x00,
    0x7c, 0x00, 0x04, 0x00, 0x11, 0x00, 0x00, 0x00, 0x48, 0x04, 0x00, 0x00, 0x47, 0x04, 0x00, 0x00,
    0xc3, 0x00, 0x05, 0x00, 0x11, 0x00, 0x00, 0x00, 0x49, 0x04, 0x00, 0x00, 0x3b, 0x04, 0x00, 0x00,
    0xab, 0x00, 0x00, 0x00, 0x7c, 0x00, 0x04, 0x00, 0x0f, 0x00, 0x00, 0x00, 0x4a, 0x04, 0x00, 0x00,
    0x49, 0x04, 0x00, 0x00, 0x82, 0x00, 0x05, 0x00, 0x0f, 0x00, 0x00, 0x00, 0x4b, 0x04, 0x00, 0x00,
    0x20, 0x04, 0x00, 0x00, 0x94, 0x00, 0x00, 0x00, 0xc7, 0x00, 0x05, 0x00, 0x0f, 0x00, 0x00, 0x00,
    0x4c, 0x04, 0x00, 0x00, 0x4a, 0x04, 0x00, 0x00, 0x4b, 0x04, 0x00, 0x00, 0x7c, 0x00, 0x04, 0x00,
    0x11, 0x00, 0x00, 0x00, 0x4d, 0x04, 0x00, 0x00, 0x4c, 0x04, 0x00, 0x00, 0x80, 0x00, 0x05, 0x00,
    0x11, 0x00, 0x00, 0x00, 0x4e, 0x04, 0x00, 0x00, 0x4d, 0x04, 0x00, 0x00, 0x95, 0x00, 0x00, 0x00,
    0x7c, 0x00, 0x04, 0x00, 0x0f, 0x00, 0x00, 0x00, 0x4f, 0x04, 0x00, 0x00, 0x4e, 0x04, 0x00, 0x00,
    0xc7, 0x00, 0x05, 0x00, 0x0f, 0x00, 0x00, 0x00, 0x50, 0x04, 0x00, 0x00, 0x4f, 0x04, 0x00, 0x00,
    0x4b, 0x04, 0x00, 0x00, 0x7c, 0x00, 0x04, 0x00, 0x11, 0x00, 0x00, 0x00, 0x51, 0x04, 0x00, 0x00,
    0x50, 0x04, 0x00, 0x00, 0xf7, 0x00, 0x03, 0x00, 0x52, 0x04, 0x00, 0x00, 0x00, 0x00, 0x00, 0x00,
    0xfa, 0x00, 0x04, 0x00, 0x9a, 0x01, 0x00, 0x00, 0x53, 0x04, 0x00, 0x00, 0x52, 0x04, 0x00, 0x00,
    0xf8, 0x00, 0x02, 0x00, 0x53, 0x04, 0x00, 0x00, 0xaa, 0x00, 0x05, 0x00, 0x9e, 0x00, 0x00, 0x00,
    0x54, 0x04, 0x00, 0x00, 0x48, 0x04, 0x00, 0x00, 0x92, 0x00, 0x00, 0x00, 0xf9, 0x00, 0x02, 0x00,
    0x52, 0x04, 0x00, 0x00, 0xf8, 0x00, 0x02, 0x00, 0x52, 0x04, 0x00, 0x00, 0xf5, 0x00, 0x07, 0x00,
    0x9e, 0x00, 0x00, 0x00, 0x55, 0x04, 0x00, 0x00, 0x9f, 0x00, 0x00, 0x00, 0x36, 0x04, 0x00, 0x00,
    0x54, 0x04, 0x00, 0x00, 0x53, 0x04, 0x00, 0x00, 0xf7, 0x00, 0x03, 0x00, 0x56, 0x04, 0x00, 0x00,
    0x00, 0x00, 0x00, 0x00, 0xfa, 0x00, 0x04, 0x00, 0x55, 0x04, 0x00, 0x00, 0x57, 0x04, 0x00, 0x00,
    0x56, 0x04, 0x00, 0x00, 0xf8, 0x00, 0x02, 0x00, 0x57, 0x04, 0x00, 0x00, 0xae, 0x00, 0x05, 0x00,
    0x9e, 0x00, 0x00, 0x00, 0x58, 0x04, 0x00, 0x00, 0x3d, 0x04, 0x00, 0x00, 0xaf, 0x00, 0x00, 0x00,
    0xf7, 0x00, 0x03, 0x00, 0x59, 0x04, 0x00, 0x00, 0x00, 0x00, 0x00, 0x00, 0xfa, 0x00, 0x04, 0x00,
    0x58, 0x04, 0x00, 0x00, 0x5a, 0x04, 0x00, 0x00, 0x5b, 0x04, 0x00, 0x00, 0xf8, 0x00, 0x02, 0x00,
    0x5b, 0x04, 0x00, 0x00, 0x82, 0x00, 0x05, 0x00, 0x11, 0x00, 0x00, 0x00, 0x5c, 0x04, 0x00, 0x00,
    0x44, 0x04, 0x00, 0x00, 0x95, 0x00, 0x00, 0x00, 0xf9, 0x00, 0x02, 0x00, 0x59, 0x04, 0x00, 0x00,
    0xf8, 0x00, 0x02, 0x00, 0x5a, 0x04, 0x00, 0x00, 0x80, 0x00, 0x05, 0x00, 0x11, 0x00, 0x00, 0x00,
    0x5d, 0x04, 0x00, 0x00, 0x48, 0x04, 0x00, 0x00, 0x95, 0x00, 0x00, 0x00, 0xf9, 0x00, 0x02, 0x00,
    0x59, 0x04, 0x00, 0x00, 0xf8, 0x00, 0x02, 0x00, 0x59, 0x04, 0x00, 0x00, 0xf5, 0x00, 0x07, 0x00,
    0x11, 0x00, 0x00, 0x00, 0x5e, 0x04, 0x00, 0x00, 0x5d, 0x04, 0x00, 0x00, 0x5a, 0x04, 0x00, 0x00,
    0x44, 0x04, 0x00, 0x00, 0x5b, 0x04, 0x00, 0x00, 0xf5, 0x00, 0x07, 0x00, 0x11, 0x00, 0x00, 0x00,
    0x5f, 0x04, 0x00, 0x00, 0x48, 0x04, 0x00, 0x00, 0x5a, 0x04, 0x00, 0x00, 0x5c, 0x04, 0x00, 0x00,
    0x5b, 0x04, 0x00, 0x00, 0xa9, 0x00, 0x06, 0x00, 0x0f, 0x00, 0x00, 0x00, 0x60, 0x04, 0x00, 0x00,
    0x58, 0x04, 0x00, 0x00, 0x12, 0x00, 0x00, 0x00, 0xa6, 0x00, 0x00, 0x00, 0xf9, 0x00, 0x02, 0x00,
    0x56, 0x04, 0x00, 0x00, 0xf8, 0x00, 0x02, 0x00, 0x56, 0x04, 0x00, 0x00, 0xf5, 0x00, 0x07, 0x00,
    0x0f, 0x00, 0x00, 0x00, 0x61, 0x04, 0x00, 0x00, 0x3d, 0x04, 0x00, 0x00, 0x52, 0x04, 0x00, 0x00,
    0x60, 0x04, 0x00, 0x00, 0x59, 0x04, 0x00, 0x00, 0xf5, 0x00, 0x07, 0x00, 0x11, 0x00, 0x00, 0x00,
    0x62, 0x04, 0x00, 0x00, 0x48, 0x04, 0x00, 0x00, 0x52, 0x04, 0x00, 0x00, 0x5e, 0x04, 0x00, 0x00,
    0x59, 0x04, 0x00, 0x00, 0xf5, 0x00, 0x07, 0x00, 0x11, 0x00, 0x00, 0x00, 0x63, 0x04, 0x00, 0x00,
    0x44, 0x04, 0x00, 0x00, 0x52, 0x04, 0x00, 0x00, 0x5f, 0x04, 0x00, 0x00, 0x59, 0x04, 0x00, 0x00,
    0xf7, 0x00, 0x03, 0x00, 0x64, 0x04, 0x00, 0x00, 0x00, 0x00, 0x00, 0x00, 0xfa, 0x00, 0x04, 0x00,
    0xaf, 0x01, 0x00, 0x00, 0x65, 0x04, 0x00, 0x00, 0x64, 0x04, 0x00, 0x00, 0xf8, 0x00, 0x02, 0x00,
    0x65, 0x04, 0x00, 0x00, 0xaa, 0x00, 0x05, 0x00, 0x9e, 0x00, 0x00, 0x00, 0x66, 0x04, 0x00, 0x00,
    0x51, 0x04, 0x00, 0x00, 0x92, 0x00, 0x00, 0x00, 0xf9, 0x00, 0x02, 0x00, 0x64, 0x04, 0x00, 0x00,
    0xf8, 0x00, 0x02, 0x00, 0x64, 0x04, 0x00, 0x00, 0xf5, 0x00, 0x07, 0x00, 0x9e, 0x00, 0x00, 0x00,
    0x67, 0x04, 0x00, 0x00, 0x9f, 0x00, 0x00, 0x00, 0x56, 0x04, 0x00, 0x00, 0x66, 0x04, 0x00, 0x00,
    0x65, 0x04, 0x00, 0x00, 0xf7, 0x00, 0x03, 0x00, 0x68, 0x04, 0x00, 0x00, 0x00, 0x00, 0x00, 0x00,
    0xfa, 0x00, 0x04, 0x00, 0x67, 0x04, 0x00, 0x00, 0x69, 0x04, 0x00, 0x00, 0x68, 0x04, 0x00, 0x00,
    0xf8, 0x00, 0x02, 0x00, 0x69, 0x04, 0x00, 0x00, 0xae, 0x00, 0x05, 0x00, 0x9e, 0x00, 0x00, 0x00,
    0x6a, 0x04, 0x00, 0x00, 0x3f, 0x04, 0x00, 0x00, 0xaf, 0x00, 0x00, 0x00, 0xf7, 0x00, 0x03, 0x00,
    0x6b, 0x04, 0x00, 0x00, 0x00, 0x00, 0x00, 0x00, 0xfa, 0x00, 0x04, 0x00, 0x6a, 0x04, 0x00, 0x00,
    0x6c, 0x04, 0x00, 0x00, 0x6d, 0x04, 0x00, 0x00, 0xf8, 0x00, 0x02, 0x00, 0x6d, 0x04, 0x00, 0x00,
    0x82, 0x00, 0x05, 0x00, 0x11, 0x00, 0x00, 0x00, 0x6e, 0x04, 0x00, 0x00, 0x4d, 0x04, 0x00, 0x00,
    0x95, 0x00, 0x00, 0x00, 0xf9, 0x00, 0x02, 0x00, 0x6b, 0x04, 0x00, 0x00, 0xf8, 0x00, 0x02, 0x00,
    0x6c, 0x04, 0x00, 0x00, 0x80, 0x00, 0x05, 0x00, 0x11, 0x00, 0x00, 0x00, 0x6f, 0x04, 0x00, 0x00,
    0x51, 0x04, 0x00, 0x00, 0x95, 0x00, 0x00, 0x00, 0xf9, 0x00, 0x02, 0x00, 0x6b, 0x04, 0x00, 0x00,
    0xf8, 0x00, 0x02, 0x00, 0x6b, 0x04, 0x00, 0x00, 0xf5, 0x00, 0x07, 0x00, 0x11, 0x00, 0x00, 0x00,
    0x70, 0x04, 0x00, 0x00, 0x6f, 0x04, 0x00, 0x00, 0x6c, 0x04, 0x00, 0x00, 0x4d, 0x04, 0x00, 0x00,
    0x6d, 0x04, 0x00, 0x00, 0xf5, 0x00, 0x07, 0x00, 0x11, 0x00, 0x00, 0x00, 0x71, 0x04, 0x00, 0x00,
    0x92, 0x00, 0x00, 0x00, 0x6c, 0x04, 0x00, 0x00, 0x6e, 0x04, 0x00, 0x00, 0x6d, 0x04, 0x00, 0x00,
    0xa9, 0x00, 0x06, 0x00, 0x0f, 0x00, 0x00, 0x00, 0x72, 0x04, 0x00, 0x00, 0x6a, 0x04, 0x00, 0x00,
    0x12, 0x00, 0x00, 0x00, 0xa6, 0x00, 0x00, 0x00, 0xf9, 0x00, 0x02, 0x00, 0x68, 0x04, 0x00, 0x00,
    0xf8, 0x00, 0x02, 0x00, 0x68, 0x04, 0x00, 0x00, 0xf5, 0x00, 0x07, 0x00, 0x0f, 0x00, 0x00, 0x00,
    0x73, 0x04, 0x00, 0x00, 0x3f, 0x04, 0x00, 0x00, 0x64, 0x04, 0x00, 0x00, 0x72, 0x04, 0x00, 0x00,
    0x6b, 0x04, 0x00, 0x00, 0xf5, 0x00, 0x07, 0x00, 0x11, 0x00, 0x00, 0x00, 0x74, 0x04, 0x00, 0x00,
    0x51, 0x04, 0x00, 0x00, 0x64, 0x04, 0x00, 0x00, 0x70, 0x04, 0x00, 0x00, 0x6b, 0x04, 0x00, 0x00,
    0xf5, 0x00, 0x07, 0x00, 0x11, 0x00, 0x00, 0x00, 0x75, 0x04, 0x00, 0x00, 0x4d, 0x04, 0x00, 0x00,
    0x64, 0x04, 0x00, 0x00, 0x71, 0x04, 0x00, 0x00, 0x6b, 0x04, 0x00, 0x00, 0x7c, 0x00, 0x04, 0x00,
    0x11, 0x00, 0x00, 0x00, 0x76, 0x04, 0x00, 0x00, 0x1f, 0x04, 0x00, 0x00, 0x80, 0x00, 0x05, 0x00,
    0x11, 0x00, 0x00, 0x00, 0x77, 0x04, 0x00, 0x00, 0x76, 0x04, 0x00, 0x00, 0x63, 0x04, 0x00, 0x00,
    0x7c, 0x00, 0x04, 0x00, 0x11, 0x00, 0x00, 0x00, 0x78, 0x04, 0x00, 0x00, 0x1e, 0x04, 0x00, 0x00,
    0x80, 0x00, 0x05, 0x00, 0x11, 0x00, 0x00, 0x00, 0x79, 0x04, 0x00, 0x00, 0x78, 0x04, 0x00, 0x00,
    0x75, 0x04, 0x00, 0x00, 0xaf, 0x00, 0x05, 0x00, 0x9e, 0x00, 0x00, 0x00, 0x7a, 0x04, 0x00, 0x00,
    0x77, 0x04, 0x00, 0x00, 0xbd, 0x00, 0x00, 0x00, 0xf7, 0x00, 0x03, 0x00, 0x7b, 0x04, 0x00, 0x00,
    0x00, 0x00, 0x00, 0x00, 0xfa, 0x00, 0x04, 0x00, 0x7a, 0x04, 0x00, 0x00, 0x7c, 0x04, 0x00, 0x00,
    0x7b, 0x04, 0x00, 0x00, 0xf8, 0x00, 0x02, 0x00, 0x7c, 0x04, 0x00, 0x00, 0x82, 0x00, 0x05, 0x00,
    0x11, 0x00, 0x00, 0x00, 0x7d, 0x04, 0x00, 0x00, 0x77, 0x04, 0x00, 0x00, 0xbd, 0x00, 0x00, 0x00,
    0xc6, 0x00, 0x05, 0x00, 0x11, 0x00, 0x00, 0x00, 0x7e, 0x04, 0x00, 0x00, 0x79, 0x04, 0x00, 0x00,
    0xbd, 0x00, 0x00, 0x00, 0xf9, 0x00, 0x02, 0x00, 0x7b, 0x04, 0x00, 0x00, 0xf8, 0x00, 0x02, 0x00,
    0x7b, 0x04, 0x00, 0x00, 0xf5, 0x00, 0x07, 0x00, 0x11, 0x00, 0x00, 0x00, 0x7f, 0x04, 0x00, 0x00,
    0x77, 0x04, 0x00, 0x00, 0x68, 0x04, 0x00, 0x00, 0x7d, 0x04, 0x00, 0x00, 0x7c, 0x04, 0x00, 0x00,
    0xf5, 0x00, 0x07, 0x00, 0x11, 0x00, 0x00, 0x00, 0x80, 0x04, 0x00, 0x00, 0x79, 0x04, 0x00, 0x00,
    0x68, 0x04, 0x00, 0x00, 0x7e, 0x04, 0x00, 0x00, 0x7c, 0x04, 0x00, 0x00, 0x87, 0x00, 0x05, 0x00,
    0x11, 0x00, 0x00, 0x00, 0x81, 0x04, 0x00, 0x00, 0x80, 0x04, 0x00, 0x00, 0x97, 0x00, 0x00, 0x00,
    0x84, 0x00, 0x05, 0x00, 0x11, 0x00, 0x00, 0x00, 0x82, 0x04, 0x00, 0x00, 0x81, 0x04, 0x00, 0x00,
    0xbe, 0x00, 0x00, 0x00, 0x87, 0x00, 0x05, 0x00, 0x11, 0x00, 0x00, 0x00, 0x83, 0x04, 0x00, 0x00,
    0x7f, 0x04, 0x00, 0x00, 0x97, 0x00, 0x00, 0x00, 0x80, 0x00, 0x05, 0x00, 0x11, 0x00, 0x00, 0x00,
    0x84, 0x04, 0x00, 0x00, 0x82, 0x04, 0x00, 0x00, 0x83, 0x04, 0x00, 0x00, 0x7c, 0x00, 0x04, 0x00,
    0x0f, 0x00, 0x00, 0x00, 0x85, 0x04, 0x00, 0x00, 0x84, 0x04, 0x00, 0x00, 0x84, 0x00, 0x05, 0x00,
    0x0f, 0x00, 0x00, 0x00, 0x86, 0x04, 0x00, 0x00, 0x1d, 0x04, 0x00, 0x00, 0xbf, 0x00, 0x00, 0x00,
    0xc2, 0x00, 0x05, 0x00, 0x0f, 0x00, 0x00, 0x00, 0x87, 0x04, 0x00, 0x00, 0x85, 0x04, 0x00, 0x00,
    0x94, 0x00, 0x00, 0x00, 0xc7, 0x00, 0x05, 0x00, 0x0f, 0x00, 0x00, 0x00, 0x88, 0x04, 0x00, 0x00,
    0x87, 0x04, 0x00, 0x00, 0xc0, 0x00, 0x00, 0x00, 0x80, 0x00, 0x05, 0x00, 0x0f, 0x00, 0x00, 0x00,
    0x89, 0x04, 0x00, 0x00, 0x86, 0x04, 0x00, 0x00, 0x88, 0x04, 0x00, 0x00, 0x41, 0x00, 0x06, 0x00,
    0xd1, 0x00, 0x00, 0x00, 0x8a, 0x04, 0x00, 0x00, 0x0a, 0x00, 0x00, 0x00, 0x92, 0x00, 0x00, 0x00,
    0x89, 0x04, 0x00, 0x00, 0x3d, 0x00, 0x04, 0x00, 0x0f, 0x00, 0x00, 0x00, 0x8b, 0x04, 0x00, 0x00,
    0x8a, 0x04, 0x00, 0x00, 0xc7, 0x00, 0x05, 0x00, 0x0f, 0x00, 0x00, 0x00, 0x8c, 0x04, 0x00, 0x00,
    0x85, 0x04, 0x00, 0x00, 0x94, 0x00, 0x00, 0x00, 0xab, 0x00, 0x05, 0x00, 0x9e, 0x00, 0x00, 0x00,
    0x8d, 0x04, 0x00, 0x00, 0x8c, 0x04, 0x00, 0x00, 0x12, 0x00, 0x00, 0x00, 0xf7, 0x00, 0x03, 0x00,
    0x8e, 0x04, 0x00, 0x00, 0x00, 0x00, 0x00, 0x00, 0xfa, 0x00, 0x04, 0x00, 0x8d, 0x04, 0x00, 0x00,
    0x8f, 0x04, 0x00, 0x00, 0x8e, 0x04, 0x00, 0x00, 0xf8, 0x00, 0x02, 0x00, 0x8f, 0x04, 0x00, 0x00,
    0xc2, 0x00, 0x05, 0x00, 0x0f, 0x00, 0x00, 0x00, 0x90, 0x04, 0x00, 0x00, 0x8b, 0x04, 0x00, 0x00,
    0x10, 0x00, 0x00, 0x00, 0xf9, 0x00, 0x02, 0x00, 0x8e, 0x04, 0x00, 0x00, 0xf8, 0x00, 0x02, 0x00,
    0x8e, 0x04, 0x00, 0x00, 0xf5, 0x00, 0x07, 0x00, 0x0f, 0x00, 0x00, 0x00, 0x91, 0x04, 0x00, 0x00,
    0x8b, 0x04, 0x00, 0x00, 0x7b, 0x04, 0x00, 0x00, 0x90, 0x04, 0x00, 0x00, 0x8f, 0x04, 0x00, 0x00,
    0xc7, 0x00, 0x05, 0x00, 0x11, 0x00, 0x00, 0x00, 0x92, 0x04, 0x00, 0x00, 0x75, 0x04, 0x00, 0x00,
    0x95, 0x00, 0x00, 0x00, 0xaa, 0x00, 0x05, 0x00, 0x9e, 0x00, 0x00, 0x00, 0x93, 0x04, 0x00, 0x00,
    0x92, 0x04, 0x00, 0x00, 0x92, 0x00, 0x00, 0x00, 0xf7, 0x00, 0x03, 0x00, 0x94, 0x04, 0x00, 0x00,
    0x00, 0x00, 0x00, 0x00, 0xfa, 0x00, 0x04, 0x00, 0x93, 0x04, 0x00, 0x00, 0x95, 0x04, 0x00, 0x00,
    0x94, 0x04, 0x00, 0x00, 0xf8, 0x00, 0x02, 0x00, 0x95, 0x04, 0x00, 0x00, 0xc2, 0x00, 0x05, 0x00,
    0x0f, 0x00, 0x00, 0x00, 0x96, 0x04, 0x00, 0x00, 0x91, 0x04, 0x00, 0x00, 0x15, 0x00, 0x00, 0x00,
    0xf9, 0x00, 0x02, 0x00, 0x94, 0x04, 0x00, 0x00, 0xf8, 0x00, 0x02, 0x00, 0x94, 0x04, 0x00, 0x00,
    0xf5, 0x00, 0x07, 0x00, 0x0f, 0x00, 0x00, 0x00, 0x97, 0x04, 0x00, 0x00, 0x91, 0x04, 0x00, 0x00,
    0x8e, 0x04, 0x00, 0x00, 0x96, 0x04, 0x00, 0x00, 0x95, 0x04, 0x00, 0x00, 0xc7, 0x00, 0x05, 0x00,
    0x11, 0x00, 0x00, 0x00, 0x98, 0x04, 0x00, 0x00, 0x63, 0x04, 0x00, 0x00, 0x95, 0x00, 0x00, 0x00,
    0xaa, 0x00, 0x05, 0x00, 0x9e, 0x00, 0x00, 0x00, 0x99, 0x04, 0x00, 0x00, 0x98, 0x04, 0x00, 0x00,
    0x92, 0x00, 0x00, 0x00, 0xf7, 0x00, 0x03, 0x00, 0x9a, 0x04, 0x00, 0x00, 0x00, 0x00, 0x00, 0x00,
    0xfa, 0x00, 0x04, 0x00, 0x99, 0x04, 0x00, 0x00, 0x9b, 0x04, 0x00, 0x00, 0x9a, 0x04, 0x00, 0x00,
    0xf8, 0x00, 0x02, 0x00, 0x9b, 0x04, 0x00, 0x00, 0xc2, 0x00, 0x05, 0x00, 0x0f, 0x00, 0x00, 0x00,
    0x9c, 0x04, 0x00, 0x00, 0x97, 0x04, 0x00, 0x00, 0xb9, 0x00, 0x00, 0x00, 0xf9, 0x00, 0x02, 0x00,
    0x9a, 0x04, 0x00, 0x00, 0xf8, 0x00, 0x02, 0x00, 0x9a, 0x04, 0x00, 0x00, 0xf5, 0x00, 0x07, 0x00,
    0x0f, 0x00, 0x00, 0x00, 0x9d, 0x04, 0x00, 0x00, 0x97, 0x04, 0x00, 0x00, 0x94, 0x04, 0x00, 0x00,
    0x9c, 0x04, 0x00, 0x00, 0x9b, 0x04, 0x00, 0x00, 0xc7, 0x00, 0x05, 0x00, 0x0f, 0x00, 0x00, 0x00,
    0x9e, 0x04, 0x00, 0x00, 0x9d, 0x04, 0x00, 0x00, 0xc1, 0x00, 0x00, 0x00, 0xc4, 0x00, 0x05, 0x00,
    0x0f, 0x00, 0x00, 0x00, 0x9f, 0x04, 0x00, 0x00, 0x9e, 0x04, 0x00, 0x00, 0xb9, 0x00, 0x00, 0x00,
    0x80, 0x00, 0x05, 0x00, 0x11, 0x00, 0x00, 0x00, 0xa0, 0x04, 0x00, 0x00, 0x76, 0x04, 0x00, 0x00,
    0x62, 0x04, 0x00, 0x00, 0xaf, 0x00, 0x05, 0x00, 0x9e, 0x00, 0x00, 0x00, 0xa1, 0x04, 0x00, 0x00,
    0xa0, 0x04, 0x00, 0x00, 0xbd, 0x00, 0x00, 0x00, 0xf7, 0x00, 0x03, 0x00, 0xa2, 0x04, 0x00, 0x00,
    0x00, 0x00, 0x00, 0x00, 0xfa, 0x00, 0x04, 0x00, 0xa1, 0x04, 0x00, 0x00, 0xa3, 0x04, 0x00, 0x00,
    0xa2, 0x04, 0x00, 0x00, 0xf8, 0x00, 0x02, 0x00, 0xa3, 0x04, 0x00, 0x00, 0x82, 0x00, 0x05, 0x00,
    0x11, 0x00, 0x00, 0x00, 0xa4, 0x04, 0x00, 0x00, 0xa0, 0x04, 0x00, 0x00, 0xbd, 0x00, 0x00, 0x00,
    0xc6, 0x00, 0x05, 0x00, 0x11, 0x00, 0x00, 0x00, 0xa5, 0x04, 0x00, 0x00, 0x79, 0x04, 0x00, 0x00,
    0xbd, 0x00, 0x00, 0x00, 0xf9, 0x00, 0x02, 0x00, 0xa2, 0x04, 0x00, 0x00, 0xf8, 0x00, 0x02, 0x00,
    0xa2, 0x04, 0x00, 0x00, 0xf5, 0x00, 0x07, 0x00, 0x11, 0x00, 0x00, 0x00, 0xa6, 0x04, 0x00, 0x00,
    0xa0, 0x04, 0x00, 0x00, 0x9a, 0x04, 0x00, 0x00, 0xa4, 0x04, 0x00, 0x00, 0xa3, 0x04, 0x00, 0x00,
    0xf5, 0x00, 0x07, 0x00, 0x11, 0x00, 0x00, 0x00, 0xa7, 0x04, 0x00, 0x00, 0x79, 0x04, 0x00, 0x00,
    0x9a, 0x04, 0x00, 0x00, 0xa5, 0x04, 0x00, 0x00, 0xa3, 0x04, 0x00, 0x00, 0x87, 0x00, 0x05, 0x00,
    0x11, 0x00, 0x00, 0x00, 0xa8, 0x04, 0x00, 0x00, 0xa7, 0x04, 0x00, 0x00, 0x97, 0x00, 0x00, 0x00,
    0x84, 0x00, 0x05, 0x00, 0x11, 0x00, 0x00, 0x00, 0xa9, 0x04, 0x00, 0x00, 0xa8, 0x04, 0x00, 0x00,
    0xbe, 0x00, 0x00, 0x00, 0x87, 0x00, 0x05, 0x00, 0x11, 0x00, 0x00, 0x00, 0xaa, 0x04, 0x00, 0x00,
    0xa6, 0x04, 0x00, 0x00, 0x97, 0x00, 0x00, 0x00, 0x80, 0x00, 0x05, 0x00, 0x11, 0x00, 0x00, 0x00,
    0xab, 0x04, 0x00, 0x00, 0xa9, 0x04, 0x00, 0x00, 0xaa, 0x04, 0x00, 0x00, 0x7c, 0x00, 0x04, 0x00,
    0x0f, 0x00, 0x00, 0x00, 0xac, 0x04, 0x00, 0x00, 0xab, 0x04, 0x00, 0x00, 0xc2, 0x00, 0x05, 0x00,
    0x0f, 0x00, 0x00, 0x00, 0xad, 0x04, 0x00, 0x00, 0xac, 0x04, 0x00, 0x00, 0x94, 0x00, 0x00, 0x00,
    0xc7, 0x00, 0x05, 0x00, 0x0f, 0x00, 0x00, 0x00, 0xae, 0x04, 0x00, 0x00, 0xad, 0x04, 0x00, 0x00,
    0xc0, 0x00, 0x00, 0x00, 0x80, 0x00, 0x05, 0x00, 0x0f, 0x00, 0x00, 0x00, 0xaf, 0x04, 0x00, 0x00,
    0x86, 0x04, 0x00, 0x00, 0xae, 0x04, 0x00, 0x00, 0x41, 0x00, 0x06, 0x00, 0xd1, 0x00, 0x00, 0x00,
    0xb0, 0x04, 0x00, 0x00, 0x0a, 0x00, 0x00, 0x00, 0x92, 0x00, 0x00, 0x00, 0xaf, 0x04, 0x00, 0x00,
    0x3d, 0x00, 0x04, 0x00, 0x0f, 0x00, 0x00, 0x00, 0xb1, 0x04, 0x00, 0x00, 0xb0, 0x04, 0x00, 0x00,
    0xc7, 0x00, 0x05, 0x00, 0x0f, 0x00, 0x00, 0x00, 0xb2, 0x04, 0x00, 0x00, 0xac, 0x04, 0x00, 0x00,
    0x94, 0x00, 0x00, 0x00, 0xab, 0x00, 0x05, 0x00, 0x9e, 0x00, 0x00, 0x00, 0xb3, 0x04, 0x00, 0x00,
    0xb2, 0x04, 0x00, 0x00, 0x12, 0x00, 0x00, 0x00, 0xf7, 0x00, 0x03, 0x00, 0xb4, 0x04, 0x00, 0x00,
    0x00, 0x00, 0x00, 0x00, 0xfa, 0x00, 0x04, 0x00, 0xb3, 0x04, 0x00, 0x00, 0xb5, 0x04, 0x00, 0x00,
    0xb4, 0x04, 0x00, 0x00, 0xf8, 0x00, 0x02, 0x00, 0xb5, 0x04, 0x00, 0x00, 0xc2, 0x00, 0x05, 0x00,
    0x0f, 0x00, 0x00, 0x00, 0xb6, 0x04, 0x00, 0x00, 0xb1, 0x04, 0x00, 0x00, 0x10, 0x00, 0x00, 0x00,
    0xf9, 0x00, 0x02, 0x00, 0xb4, 0x04, 0x00, 0x00, 0xf8, 0x00, 0x02, 0x00, 0xb4, 0x04, 0x00, 0x00,
    0xf5, 0x00, 0x07, 0x00, 0x0f, 0x00, 0x00, 0x00, 0xb7, 0x04, 0x00, 0x00, 0xb1, 0x04, 0x00, 0x00,
    0xa2, 0x04, 0x00, 0x00, 0xb6, 0x04, 0x00, 0x00, 0xb5, 0x04, 0x00, 0x00, 0xf7, 0x00, 0x03, 0x00,
    0xb8, 0x04, 0x00, 0x00, 0x00, 0x00, 0x00, 0x00, 0xfa, 0x00, 0x04, 0x00, 0x93, 0x04, 0x00, 0x00,
    0xb9, 0x04, 0x00, 0x00, 0xb8, 0x04, 0x00, 0x00, 0xf8, 0x00, 0x02, 0x00, 0xb9, 0x04, 0x00, 0x00,
    0xc2, 0x00, 0x05, 0x00, 0x0f, 0x00, 0x00, 0x00, 0xba, 0x04, 0x00, 0x00, 0xb7, 0x04, 0x00, 0x00,
    0x15, 0x00, 0x00, 0x00, 0xf9, 0x00, 0x02, 0x00, 0xb8, 0x04, 0x00, 0x00, 0xf8, 0x00, 0x02, 0x00,
    0xb8, 0x04, 0x00, 0x00, 0xf5, 0x00, 0x07, 0x00, 0x0f, 0x00, 0x00, 0x00, 0xbb, 0x04, 0x00, 0x00,
    0xb7, 0x04, 0x00, 0x00, 0xb4, 0x04, 0x00, 0x00, 0xba, 0x04, 0x00, 0x00, 0xb9, 0x04, 0x00, 0x00,
    0xc7, 0x00, 0x05, 0x00, 0x11, 0x00, 0x00, 0x00, 0xbc, 0x04, 0x00, 0x00, 0x62, 0x04, 0x00, 0x00,
    0x95, 0x00, 0x00, 0x00, 0xaa, 0x00, 0x05, 0x00, 0x9e, 0x00, 0x00, 0x00, 0xbd, 0x04, 0x00, 0x00,
    0xbc, 0x04, 0x00, 0x00, 0x92, 0x00, 0x00, 0x00, 0xf7, 0x00, 0x03, 0x00, 0xbe, 0x04, 0x00, 0x00,
    0x00, 0x00, 0x00, 0x00, 0xfa, 0x00, 0x04, 0x00, 0xbd, 0x04, 0x00, 0x00, 0xbf, 0x04, 0x00, 0x00,
    0xbe, 0x04, 0x00, 0x00, 0xf8, 0x00, 0x02, 0x00, 0xbf, 0x04, 0x00, 0x00, 0xc2, 0x00, 0x05, 0x00,
    0x0f, 0x00, 0x00, 0x00, 0xc0, 0x04, 0x00, 0x00, 0xbb, 0x04, 0x00, 0x00, 0xb9, 0x00, 0x00, 0x00,
    0xf9, 0x00, 0x02, 0x00, 0xbe, 0x04, 0x00, 0x00, 0xf8, 0x00, 0x02, 0x00, 0xbe, 0x04, 0x00, 0x00,
    0xf5, 0x00, 0x07, 0x00, 0x0f, 0x00, 0x00, 0x00, 0xc1, 0x04, 0x00, 0x00, 0xbb, 0x04, 0x00, 0x00,
    0xb8, 0x04, 0x00, 0x00, 0xc0, 0x04, 0x00, 0x00, 0xbf, 0x04, 0x00, 0x00, 0xc7, 0x00, 0x05, 0x00,
    0x0f, 0x00, 0x00, 0x00, 0xc2, 0x04, 0x00, 0x00, 0xc1, 0x04, 0x00, 0x00, 0xc1, 0x00, 0x00, 0x00,
    0xc4, 0x00, 0x05, 0x00, 0x0f, 0x00, 0x00, 0x00, 0xc3, 0x04, 0x00, 0x00, 0xc2, 0x04, 0x00, 0x00,
    0xb9, 0x00, 0x00, 0x00, 0x80, 0x00, 0x05, 0x00, 0x11, 0x00, 0x00, 0x00, 0xc4, 0x04, 0x00, 0x00,
    0x78, 0x04, 0x00, 0x00, 0x74, 0x04, 0x00, 0x00, 0xf7, 0x00, 0x03, 0x00, 0xc5, 0x04, 0x00, 0x00,
    0x00, 0x00, 0x00, 0x00, 0xfa, 0x00, 0x04, 0x00, 0x7a, 0x04, 0x00, 0x00, 0xc6, 0x04, 0x00, 0x00,
    0xc5, 0x04, 0x00, 0x00, 0xf8, 0x00, 0x02, 0x00, 0xc6, 0x04, 0x00, 0x00, 0x82, 0x00, 0x05, 0x00,
    0x11, 0x00, 0x00, 0x00, 0xc7, 0x04, 0x00, 0x00, 0x77, 0x04, 0x00, 0x00, 0xbd, 0x00, 0x00, 0x00,
    0xc6, 0x00, 0x05, 0x00, 0x11, 0x00, 0x00, 0x00, 0xc8, 0x04, 0x00, 0x00, 0xc4, 0x04, 0x00, 0x00,
    0xbd, 0x00, 0x00, 0x00, 0xf9, 0x00, 0x02, 0x00, 0xc5, 0x04, 0x00, 0x00, 0xf8, 0x00, 0x02, 0x00,
    0xc5, 0x04, 0x00, 0x00, 0xf5, 0x00, 0x07, 0x00, 0x11, 0x00, 0x00, 0x00, 0xc9, 0x04, 0x00, 0x00,
    0x77, 0x04, 0x00, 0x00, 0xbe, 0x04, 0x00, 0x00, 0xc7, 0x04, 0x00, 0x00, 0xc6, 0x04, 0x00, 0x00,
    0xf5, 0x00, 0x07, 0x00, 0x11, 0x00, 0x00, 0x00, 0xca, 0x04, 0x00, 0x00, 0xc4, 0x04, 0x00, 0x00,
    0xbe, 0x04, 0x00, 0x00, 0xc8, 0x04, 0x00, 0x00, 0xc6, 0x04, 0x00, 0x00, 0x87, 0x00, 0x05, 0x00,
    0x11, 0x00, 0x00, 0x00, 0xcb, 0x04, 0x00, 0x00, 0xca, 0x04, 0x00, 0x00, 0x97, 0x00, 0x00, 0x00,
    0x84, 0x00, 0x05, 0x00, 0x11, 0x00, 0x00, 0x00, 0xcc, 0x04, 0x00, 0x00, 0xcb, 0x04, 0x00, 0x00,
    0xbe, 0x00, 0x00, 0x00, 0x87, 0x00, 0x05, 0x00, 0x11, 0x00, 0x00, 0x00, 0xcd, 0x04, 0x00, 0x00,
    0xc9, 0x04, 0x00, 0x00, 0x97, 0x00, 0x00, 0x00, 0x80, 0x00, 0x05, 0x00, 0x11, 0x00, 0x00, 0x00,
    0xce, 0x04, 0x00, 0x00, 0xcc, 0x04, 0x00, 0x00, 0xcd, 0x04, 0x00, 0x00, 0x7c, 0x00, 0x04, 0x00,
    0x0f, 0x00, 0x00, 0x00, 0xcf, 0x04, 0x00, 0x00, 0xce, 0x04, 0x00, 0x00, 0xc2, 0x00, 0x05, 0x00,
    0x0f, 0x00, 0x00, 0x00, 0xd0, 0x04, 0x00, 0x00, 0xcf, 0x04, 0x00, 0x00, 0x94, 0x00, 0x00, 0x00,
    0xc7, 0x00, 0x05, 0x00, 0x0f, 0x00, 0x00, 0x00, 0xd1, 0x04, 0x00, 0x00, 0xd0, 0x04, 0x00, 0x00,
    0xc0, 0x00, 0x00, 0x00, 0x80, 0x00, 0x05, 0x00, 0x0f, 0x00, 0x00, 0x00, 0xd2, 0x04, 0x00, 0x00,
    0x86, 0x04, 0x00, 0x00, 0xd1, 0x04, 0x00, 0x00, 0x41, 0x00, 0x06, 0x00, 0xd1, 0x00, 0x00, 0x00,
    0xd3, 0x04, 0x00, 0x00, 0x0a, 0x00, 0x00, 0x00, 0x92, 0x00, 0x00, 0x00, 0xd2, 0x04, 0x00, 0x00,
    0x3d, 0x00, 0x04, 0x00, 0x0f, 0x00, 0x00, 0x00, 0xd4, 0x04, 0x00, 0x00, 0xd3, 0x04, 0x00, 0x00,
    0xc7, 0x00, 0x05, 0x00, 0x0f, 0x00, 0x00, 0x00, 0xd5, 0x04, 0x00, 0x00, 0xcf, 0x04, 0x00, 0x00,
    0x94, 0x00, 0x00, 0x00, 0xab, 0x00, 0x05, 0x00, 0x9e, 0x00, 0x00, 0x00, 0xd6, 0x04, 0x00, 0x00,
    0xd5, 0x04, 0x00, 0x00, 0x12, 0x00, 0x00, 0x00, 0xf7, 0x00, 0x03, 0x00, 0xd7, 0x04, 0x00, 0x00,
    0x00, 0x00, 0x00, 0x00, 0xfa, 0x00, 0x04, 0x00, 0xd6, 0x04, 0x00, 0x00, 0xd8, 0x04, 0x00, 0x00,
    0xd7, 0x04, 0x00, 0x00, 0xf8, 0x00, 0x02, 0x00, 0xd8, 0x04, 0x00, 0x00, 0xc2, 0x00, 0x05, 0x00,
    0x0f, 0x00, 0x00, 0x00, 0xd9, 0x04, 0x00, 0x00, 0xd4, 0x04, 0x00, 0x00, 0x10, 0x00, 0x00, 0x00,
    0xf9, 0x00, 0x02, 0x00, 0xd7, 0x04, 0x00, 0x00, 0xf8, 0x00, 0x02, 0x00, 0xd7, 0x04, 0x00, 0x00,
    0xf5, 0x00, 0x07, 0x00, 0x0f, 0x00, 0x00, 0x00, 0xda, 0x04, 0x00, 0x00, 0xd4, 0x04, 0x00, 0x00,
    0xc5, 0x04, 0x00, 0x00, 0xd9, 0x04, 0x00, 0x00, 0xd8, 0x04, 0x00, 0x00, 0xc7, 0x00, 0x05, 0x00,
    0x11, 0x00, 0x00, 0x00, 0xdb, 0x04, 0x00, 0x00, 0x74, 0x04, 0x00, 0x00, 0x95, 0x00, 0x00, 0x00,
    0xaa, 0x00, 0x05, 0x00, 0x9e, 0x00, 0x00, 0x00, 0xdc, 0x04, 0x00, 0x00, 0xdb, 0x04, 0x00, 0x00,
    0x92, 0x00, 0x00, 0x00, 0xf7, 0x00, 0x03, 0x00, 0xdd, 0x04, 0x00, 0x00, 0x00, 0x00, 0x00, 0x00,
    0xfa, 0x00, 0x04, 0x00, 0xdc, 0x04, 0x00, 0x00, 0xde, 0x04, 0x00, 0x00, 0xdd, 0x04, 0x00, 0x00,
    0xf8, 0x00, 0x02, 0x00, 0xde, 0x04, 0x00, 0x00, 0xc2, 0x00, 0x05, 0x00, 0x0f, 0x00, 0x00, 0x00,
    0xdf, 0x04, 0x00, 0x00, 0xda, 0x04, 0x00, 0x00, 0x15, 0x00, 0x00, 0x00, 0xf9, 0x00, 0x02, 0x00,
    0xdd, 0x04, 0x00, 0x00, 0xf8, 0x00, 0x02, 0x00, 0xdd, 0x04, 0x00, 0x00, 0xf5, 0x00, 0x07, 0x00,
    0x0f, 0x00, 0x00, 0x00, 0xe0, 0x04, 0x00, 0x00, 0xda, 0x04, 0x00, 0x00, 0xd7, 0x04, 0x00, 0x00,
    0xdf, 0x04, 0x00, 0x00, 0xde, 0x04, 0x00, 0x00, 0xf7, 0x00, 0x03, 0x00, 0xe1, 0x04, 0x00, 0x00,
    0x00, 0x00, 0x00, 0x00, 0xfa, 0x00, 0x04, 0x00, 0x99, 0x04, 0x00, 0x00, 0xe2, 0x04, 0x00, 0x00,
    0xe1, 0x04, 0x00, 0x00, 0xf8, 0x00, 0x02, 0x00, 0xe2, 0x04, 0x00, 0x00, 0xc2, 0x00, 0x05, 0x00,
    0x0f, 0x00, 0x00, 0x00, 0xe3, 0x04, 0x00, 0x00, 0xe0, 0x04, 0x00, 0x00, 0xb9, 0x00, 0x00, 0x00,
    0xf9, 0x00, 0x02, 0x00, 0xe1, 0x04, 0x00, 0x00, 0xf8, 0x00, 0x02, 0x00, 0xe1, 0x04, 0x00, 0x00,
    0xf5, 0x00, 0x07, 0x00, 0x0f, 0x00, 0x00, 0x00, 0xe4, 0x04, 0x00, 0x00, 0xe0, 0x04, 0x00, 0x00,
    0xdd, 0x04, 0x00, 0x00, 0xe3, 0x04, 0x00, 0x00, 0xe2, 0x04, 0x00, 0x00, 0xc7, 0x00, 0x05, 0x00,
    0x0f, 0x00, 0x00, 0x00, 0xe5, 0x04, 0x00, 0x00, 0xe4, 0x04, 0x00, 0x00, 0xc1, 0x00, 0x00, 0x00,
    0xc4, 0x00, 0x05, 0x00, 0x0f, 0x00, 0x00, 0x00, 0xe6, 0x04, 0x00, 0x00, 0xe5, 0x04, 0x00, 0x00,
    0xb9, 0x00, 0x00, 0x00, 0xf7, 0x00, 0x03, 0x00, 0xe7, 0x04, 0x00, 0x00, 0x00, 0x00, 0x00, 0x00,
    0xfa, 0x00, 0x04, 0x00, 0xa1, 0x04, 0x00, 0x00, 0xe8, 0x04, 0x00, 0x00, 0xe7, 0x04, 0x00, 0x00,
    0xf8, 0x00, 0x02, 0x00, 0xe8, 0x04, 0x00, 0x00, 0x82, 0x00, 0x05, 0x00, 0x11, 0x00, 0x00, 0x00,
    0xe9, 0x04, 0x00, 0x00, 0xa0, 0x04, 0x00, 0x00, 0xbd, 0x00, 0x00, 0x00, 0xc6, 0x00, 0x05, 0x00,
    0x11, 0x00, 0x00, 0x00, 0xea, 0x04, 0x00, 0x00, 0xc4, 0x04, 0x00, 0x00, 0xbd, 0x00, 0x00, 0x00,
    0xf9, 0x00, 0x02, 0x00, 0xe7, 0x04, 0x00, 0x00, 0xf8, 0x00, 0x02, 0x00, 0xe7, 0x04, 0x00, 0x00,
    0xf5, 0x00, 0x07, 0x00, 0x11, 0x00, 0x00, 0x00, 0xeb, 0x04, 0x00, 0x00, 0xa0, 0x04, 0x00, 0x00,
    0xe1, 0x04, 0x00, 0x00, 0xe9, 0x04, 0x00, 0x00, 0xe8, 0x04, 0x00, 0x00, 0xf5, 0x00, 0x07, 0x00,
    0x11, 0x00, 0x00, 0x00, 0xec, 0x04, 0x00, 0x00, 0xc4, 0x04, 0x00, 0x00, 0xe1, 0x04, 0x00, 0x00,
    0xea, 0x04, 0x00, 0x00, 0xe8, 0x04, 0x00, 0x00, 0x87, 0x00, 0x05, 0x00, 0x11, 0x00, 0x00, 0x00,
    0xed, 0x04, 0x00, 0x00, 0xec, 0x04, 0x00, 0x00, 0x97, 0x00, 0x00, 0x00, 0x84, 0x00, 0x05, 0x00,
    0x11, 0x00, 0x00, 0x00, 0xee, 0x04, 0x00, 0x00, 0xed, 0x04, 0x00, 0x00, 0xbe, 0x00, 0x00, 0x00,
    0x87, 0x00, 0x05, 0x00, 0x11, 0x00, 0x00, 0x00, 0xef, 0x04, 0x00, 0x00, 0xeb, 0x04, 0x00, 0x00,
    0x97, 0x00, 0x00, 0x00, 0x80, 0x00, 0x05, 0x00, 0x11, 0x00, 0x00, 0x00, 0xf0, 0x04, 0x00, 0x00,
    0xee, 0x04, 0x00, 0x00, 0xef, 0x04, 0x00, 0x00, 0x7c, 0x00, 0x04, 0x00, 0x0f, 0x00, 0x00, 0x00,
    0xf1, 0x04, 0x00, 0x00, 0xf0, 0x04, 0x00, 0x00, 0xc2, 0x00, 0x05, 0x00, 0x0f, 0x00, 0x00, 0x00,
    0xf2, 0x04, 0x00, 0x00, 0xf1, 0x04, 0x00, 0x00, 0x94, 0x00, 0x00, 0x00, 0xc7, 0x00, 0x05, 0x00,
    0x0f, 0x00, 0x00, 0x00, 0xf3, 0x04, 0x00, 0x00, 0xf2, 0x04, 0x00, 0x00, 0xc0, 0x00, 0x00, 0x00,
    0x80, 0x00, 0x05, 0x00, 0x0f, 0x00, 0x00, 0x00, 0xf4, 0x04, 0x00, 0x00, 0x86, 0x04, 0x00, 0x00,
    0xf3, 0x04, 0x00, 0x00, 0x41, 0x00, 0x06, 0x00, 0xd1, 0x00, 0x00, 0x00, 0xf5, 0x04, 0x00, 0x00,
    0x0a, 0x00, 0x00, 0x00, 0x92, 0x00, 0x00, 0x00, 0xf4, 0x04, 0x00, 0x00, 0x3d, 0x00, 0x04, 0x00,
    0x0f, 0x00, 0x00, 0x00, 0xf6, 0x04, 0x00, 0x00, 0xf5, 0x04, 0x00, 0x00, 0xc7, 0x00, 0x05, 0x00,
    0x0f, 0x00, 0x00, 0x00, 0xf7, 0x04, 0x00, 0x00, 0xf1, 0x04, 0x00, 0x00, 0x94, 0x00, 0x00, 0x00,
    0xab, 0x00, 0x05, 0x00, 0x9e, 0x00, 0x00, 0x00, 0xf8, 0x04, 0x00, 0x00, 0xf7, 0x04, 0x00, 0x00,
    0x12, 0x00, 0x00, 0x00, 0xf7, 0x00, 0x03, 0x00, 0xf9, 0x04, 0x00, 0x00, 0x00, 0x00, 0x00, 0x00,
    0xfa, 0x00, 0x04, 0x00, 0xf8, 0x04, 0x00, 0x00, 0xfa, 0x04, 0x00, 0x00, 0xf9, 0x04, 0x00, 0x00,
    0xf8, 0x00, 0x02, 0x00, 0xfa, 0x04, 0x00, 0x00, 0xc2, 0x00, 0x05, 0x00, 0x0f, 0x00, 0x00, 0x00,
    0xfb, 0x04, 0x00, 0x00, 0xf6, 0x04, 0x00, 0x00, 0x10, 0x00, 0x00, 0x00, 0xf9, 0x00, 0x02, 0x00,
    0xf9, 0x04, 0x00, 0x00, 0xf8, 0x00, 0x02, 0x00, 0xf9, 0x04, 0x00, 0x00, 0xf5, 0x00, 0x07, 0x00,
    0x0f, 0x00, 0x00, 0x00, 0xfc, 0x04, 0x00, 0x00, 0xf6, 0x04, 0x00, 0x00, 0xe7, 0x04, 0x00, 0x00,
    0xfb, 0x04, 0x00, 0x00, 0xfa, 0x04, 0x00, 0x00, 0xf7, 0x00, 0x03, 0x00, 0xfd, 0x04, 0x00, 0x00,
    0x00, 0x00, 0x00, 0x00, 0xfa, 0x00, 0x04, 0x00, 0xdc, 0x04, 0x00, 0x00, 0xfe, 0x04, 0x00, 0x00,
    0xfd, 0x04, 0x00, 0x00, 0xf8, 0x00, 0x02, 0x00, 0xfe, 0x04, 0x00, 0x00, 0xc2, 0x00, 0x05, 0x00,
    0x0f, 0x00, 0x00, 0x00, 0xff, 0x04, 0x00, 0x00, 0xfc, 0x04, 0x00, 0x00, 0x15, 0x00, 0x00, 0x00,
    0xf9, 0x00, 0x02, 0x00, 0xfd, 0x04, 0x00, 0x00, 0xf8, 0x00, 0x02, 0x00, 0xfd, 0x04, 0x00, 0x00,
    0xf5, 0x00, 0x07, 0x00, 0x0f, 0x00, 0x00, 0x00, 0x00, 0x05, 0x00, 0x00, 0xfc, 0x04, 0x00, 0x00,
    0xf9, 0x04, 0x00, 0x00, 0xff, 0x04, 0x00, 0x00, 0xfe, 0x04, 0x00, 0x00, 0xf7, 0x00, 0x03, 0x00,
    0x01, 0x05, 0x00, 0x00, 0x00, 0x00, 0x00, 0x00, 0xfa, 0x00, 0x04, 0x00, 0xbd, 0x04, 0x00, 0x00,
    0x02, 0x05, 0x00, 0x00, 0x01, 0x05, 0x00, 0x00, 0xf8, 0x00, 0x02, 0x00, 0x02, 0x05, 0x00, 0x00,
    0xc2, 0x00, 0x05, 0x00, 0x0f, 0x00, 0x00, 0x00, 0x03, 0x05, 0x00, 0x00, 0x00, 0x05, 0x00, 0x00,
    0xb9, 0x00, 0x00, 0x00, 0xf9, 0x00, 0x02, 0x00, 0x01, 0x05, 0x00, 0x00, 0xf8, 0x00, 0x02, 0x00,
    0x01, 0x05, 0x00, 0x00, 0xf5, 0x00, 0x07, 0x00, 0x0f, 0x00, 0x00, 0x00, 0x04, 0x05, 0x00, 0x00,
    0x00, 0x05, 0x00, 0x00, 0xfd, 0x04, 0x00, 0x00, 0x03, 0x05, 0x00, 0x00, 0x02, 0x05, 0x00, 0x00,
    0xc7, 0x00, 0x05, 0x00, 0x0f, 0x00, 0x00, 0x00, 0x05, 0x05, 0x00, 0x00, 0x04, 0x05, 0x00, 0x00,
    0xc1, 0x00, 0x00, 0x00, 0xc4, 0x00, 0x05, 0x00, 0x0f, 0x00, 0x00, 0x00, 0x06, 0x05, 0x00, 0x00,
    0x05, 0x05, 0x00, 0x00, 0xb9, 0x00, 0x00, 0x00, 0xf7, 0x00, 0x03, 0x00, 0x07, 0x05, 0x00, 0x00,
    0x00, 0x00, 0x00, 0x00, 0xfa, 0x00, 0x04, 0x00, 0xf1, 0x00, 0x00, 0x00, 0x08, 0x05, 0x00, 0x00,
    0x07, 0x05, 0x00, 0x00, 0xf8, 0x00, 0x02, 0x00, 0x08, 0x05, 0x00, 0x00, 0xab, 0x00, 0x05, 0x00,
    0x9e, 0x00, 0x00, 0x00, 0x09, 0x05, 0x00, 0x00, 0x9f, 0x04, 0x00, 0x00, 0xba, 0x00, 0x00, 0x00,
    0xf7, 0x00, 0x03, 0x00, 0x0a, 0x05, 0x00, 0x00, 0x00, 0x00, 0x00, 0x00, 0xfa, 0x00, 0x04, 0x00,
    0x09, 0x05, 0x00, 0x00, 0x0b, 0x05, 0x00, 0x00, 0x0a, 0x05, 0x00, 0x00, 0xf8, 0x00, 0x02, 0x00,
    0x0b, 0x05, 0x00, 0x00, 0xc5, 0x00, 0x05, 0x00, 0x0f, 0x00, 0x00, 0x00, 0x0c, 0x05, 0x00, 0x00,
    0x9f, 0x04, 0x00, 0x00, 0xbb, 0x00, 0x00, 0x00, 0xf9, 0x00, 0x02, 0x00, 0x0a, 0x05, 0x00, 0x00,
    0xf8, 0x00, 0x02, 0x00, 0x0a, 0x05, 0x00, 0x00, 0xf5, 0x00, 0x07, 0x00, 0x0f, 0x00, 0x00, 0x00,
    0x0d, 0x05, 0x00, 0x00, 0x9f, 0x04, 0x00, 0x00, 0x08, 0x05, 0x00, 0x00, 0x0c, 0x05, 0x00, 0x00,
    0x0b, 0x05, 0x00, 0x00, 0xab, 0x00, 0x05, 0x00, 0x9e, 0x00, 0x00, 0x00, 0x0e, 0x05, 0x00, 0x00,
    0xc3, 0x04, 0x00, 0x00, 0xba, 0x00, 0x00, 0x00, 0xf7, 0x00, 0x03, 0x00, 0x0f, 0x05, 0x00, 0x00,
    0x00, 0x00, 0x00, 0x00, 0xfa, 0x00, 0x04, 0x00, 0x0e, 0x05, 0x00, 0x00, 0x10, 0x05, 0x00, 0x00,
    0x0f, 0x05, 0x00, 0x00, 0xf8, 0x00, 0x02, 0x00, 0x10, 0x05, 0x00, 0x00, 0xc5, 0x00, 0x05, 0x00,
    0x0f, 0x00, 0x00, 0x00, 0x11, 0x05, 0x00, 0x00, 0xc3, 0x04, 0x00, 0x00, 0xbb, 0x00, 0x00, 0x00,
    0xf9, 0x00, 0x02, 0x00, 0x0f, 0x05, 0x00, 0x00, 0xf8, 0x00, 0x02, 0x00, 0x0f, 0x05, 0x00, 0x00,
    0xf5, 0x00, 0x07, 0x00, 0x0f, 0x00, 0x00, 0x00, 0x12, 0x05, 0x00, 0x00, 0xc3, 0x04, 0x00, 0x00,
    0x0a, 0x05, 0x00, 0x00, 0x11, 0x05, 0x00, 0x00, 0x10, 0x05, 0x00, 0x00, 0xab, 0x00, 0x05, 0x00,
    0x9e, 0x00, 0x00, 0x00, 0x13, 0x05, 0x00, 0x00, 0xe6, 0x04, 0x00, 0x00, 0xba, 0x00, 0x00, 0x00,
    0xf7, 0x00, 0x03, 0x00, 0x14, 0x05, 0x00, 0x00, 0x00, 0x00, 0x00, 0x00, 0xfa, 0x00, 0x04, 0x00,
    0x13, 0x05, 0x00, 0x00, 0x15, 0x05, 0x00, 0x00, 0x14, 0x05, 0x00, 0x00, 0xf8, 0x00, 0x02, 0x00,
    0x15, 0x05, 0x00, 0x00, 0xc5, 0x00, 0x05, 0x00, 0x0f, 0x00, 0x00, 0x00, 0x16, 0x05, 0x00, 0x00,
    0xe6, 0x04, 0x00, 0x00, 0xbb, 0x00, 0x00, 0x00, 0xf9, 0x00, 0x02, 0x00, 0x14, 0x05, 0x00, 0x00,
    0xf8, 0x00, 0x02, 0x00, 0x14, 0x05, 0x00, 0x00, 0xf5, 0x00, 0x07, 0x00, 0x0f, 0x00, 0x00, 0x00,
    0x17, 0x05, 0x00, 0x00, 0xe6, 0x04, 0x00, 0x00, 0x0f, 0x05, 0x00, 0x00, 0x16, 0x05, 0x00, 0x00,
    0x15, 0x05, 0x00, 0x00, 0xab, 0x00, 0x05, 0x00, 0x9e, 0x00, 0x00, 0x00, 0x18, 0x05, 0x00, 0x00,
    0x06, 0x05, 0x00, 0x00, 0xba, 0x00, 0x00, 0x00, 0xf7, 0x00, 0x03, 0x00, 0x19, 0x05, 0x00, 0x00,
    0x00, 0x00, 0x00, 0x00, 0xfa, 0x00, 0x04, 0x00, 0x18, 0x05, 0x00, 0x00, 0x1a, 0x05, 0x00, 0x00,
    0x19, 0x05, 0x00, 0x00, 0xf8, 0x00, 0x02, 0x00, 0x1a, 0x05, 0x00, 0x00, 0xc5, 0x00, 0x05, 0x00,
    0x0f, 0x00, 0x00, 0x00, 0x1b, 0x05, 0x00, 0x00, 0x06, 0x05, 0x00, 0x00, 0xbb, 0x00, 0x00, 0x00,
    0xf9, 0x00, 0x02, 0x00, 0x19, 0x05, 0x00, 0x00, 0xf8, 0x00, 0x02, 0x00, 0x19, 0x05, 0x00, 0x00,
    0xf5, 0x00, 0x07, 0x00, 0x0f, 0x00, 0x00, 0x00, 0x1c, 0x05, 0x00, 0x00, 0x06, 0x05, 0x00, 0x00,
    0x14, 0x05, 0x00, 0x00, 0x1b, 0x05, 0x00, 0x00, 0x1a, 0x05, 0x00, 0x00, 0xaa, 0x00, 0x05, 0x00,
    0x9e, 0x00, 0x00, 0x00, 0x1d, 0x05, 0x00, 0x00, 0x0d, 0x05, 0x00, 0x00, 0xba, 0x00, 0x00, 0x00,
    0xf7, 0x00, 0x03, 0x00, 0x1e, 0x05, 0x00, 0x00, 0x00, 0x00, 0x00, 0x00, 0xfa, 0x00, 0x04, 0x00,
    0x1d, 0x05, 0x00, 0x00, 0x1f, 0x05, 0x00, 0x00, 0x1e, 0x05, 0x00, 0x00, 0xf8, 0x00, 0x02, 0x00,
    0x1f, 0x05, 0x00, 0x00, 0xc7, 0x00, 0x05, 0x00, 0x0f, 0x00, 0x00, 0x00, 0x20, 0x05, 0x00, 0x00,
    0x12, 0x05, 0x00, 0x00, 0xa4, 0x00, 0x00, 0x00, 0xf9, 0x00, 0x02, 0x00, 0x1e, 0x05, 0x00, 0x00,
    0xf8, 0x00, 0x02, 0x00, 0x1e, 0x05, 0x00, 0x00, 0xf5, 0x00, 0x07, 0x00, 0x0f, 0x00, 0x00, 0x00,
    0x21, 0x05, 0x00, 0x00, 0x0d, 0x05, 0x00, 0x00, 0x19, 0x05, 0x00, 0x00, 0x20, 0x05, 0x00, 0x00,
    0x1f, 0x05, 0x00, 0x00, 0xaa, 0x00, 0x05, 0x00, 0x9e, 0x00, 0x00, 0x00, 0x22, 0x05, 0x00, 0x00,
    0x12, 0x05, 0x00, 0x00, 0xba, 0x00, 0x00, 0x00, 0xf7, 0x00, 0x03, 0x00, 0x23, 0x05, 0x00, 0x00,
    0x00, 0x00, 0x00, 0x00, 0xfa, 0x00, 0x04, 0x00, 0x22, 0x05, 0x00, 0x00, 0x24, 0x05, 0x00, 0x00,
    0x23, 0x05, 0x00, 0x00, 0xf8, 0x00, 0x02, 0x00, 0x24, 0x05, 0x00, 0x00, 0xc7, 0x00, 0x05, 0x00,
    0x0f, 0x00, 0x00, 0x00, 0x25, 0x05, 0x00, 0x00, 0x21, 0x05, 0x00, 0x00, 0xa4, 0x00, 0x00, 0x00,
    0xf9, 0x00, 0x02, 0x00, 0x23, 0x05, 0x00, 0x00, 0xf8, 0x00, 0x02, 0x00, 0x23, 0x05, 0x00, 0x00,
    0xf5, 0x00, 0x07, 0x00, 0x0f, 0x00, 0x00, 0x00, 0x26, 0x05, 0x00, 0x00, 0x12, 0x05, 0x00, 0x00,
    0x1e, 0x05, 0x00, 0x00, 0x25, 0x05, 0x00, 0x00, 0x24, 0x05, 0x00, 0x00, 0xaa, 0x00, 0x05, 0x00,
    0x9e, 0x00, 0x00, 0x00, 0x27, 0x05, 0x00, 0x00, 0x17, 0x05, 0x00, 0x00, 0xba, 0x00, 0x00, 0x00,
    0xf7, 0x00, 0x03, 0x00, 0x28, 0x05, 0x00, 0x00, 0x00, 0x00, 0x00, 0x00, 0xfa, 0x00, 0x04, 0x00,
    0x27, 0x05, 0x00, 0x00, 0x29, 0x05, 0x00, 0x00, 0x28, 0x05, 0x00, 0x00, 0xf8, 0x00, 0x02, 0x00,
    0x29, 0x05, 0x00, 0x00, 0xc7, 0x00, 0x05, 0x00, 0x0f, 0x00, 0x00, 0x00, 0x2a, 0x05, 0x00, 0x00,
    0x1c, 0x05, 0x00, 0x00, 0xa4, 0x00, 0x00, 0x00, 0xf9, 0x00, 0x02, 0x00, 0x28, 0x05, 0x00, 0x00,
    0xf8, 0x00, 0x02, 0x00, 0x28, 0x05, 0x00, 0x00, 0xf5, 0x00, 0x07, 0x00, 0x0f, 0x00, 0x00, 0x00,
    0x2b, 0x05, 0x00, 0x00, 0x17, 0x05, 0x00, 0x00, 0x23, 0x05, 0x00, 0x00, 0x2a, 0x05, 0x00, 0x00,
    0x29, 0x05, 0x00, 0x00, 0xaa, 0x00, 0x05, 0x00, 0x9e, 0x00, 0x00, 0x00, 0x2c, 0x05, 0x00, 0x00,
    0x1c, 0x05, 0x00, 0x00, 0xba, 0x00, 0x00, 0x00, 0xf7, 0x00, 0x03, 0x00, 0x2d, 0x05, 0x00, 0x00,
    0x00, 0x00, 0x00, 0x00, 0xfa, 0x00, 0x04, 0x00, 0x2c, 0x05, 0x00, 0x00, 0x2e, 0x05, 0x00, 0x00,
    0x2d, 0x05, 0x00, 0x00, 0xf8, 0x00, 0x02, 0x00, 0x2e, 0x05, 0x00, 0x00, 0xc7, 0x00, 0x05, 0x00,
    0x0f, 0x00, 0x00, 0x00, 0x2f, 0x05, 0x00, 0x00, 0x2b, 0x05, 0x00, 0x00, 0xa4, 0x00, 0x00, 0x00,
    0xf9, 0x00, 0x02, 0x00, 0x2d, 0x05, 0x00, 0x00, 0xf8, 0x00, 0x02, 0x00, 0x2d, 0x05, 0x00, 0x00,
    0xf5, 0x00, 0x07, 0x00, 0x0f, 0x00, 0x00, 0x00, 0x30, 0x05, 0x00, 0x00, 0x1c, 0x05, 0x00, 0x00,
    0x28, 0x05, 0x00, 0x00, 0x2f, 0x05, 0x00, 0x00, 0x2e, 0x05, 0x00, 0x00, 0xf9, 0x00, 0x02, 0x00,
    0x07, 0x05, 0x00, 0x00, 0xf8, 0x00, 0x02, 0x00, 0x07, 0x05, 0x00, 0x00, 0xf5, 0x00, 0x07, 0x00,
    0x0f, 0x00, 0x00, 0x00, 0x31, 0x05, 0x00, 0x00, 0x06, 0x05, 0x00, 0x00, 0x01, 0x05, 0x00, 0x00,
    0x30, 0x05, 0x00, 0x00, 0x2d, 0x05, 0x00, 0x00, 0xf5, 0x00, 0x07, 0x00, 0x0f, 0x00, 0x00, 0x00,
    0x32, 0x05, 0x00, 0x00, 0xe6, 0x04, 0x00, 0x00, 0x01, 0x05, 0x00, 0x00, 0x2b, 0x05, 0x00, 0x00,
    0x2d, 0x05, 0x00, 0x00, 0xf5, 0x00, 0x07, 0x00, 0x0f, 0x00, 0x00, 0x00, 0x33, 0x05, 0x00, 0x00,
    0xc3, 0x04, 0x00, 0x00, 0x01, 0x05, 0x00, 0x00, 0x26, 0x05, 0x00, 0x00, 0x2d, 0x05, 0x00, 0x00,
    0xf5, 0x00, 0x07, 0x00, 0x0f, 0x00, 0x00, 0x00, 0x34, 0x05, 0x00, 0x00, 0x9f, 0x04, 0x00, 0x00,
    0x01, 0x05, 0x00, 0x00, 0x21, 0x05, 0x00, 0x00, 0x2d, 0x05, 0x00, 0x00, 0x82, 0x00, 0x05, 0x00,
    0x0f, 0x00, 0x00, 0x00, 0x35, 0x05, 0x00, 0x00, 0x33, 0x05, 0x00, 0x00, 0x34, 0x05, 0x00, 0x00,
    0x84, 0x00, 0x05, 0x00, 0x0f, 0x00, 0x00, 0x00, 0x36, 0x05, 0x00, 0x00, 0x35, 0x05, 0x00, 0x00,
    0x61, 0x04, 0x00, 0x00, 0xc2, 0x00, 0x05, 0x00, 0x0f, 0x00, 0x00, 0x00, 0x37, 0x05, 0x00, 0x00,
    0x36, 0x05, 0x00, 0x00, 0x15, 0x00, 0x00, 0x00, 0x80, 0x00, 0x05, 0x00, 0x0f, 0x00, 0x00, 0x00,
    0x38, 0x05, 0x00, 0x00, 0x34, 0x05, 0x00, 0x00, 0x37, 0x05, 0x00, 0x00, 0xc7, 0x00, 0x05, 0x00,
    0x0f, 0x00, 0x00, 0x00, 0x39, 0x05, 0x00, 0x00, 0x38, 0x05, 0x00, 0x00, 0xbc, 0x00, 0x00, 0x00,
    0x82, 0x00, 0x05, 0x00, 0x0f, 0x00, 0x00, 0x00, 0x3a, 0x05, 0x00, 0x00, 0x31, 0x05, 0x00, 0x00,
    0x32, 0x05, 0x00, 0x00, 0x84, 0x00, 0x05, 0x00, 0x0f, 0x00, 0x00, 0x00, 0x3b, 0x05, 0x00, 0x00,
    0x3a, 0x05, 0x00, 0x00, 0x61, 0x04, 0x00, 0x00, 0xc2, 0x00, 0x05, 0x00, 0x0f, 0x00, 0x00, 0x00,
    0x3c, 0x05, 0x00, 0x00, 0x3b, 0x05, 0x00, 0x00, 0x15, 0x00, 0x00, 0x00, 0x80, 0x00, 0x05, 0x00,
    0x0f, 0x00, 0x00, 0x00, 0x3d, 0x05, 0x00, 0x00, 0x32, 0x05, 0x00, 0x00, 0x3c, 0x05, 0x00, 0x00,
    0xc7, 0x00, 0x05, 0x00, 0x0f, 0x00, 0x00, 0x00, 0x3e, 0x05, 0x00, 0x00, 0x3d, 0x05, 0x00, 0x00,
    0xbc, 0x00, 0x00, 0x00, 0xf7, 0x00, 0x03, 0x00, 0x3f, 0x05, 0x00, 0x00, 0x00, 0x00, 0x00, 0x00,
    0xfa, 0x00, 0x04, 0x00, 0xf1, 0x00, 0x00, 0x00, 0x40, 0x05, 0x00, 0x00, 0x3f, 0x05, 0x00, 0x00,
    0xf8, 0x00, 0x02, 0x00, 0x40, 0x05, 0x00, 0x00, 0xaa, 0x00, 0x05, 0x00, 0x9e, 0x00, 0x00, 0x00,
    0x41, 0x05, 0x00, 0x00, 0x39, 0x05, 0x00, 0x00, 0xba, 0x00, 0x00, 0x00, 0xf7, 0x00, 0x03, 0x00,
    0x42, 0x05, 0x00, 0x00, 0x00, 0x00, 0x00, 0x00, 0xfa, 0x00, 0x04, 0x00, 0x41, 0x05, 0x00, 0x00,
    0x43, 0x05, 0x00, 0x00, 0x42, 0x05, 0x00, 0x00, 0xf8, 0x00, 0x02, 0x00, 0x43, 0x05, 0x00, 0x00,
    0xc7, 0x00, 0x05, 0x00, 0x0f, 0x00, 0x00, 0x00, 0x44, 0x05, 0x00, 0x00, 0x3d, 0x05, 0x00, 0x00,
    0xa4, 0x00, 0x00, 0x00, 0xf9, 0x00, 0x02, 0x00, 0x42, 0x05, 0x00, 0x00, 0xf8, 0x00, 0x02, 0x00,
    0x42, 0x05, 0x00, 0x00, 0xf5, 0x00, 0x07, 0x00, 0x0f, 0x00, 0x00, 0x00, 0x45, 0x05, 0x00, 0x00,
    0x39, 0x05, 0x00, 0x00, 0x40, 0x05, 0x00, 0x00, 0x44, 0x05, 0x00, 0x00, 0x43, 0x05, 0x00, 0x00,
    0xaa, 0x00, 0x05, 0x00, 0x9e, 0x00, 0x00, 0x00, 0x46, 0x05, 0x00, 0x00, 0x3e, 0x05, 0x00, 0x00,
    0xba, 0x00, 0x00, 0x00, 0xf7, 0x00, 0x03, 0x00, 0x47, 0x05, 0x00, 0x00, 0x00, 0x00, 0x00, 0x00,
    0xfa, 0x00, 0x04, 0x00, 0x46, 0x05, 0x00, 0x00, 0x48, 0x05, 0x00, 0x00, 0x47, 0x05, 0x00, 0x00,
    0xf8, 0x00, 0x02, 0x00, 0x48, 0x05, 0x00, 0x00, 0xc7, 0x00, 0x05, 0x00, 0x0f, 0x00, 0x00, 0x00,
    0x49, 0x05, 0x00, 0x00, 0x45, 0x05, 0x00, 0x00, 0xa4, 0x00, 0x00, 0x00, 0xf9, 0x00, 0x02, 0x00,
    0x47, 0x05, 0x00, 0x00, 0xf8, 0x00, 0x02, 0x00, 0x47, 0x05, 0x00, 0x00, 0xf5, 0x00, 0x07, 0x00,
    0x0f, 0x00, 0x00, 0x00, 0x4a, 0x05, 0x00, 0x00, 0x3e, 0x05, 0x00, 0x00, 0x42, 0x05, 0x00, 0x00,
    0x49, 0x05, 0x00, 0x00, 0x48, 0x05, 0x00, 0x00, 0xf9, 0x00, 0x02, 0x00, 0x3f, 0x05, 0x00, 0x00,
    0xf8, 0x00, 0x02, 0x00, 0x3f, 0x05, 0x00, 0x00, 0xf5, 0x00, 0x07, 0x00, 0x0f, 0x00, 0x00, 0x00,
    0x4b, 0x05, 0x00, 0x00, 0x3e, 0x05, 0x00, 0x00, 0x07, 0x05, 0x00, 0x00, 0x4a, 0x05, 0x00, 0x00,
    0x47, 0x05, 0x00, 0x00, 0xf5, 0x00, 0x07, 0x00, 0x0f, 0x00, 0x00, 0x00, 0x4c, 0x05, 0x00, 0x00,
    0x39, 0x05, 0x00, 0x00, 0x07, 0x05, 0x00, 0x00, 0x45, 0x05, 0x00, 0x00, 0x47, 0x05, 0x00, 0x00,
    0x82, 0x00, 0x05, 0x00, 0x0f, 0x00, 0x00, 0x00, 0x4d, 0x05, 0x00, 0x00, 0x4b, 0x05, 0x00, 0x00,
    0x4c, 0x05, 0x00, 0x00, 0x84, 0x00, 0x05, 0x00, 0x0f, 0x00, 0x00, 0x00, 0x4e, 0x05, 0x00, 0x00,
    0x4d, 0x05, 0x00, 0x00, 0x73, 0x04, 0x00, 0x00, 0xc2, 0x00, 0x05, 0x00, 0x0f, 0x00, 0x00, 0x00,
    0x4f, 0x05, 0x00, 0x00, 0x4e, 0x05, 0x00, 0x00, 0x15, 0x00, 0x00, 0x00, 0x80, 0x00, 0x05, 0x00,
    0x0f, 0x00, 0x00, 0x00, 0x50, 0x05, 0x00, 0x00, 0x4c, 0x05, 0x00, 0x00, 0x4f, 0x05, 0x00, 0x00,
    0xc7, 0x00, 0x05, 0x00, 0x0f, 0x00, 0x00, 0x00, 0x51, 0x05, 0x00, 0x00, 0x50, 0x05, 0x00, 0x00,
    0xbc, 0x00, 0x00, 0x00, 0xc7, 0x00, 0x05, 0x00, 0x11, 0x00, 0x00, 0x00, 0x52, 0x05, 0x00, 0x00,
    0x0c, 0x01, 0x00, 0x00, 0xa0, 0x00, 0x00, 0x00, 0xc4, 0x00, 0x05, 0x00, 0x11, 0x00, 0x00, 0x00,
    0x53, 0x05, 0x00, 0x00, 0x52, 0x05, 0x00, 0x00, 0x95, 0x00, 0x00, 0x00, 0x7c, 0x00, 0x04, 0x00,
    0x0f, 0x00, 0x00, 0x00, 0x54, 0x05, 0x00, 0x00, 0x53, 0x05, 0x00, 0x00, 0x82, 0x00, 0x05, 0x00,
    0x0f, 0x00, 0x00, 0x00, 0x55, 0x05, 0x00, 0x00, 0x51, 0x05, 0x00, 0x00, 0x9d, 0x02, 0x00, 0x00,
    0x84, 0x00, 0x05, 0x00, 0x0f, 0x00, 0x00, 0x00, 0x56, 0x05, 0x00, 0x00, 0x55, 0x05, 0x00, 0x00,
    0x54, 0x05, 0x00, 0x00, 0xc2, 0x00, 0x05, 0x00, 0x0f, 0x00, 0x00, 0x00, 0x57, 0x05, 0x00, 0x00,
    0x56, 0x05, 0x00, 0x00, 0x15, 0x00, 0x00, 0x00, 0x80, 0x00, 0x05, 0x00, 0x0f, 0x00, 0x00, 0x00,
    0x58, 0x05, 0x00, 0x00, 0x9d, 0x02, 0x00, 0x00, 0x57, 0x05, 0x00, 0x00, 0xc7, 0x00, 0x05, 0x00,
    0x0f, 0x00, 0x00, 0x00, 0x59, 0x05, 0x00, 0x00, 0x58, 0x05, 0x00, 0x00, 0xbc, 0x00, 0x00, 0x00,
    0xf9, 0x00, 0x02, 0x00, 0xa3, 0x02, 0x00, 0x00, 0xf8, 0x00, 0x02, 0x00, 0xa3, 0x02, 0x00, 0x00,
    0xf5, 0x00, 0x07, 0x00, 0x0f, 0x00, 0x00, 0x00, 0x5a, 0x05, 0x00, 0x00, 0x59, 0x05, 0x00, 0x00,
    0x3f, 0x05, 0x00, 0x00, 0xf0, 0x03, 0x00, 0x00, 0xad, 0x02, 0x00, 0x00, 0xf7, 0x00, 0x03, 0x00,
    0x5b, 0x05, 0x00, 0x00, 0x00, 0x00, 0x00, 0x00, 0xfa, 0x00, 0x04, 0x00, 0xf1, 0x00, 0x00, 0x00,
    0x5c, 0x05, 0x00, 0x00, 0x5b, 0x05, 0x00, 0x00, 0xf8, 0x00, 0x02, 0x00, 0x5c, 0x05, 0x00, 0x00,
    0xb0, 0x00, 0x05, 0x00, 0x9e, 0x00, 0x00, 0x00, 0x5d, 0x05, 0x00, 0x00, 0x5a, 0x05, 0x00, 0x00,
    0xa3, 0x00, 0x00, 0x00, 0xf7, 0x00, 0x03, 0x00, 0x5e, 0x05, 0x00, 0x00, 0x00, 0x00, 0x00, 0x00,
    0xfa, 0x00, 0x04, 0x00, 0x5d, 0x05, 0x00, 0x00, 0x5f, 0x05, 0x00, 0x00, 0x5e, 0x05, 0x00, 0x00,
    0xf8, 0x00, 0x02, 0x00, 0x5f, 0x05, 0x00, 0x00, 0xfc, 0x00, 0x01, 0x00, 0xf8, 0x00, 0x02, 0x00,
    0x5e, 0x05, 0x00, 0x00, 0xc7, 0x00, 0x05, 0x00, 0x0f, 0x00, 0x00, 0x00, 0x60, 0x05, 0x00, 0x00,
    0x5a, 0x05, 0x00, 0x00, 0xa4, 0x00, 0x00, 0x00, 0xf9, 0x00, 0x02, 0x00, 0x5b, 0x05, 0x00, 0x00,
    0xf8, 0x00, 0x02, 0x00, 0x5b, 0x05, 0x00, 0x00, 0xf5, 0x00, 0x07, 0x00, 0x0f, 0x00, 0x00, 0x00,
    0x61, 0x05, 0x00, 0x00, 0x5a, 0x05, 0x00, 0x00, 0xa3, 0x02, 0x00, 0x00, 0x60, 0x05, 0x00, 0x00,
    0x5e, 0x05, 0x00, 0x00, 0x41, 0x00, 0x05, 0x00, 0xd6, 0x00, 0x00, 0x00, 0x62, 0x05, 0x00, 0x00,
    0x06, 0x00, 0x00, 0x00, 0x91, 0x00, 0x00, 0x00, 0x3d, 0x00, 0x04, 0x00, 0x0f, 0x00, 0x00, 0x00,
    0x63, 0x05, 0x00, 0x00, 0x62, 0x05, 0x00, 0x00, 0xc7, 0x00, 0x05, 0x00, 0x0f, 0x00, 0x00, 0x00,
    0x64, 0x05, 0x00, 0x00, 0x63, 0x05, 0x00, 0x00, 0xa5, 0x00, 0x00, 0x00, 0xc2, 0x00, 0x05, 0x00,
    0x0f, 0x00, 0x00, 0x00, 0x65, 0x05, 0x00, 0x00, 0x63, 0x05, 0x00, 0x00, 0x10, 0x00, 0x00, 0x00,
    0xc2, 0x00, 0x05, 0x00, 0x0f, 0x00, 0x00, 0x00, 0x66, 0x05, 0x00, 0x00, 0x61, 0x05, 0x00, 0x00,
    0x94, 0x00, 0x00, 0x00, 0x80, 0x00, 0x05, 0x00, 0x0f, 0x00, 0x00, 0x00, 0x67, 0x05, 0x00, 0x00,
    0x64, 0x05, 0x00, 0x00, 0x66, 0x05, 0x00, 0x00, 0x41, 0x00, 0x06, 0x00, 0xd1, 0x00, 0x00, 0x00,
    0x68, 0x05, 0x00, 0x00, 0x0b, 0x00, 0x00, 0x00, 0x92, 0x00, 0x00, 0x00, 0x67, 0x05, 0x00, 0x00,
    0x3d, 0x00, 0x04, 0x00, 0x0f, 0x00, 0x00, 0x00, 0x69, 0x05, 0x00, 0x00, 0x68, 0x05, 0x00, 0x00,
    0xc7, 0x00, 0x05, 0x00, 0x0f, 0x00, 0x00, 0x00, 0x6a, 0x05, 0x00, 0x00, 0x69, 0x05, 0x00, 0x00,
    0xa4, 0x00, 0x00, 0x00, 0x84, 0x00, 0x05, 0x00, 0x0f, 0x00, 0x00, 0x00, 0x6b, 0x05, 0x00, 0x00,
    0x6a, 0x05, 0x00, 0x00, 0x65, 0x05, 0x00, 0x00, 0x86, 0x00, 0x05, 0x00, 0x0f, 0x00, 0x00, 0x00,
    0x6c, 0x05, 0x00, 0x00, 0x6b, 0x05, 0x00, 0x00, 0xa6, 0x00, 0x00, 0x00, 0xc7, 0x00, 0x05, 0x00,
    0x0f, 0x00, 0x00, 0x00, 0x6d, 0x05, 0x00, 0x00, 0x6c, 0x05, 0x00, 0x00, 0xa4, 0x00, 0x00, 0x00,
    0x0c, 0x00, 0x07, 0x00, 0x0f, 0x00, 0x00, 0x00, 0x6e, 0x05, 0x00, 0x00, 0x01, 0x00, 0x00, 0x00,
    0x26, 0x00, 0x00, 0x00, 0x6d, 0x05, 0x00, 0x00, 0x29, 0x00, 0x00, 0x00, 0x41, 0x00, 0x05, 0x00,
    0xd6, 0x00, 0x00, 0x00, 0x6f, 0x05, 0x00, 0x00, 0x07, 0x00, 0x00, 0x00, 0x95, 0x00, 0x00, 0x00,
    0x3d, 0x00, 0x04, 0x00, 0x0f, 0x00, 0x00, 0x00, 0x70, 0x05, 0x00, 0x00, 0x6f, 0x05, 0x00, 0x00,
    0xc7, 0x00, 0x05, 0x00, 0x0f, 0x00, 0x00, 0x00, 0x71, 0x05, 0x00, 0x00, 0x70, 0x05, 0x00, 0x00,
    0x93, 0x00, 0x00, 0x00, 0xc4, 0x00, 0x05, 0x00, 0x0f, 0x00, 0x00, 0x00, 0x72, 0x05, 0x00, 0x00,
    0x71, 0x05, 0x00, 0x00, 0x15, 0x00, 0x00, 0x00, 0xc2, 0x00, 0x05, 0x00, 0x0f, 0x00, 0x00, 0x00,
    0x73, 0x05, 0x00, 0x00, 0x70, 0x05, 0x00, 0x00, 0x14, 0x00, 0x00, 0x00, 0xc7, 0x00, 0x05, 0x00,
    0x0f, 0x00, 0x00, 0x00, 0x74, 0x05, 0x00, 0x00, 0x73, 0x05, 0x00, 0x00, 0x93, 0x00, 0x00, 0x00,
    0xc4, 0x00, 0x05, 0x00, 0x0f, 0x00, 0x00, 0x00, 0x75, 0x05, 0x00, 0x00, 0x74, 0x05, 0x00, 0x00,
    0x15, 0x00, 0x00, 0x00, 0x80, 0x00, 0x05, 0x00, 0x0f, 0x00, 0x00, 0x00, 0x76, 0x05, 0x00, 0x00,
    0xa7, 0x00, 0x00, 0x00, 0x75, 0x05, 0x00, 0x00, 0xc2, 0x00, 0x05, 0x00, 0x0f, 0x00, 0x00, 0x00,
    0x77, 0x05, 0x00, 0x00, 0x70, 0x05, 0x00, 0x00, 0xa9, 0x00, 0x00, 0x00, 0xc7, 0x00, 0x05, 0x00,
    0x0f, 0x00, 0x00, 0x00, 0x78, 0x05, 0x00, 0x00, 0x77, 0x05, 0x00, 0x00, 0x93, 0x00, 0x00, 0x00,
    0xc4, 0x00, 0x05, 0x00, 0x0f, 0x00, 0x00, 0x00, 0x79, 0x05, 0x00, 0x00, 0x78, 0x05, 0x00, 0x00,
    0x15, 0x00, 0x00, 0x00, 0x80, 0x00, 0x05, 0x00, 0x0f, 0x00, 0x00, 0x00, 0x7a, 0x05, 0x00, 0x00,
    0xa8, 0x00, 0x00, 0x00, 0x79, 0x05, 0x00, 0x00, 0x80, 0x00, 0x05, 0x00, 0x0f, 0x00, 0x00, 0x00,
    0x7b, 0x05, 0x00, 0x00, 0x72, 0x05, 0x00, 0x00, 0x6e, 0x05, 0x00, 0x00, 0x41, 0x00, 0x06, 0x00,
    0xd1, 0x00, 0x00, 0x00, 0x7c, 0x05, 0x00, 0x00, 0x0c, 0x00, 0x00, 0x00, 0x92, 0x00, 0x00, 0x00,
    0x7b, 0x05, 0x00, 0x00, 0x3d, 0x00, 0x04, 0x00, 0x0f, 0x00, 0x00, 0x00, 0x7d, 0x05, 0x00, 0x00,
    0x7c, 0x05, 0x00, 0x00, 0x70, 0x00, 0x04, 0x00, 0x99, 0x00, 0x00, 0x00, 0x7e, 0x05, 0x00, 0x00,
    0x7d, 0x05, 0x00, 0x00, 0x85, 0x00, 0x05, 0x00, 0x99, 0x00, 0x00, 0x00, 0x7f, 0x05, 0x00, 0x00,
    0x7e, 0x05, 0x00, 0x00, 0xd5, 0x00, 0x00, 0x00, 0x80, 0x00, 0x05, 0x00, 0x0f, 0x00, 0x00, 0x00,
    0x80, 0x05, 0x00, 0x00, 0x76, 0x05, 0x00, 0x00, 0x6e, 0x05, 0x00, 0x00, 0x41, 0x00, 0x06, 0x00,
    0xd1, 0x00, 0x00, 0x00, 0x81, 0x05, 0x00, 0x00, 0x0c, 0x00, 0x00, 0x00, 0x92, 0x00, 0x00, 0x00,
    0x80, 0x05, 0x00, 0x00, 0x3d, 0x00, 0x04, 0x00, 0x0f, 0x00, 0x00, 0x00, 0x82, 0x05, 0x00, 0x00,
    0x81, 0x05, 0x00, 0x00, 0x70, 0x00, 0x04, 0x00, 0x99, 0x00, 0x00, 0x00, 0x83, 0x05, 0x00, 0x00,
    0x82, 0x05, 0x00, 0x00, 0x85, 0x00, 0x05, 0x00, 0x99, 0x00, 0x00, 0x00, 0x84, 0x05, 0x00, 0x00,
    0x83, 0x05, 0x00, 0x00, 0xd5, 0x00, 0x00, 0x00, 0x80, 0x00, 0x05, 0x00, 0x0f, 0x00, 0x00, 0x00,
    0x85, 0x05, 0x00, 0x00, 0x7a, 0x05, 0x00, 0x00, 0x6e, 0x05, 0x00, 0x00, 0x41, 0x00, 0x06, 0x00,
    0xd1, 0x00, 0x00, 0x00, 0x86, 0x05, 0x00, 0x00, 0x0c, 0x00, 0x00, 0x00, 0x92, 0x00, 0x00, 0x00,
    0x85, 0x05, 0x00, 0x00, 0x3d, 0x00, 0x04, 0x00, 0x0f, 0x00, 0x00, 0x00, 0x87, 0x05, 0x00, 0x00,
    0x86, 0x05, 0x00, 0x00, 0x70, 0x00, 0x04, 0x00, 0x99, 0x00, 0x00, 0x00, 0x88, 0x05, 0x00, 0x00,
    0x87, 0x05, 0x00, 0x00, 0x85, 0x00, 0x05, 0x00, 0x99, 0x00, 0x00, 0x00, 0x89, 0x05, 0x00, 0x00,
    0x88, 0x05, 0x00, 0x00, 0xd5, 0x00, 0x00, 0x00, 0x50, 0x00, 0x07, 0x00, 0xc5, 0x00, 0x00, 0x00,
    0x8a, 0x05, 0x00, 0x00, 0x7f, 0x05, 0x00, 0x00, 0x84, 0x05, 0x00, 0x00, 0x89, 0x05, 0x00, 0x00,
    0x9a, 0x00, 0x00, 0x00, 0xf9, 0x00, 0x02, 0x00, 0xdb, 0x00, 0x00, 0x00, 0xf8, 0x00, 0x02, 0x00,
    0xdb, 0x00, 0x00, 0x00, 0xf5, 0x00, 0x07, 0x00, 0xc5, 0x00, 0x00, 0x00, 0x8b, 0x05, 0x00, 0x00,
    0xda, 0x00, 0x00, 0x00, 0xf0, 0x00, 0x00, 0x00, 0x8a, 0x05, 0x00, 0x00, 0x5b, 0x05, 0x00, 0x00,
    0x3e, 0x00, 0x03, 0x00, 0x08, 0x00, 0x00, 0x00, 0x8b, 0x05, 0x00, 0x00, 0xfd, 0x00, 0x01, 0x00,
    0x38, 0x00, 0x01, 0x00
};

static const unsigned char k_ps_poly_dxil[] = {
    0x44, 0x58, 0x42, 0x43, 0xaf, 0x0d, 0x88, 0xdd, 0x8a, 0x45, 0x60, 0x7e, 0x66, 0x73, 0x70, 0xc9,
    0xa5, 0xf5, 0x99, 0x61, 0x01, 0x00, 0x00, 0x00, 0xbc, 0x23, 0x00, 0x00, 0x07, 0x00, 0x00, 0x00,
    0x3c, 0x00, 0x00, 0x00, 0x4c, 0x00, 0x00, 0x00, 0x14, 0x01, 0x00, 0x00, 0x50, 0x01, 0x00, 0x00,
    0xdc, 0x02, 0x00, 0x00, 0x1c, 0x0b, 0x00, 0x00, 0x38, 0x0b, 0x00, 0x00, 0x53, 0x46, 0x49, 0x30,
    0x08, 0x00, 0x00, 0x00, 0x00, 0x00, 0x00, 0x00, 0x00, 0x00, 0x00, 0x00, 0x49, 0x53, 0x47, 0x31,
    0xc0, 0x00, 0x00, 0x00, 0x05, 0x00, 0x00, 0x00, 0x08, 0x00, 0x00, 0x00, 0x00, 0x00, 0x00, 0x00,
    0xa8, 0x00, 0x00, 0x00, 0x00, 0x00, 0x00, 0x00, 0x01, 0x00, 0x00, 0x00, 0x03, 0x00, 0x00, 0x00,
    0x00, 0x00, 0x00, 0x00, 0x0f, 0x03, 0x00, 0x00, 0x00, 0x00, 0x00, 0x00, 0x00, 0x00, 0x00, 0x00,
    0xb4, 0x00, 0x00, 0x00, 0x00, 0x00, 0x00, 0x00, 0x00, 0x00, 0x00, 0x00, 0x03, 0x00, 0x00, 0x00,
    0x01, 0x00, 0x00, 0x00, 0x07, 0x07, 0x00, 0x00, 0x00, 0x00, 0x00, 0x00, 0x00, 0x00, 0x00, 0x00,
    0xb4, 0x00, 0x00, 0x00, 0x01, 0x00, 0x00, 0x00, 0x00, 0x00, 0x00, 0x00, 0x03, 0x00, 0x00, 0x00,
    0x02, 0x00, 0x00, 0x00, 0x0f, 0x0f, 0x00, 0x00, 0x00, 0x00, 0x00, 0x00, 0x00, 0x00, 0x00, 0x00,
    0xb4, 0x00, 0x00, 0x00, 0x02, 0x00, 0x00, 0x00, 0x00, 0x00, 0x00, 0x00, 0x01, 0x00, 0x00, 0x00,
    0x03, 0x00, 0x00, 0x00, 0x0f, 0x0f, 0x00, 0x00, 0x00, 0x00, 0x00, 0x00, 0x00, 0x00, 0x00, 0x00,
    0xb4, 0x00, 0x00, 0x00, 0x03, 0x00, 0x00, 0x00, 0x00, 0x00, 0x00, 0x00, 0x01, 0x00, 0x00, 0x00,
    0x04, 0x00, 0x00, 0x00, 0x03, 0x03, 0x00, 0x00, 0x00, 0x00, 0x00, 0x00, 0x53, 0x56, 0x5f, 0x50,
    0x6f, 0x73, 0x69, 0x74, 0x69, 0x6f, 0x6e, 0x00, 0x54, 0x45, 0x58, 0x43, 0x4f, 0x4f, 0x52, 0x44,
    0x00, 0x00, 0x00, 0x00, 0x4f, 0x53, 0x47, 0x31, 0x34, 0x00, 0x00, 0x00, 0x01, 0x00, 0x00, 0x00,
    0x08, 0x00, 0x00, 0x00, 0x00, 0x00, 0x00, 0x00, 0x28, 0x00, 0x00, 0x00, 0x00, 0x00, 0x00, 0x00,
    0x40, 0x00, 0x00, 0x00, 0x03, 0x00, 0x00, 0x00, 0x00, 0x00, 0x00, 0x00, 0x0f, 0x00, 0x00, 0x00,
    0x00, 0x00, 0x00, 0x00, 0x53, 0x56, 0x5f, 0x54, 0x61, 0x72, 0x67, 0x65, 0x74, 0x00, 0x00, 0x00,
    0x50, 0x53, 0x56, 0x30, 0x84, 0x01, 0x00, 0x00, 0x34, 0x00, 0x00, 0x00, 0x00, 0x00, 0x00, 0x00,
    0x00, 0x00, 0x00, 0x00, 0x00, 0x00, 0x00, 0x00, 0x00, 0x00, 0x00, 0x00, 0x00, 0x00, 0x00, 0x00,
    0xff, 0xff, 0xff, 0xff, 0x00, 0x00, 0x00, 0x00, 0x05, 0x01, 0x00, 0x05, 0x01, 0x00, 0x00, 0x00,
    0x00, 0x00, 0x00, 0x00, 0x00, 0x00, 0x00, 0x00, 0x00, 0x00, 0x00, 0x00, 0x25, 0x00, 0x00, 0x00,
    0x03, 0x00, 0x00, 0x00, 0x18, 0x00, 0x00, 0x00, 0x05, 0x00, 0x00, 0x00, 0x02, 0x00, 0x00, 0x00,
    0x00, 0x00, 0x00, 0x00, 0x00, 0x00, 0x00, 0x00, 0x0c, 0x00, 0x00, 0x00, 0x00, 0x00, 0x00, 0x00,
    0x05, 0x00, 0x00, 0x00, 0x02, 0x00, 0x00, 0x00, 0x01, 0x00, 0x00, 0x00, 0x01, 0x00, 0x00, 0x00,
    0x0c, 0x00, 0x00, 0x00, 0x00, 0x00, 0x00, 0x00, 0x05, 0x00, 0x00, 0x00, 0x02, 0x00, 0x00, 0x00,
    0x02, 0x00, 0x00, 0x00, 0x02, 0x00, 0x00, 0x00, 0x0c, 0x00, 0x00, 0x00, 0x00, 0x00, 0x00, 0x00,
    0x30, 0x00, 0x00, 0x00, 0x00, 0x54, 0x45, 0x58, 0x43, 0x4f, 0x4f, 0x52, 0x44, 0x00, 0x54, 0x45,
    0x58, 0x43, 0x4f, 0x4f, 0x52, 0x44, 0x00, 0x54, 0x45, 0x58, 0x43, 0x4f, 0x4f, 0x52, 0x44, 0x00,
    0x54, 0x45, 0x58, 0x43, 0x4f, 0x4f, 0x52, 0x44, 0x00, 0x70, 0x73, 0x5f, 0x70, 0x6f, 0x6c, 0x79,
    0x00, 0x00, 0x00, 0x00, 0x04, 0x00, 0x00, 0x00, 0x00, 0x00, 0x00, 0x00, 0x01, 0x00, 0x00, 0x00,
    0x02, 0x00, 0x00, 0x00, 0x03, 0x00, 0x00, 0x00, 0x10, 0x00, 0x00, 0x00, 0x00, 0x00, 0x00, 0x00,
    0x00, 0x00, 0x00, 0x00, 0x01, 0x00, 0x44, 0x03, 0x03, 0x04, 0x00, 0x00, 0x01, 0x00, 0x00, 0x00,
    0x00, 0x00, 0x00, 0x00, 0x01, 0x01, 0x43, 0x00, 0x03, 0x04, 0x00, 0x00, 0x0a, 0x00, 0x00, 0x00,
    0x01, 0x00, 0x00, 0x00, 0x01, 0x02, 0x44, 0x00, 0x03, 0x01, 0x00, 0x00, 0x13, 0x00, 0x00, 0x00,
    0x02, 0x00, 0x00, 0x00, 0x01, 0x03, 0x44, 0x00, 0x01, 0x01, 0x00, 0x00, 0x1c, 0x00, 0x00, 0x00,
    0x03, 0x00, 0x00, 0x00, 0x01, 0x04, 0x42, 0x00, 0x01, 0x01, 0x00, 0x00, 0x00, 0x00, 0x00, 0x00,
    0x00, 0x00, 0x00, 0x00, 0x01, 0x00, 0x44, 0x10, 0x03, 0x00, 0x00, 0x00, 0x00, 0x00, 0x00, 0x00,
    0x00, 0x00, 0x00, 0x00, 0x00, 0x00, 0x00, 0x00, 0x00, 0x00, 0x00, 0x00, 0x07, 0x00, 0x00, 0x00,
    0x07, 0x00, 0x00, 0x00, 0x07, 0x00, 0x00, 0x00, 0x00, 0x00, 0x00, 0x00, 0x01, 0x00, 0x00, 0x00,
    0x02, 0x00, 0x00, 0x00, 0x04, 0x00, 0x00, 0x00, 0x08, 0x00, 0x00, 0x00, 0x0f, 0x00, 0x00, 0x00,
    0x07, 0x00, 0x00, 0x00, 0x07, 0x00, 0x00, 0x00, 0x07, 0x00, 0x00, 0x00, 0x07, 0x00, 0x00, 0x00,
    0x07, 0x00, 0x00, 0x00, 0x00, 0x00, 0x00, 0x00, 0x00, 0x00, 0x00, 0x00, 0x53, 0x54, 0x41, 0x54,
    0x38, 0x08, 0x00, 0x00, 0x60, 0x00, 0x00, 0x00, 0x0e, 0x02, 0x00, 0x00, 0x44, 0x58, 0x49, 0x4c,
    0x00, 0x01, 0x00, 0x00, 0x10, 0x00, 0x00, 0x00, 0x20, 0x08, 0x00, 0x00, 0x42, 0x43, 0xc0, 0xde,
    0x21, 0x0c, 0x00, 0x00, 0x05, 0x02, 0x00, 0x00, 0x0b, 0x82, 0x20, 0x00, 0x02, 0x00, 0x00, 0x00,
    0x13, 0x00, 0x00, 0x00, 0x07, 0x81, 0x23, 0x91, 0x41, 0xc8, 0x04, 0x49, 0x06, 0x10, 0x32, 0x39,
    0x92, 0x01, 0x84, 0x0c, 0x25, 0x05, 0x08, 0x19, 0x1e, 0x04, 0x8b, 0x62, 0x80, 0x14, 0x45, 0x02,
    0x42, 0x92, 0x0b, 0x42, 0xa4, 0x10, 0x32, 0x14, 0x38, 0x08, 0x18, 0x4b, 0x0a, 0x32, 0x52, 0x88,
    0x48, 0x90, 0x14, 0x20, 0x43, 0x46, 0x88, 0xa5, 0x00, 0x19, 0x32, 0x42, 0xe4, 0x48, 0x0e, 0x90,
    0x91, 0x22, 0xc4, 0x50, 0x41, 0x51, 0x81, 0x8c, 0xe1, 0x83, 0xe5, 0x8a, 0x04, 0x29, 0x46, 0x06,
    0x51, 0x18, 0x00, 0x00, 0x08, 0x00, 0x00, 0x00, 0x1b, 0x8c, 0xe0, 0xff, 0xff, 0xff, 0xff, 0x07,
    0x40, 0x02, 0xa8, 0x0d, 0x84, 0xf0, 0xff, 0xff, 0xff, 0xff, 0x03, 0x20, 0x6d, 0x30, 0x86, 0xff,
    0xff, 0xff, 0xff, 0x1f, 0x00, 0x09, 0xa8, 0x00, 0x49, 0x18, 0x00, 0x00, 0x03, 0x00, 0x00, 0x00,
    0x13, 0x82, 0x60, 0x42, 0x20, 0x4c, 0x08, 0x06, 0x00, 0x00, 0x00, 0x00, 0x89, 0x20, 0x00, 0x00,
    0x31, 0x00, 0x00, 0x00, 0x32, 0x22, 0x48, 0x09, 0x20, 0x64, 0x85, 0x04, 0x93, 0x22, 0xa4, 0x84,
    0x04, 0x93, 0x22, 0xe3, 0x84, 0xa1, 0x90, 0x14, 0x12, 0x4c, 0x8a, 0x8c, 0x0b, 0x84, 0xa4, 0x4c,
    0x10, 0x7c, 0x73, 0x04, 0x60, 0x90, 0x80, 0x01, 0x80, 0xc2, 0x08, 0x40, 0x09, 0x06, 0x91, 0x19,
    0x80, 0x39, 0x02, 0xa4, 0x18, 0x06, 0x00, 0x70, 0x00, 0xa1, 0x62, 0x00, 0x00, 0xc0, 0x01, 0xa4,
    0x8a, 0x31, 0x00, 0x00, 0xc7, 0x10, 0x9b, 0x23, 0x08, 0xca, 0x30, 0x80, 0xa3, 0x57, 0x08, 0x00,
    0x00, 0xa0, 0x48, 0xe7, 0x9e, 0xe1, 0xf2, 0x27, 0xec, 0x21, 0x24, 0x3f, 0x04, 0x9a, 0x61, 0x21,
    0x50, 0x30, 0x8b, 0x41, 0xc1, 0x01, 0xc0, 0x51, 0xbd, 0x69, 0xb8, 0xfc, 0x09, 0x7b, 0x08, 0xc9,
    0x5f, 0x09, 0x69, 0x25, 0x26, 0x1f, 0xb9, 0x6d, 0x54, 0x00, 0x00, 0x00, 0x28, 0xc5, 0x05, 0x14,
    0x00, 0xc2, 0x03, 0x01, 0x33, 0x91, 0xc1, 0x38, 0xb0, 0x43, 0x38, 0xcc, 0xc3, 0x3c, 0xb8, 0xc1,
    0x2c, 0xd0, 0x83, 0x3c, 0xd4, 0xc3, 0x38, 0xd0, 0x43, 0x3d, 0xc8, 0x43, 0x39, 0x90, 0x83, 0x28,
    0xd4, 0x83, 0x39, 0x98, 0x43, 0x39, 0xc8, 0x03, 0x1f, 0xd4, 0x83, 0x3b, 0xcc, 0x43, 0x3a, 0x9c,
    0x83, 0x3b, 0x94, 0x03, 0x39, 0x80, 0x41, 0x3a, 0xb8, 0x03, 0x3d, 0xf8, 0x01, 0x0a, 0x00, 0xed,
    0xa4, 0x00, 0x73, 0x04, 0xa0, 0x00, 0x00, 0x00, 0x13, 0x14, 0x72, 0xc0, 0x87, 0x74, 0x60, 0x87,
    0x36, 0x68, 0x87, 0x79, 0x68, 0x03, 0x72, 0xc0, 0x87, 0x0d, 0xaf, 0x50, 0x0e, 0x6d, 0xd0, 0x0e,
    0x7a, 0x50, 0x0e, 0x6d, 0x00, 0x0f, 0x7a, 0x30, 0x07, 0x72, 0xa0, 0x07, 0x73, 0x20, 0x07, 0x6d,
    0x90, 0x0e, 0x71, 0xa0, 0x07, 0x73, 0x20, 0x07, 0x6d, 0x90, 0x0e, 0x78, 0xa0, 0x07, 0x73, 0x20,
    0x07, 0x6d, 0x90, 0x0e, 0x71, 0x60, 0x07, 0x7a, 0x30, 0x07, 0x72, 0xd0, 0x06, 0xe9, 0x30, 0x07,
    0x72, 0xa0, 0x07, 0x73, 0x20, 0x07, 0x6d, 0x90, 0x0e, 0x76, 0x40, 0x07, 0x7a, 0x60, 0x07, 0x74,
    0xd0, 0x06, 0xe6, 0x10, 0x07, 0x76, 0xa0, 0x07, 0x73, 0x20, 0x07, 0x6d, 0x60, 0x0e, 0x73, 0x20,
    0x07, 0x7a, 0x30, 0x07, 0x72, 0xd0, 0x06, 0xe6, 0x60, 0x07, 0x74, 0xa0, 0x07, 0x76, 0x40, 0x07,
    0x6d, 0xe0, 0x0e, 0x78, 0xa0, 0x07, 0x71, 0x60, 0x07, 0x7a, 0x30, 0x07, 0x72, 0xa0, 0x07, 0x76,
    0x40, 0x07, 0x3a, 0x0f, 0x24, 0x90, 0x21, 0x23, 0x45, 0x44, 0x80, 0x1d, 0x4c, 0x30, 0x9c, 0xc1,
    0x30, 0x00, 0x00, 0x10, 0x00, 0x00, 0x30, 0xe4, 0x21, 0x80, 0x00, 0x00, 0x00, 0x00, 0x00, 0x00,
    0x00, 0x00, 0x00, 0x60, 0xc8, 0x83, 0x00, 0x01, 0x10, 0x00, 0x00, 0x00, 0x00, 0x00, 0x00, 0x00,
    0xc0, 0x90, 0x47, 0x01, 0x02, 0x20, 0x00, 0x00, 0x00, 0x00, 0x00, 0x00, 0x00, 0x80, 0x21, 0x0f,
    0x03, 0x04, 0x80, 0x00, 0x00, 0x00, 0x00, 0x00, 0x00, 0x00, 0x00, 0x43, 0x9e, 0x07, 0x08, 0x00,
    0x01, 0x00, 0x00, 0x00, 0x00, 0x00, 0x00, 0x00, 0x86, 0x3c, 0x11, 0x10, 0x00, 0x01, 0x00, 0x00,
    0x00, 0x00, 0x00, 0x00, 0x00, 0x0c, 0x79, 0x2a, 0x20, 0x00, 0x06, 0x00, 0x00, 0x00, 0x00, 0x00,
    0x00, 0x00, 0x18, 0xf2, 0x60, 0x40, 0x00, 0x0c, 0x00, 0x00, 0x00, 0x00, 0x00, 0x00, 0x00, 0x90,
    0x05, 0x02, 0x00, 0x00, 0x45, 0x00, 0x00, 0x00, 0x32, 0x1e, 0x98, 0x18, 0x19, 0x11, 0x4c, 0x90,
    0x8c, 0x09, 0x26, 0x47, 0xc6, 0x04, 0x43, 0x02, 0x25, 0x30, 0x02, 0x50, 0x0c, 0x45, 0x50, 0x18,
    0x85, 0x50, 0x06, 0xe5, 0x50, 0x0a, 0x33, 0x00, 0xe5, 0x51, 0x44, 0x65, 0x52, 0xce, 0x0d, 0x45,
    0x3d, 0x50, 0x20, 0x85, 0x5a, 0x40, 0xbe, 0x40, 0xe8, 0x94, 0x44, 0x19, 0x14, 0xc2, 0x08, 0x40,
    0x09, 0x94, 0x42, 0x11, 0x14, 0x08, 0xed, 0x19, 0x00, 0xe2, 0x33, 0x00, 0xd4, 0xc7, 0xa2, 0x24,
    0x02, 0x00, 0x00, 0xe0, 0x38, 0x0e, 0x20, 0x10, 0x08, 0xe4, 0x39, 0x8e, 0xe3, 0x38, 0x28, 0x8c,
    0x05, 0x12, 0x80, 0x50, 0x20, 0x8b, 0x03, 0x4d, 0x56, 0xb6, 0x79, 0x61, 0x30, 0x06, 0x66, 0x80,
    0x06, 0x6b, 0xe0, 0x06, 0x70, 0x30, 0x07, 0x75, 0x80, 0x07, 0x7a, 0xd0, 0x07, 0x7f, 0x10, 0x0a,
    0xa4, 0x60, 0x0a, 0xa9, 0xb0, 0x0a, 0xad, 0x00, 0x0b, 0xb2, 0x40, 0x0b, 0xb7, 0x90, 0x0b, 0xbb,
    0xd0, 0x0b, 0xe0, 0x20, 0x0e, 0xe4, 0x60, 0x0e, 0xe8, 0xa0, 0x0e, 0xed, 0xf0, 0x0e, 0xf1, 0x30,
    0x0f, 0xf5, 0x70, 0x0f, 0xf9, 0xb0, 0x0f, 0xfd, 0xf0, 0x0f, 0x21, 0x41, 0x12, 0x26, 0x81, 0x12,
    0x2a, 0xc1, 0x12, 0x2d, 0xf1, 0x12, 0x31, 0x31, 0x13, 0x35, 0x71, 0x13, 0x39, 0xb1, 0x13, 0x3d,
    0xf1, 0x13, 0x61, 0x21, 0x16, 0x64, 0x61, 0x16, 0x68, 0xa1, 0x16, 0x6c, 0xd1, 0x16, 0x6f, 0x11,
    0x17, 0x73, 0x51, 0x17, 0x76, 0x81, 0x17, 0x7a, 0xc1, 0x17, 0x7d, 0xf1, 0x17, 0xa1, 0x21, 0x1a,
    0xa4, 0x61, 0x1a, 0xa8, 0x91, 0x1a, 0xab, 0xd1, 0x1a, 0xae, 0x01, 0x1b, 0xb1, 0x31, 0x1b, 0xb5,
    0x61, 0x1b, 0xb8, 0xa1, 0x1b, 0xbb, 0xd1, 0x1b, 0xbe, 0x01, 0x1e, 0xe1, 0x31, 0x1e, 0xe5, 0x61,
    0x1e, 0xe8, 0x91, 0x1e, 0xeb, 0xc1, 0x1e, 0xee, 0xf1, 0x1e, 0xf1, 0x21, 0x1f, 0xf4, 0x51, 0x1f,
    0xf7, 0x81, 0x1f, 0xfa, 0xb1, 0x1f, 0xfd, 0xe1, 0x1f, 0x00, 0x00, 0x00, 0x79, 0x18, 0x00, 0x00,
    0xac, 0x00, 0x00, 0x00, 0x1a, 0x03, 0x4c, 0x90, 0x46, 0x02, 0x13, 0xc4, 0x8e, 0x0c, 0x6f, 0xec,
    0xed, 0x4d, 0x0c, 0x24, 0xc6, 0x25, 0xc7, 0x45, 0xc6, 0x06, 0x26, 0xc7, 0xa5, 0x06, 0x04, 0x05,
    0x26, 0x46, 0xcc, 0x46, 0x26, 0x8c, 0x8c, 0xe6, 0x26, 0x65, 0x43, 0x10, 0x4c, 0x10, 0x80, 0x64,
    0x82, 0x00, 0x28, 0x1b, 0x84, 0x81, 0xd8, 0x20, 0x10, 0x04, 0x05, 0xb8, 0xb9, 0x09, 0x02, 0xb0,
    0x6c, 0x18, 0x0e, 0x84, 0x98, 0x20, 0x70, 0x64, 0x40, 0x83, 0xae, 0x0c, 0x4f, 0x2e, 0xac, 0x6d,
    0x82, 0x00, 0x30, 0x13, 0x04, 0xa0, 0x99, 0x20, 0x00, 0xce, 0x06, 0x61, 0x70, 0x36, 0x24, 0x84,
    0xb2, 0x30, 0xc4, 0xd0, 0x10, 0x0f, 0x0f, 0xb6, 0xba, 0xb6, 0x30, 0xb9, 0xb0, 0xb6, 0x0d, 0xc9,
    0xa0, 0x44, 0xcc, 0x30, 0x34, 0xc4, 0x43, 0x02, 0x8f, 0x2d, 0x8c, 0x6e, 0x43, 0xc2, 0x28, 0x13,
    0xc3, 0x0c, 0x0d, 0xf1, 0x6c, 0x18, 0x20, 0x89, 0xda, 0x40, 0x54, 0x00, 0x00, 0x4c, 0x10, 0xb6,
    0x31, 0x60, 0x80, 0x36, 0x41, 0x00, 0x9e, 0x09, 0x02, 0x00, 0x4d, 0x10, 0x80, 0x68, 0x83, 0x81,
    0x60, 0x19, 0xa1, 0x6d, 0x13, 0x04, 0x40, 0xda, 0x20, 0x10, 0xdd, 0x86, 0xc0, 0xdb, 0x20, 0x10,
    0xdf, 0x86, 0xc1, 0xe1, 0xc0, 0x60, 0xc3, 0x40, 0x5c, 0x61, 0x30, 0x41, 0x28, 0x82, 0x0d, 0xc0,
    0x86, 0x81, 0x20, 0x03, 0x32, 0xd8, 0x10, 0x94, 0xc1, 0x86, 0x61, 0x18, 0x03, 0x33, 0x98, 0x20,
    0x74, 0x65, 0xb0, 0x21, 0x40, 0x03, 0x1e, 0x70, 0x73, 0x5f, 0x70, 0x6f, 0x6c, 0x79, 0x5c, 0xa6,
    0xac, 0xbe, 0xa0, 0xde, 0xe6, 0xd2, 0xe8, 0xd2, 0xde, 0xdc, 0x26, 0x08, 0xc7, 0x36, 0x41, 0x38,
    0xb8, 0x0d, 0x01, 0x31, 0x41, 0x38, 0xba, 0x09, 0xc2, 0xe1, 0x6d, 0x10, 0xb2, 0x6c, 0xc3, 0x42,
    0xac, 0x01, 0x1b, 0xb4, 0x81, 0x1b, 0xbc, 0xc1, 0xf0, 0x06, 0x04, 0x1c, 0xc4, 0x01, 0x11, 0xaa,
    0x22, 0xac, 0xa1, 0xa7, 0x27, 0x29, 0xa2, 0x0d, 0x42, 0xa6, 0x6d, 0x58, 0x86, 0x39, 0x60, 0x03,
    0x38, 0x70, 0x83, 0x37, 0x18, 0xda, 0x60, 0x80, 0x03, 0x3a, 0xd8, 0x10, 0x0c, 0x13, 0x84, 0xe3,
    0x9b, 0x20, 0x00, 0xd3, 0x06, 0x21, 0xc3, 0x83, 0x0d, 0x0b, 0x33, 0x07, 0x6c, 0x00, 0x07, 0x76,
    0x70, 0x07, 0xc3, 0x1b, 0x30, 0x70, 0x90, 0x07, 0x13, 0x84, 0x03, 0x0c, 0x36, 0x04, 0xcc, 0x86,
    0x25, 0x9b, 0x83, 0x3d, 0x80, 0x03, 0x3e, 0xb8, 0x83, 0xe1, 0x0d, 0x32, 0x38, 0xc8, 0x83, 0x0d,
    0x41, 0x36, 0x41, 0x38, 0xc2, 0x60, 0xc3, 0xe2, 0xcc, 0xc1, 0x1e, 0xc0, 0x81, 0x1f, 0xdc, 0xc1,
    0xf0, 0x07, 0x0e, 0x1c, 0xc4, 0xc1, 0x86, 0x42, 0x0e, 0xea, 0x40, 0x0f, 0xfa, 0x00, 0x14, 0x98,
    0x4c, 0x59, 0x7d, 0x51, 0x85, 0xc9, 0x9d, 0x95, 0xd1, 0x4d, 0x10, 0x0e, 0x31, 0xd8, 0xb0, 0x10,
    0xa2, 0xc0, 0x06, 0xa3, 0xe0, 0x06, 0x70, 0x30, 0xbc, 0x01, 0x01, 0x07, 0x79, 0xb0, 0x21, 0x20,
    0x85, 0x0d, 0x43, 0x28, 0x94, 0x02, 0x30, 0x41, 0xf0, 0xb4, 0x0d, 0x02, 0x71, 0x0a, 0x1b, 0x8a,
    0x31, 0x50, 0x03, 0x53, 0xb0, 0x50, 0x81, 0x88, 0x98, 0x5c, 0x98, 0xdb, 0x18, 0x5a, 0xd9, 0xdc,
    0x04, 0x01, 0xa0, 0x68, 0x98, 0xb1, 0xbd, 0x85, 0xd1, 0xcd, 0x4d, 0x10, 0x80, 0x8a, 0x45, 0x9a,
    0xdb, 0x1c, 0xdd, 0xdc, 0x04, 0x01, 0xb0, 0x48, 0xa4, 0xb9, 0xd1, 0xcd, 0x4d, 0x10, 0x80, 0x8b,
    0xc6, 0x5c, 0xda, 0xd9, 0x17, 0x1b, 0x19, 0x8d, 0xb9, 0xb4, 0xb3, 0xaf, 0x39, 0x3a, 0x22, 0x74,
    0x65, 0x78, 0x5f, 0x6c, 0x6f, 0x61, 0x64, 0x13, 0x04, 0x00, 0x63, 0x51, 0x97, 0xe6, 0x46, 0x37,
    0x37, 0x41, 0x00, 0xb2, 0x0d, 0x90, 0x2a, 0xac, 0x02, 0x2b, 0xb4, 0x82, 0x2b, 0xbc, 0x02, 0x2c,
    0xc4, 0x82, 0x2c, 0xe0, 0xc1, 0x2c, 0x38, 0xb4, 0x50, 0x0b, 0xb6, 0x70, 0x0b, 0x55, 0xd8, 0xd8,
    0xec, 0xda, 0x5c, 0xd2, 0xc8, 0xca, 0xdc, 0xe8, 0xa6, 0x04, 0x41, 0x15, 0x32, 0x3c, 0x17, 0xbb,
    0x32, 0xb9, 0xb9, 0xb4, 0x37, 0xb7, 0x29, 0x01, 0xd1, 0x84, 0x0c, 0xcf, 0xc5, 0x2e, 0x8c, 0xcd,
    0xae, 0x4c, 0x6e, 0x4a, 0x50, 0xd4, 0x21, 0xc3, 0x73, 0x99, 0x43, 0x0b, 0x23, 0x2b, 0x93, 0x6b,
    0x7a, 0x23, 0x2b, 0x63, 0x9b, 0x12, 0x20, 0x65, 0xc8, 0xf0, 0x5c, 0xe4, 0xca, 0xe6, 0xde, 0xea,
    0xe4, 0xc6, 0xca, 0xe6, 0xa6, 0x04, 0x55, 0x25, 0x32, 0x3c, 0x17, 0xba, 0x3c, 0xb8, 0xb2, 0x20,
    0x37, 0xb7, 0x37, 0xba, 0x30, 0xba, 0xb4, 0x37, 0xb7, 0xb9, 0x29, 0x42, 0x18, 0x98, 0x41, 0x1d,
    0x32, 0x3c, 0x17, 0xbb, 0xb4, 0xb2, 0xbb, 0x24, 0xb2, 0x29, 0xba, 0x30, 0xba, 0xb2, 0x29, 0x01,
    0x1a, 0xd4, 0x21, 0xc3, 0x73, 0x29, 0x73, 0xa3, 0x93, 0xcb, 0x83, 0x7a, 0x4b, 0x73, 0xa3, 0x9b,
    0x9b, 0x12, 0xa0, 0x42, 0x17, 0x32, 0x3c, 0x97, 0xb1, 0xb7, 0x3a, 0x37, 0xba, 0x32, 0xb9, 0xb9,
    0x29, 0xc1, 0x2d, 0x00, 0x79, 0x18, 0x00, 0x00, 0x51, 0x00, 0x00, 0x00, 0x33, 0x08, 0x80, 0x1c,
    0xc4, 0xe1, 0x1c, 0x66, 0x14, 0x01, 0x3d, 0x88, 0x43, 0x38, 0x84, 0xc3, 0x8c, 0x42, 0x80, 0x07,
    0x79, 0x78, 0x07, 0x73, 0x98, 0x71, 0x0c, 0xe6, 0x00, 0x0f, 0xed, 0x10, 0x0e, 0xf4, 0x80, 0x0e,
    0x33, 0x0c, 0x42, 0x1e, 0xc2, 0xc1, 0x1d, 0xce, 0xa1, 0x1c, 0x66, 0x30, 0x05, 0x3d, 0x88, 0x43,
    0x38, 0x84, 0x83, 0x1b, 0xcc, 0x03, 0x3d, 0xc8, 0x43, 0x3d, 0x8c, 0x03, 0x3d, 0xcc, 0x78, 0x8c,
    0x74, 0x70, 0x07, 0x7b, 0x08, 0x07, 0x79, 0x48, 0x87, 0x70, 0x70, 0x07, 0x7a, 0x70, 0x03, 0x76,
    0x78, 0x87, 0x70, 0x20, 0x87, 0x19, 0xcc, 0x11, 0x0e, 0xec, 0x90, 0x0e, 0xe1, 0x30, 0x0f, 0x6e,
    0x30, 0x0f, 0xe3, 0xf0, 0x0e, 0xf0, 0x50, 0x0e, 0x33, 0x10, 0xc4, 0x1d, 0xde, 0x21, 0x1c, 0xd8,
    0x21, 0x1d, 0xc2, 0x61, 0x1e, 0x66, 0x30, 0x89, 0x3b, 0xbc, 0x83, 0x3b, 0xd0, 0x43, 0x39, 0xb4,
    0x03, 0x3c, 0xbc, 0x83, 0x3c, 0x84, 0x03, 0x3b, 0xcc, 0xf0, 0x14, 0x76, 0x60, 0x07, 0x7b, 0x68,
    0x07, 0x37, 0x68, 0x87, 0x72, 0x68, 0x07, 0x37, 0x80, 0x87, 0x70, 0x90, 0x87, 0x70, 0x60, 0x07,
    0x76, 0x28, 0x07, 0x76, 0xf8, 0x05, 0x76, 0x78, 0x87, 0x77, 0x80, 0x87, 0x5f, 0x08, 0x87, 0x71,
    0x18, 0x87, 0x72, 0x98, 0x87, 0x79, 0x98, 0x81, 0x2c, 0xee, 0xf0, 0x0e, 0xee, 0xe0, 0x0e, 0xf5,
    0xc0, 0x0e, 0xec, 0x30, 0x03, 0x62, 0xc8, 0xa1, 0x1c, 0xe4, 0xa1, 0x1c, 0xcc, 0xa1, 0x1c, 0xe4,
    0xa1, 0x1c, 0xdc, 0x61, 0x1c, 0xca, 0x21, 0x1c, 0xc4, 0x81, 0x1d, 0xca, 0x61, 0x06, 0xd6, 0x90,
    0x43, 0x39, 0xc8, 0x43, 0x39, 0x98, 0x43, 0x39, 0xc8, 0x43, 0x39, 0xb8, 0xc3, 0x38, 0x94, 0x43,
    0x38, 0x88, 0x03, 0x3b, 0x94, 0xc3, 0x2f, 0xbc, 0x83, 0x3c, 0xfc, 0x82, 0x3b, 0xd4, 0x03, 0x3b,
    0xb0, 0xc3, 0x0c, 0xc4, 0x21, 0x07, 0x7c, 0x70, 0x03, 0x7a, 0x28, 0x87, 0x76, 0x80, 0x87, 0x19,
    0xd1, 0x43, 0x0e, 0xf8, 0xe0, 0x06, 0xe4, 0x20, 0x0e, 0xe7, 0xe0, 0x06, 0xf6, 0x10, 0x0e, 0xf2,
    0xc0, 0x0e, 0xe1, 0x90, 0x0f, 0xef, 0x50, 0x0f, 0xf4, 0x30, 0x83, 0x81, 0xc8, 0x01, 0x1f, 0xdc,
    0x40, 0x1c, 0xe4, 0xa1, 0x1c, 0xc2, 0x61, 0x1d, 0xdc, 0x40, 0x1c, 0xe4, 0x01, 0x00, 0x00, 0x00,
    0x71, 0x20, 0x00, 0x00, 0x20, 0x00, 0x00, 0x00, 0x66, 0x00, 0x0d, 0x97, 0xef, 0x3c, 0x7e, 0x80,
    0x34, 0x40, 0x84, 0xf9, 0xc8, 0x6d, 0x1b, 0x02, 0x35, 0x5c, 0xbe, 0xf3, 0xf8, 0x01, 0x55, 0x14,
    0x44, 0x54, 0x3a, 0xc0, 0xe0, 0x23, 0xb7, 0x6d, 0x07, 0xd2, 0x70, 0xf9, 0xce, 0xe3, 0x0b, 0x11,
    0x01, 0x4c, 0x44, 0x08, 0x34, 0xc3, 0x42, 0x58, 0x41, 0x33, 0x5c, 0xbe, 0xf3, 0xf8, 0x03, 0x22,
    0x09, 0x40, 0x34, 0x98, 0xc0, 0x34, 0x5c, 0xbe, 0xf3, 0xf8, 0x8b, 0x03, 0x0c, 0x62, 0xf3, 0x50,
    0x93, 0x5f, 0xdc, 0xb6, 0x0d, 0x4c, 0xc3, 0xe5, 0x3b, 0x8f, 0xbf, 0x38, 0xc0, 0x20, 0x36, 0x0f,
    0x35, 0xf9, 0xc8, 0x6d, 0x1b, 0x41, 0x35, 0x5c, 0xbe, 0xf3, 0xf8, 0xd2, 0xe4, 0x44, 0x04, 0x4a,
    0x4d, 0x0f, 0x35, 0xf9, 0xc5, 0x6d, 0x1b, 0x80, 0xb2, 0x38, 0x86, 0xfd, 0x4f, 0x40, 0xb0, 0x10,
    0x16, 0x70, 0x3c, 0xd2, 0xff, 0x38, 0x0b, 0x06, 0x00, 0x00, 0x00, 0x00, 0x48, 0x41, 0x53, 0x48,
    0x14, 0x00, 0x00, 0x00, 0x00, 0x00, 0x00, 0x00, 0x0d, 0xc1, 0x23, 0x58, 0x28, 0xac, 0x8d, 0x90,
    0x6e, 0xbf, 0xd4, 0xd8, 0xcb, 0x1f, 0x18, 0x51, 0x44, 0x58, 0x49, 0x4c, 0x7c, 0x18, 0x00, 0x00,
    0x60, 0x00, 0x00, 0x00, 0x1f, 0x06, 0x00, 0x00, 0x44, 0x58, 0x49, 0x4c, 0x00, 0x01, 0x00, 0x00,
    0x10, 0x00, 0x00, 0x00, 0x64, 0x18, 0x00, 0x00, 0x42, 0x43, 0xc0, 0xde, 0x21, 0x0c, 0x00, 0x00,
    0x16, 0x06, 0x00, 0x00, 0x0b, 0x82, 0x20, 0x00, 0x02, 0x00, 0x00, 0x00, 0x13, 0x00, 0x00, 0x00,
    0x07, 0x81, 0x23, 0x91, 0x41, 0xc8, 0x04, 0x49, 0x06, 0x10, 0x32, 0x39, 0x92, 0x01, 0x84, 0x0c,
    0x25, 0x05, 0x08, 0x19, 0x1e, 0x04, 0x8b, 0x62, 0x80, 0x18, 0x45, 0x02, 0x42, 0x92, 0x0b, 0x42,
    0xc4, 0x10, 0x32, 0x14, 0x38, 0x08, 0x18, 0x4b, 0x0a, 0x32, 0x62, 0x88, 0x48, 0x90, 0x14, 0x20,
    0x43, 0x46, 0x88, 0xa5, 0x00, 0x19, 0x32, 0x42, 0xe4, 0x48, 0x0e, 0x90, 0x11, 0x23, 0xc4, 0x50,
    0x41, 0x51, 0x81, 0x8c, 0xe1, 0x83, 0xe5, 0x8a, 0x04, 0x31, 0x46, 0x06, 0x51, 0x18, 0x00, 0x00,
    0x08, 0x00, 0x00, 0x00, 0x1b, 0x8c, 0xe0, 0xff, 0xff, 0xff, 0xff, 0x07, 0x40, 0x02, 0xa8, 0x0d,
    0x84, 0xf0, 0xff, 0xff, 0xff, 0xff, 0x03, 0x20, 0x6d, 0x30, 0x86, 0xff, 0xff, 0xff, 0xff, 0x1f,
    0x00, 0x09, 0xa8, 0x00, 0x49, 0x18, 0x00, 0x00, 0x03, 0x00, 0x00, 0x00, 0x13, 0x82, 0x60, 0x42,
    0x20, 0x4c, 0x08, 0x06, 0x00, 0x00, 0x00, 0x00, 0x89, 0x20, 0x00, 0x00, 0x34, 0x00, 0x00, 0x00,
    0x32, 0x22, 0x88, 0x09, 0x20, 0x64, 0x85, 0x04, 0x13, 0x23, 0xa4, 0x84, 0x04, 0x13, 0x23, 0xe3,
    0x84, 0xa1, 0x90, 0x14, 0x12, 0x4c, 0x8c, 0x8c, 0x0b, 0x84, 0xc4, 0x4c, 0x10, 0x84, 0xc1, 0x1c,
    0x01, 0x18, 0x24, 0x60, 0x00, 0x40, 0xc1, 0x08, 0x40, 0x09, 0x06, 0x22, 0x66, 0x00, 0xe6, 0x08,
    0x90, 0x62, 0x18, 0x00, 0x00, 0x1c, 0x00, 0x21, 0xc5, 0x00, 0x00, 0x00, 0x38, 0x00, 0x52, 0x8a,
    0x31, 0x00, 0x00, 0x70, 0x18, 0xc4, 0xcc, 0x11, 0x04, 0x65, 0x18, 0x00, 0x87, 0x9e, 0x42, 0x00,
    0x00, 0x00, 0x50, 0x44, 0xc7, 0x3d, 0xc3, 0xe5, 0x4f, 0xd8, 0x43, 0x48, 0x7e, 0x08, 0x34, 0xc3,
    0x42, 0xa0, 0x60, 0x2a, 0x06, 0x05, 0x1c, 0x00, 0xe0, 0x50, 0x75, 0xd3, 0x70, 0xf9, 0x13, 0xf6,
    0x10, 0x92, 0xbf, 0x12, 0xd2, 0x4a, 0x4c, 0x3e, 0x72, 0xdb, 0xa8, 0x00, 0x00, 0x00, 0x00, 0x4a,
    0x71, 0x01, 0x14, 0x00, 0x10, 0x36, 0x10, 0x30, 0x13, 0x19, 0x8c, 0x03, 0x3b, 0x84, 0xc3, 0x3c,
    0xcc, 0x83, 0x1b, 0xcc, 0x02, 0x3d, 0xc8, 0x43, 0x3d, 0x8c, 0x03, 0x3d, 0xd4, 0x83, 0x3c, 0x94,
    0x03, 0x39, 0x88, 0x42, 0x3d, 0x98, 0x83, 0x39, 0x94, 0x83, 0x3c, 0xf0, 0x41, 0x3d, 0xb8, 0xc3,
    0x3c, 0xa4, 0xc3, 0x39, 0xb8, 0x43, 0x39, 0x90, 0x03, 0x18, 0xa4, 0x83, 0x3b, 0xd0, 0x83, 0x1f,
    0xa0, 0x00, 0xa0, 0x2d, 0x29, 0x80, 0x39, 0x02, 0x50, 0x98, 0x02, 0x20, 0x00, 0x00, 0x00, 0x00,
    0x13, 0x14, 0x72, 0xc0, 0x87, 0x74, 0x60, 0x87, 0x36, 0x68, 0x87, 0x79, 0x68, 0x03, 0x72, 0xc0,
    0x87, 0x0d, 0xaf, 0x50, 0x0e, 0x6d, 0xd0, 0x0e, 0x7a, 0x50, 0x0e, 0x6d, 0x00, 0x0f, 0x7a, 0x30,
    0x07, 0x72, 0xa0, 0x07, 0x73, 0x20, 0x07, 0x6d, 0x90, 0x0e, 0x71, 0xa0, 0x07, 0x73, 0x20, 0x07,
    0x6d, 0x90, 0x0e, 0x78, 0xa0, 0x07, 0x73, 0x20, 0x07, 0x6d, 0x90, 0x0e, 0x71, 0x60, 0x07, 0x7a,
    0x30, 0x07, 0x72, 0xd0, 0x06, 0xe9, 0x30, 0x07, 0x72, 0xa0, 0x07, 0x73, 0x20, 0x07, 0x6d, 0x90,
    0x0e, 0x76, 0x40, 0x07, 0x7a, 0x60, 0x07, 0x74, 0xd0, 0x06, 0xe6, 0x10, 0x07, 0x76, 0xa0, 0x07,
    0x73, 0x20, 0x07, 0x6d, 0x60, 0x0e, 0x73, 0x20, 0x07, 0x7a, 0x30, 0x07, 0x72, 0xd0, 0x06, 0xe6,
    0x60, 0x07, 0x74, 0xa0, 0x07, 0x76, 0x40, 0x07, 0x6d, 0xe0, 0x0e, 0x78, 0xa0, 0x07, 0x71, 0x60,
    0x07, 0x7a, 0x30, 0x07, 0x72, 0xa0, 0x07, 0x76, 0x40, 0x07, 0x3a, 0x0f, 0x24, 0x90, 0x21, 0x23,
    0x45, 0x44, 0x80, 0x1d, 0x4c, 0x30, 0x80, 0xc1, 0x30, 0x00, 0x00, 0x10, 0x00, 0x00, 0x30, 0xe4,
    0x21, 0x00, 0x00, 0x00, 0x00, 0x00, 0x00, 0x00, 0x00, 0x00, 0x00, 0x60, 0xc8, 0x83, 0x00, 0x01,
    0x10, 0x00, 0x00, 0x00, 0x00, 0x00, 0x00, 0x00, 0xc0, 0x90, 0x47, 0x01, 0x02, 0x20, 0x00, 0x00,
    0x00, 0x00, 0x00, 0x00, 0x00, 0x80, 0x21, 0x0f, 0x03, 0x04, 0x80, 0x00, 0x00, 0x00, 0x00, 0x00,
    0x00, 0x00, 0x00, 0x43, 0x9e, 0x07, 0x08, 0x00, 0x01, 0x00, 0x00, 0x00, 0x00, 0x00, 0x00, 0x00,
    0x86, 0x3c, 0x11, 0x10, 0x00, 0x01, 0x00, 0x00, 0x00, 0x00, 0x00, 0x00, 0x00, 0x0c, 0x79, 0x2a,
    0x20, 0x00, 0x06, 0x00, 0x00, 0x00, 0x00, 0x00, 0x00, 0x00, 0x18, 0xf2, 0x60, 0x40, 0x00, 0x0c,
    0x00, 0x00, 0x00, 0x00, 0x00, 0x00, 0x00, 0x90, 0x05, 0x02, 0x00, 0x00, 0x42, 0x00, 0x00, 0x00,
    0x32, 0x1e, 0x98, 0x18, 0x19, 0x11, 0x4c, 0x90, 0x8c, 0x09, 0x26, 0x47, 0xc6, 0x04, 0x43, 0x02,
    0x4a, 0x60, 0x04, 0xa0, 0x24, 0x8a, 0xa1, 0x08, 0x0a, 0xa3, 0x10, 0xca, 0xa0, 0x1c, 0xca, 0x83,
    0xbc, 0x11, 0x00, 0x3a, 0x4a, 0xa2, 0x0c, 0x0a, 0x61, 0x04, 0xa0, 0x04, 0x4a, 0xa1, 0x08, 0x0a,
    0x84, 0xbc, 0x02, 0xa1, 0x6e, 0x2c, 0x4a, 0x22, 0x00, 0x00, 0x00, 0x8e, 0xe3, 0x00, 0x02, 0x81,
    0x40, 0x9e, 0xe3, 0x38, 0x8e, 0x83, 0xb8, 0x19, 0x00, 0x0a, 0xc6, 0x02, 0x09, 0x40, 0x28, 0x90,
    0xc5, 0x81, 0x26, 0x2b, 0xdb, 0xbc, 0x30, 0x18, 0x03, 0x33, 0x40, 0x83, 0x35, 0x70, 0x03, 0x38,
    0x98, 0x83, 0x3a, 0xc0, 0x03, 0x3d, 0xe8, 0x83, 0x3f, 0x08, 0x05, 0x52, 0x30, 0x85, 0x54, 0x58,
    0x85, 0x56, 0x80, 0x05, 0x59, 0xa0, 0x85, 0x5b, 0xc8, 0x85, 0x5d, 0xe8, 0x05, 0x70, 0x10, 0x07,
    0x72, 0x30, 0x07, 0x74, 0x50, 0x87, 0x76, 0x78, 0x87, 0x78, 0x98, 0x87, 0x7a, 0xb8, 0x87, 0x7c,
    0xd8, 0x87, 0x7e, 0xf8, 0x87, 0x90, 0x20, 0x09, 0x93, 0x40, 0x09, 0x95, 0x60, 0x89, 0x96, 0x78,
    0x89, 0x98, 0x98, 0x89, 0x9a, 0xb8, 0x89, 0x9c, 0xd8, 0x89, 0x9e, 0xf8, 0x89, 0xb0, 0x10, 0x0b,
    0xb2, 0x30, 0x0b, 0xb4, 0x50, 0x0b, 0xb6, 0x68, 0x8b, 0xb7, 0x88, 0x8b, 0xb9, 0xa8, 0x0b, 0xbb,
    0xc0, 0x0b, 0xbd, 0xe0, 0x8b, 0xbe, 0xf8, 0x8b, 0xd0, 0x10, 0x0d, 0xd2, 0x30, 0x0d, 0xd4, 0x48,
    0x8d, 0xd5, 0x68, 0x0d, 0xd7, 0x80, 0x8d, 0xd8, 0x98, 0x8d, 0xda, 0xb0, 0x0d, 0xdc, 0xd0, 0x8d,
    0xdd, 0xe8, 0x0d, 0xdf, 0x00, 0x8f, 0xf0, 0x18, 0x8f, 0xf2, 0x30, 0x0f, 0xf4, 0x48, 0x8f, 0xf5,
    0x60, 0x0f, 0xf7, 0x78, 0x8f, 0xf8, 0x90, 0x0f, 0xfa, 0xa8, 0x8f, 0xfb, 0xc0, 0x0f, 0xfd, 0xd8,
    0x8f, 0xfe, 0xf0, 0x0f, 0x00, 0x00, 0x00, 0x00, 0x79, 0x18, 0x00, 0x00, 0x82, 0x00, 0x00, 0x00,
    0x1a, 0x03, 0x4c, 0x90, 0x46, 0x02, 0x13, 0xc4, 0x8e, 0x0c, 0x6f, 0xec, 0xed, 0x4d, 0x0c, 0x24,
    0xc6, 0x25, 0xc7, 0x45, 0xc6, 0x06, 0x26, 0xc7, 0xa5, 0x06, 0x04, 0x05, 0x26, 0x46, 0xcc, 0x46,
    0x26, 0x8c, 0x8c, 0xe6, 0x26, 0x65, 0x43, 0x10, 0x4c, 0x10, 0x80, 0x64, 0x82, 0x00, 0x28, 0x1b,
    0x84, 0x81, 0x98, 0x20, 0x00, 0xcb, 0x06, 0x61, 0x30, 0x28, 0xc0, 0xcd, 0x4d, 0x10, 0x00, 0x66,
    0xc3, 0x80, 0x24, 0xc4, 0x04, 0x81, 0xf3, 0x08, 0x4c, 0x10, 0x80, 0x66, 0x82, 0x00, 0x38, 0x13,
    0x04, 0xe0, 0xd9, 0x20, 0x0c, 0xcf, 0x86, 0x84, 0x58, 0x98, 0x86, 0x18, 0x1c, 0x02, 0xda, 0x90,
    0x0c, 0x0b, 0xd3, 0x0c, 0x83, 0x43, 0x40, 0x1b, 0x92, 0x66, 0x61, 0x9a, 0x66, 0x70, 0x08, 0x68,
    0xc3, 0x10, 0x49, 0xd3, 0x06, 0x82, 0x02, 0x00, 0x60, 0x82, 0xd0, 0x75, 0x1b, 0x02, 0x6b, 0x82,
    0x50, 0x04, 0x3c, 0xe0, 0xe6, 0xbe, 0xe0, 0xde, 0xd8, 0xf2, 0xb8, 0x4c, 0x59, 0x7d, 0x41, 0xbd,
    0xcd, 0xa5, 0xd1, 0xa5, 0xbd, 0xb9, 0x4d, 0x10, 0x0e, 0x6a, 0x82, 0x70, 0x54, 0x1b, 0x02, 0x62,
    0x82, 0x70, 0x58, 0x13, 0x84, 0xe3, 0x9a, 0x20, 0x00, 0xd0, 0x06, 0x01, 0x0c, 0xc0, 0x60, 0xc3,
    0x42, 0x68, 0x1b, 0xd7, 0x79, 0x83, 0x47, 0x7c, 0x61, 0x40, 0x84, 0xaa, 0x08, 0x6b, 0xe8, 0xe9,
    0x49, 0x8a, 0x68, 0x82, 0x00, 0x44, 0x1b, 0x04, 0x30, 0x20, 0x83, 0x0d, 0xcb, 0x30, 0x06, 0xdb,
    0xd7, 0x79, 0x03, 0x37, 0x7c, 0x65, 0xb0, 0x21, 0x18, 0x26, 0x08, 0x07, 0x36, 0x41, 0x00, 0xa4,
    0x0d, 0x02, 0x18, 0xa4, 0xc1, 0x86, 0xa5, 0x19, 0x83, 0xed, 0x3b, 0x03, 0x34, 0x18, 0xbc, 0xe6,
    0x53, 0x83, 0x09, 0xc2, 0x91, 0x6d, 0x08, 0x9a, 0x0d, 0x0b, 0x18, 0x8c, 0x01, 0x1b, 0x7c, 0x6d,
    0x80, 0x06, 0x83, 0x07, 0x06, 0x9f, 0x1a, 0x6c, 0x08, 0xc0, 0x60, 0x82, 0x70, 0x68, 0x1b, 0x96,
    0x67, 0x0c, 0xd8, 0xe0, 0x7b, 0x03, 0x34, 0x18, 0xe0, 0xe0, 0xf9, 0xc2, 0x60, 0x43, 0x21, 0x06,
    0x66, 0xb0, 0x06, 0x6e, 0x10, 0x07, 0x4c, 0xa6, 0xac, 0xbe, 0xa8, 0xc2, 0xe4, 0xce, 0xca, 0xe8,
    0x26, 0x08, 0xc7, 0xb6, 0x61, 0x21, 0xe6, 0x60, 0xa3, 0x83, 0xee, 0x1b, 0x3c, 0xe2, 0x53, 0x83,
    0x0d, 0x41, 0x1d, 0x6c, 0x18, 0xe4, 0xc0, 0x0e, 0x80, 0x09, 0x82, 0xc7, 0x6d, 0x10, 0x08, 0x3c,
    0xd8, 0x50, 0x60, 0xd9, 0x1d, 0x54, 0x79, 0xc0, 0x21, 0xcd, 0x8d, 0x8e, 0xcf, 0x5b, 0x9b, 0x5b,
    0x1a, 0xdc, 0x1b, 0x5d, 0x99, 0x1b, 0x1d, 0xc8, 0x18, 0x5a, 0x98, 0x1c, 0xa3, 0xa9, 0xb4, 0x36,
    0x38, 0xb6, 0x32, 0x90, 0xa1, 0x97, 0xa1, 0x95, 0x15, 0x10, 0x2a, 0xa1, 0xa0, 0xa0, 0x0d, 0x41,
    0x1f, 0x4c, 0x10, 0xbc, 0x69, 0xc3, 0xc0, 0x07, 0x7e, 0xf0, 0x07, 0x1b, 0x86, 0x3d, 0x00, 0x85,
    0x3f, 0xd8, 0x30, 0x84, 0x42, 0x28, 0xfc, 0x41, 0x15, 0x36, 0x36, 0xbb, 0x36, 0x97, 0x34, 0xb2,
    0x32, 0x37, 0xba, 0x29, 0x41, 0x50, 0x85, 0x0c, 0xcf, 0xc5, 0xae, 0x4c, 0x6e, 0x2e, 0xed, 0xcd,
    0x6d, 0x4a, 0x40, 0x34, 0x21, 0xc3, 0x73, 0xb1, 0x0b, 0x63, 0xb3, 0x2b, 0x93, 0x9b, 0x12, 0x18,
    0x75, 0xc8, 0xf0, 0x5c, 0xe6, 0xd0, 0xc2, 0xc8, 0xca, 0xe4, 0x9a, 0xde, 0xc8, 0xca, 0xd8, 0xa6,
    0x04, 0x49, 0x19, 0x32, 0x3c, 0x17, 0xb9, 0xb2, 0xb9, 0xb7, 0x3a, 0xb9, 0xb1, 0xb2, 0xb9, 0x29,
    0x01, 0x55, 0x87, 0x0c, 0xcf, 0xc5, 0x2e, 0xad, 0xec, 0x2e, 0x89, 0x6c, 0x8a, 0x2e, 0x8c, 0xae,
    0x6c, 0x4a, 0x60, 0xd5, 0x21, 0xc3, 0x73, 0x29, 0x73, 0xa3, 0x93, 0xcb, 0x83, 0x7a, 0x4b, 0x73,
    0xa3, 0x9b, 0x9b, 0x12, 0xe4, 0x01, 0x00, 0x00, 0x79, 0x18, 0x00, 0x00, 0x51, 0x00, 0x00, 0x00,
    0x33, 0x08, 0x80, 0x1c, 0xc4, 0xe1, 0x1c, 0x66, 0x14, 0x01, 0x3d, 0x88, 0x43, 0x38, 0x84, 0xc3,
    0x8c, 0x42, 0x80, 0x07, 0x79, 0x78, 0x07, 0x73, 0x98, 0x71, 0x0c, 0xe6, 0x00, 0x0f, 0xed, 0x10,
    0x0e, 0xf4, 0x80, 0x0e, 0x33, 0x0c, 0x42, 0x1e, 0xc2, 0xc1, 0x1d, 0xce, 0xa1, 0x1c, 0x66, 0x30,
    0x05, 0x3d, 0x88, 0x43, 0x38, 0x84, 0x83, 0x1b, 0xcc, 0x03, 0x3d, 0xc8, 0x43, 0x3d, 0x8c, 0x03,
    0x3d, 0xcc, 0x78, 0x8c, 0x74, 0x70, 0x07, 0x7b, 0x08, 0x07, 0x79, 0x48, 0x87, 0x70, 0x70, 0x07,
    0x7a, 0x70, 0x03, 0x76, 0x78, 0x87, 0x70, 0x20, 0x87, 0x19, 0xcc, 0x11, 0x0e, 0xec, 0x90, 0x0e,
    0xe1, 0x30, 0x0f, 0x6e, 0x30, 0x0f, 0xe3, 0xf0, 0x0e, 0xf0, 0x50, 0x0e, 0x33, 0x10, 0xc4, 0x1d,
    0xde, 0x21, 0x1c, 0xd8, 0x21, 0x1d, 0xc2, 0x61, 0x1e, 0x66, 0x30, 0x89, 0x3b, 0xbc, 0x83, 0x3b,
    0xd0, 0x43, 0x39, 0xb4, 0x03, 0x3c, 0xbc, 0x83, 0x3c, 0x84, 0x03, 0x3b, 0xcc, 0xf0, 0x14, 0x76,
    0x60, 0x07, 0x7b, 0x68, 0x07, 0x37, 0x68, 0x87, 0x72, 0x68, 0x07, 0x37, 0x80, 0x87, 0x70, 0x90,
    0x87, 0x70, 0x60, 0x07, 0x76, 0x28, 0x07, 0x76, 0xf8, 0x05, 0x76, 0x78, 0x87, 0x77, 0x80, 0x87,
    0x5f, 0x08, 0x87, 0x71, 0x18, 0x87, 0x72, 0x98, 0x87, 0x79, 0x98, 0x81, 0x2c, 0xee, 0xf0, 0x0e,
    0xee, 0xe0, 0x0e, 0xf5, 0xc0, 0x0e, 0xec, 0x30, 0x03, 0x62, 0xc8, 0xa1, 0x1c, 0xe4, 0xa1, 0x1c,
    0xcc, 0xa1, 0x1c, 0xe4, 0xa1, 0x1c, 0xdc, 0x61, 0x1c, 0xca, 0x21, 0x1c, 0xc4, 0x81, 0x1d, 0xca,
    0x61, 0x06, 0xd6, 0x90, 0x43, 0x39, 0xc8, 0x43, 0x39, 0x98, 0x43, 0x39, 0xc8, 0x43, 0x39, 0xb8,
    0xc3, 0x38, 0x94, 0x43, 0x38, 0x88, 0x03, 0x3b, 0x94, 0xc3, 0x2f, 0xbc, 0x83, 0x3c, 0xfc, 0x82,
    0x3b, 0xd4, 0x03, 0x3b, 0xb0, 0xc3, 0x0c, 0xc4, 0x21, 0x07, 0x7c, 0x70, 0x03, 0x7a, 0x28, 0x87,
    0x76, 0x80, 0x87, 0x19, 0xd1, 0x43, 0x0e, 0xf8, 0xe0, 0x06, 0xe4, 0x20, 0x0e, 0xe7, 0xe0, 0x06,
    0xf6, 0x10, 0x0e, 0xf2, 0xc0, 0x0e, 0xe1, 0x90, 0x0f, 0xef, 0x50, 0x0f, 0xf4, 0x30, 0x83, 0x81,
    0xc8, 0x01, 0x1f, 0xdc, 0x40, 0x1c, 0xe4, 0xa1, 0x1c, 0xc2, 0x61, 0x1d, 0xdc, 0x40, 0x1c, 0xe4,
    0x01, 0x00, 0x00, 0x00, 0x71, 0x20, 0x00, 0x00, 0x20, 0x00, 0x00, 0x00, 0x66, 0x00, 0x0d, 0x97,
    0xef, 0x3c, 0x7e, 0x80, 0x34, 0x40, 0x84, 0xf9, 0xc8, 0x6d, 0x1b, 0x02, 0x35, 0x5c, 0xbe, 0xf3,
    0xf8, 0x01, 0x55, 0x14, 0x44, 0x54, 0x3a, 0xc0, 0xe0, 0x23, 0xb7, 0x6d, 0x07, 0xd2, 0x70, 0xf9,
    0xce, 0xe3, 0x0b, 0x11, 0x01, 0x4c, 0x44, 0x08, 0x34, 0xc3, 0x42, 0x58, 0x41, 0x33, 0x5c, 0xbe,
    0xf3, 0xf8, 0x03, 0x22, 0x09, 0x40, 0x34, 0x98, 0xc0, 0x34, 0x5c, 0xbe, 0xf3, 0xf8, 0x8b, 0x03,
    0x0c, 0x62, 0xf3, 0x50, 0x93, 0x5f, 0xdc, 0xb6, 0x0d, 0x4c, 0xc3, 0xe5, 0x3b, 0x8f, 0xbf, 0x38,
    0xc0, 0x20, 0x36, 0x0f, 0x35, 0xf9, 0xc8, 0x6d, 0x1b, 0x41, 0x35, 0x5c, 0xbe, 0xf3, 0xf8, 0xd2,
    0xe4, 0x44, 0x04, 0x4a, 0x4d, 0x0f, 0x35, 0xf9, 0xc5, 0x6d, 0x1b, 0x80, 0xb2, 0x38, 0x86, 0xfd,
    0x4f, 0x40, 0xb0, 0x10, 0x16, 0x70, 0x3c, 0xd2, 0xff, 0x38, 0x0b, 0x06, 0x61, 0x20, 0x00, 0x00,
    0x39, 0x04, 0x00, 0x00, 0x13, 0x04, 0xa6, 0x10, 0x0b, 0x04, 0x00, 0x00, 0x26, 0x00, 0x00, 0x00,
    0x04, 0x14, 0xf8, 0x40, 0x41, 0x14, 0x48, 0x21, 0x06, 0xcc, 0x00, 0x94, 0xff, 0x40, 0xf9, 0x07,
    0xd4, 0x40, 0xf9, 0xff, 0xff, 0x14, 0x20, 0x20, 0x20, 0x42, 0xf9, 0x0f, 0xe2, 0x3f, 0x94, 0x4f,
    0x05, 0x42, 0x94, 0xff, 0x43, 0x01, 0x42, 0x94, 0xff, 0xff, 0x41, 0x05, 0x0a, 0x14, 0x20, 0x41,
    0x01, 0x15, 0xa0, 0x40, 0x29, 0x94, 0x5c, 0x01, 0xf2, 0x15, 0x69, 0x40, 0x31, 0x55, 0x20, 0x20,
    0x20, 0x20, 0x44, 0x51, 0x94, 0x48, 0xa1, 0x54, 0x20, 0x48, 0xf9, 0x7f, 0x94, 0x49, 0x01, 0x02,
    0x02, 0x95, 0x4b, 0x05, 0xf2, 0x0f, 0x94, 0x52, 0x01, 0x06, 0x14, 0xff, 0x40, 0x01, 0x02, 0x02,
    0x12, 0x14, 0x54, 0xf9, 0x15, 0x20, 0x60, 0x40, 0x01, 0x02, 0x0a, 0x90, 0x53, 0x03, 0x23, 0x00,
    0x64, 0x8c, 0x11, 0x80, 0x20, 0x08, 0xc2, 0xe7, 0x30, 0x46, 0x00, 0x82, 0x20, 0x08, 0x9f, 0xc1,
    0x08, 0xc0, 0x18, 0x01, 0x08, 0x82, 0x20, 0x1e, 0x06, 0x63, 0x04, 0x20, 0x08, 0x82, 0xf8, 0x37,
    0x46, 0x10, 0x92, 0x60, 0x88, 0x77, 0x00, 0x00, 0x23, 0x06, 0x09, 0x00, 0x82, 0x60, 0x50, 0xb1,
    0x82, 0xc7, 0x07, 0xa6, 0x60, 0x0a, 0xc7, 0x88, 0x41, 0x02, 0x80, 0x20, 0x18, 0x54, 0xad, 0xf0,
    0xf5, 0xc1, 0x2a, 0xac, 0x02, 0x32, 0x62, 0x90, 0x00, 0x20, 0x08, 0x06, 0x95, 0x2b, 0x80, 0x81,
    0x1f, 0xac, 0xc2, 0x2a, 0x24, 0x23, 0x06, 0x09, 0x00, 0x82, 0x60, 0xa0, 0xcc, 0xc2, 0x29, 0x9c,
    0x02, 0x2b, 0xfc, 0x81, 0x1c, 0x8c, 0x18, 0x24, 0x00, 0x08, 0x82, 0x81, 0x42, 0x0b, 0xa8, 0x80,
    0x0a, 0xad, 0xf0, 0x07, 0x73, 0x30, 0x62, 0x90, 0x00, 0x20, 0x08, 0x06, 0x4a, 0x2d, 0xa4, 0x02,
    0x2a, 0xb8, 0x42, 0x28, 0xd0, 0xc1, 0x88, 0x41, 0x02, 0x80, 0x20, 0x18, 0x28, 0xb6, 0xa0, 0x0a,
    0xa9, 0xf0, 0x0a, 0xa1, 0x50, 0x07, 0x23, 0x06, 0x09, 0x00, 0x82, 0x60, 0xa0, 0xdc, 0xc2, 0x2a,
    0xa8, 0x02, 0x2c, 0x80, 0x82, 0x1d, 0x8c, 0x18, 0x24, 0x00, 0x08, 0x82, 0x81, 0x82, 0x0b, 0xac,
    0xb0, 0x0a, 0xb1, 0x60, 0x0a, 0x77, 0x30, 0x62, 0x90, 0x00, 0x20, 0x08, 0x06, 0x88, 0x2e, 0xb4,
    0xc2, 0x2b, 0xc8, 0x42, 0x29, 0xe0, 0xc1, 0x88, 0x41, 0x02, 0x80, 0x20, 0x18, 0x20, 0xbb, 0xe0,
    0x0a, 0xb0, 0x30, 0x0b, 0xa5, 0x90, 0x07, 0x23, 0x06, 0x09, 0x00, 0x82, 0x60, 0x80, 0xf0, 0xc2,
    0x2b, 0xc4, 0x02, 0x2d, 0x90, 0x82, 0x1e, 0x8c, 0x18, 0x24, 0x00, 0x08, 0x82, 0x01, 0xd2, 0x0b,
    0xb0, 0x20, 0x0b, 0xb5, 0xa0, 0x0a, 0x7b, 0x30, 0x62, 0x90, 0x00, 0x20, 0x08, 0x06, 0x88, 0x2f,
    0xc4, 0xc2, 0x2d, 0xd8, 0x42, 0x2a, 0xf0, 0xc1, 0x88, 0x41, 0x02, 0x80, 0x20, 0x18, 0x20, 0xbf,
    0x20, 0x0b, 0xb8, 0x70, 0x0b, 0xa9, 0xd0, 0x07, 0x23, 0x06, 0x09, 0x00, 0x82, 0x60, 0x80, 0x80,
    0xc3, 0x2c, 0xe4, 0x02, 0x2e, 0xa0, 0x82, 0x1f, 0xd4, 0x42, 0x0b, 0x3a, 0xdc, 0x10, 0xe8, 0x02,
    0x18, 0xcc, 0x32, 0x0c, 0x41, 0x30, 0x62, 0x90, 0x00, 0x20, 0x08, 0x06, 0xc8, 0x38, 0xd8, 0xc2,
    0x2e, 0xec, 0x42, 0x2b, 0x84, 0xc2, 0x88, 0x41, 0x02, 0x80, 0x20, 0x18, 0x20, 0xe4, 0x70, 0x0b,
    0xbc, 0xc0, 0x0b, 0xaf, 0x20, 0x0a, 0x17, 0x00, 0x73, 0x03, 0x30, 0x25, 0x04, 0x5c, 0x41, 0x38,
    0xe8, 0x70, 0x43, 0x10, 0x0e, 0x60, 0x30, 0xcb, 0x20, 0x0c, 0xc1, 0x88, 0x81, 0x01, 0x80, 0x20,
    0x18, 0x3c, 0xe7, 0x50, 0x07, 0x61, 0x30, 0x4b, 0x30, 0x14, 0xc5, 0x0b, 0x3a, 0xdc, 0x10, 0x80,
    0x03, 0x19, 0xcc, 0x32, 0x94, 0x02, 0x11, 0x0c, 0x37, 0x08, 0xbe, 0x00, 0x06, 0x75, 0x85, 0x03,
    0x56, 0x50, 0x0a, 0x6a, 0x60, 0x10, 0xd1, 0x67, 0x38, 0x22, 0x18, 0x03, 0xe2, 0x9b, 0x65, 0x30,
    0x8a, 0xe0, 0x04, 0x60, 0x2b, 0x90, 0x05, 0x2c, 0x81, 0x0e, 0xd0, 0x82, 0x5a, 0xb8, 0x81, 0x05,
    0x75, 0x00, 0x82, 0x22, 0x64, 0x41, 0x77, 0x30, 0xe4, 0xc3, 0x3b, 0x04, 0x14, 0x00, 0xa3, 0x02,
    0x62, 0x67, 0x09, 0x8c, 0x81, 0x0a, 0x40, 0x28, 0xc8, 0x83, 0xa8, 0xe0, 0x0c, 0xa2, 0x82, 0x76,
    0xc8, 0x11, 0x83, 0x03, 0x00, 0x41, 0x30, 0x88, 0xf2, 0x81, 0x0f, 0x82, 0x7a, 0x18, 0x31, 0x38,
    0x00, 0x10, 0x04, 0x83, 0x48, 0x1f, 0x50, 0x21, 0x80, 0x0c, 0x8a, 0x03, 0xf9, 0x58, 0x10, 0x06,
    0xf2, 0x19, 0x8e, 0x08, 0xec, 0x60, 0xf8, 0x86, 0x23, 0x04, 0x3b, 0x20, 0xbe, 0x12, 0x02, 0x3d,
    0x02, 0xa0, 0xe9, 0x86, 0xc0, 0x15, 0x04, 0x3b, 0xcc, 0x40, 0x3e, 0xc3, 0x11, 0x01, 0x1f, 0x0c,
    0xdf, 0x70, 0x84, 0xc0, 0x07, 0xc4, 0x57, 0x42, 0xa0, 0x47, 0x00, 0x34, 0xdd, 0x10, 0xd0, 0x82,
    0x50, 0x76, 0x00, 0x0e, 0x3a, 0xdc, 0xf0, 0xa0, 0x03, 0x18, 0xcc, 0x32, 0x1c, 0x48, 0x50, 0x76,
    0x10, 0x0e, 0x5a, 0x77, 0xf0, 0x0e, 0x68, 0x04, 0x2e, 0x60, 0xa0, 0x02, 0x95, 0xe0, 0xe2, 0x83,
    0x79, 0xc0, 0x0a, 0x4a, 0x42, 0xab, 0x25, 0x82, 0xab, 0x80, 0x1d, 0xb4, 0xa2, 0xe0, 0x8a, 0x11,
    0x6e, 0x96, 0x20, 0x19, 0x6e, 0x60, 0x60, 0x22, 0x0c, 0x4a, 0x14, 0xd8, 0x41, 0x6b, 0x14, 0xf4,
    0x01, 0xab, 0x14, 0xc4, 0x01, 0x2b, 0x68, 0x09, 0xad, 0x76, 0x08, 0xae, 0xc0, 0xa0, 0x1e, 0xb4,
    0x84, 0x00, 0x4b, 0x15, 0xcc, 0x01, 0x2b, 0x90, 0x09, 0x2d, 0x79, 0x08, 0xae, 0x82, 0x02, 0x6d,
    0x49, 0x07, 0x10, 0x54, 0x70, 0x60, 0x05, 0xea, 0xa0, 0xd6, 0xf4, 0x03, 0x08, 0x2a, 0x50, 0xb0,
    0x02, 0x7f, 0xd0, 0x62, 0x83, 0xb1, 0xd0, 0xe1, 0x86, 0x60, 0x2c, 0xc2, 0xa0, 0xa8, 0x80, 0x2f,
    0x00, 0xa2, 0xd2, 0x00, 0xca, 0x22, 0x83, 0x28, 0x67, 0x09, 0x92, 0x81, 0x0a, 0x40, 0x0e, 0x0e,
    0x01, 0x19, 0xa8, 0x00, 0xec, 0xe0, 0x30, 0x90, 0x81, 0x0a, 0x40, 0x44, 0x0e, 0x33, 0x40, 0x06,
    0x2a, 0x00, 0x12, 0x39, 0xc0, 0x00, 0x19, 0xa8, 0x00, 0x58, 0xe1, 0xe0, 0x90, 0x81, 0x0a, 0x80,
    0x15, 0x0e, 0x0c, 0x19, 0xa8, 0x00, 0x54, 0xe1, 0x90, 0x90, 0x0a, 0x87, 0x93, 0xd0, 0xe1, 0x86,
    0x00, 0x2e, 0xc0, 0x60, 0x96, 0x61, 0x51, 0x82, 0x3a, 0x74, 0xe2, 0x2a, 0x48, 0x74, 0xb8, 0x21,
    0x98, 0x8b, 0x30, 0xb8, 0x00, 0x90, 0x0a, 0x18, 0x9e, 0x25, 0x58, 0x06, 0x2a, 0x00, 0x2d, 0x11,
    0x94, 0x4a, 0x87, 0x7e, 0xd0, 0xe1, 0x86, 0x00, 0x2f, 0xc0, 0x60, 0x96, 0xa1, 0x61, 0x82, 0x72,
    0xc4, 0xe2, 0x2a, 0x90, 0x74, 0xb8, 0x21, 0xd8, 0x8b, 0x30, 0xb8, 0x00, 0x90, 0x0a, 0x2a, 0x9e,
    0x25, 0x68, 0x06, 0x2a, 0x00, 0x36, 0x58, 0x04, 0xc6, 0x92, 0x9c, 0x00, 0x81, 0x09, 0x3a, 0x01,
    0x82, 0x12, 0xcc, 0x42, 0x4b, 0x38, 0x0b, 0x2d, 0x82, 0x2d, 0xb2, 0xb4, 0xb3, 0x80, 0x12, 0x02,
    0xb5, 0xe0, 0x34, 0x40, 0x50, 0xc1, 0xa0, 0x85, 0xc4, 0x45, 0x96, 0xc7, 0x16, 0x50, 0x42, 0xa0,
    0x16, 0xb0, 0x06, 0x08, 0x2a, 0x18, 0xb4, 0xfe, 0xc1, 0x2e, 0xb4, 0x8e, 0x60, 0x87, 0x1b, 0x82,
    0xd7, 0x00, 0x83, 0x59, 0x06, 0x27, 0x0a, 0x86, 0x1b, 0x1e, 0xba, 0x10, 0x83, 0x59, 0x86, 0x07,
    0x0a, 0x4c, 0x91, 0x0d, 0x10, 0xcc, 0x12, 0x44, 0xd6, 0xd4, 0x05, 0x08, 0x66, 0x09, 0xa2, 0x81,
    0x0e, 0x80, 0x0c, 0x1a, 0xb3, 0x79, 0x70, 0x05, 0x1a, 0xe8, 0x00, 0xbc, 0x46, 0x7b, 0x08, 0x68,
    0xa0, 0x03, 0xe0, 0x1a, 0xe4, 0x01, 0x03, 0xa8, 0x50, 0xc2, 0x2f, 0xb4, 0x96, 0x60, 0x87, 0x1b,
    0x02, 0xdc, 0x00, 0x83, 0x59, 0x06, 0xa9, 0x0a, 0x86, 0x1b, 0xae, 0xbe, 0x10, 0x83, 0x59, 0x86,
    0x89, 0x0a, 0xcc, 0xd9, 0x0d, 0x10, 0xcc, 0x12, 0x54, 0x16, 0xf9, 0x05, 0x08, 0x66, 0x09, 0xaa,
    0x81, 0x0e, 0x80, 0x0e, 0x22, 0xbc, 0x99, 0xd4, 0x85, 0x1a, 0xe8, 0x00, 0xcc, 0x20, 0xd2, 0x9b,
    0x89, 0xa0, 0x06, 0x3a, 0x00, 0x32, 0x88, 0x90, 0x09, 0x0d, 0x28, 0x5b, 0xe6, 0x00, 0x04, 0x36,
    0xcc, 0x01, 0x08, 0x86, 0x1b, 0x04, 0xbf, 0x30, 0x03, 0x1b, 0x40, 0x03, 0x04, 0x35, 0xfc, 0x05,
    0x4f, 0x37, 0x08, 0xc5, 0x30, 0xdd, 0x20, 0x14, 0x44, 0x05, 0xe3, 0x41, 0x16, 0x98, 0xc7, 0x09,
    0x8a, 0x28, 0x0f, 0x32, 0x21, 0x00, 0x81, 0xf1, 0x41, 0x5d, 0xdc, 0xa0, 0x04, 0xf6, 0xc0, 0x0a,
    0x5c, 0x43, 0x2b, 0x18, 0x76, 0xc4, 0x00, 0x01, 0x40, 0x10, 0x0c, 0x30, 0xf8, 0xa8, 0x8d, 0xb1,
    0x08, 0xdc, 0x63, 0x34, 0x21, 0x00, 0xea, 0x88, 0x0f, 0x1d, 0x6e, 0x08, 0xe2, 0x23, 0x0c, 0x6a,
    0xd0, 0x0d, 0x9c, 0x6e, 0x08, 0x08, 0xa1, 0xae, 0xfa, 0xd0, 0xe1, 0x86, 0xa0, 0x3e, 0xc0, 0xa0,
    0x86, 0xdf, 0xc0, 0xe9, 0x86, 0x80, 0x10, 0x8a, 0x0c, 0xf2, 0x43, 0x87, 0x1b, 0x82, 0xfc, 0x00,
    0x83, 0x1a, 0xea, 0x03, 0xa7, 0x1b, 0x02, 0x42, 0xa8, 0xe0, 0x3e, 0xae, 0x82, 0xf3, 0x50, 0x4b,
    0x03, 0x59, 0x00, 0xc1, 0x70, 0x43, 0xc0, 0x1b, 0x66, 0x60, 0x82, 0x6f, 0x80, 0x60, 0xba, 0x21,
    0x18, 0x84, 0xe9, 0x86, 0x4f, 0x0c, 0x86, 0x0a, 0x40, 0x84, 0x2c, 0x18, 0x91, 0x13, 0x14, 0x21,
    0x22, 0x64, 0x42, 0x00, 0x82, 0x0a, 0x50, 0x04, 0x2b, 0x50, 0x0f, 0xad, 0xe0, 0xdb, 0x11, 0x03,
    0x04, 0x00, 0x41, 0x30, 0xc0, 0x58, 0x24, 0x3e, 0xfe, 0x22, 0x50, 0x91, 0xd1, 0x84, 0x00, 0x28,
    0xa3, 0x45, 0x74, 0xb8, 0x21, 0x68, 0x91, 0x30, 0xa8, 0xc1, 0x3e, 0x70, 0xba, 0x21, 0x20, 0x84,
    0x0a, 0xf2, 0x03, 0xa7, 0x1b, 0x02, 0x81, 0xab, 0x3e, 0x98, 0x11, 0x1d, 0x6e, 0x08, 0x66, 0x04,
    0x0c, 0x6a, 0x78, 0x11, 0x9c, 0x6e, 0x08, 0x08, 0xa1, 0x82, 0x18, 0xb9, 0x0a, 0x42, 0x44, 0x4d,
    0x0f, 0xd6, 0x01, 0x04, 0x15, 0xd4, 0x07, 0x4f, 0x37, 0x04, 0x42, 0x1e, 0x54, 0x80, 0x23, 0x64,
    0xc1, 0x8e, 0x9c, 0xc0, 0x82, 0x3a, 0x00, 0x41, 0x05, 0x3f, 0x82, 0x15, 0x84, 0x88, 0x56, 0x60,
    0x07, 0x3b, 0x62, 0x80, 0x00, 0x20, 0x08, 0x06, 0xd8, 0x98, 0xa0, 0x88, 0x6d, 0x04, 0x61, 0x32,
    0x9a, 0x10, 0x00, 0x65, 0x90, 0x89, 0x0e, 0x37, 0x04, 0x64, 0x12, 0x06, 0x35, 0xb4, 0x08, 0x4e,
    0x37, 0x04, 0x84, 0x50, 0xa9, 0x80, 0x26, 0x3a, 0xdc, 0x10, 0xa0, 0x09, 0x18, 0xd4, 0x20, 0x23,
    0x38, 0xdd, 0x10, 0x10, 0x42, 0x05, 0x66, 0x82, 0xd3, 0x0d, 0x81, 0x30, 0x07, 0x15, 0xa0, 0xc9,
    0x55, 0x80, 0x23, 0x3a, 0xdd, 0x60, 0x5d, 0x70, 0x50, 0x41, 0x9b, 0x90, 0x05, 0x70, 0x72, 0x02,
    0x0b, 0xda, 0x00, 0x04, 0x15, 0xd0, 0x09, 0x56, 0x60, 0x23, 0x5a, 0xc1, 0x2a, 0xec, 0x88, 0x01,
    0x02, 0x80, 0x20, 0x18, 0x60, 0x78, 0xd2, 0x23, 0xeb, 0x11, 0xd8, 0xc9, 0x68, 0x42, 0x00, 0x94,
    0x91, 0x27, 0x3a, 0xdc, 0x10, 0xe4, 0x49, 0x18, 0xd4, 0x20, 0x26, 0x38, 0xdd, 0x10, 0x10, 0x42,
    0x05, 0x65, 0x82, 0xd3, 0x0d, 0x81, 0x50, 0x55, 0x90, 0x27, 0x38, 0xdd, 0x10, 0x08, 0x6c, 0x50,
    0xc1, 0x9e, 0x5c, 0x05, 0x6b, 0xa2, 0xb3, 0x0c, 0xd6, 0xe5, 0x1b, 0xc3, 0x0d, 0xa5, 0xc0, 0x26,
    0x61, 0x50, 0xa6, 0x40, 0x26, 0x3b, 0xdd, 0x10, 0xb8, 0x89, 0x30, 0xdc, 0xe0, 0x06, 0x6f, 0x12,
    0x06, 0xf5, 0x06, 0x67, 0xb2, 0xd3, 0x0d, 0x41, 0x9c, 0x08, 0xc3, 0x0d, 0x9a, 0x9c, 0x84, 0x41,
    0x6d, 0x6a, 0xb2, 0xd3, 0x0d, 0x01, 0x9d, 0x08, 0xc3, 0x0d, 0x4a, 0x9d, 0x84, 0x41, 0x2d, 0x6d,
    0xb2, 0xd3, 0x0d, 0xc1, 0x9d, 0x08, 0xc3, 0x0d, 0x0a, 0x9e, 0x80, 0x41, 0x21, 0x79, 0xa2, 0xd3,
    0x0d, 0x01, 0x23, 0x0c, 0x37, 0x28, 0x7b, 0x02, 0x06, 0x25, 0xf0, 0x89, 0x4e, 0x37, 0x04, 0x8c,
    0x30, 0xdc, 0xa0, 0xf8, 0x09, 0x18, 0x14, 0xf2, 0x27, 0x3a, 0xdd, 0x10, 0x30, 0xc2, 0x70, 0x83,
    0x12, 0x2a, 0x60, 0x50, 0x82, 0xa8, 0xe8, 0x74, 0x43, 0xc0, 0x08, 0xb3, 0x04, 0xd7, 0x40, 0x05,
    0xa0, 0x17, 0x15, 0x65, 0x0d, 0x54, 0x00, 0x28, 0x51, 0x41, 0xd6, 0x40, 0x05, 0xc0, 0x0b, 0x15,
    0x63, 0x0d, 0x54, 0x00, 0x78, 0x50, 0x21, 0x96, 0x0d, 0x44, 0x08, 0x2a, 0x60, 0x09, 0xa9, 0x20,
    0x55, 0xd0, 0x82, 0x03, 0x04, 0x15, 0x88, 0x8a, 0x9a, 0x71, 0x84, 0xa0, 0x82, 0x98, 0x90, 0x0a,
    0x5c, 0x05, 0x2d, 0x50, 0x40, 0x50, 0xc1, 0xa9, 0xe8, 0x2c, 0x03, 0x96, 0x91, 0xc8, 0x70, 0x83,
    0x21, 0x2b, 0x60, 0x50, 0x83, 0xab, 0xe8, 0x74, 0x43, 0x80, 0x08, 0xc3, 0x0d, 0x44, 0xad, 0x80,
    0x41, 0x09, 0xb1, 0xa2, 0xd3, 0x0d, 0x81, 0x21, 0xcc, 0x12, 0x64, 0x03, 0x15, 0x00, 0x76, 0x21,
    0xd8, 0x40, 0x05, 0x00, 0x5d, 0x04, 0x66, 0x81, 0x10, 0x82, 0x0a, 0x6a, 0x42, 0x2a, 0xd8, 0x15,
    0xb4, 0xa0, 0x00, 0x41, 0x05, 0xb4, 0xa2, 0xc3, 0x0d, 0x22, 0x52, 0x2f, 0x66, 0x30, 0xdc, 0x00,
    0x22, 0x30, 0x82, 0x06, 0x25, 0x04, 0x3a, 0xcb, 0xa0, 0xb9, 0x41, 0x60, 0x22, 0x92, 0x2f, 0x20,
    0x18, 0x6e, 0x08, 0x78, 0x05, 0x0c, 0x66, 0x19, 0x36, 0x2e, 0x28, 0x35, 0xa9, 0x15, 0xad, 0x35,
    0x19, 0x17, 0x34, 0xfc, 0x60, 0x15, 0x0c, 0x54, 0xe0, 0x2f, 0x5c, 0x70, 0x72, 0x2e, 0x58, 0x41,
    0xbe, 0x68, 0x85, 0x4c, 0x70, 0x15, 0x80, 0x8b, 0x56, 0x89, 0x04, 0x57, 0x20, 0x22, 0xdc, 0x2c,
    0x41, 0x37, 0xdc, 0x00, 0x22, 0x24, 0x13, 0x06, 0x65, 0x27, 0xe0, 0xa2, 0x75, 0x27, 0xee, 0x82,
    0x95, 0x27, 0xb6, 0x82, 0x15, 0x84, 0x8c, 0x56, 0xb8, 0x04, 0x57, 0x52, 0xba, 0x68, 0x09, 0x01,
    0x96, 0x9f, 0xe8, 0x0a, 0x56, 0x60, 0x32, 0x5a, 0xe6, 0x12, 0x5c, 0x05, 0x05, 0xda, 0xd2, 0x2b,
    0x20, 0xa8, 0xe0, 0xc0, 0x0a, 0x7c, 0x45, 0xad, 0x89, 0x17, 0x10, 0x54, 0xa0, 0x60, 0x05, 0xf2,
    0xa2, 0xe5, 0xdd, 0x8c, 0x0e, 0x37, 0x04, 0x37, 0x13, 0x06, 0x45, 0x05, 0x7c, 0x01, 0x10, 0xd5,
    0x23, 0x50, 0x16, 0x8e, 0x44, 0x39, 0x4b, 0xd0, 0x0d, 0x54, 0x00, 0x7e, 0xb0, 0x19, 0xdc, 0x40,
    0x05, 0x40, 0x0a, 0x1b, 0xc4, 0x0d, 0x54, 0x00, 0xa8, 0xb0, 0x61, 0xdc, 0x40, 0x05, 0xc0, 0x5e,
    0x1b, 0x18, 0x70, 0x03, 0x15, 0x80, 0x7b, 0x6d, 0x6a, 0xc0, 0x0d, 0x54, 0x00, 0x7e, 0xb0, 0x39,
    0xdc, 0x40, 0x05, 0xe0, 0x07, 0x9b, 0xc3, 0xcd, 0x32, 0x7c, 0xde, 0x7c, 0xd4, 0xc0, 0x32, 0x57,
    0x43, 0xa0, 0xc3, 0x0d, 0x41, 0xd9, 0x84, 0xc1, 0x05, 0x80, 0x54, 0x60, 0xf0, 0x2c, 0xc1, 0x37,
    0x50, 0x01, 0x38, 0x9d, 0xe0, 0xcd, 0x32, 0x84, 0x01, 0x18, 0xc4, 0x47, 0x29, 0x32, 0x73, 0x85,
    0x04, 0x3a, 0xdc, 0x10, 0xac, 0x4d, 0x18, 0x5c, 0x00, 0x48, 0x05, 0x0b, 0xcf, 0x12, 0x84, 0xc1,
    0x40, 0x05, 0x80, 0x7d, 0x02, 0x18, 0xd8, 0x91, 0x32, 0x20, 0x30, 0x41, 0x65, 0x40, 0x50, 0x82,
    0xcd, 0x68, 0x09, 0x37, 0xa3, 0x45, 0xf0, 0x4c, 0x16, 0x75, 0x33, 0x50, 0x42, 0xa0, 0x16, 0xdc,
    0x0d, 0x08, 0x2a, 0x18, 0xb4, 0x90, 0xb0, 0xc9, 0xd2, 0x78, 0x06, 0x4a, 0x08, 0xd4, 0x02, 0xbe,
    0x01, 0x41, 0x05, 0x83, 0x96, 0x01, 0x1f, 0x3b, 0xdc, 0x10, 0xf8, 0x0d, 0x18, 0xcc, 0x32, 0x88,
    0x41, 0x19, 0x04, 0xc3, 0x0d, 0xce, 0xd8, 0x88, 0xc1, 0x2c, 0xc3, 0x18, 0x90, 0x41, 0x60, 0x49,
    0xe8, 0x80, 0x60, 0x96, 0xa0, 0x0c, 0x8c, 0x21, 0x1b, 0x10, 0xcc, 0x12, 0x94, 0xc1, 0x40, 0x07,
    0x60, 0x85, 0x01, 0x31, 0x06, 0x1a, 0x19, 0x0c, 0x74, 0x00, 0x5c, 0x18, 0x60, 0x63, 0x40, 0x90,
    0xc1, 0x40, 0x07, 0x60, 0x06, 0x61, 0x80, 0x72, 0x63, 0xa0, 0x67, 0x64, 0x50, 0xc9, 0x7b, 0xec,
    0x70, 0x43, 0x60, 0x3a, 0x60, 0x30, 0xcb, 0x60, 0x06, 0x69, 0x10, 0x0c, 0x37, 0x54, 0x6b, 0x23,
    0x06, 0xb3, 0x0c, 0x67, 0x80, 0x06, 0x81, 0x31, 0xa9, 0x03, 0x82, 0x59, 0x82, 0x34, 0xb0, 0x87,
    0x6d, 0x40, 0x30, 0x4b, 0x90, 0x06, 0x03, 0x1d, 0x00, 0x57, 0x06, 0xc4, 0x19, 0x80, 0x01, 0x1a,
    0x0c, 0x74, 0x00, 0x62, 0x50, 0x06, 0x36, 0x77, 0x06, 0x04, 0x1a, 0x0c, 0x74, 0x00, 0x74, 0x50,
    0x06, 0x38, 0x77, 0x06, 0xaa, 0x86, 0x06, 0xa6, 0xbc, 0x01, 0x08, 0x6c, 0x88, 0x03, 0x10, 0x0c,
    0x37, 0x08, 0x6c, 0x63, 0x06, 0x36, 0xb8, 0x0d, 0x08, 0x6a, 0x68, 0x1b, 0x9e, 0x6e, 0x08, 0x88,
    0x61, 0xba, 0x61, 0x30, 0x88, 0x12, 0x62, 0x87, 0x2c, 0xa0, 0x9d, 0x13, 0xd4, 0x30, 0x3b, 0x64,
    0x42, 0x00, 0x02, 0xe3, 0x83, 0xb1, 0xb9, 0x41, 0x09, 0xba, 0x83, 0x15, 0xf0, 0x8d, 0x56, 0x30,
    0xec, 0x88, 0x01, 0x02, 0x80, 0x20, 0x18, 0x60, 0xbe, 0x33, 0x3a, 0x31, 0x13, 0xf0, 0xce, 0x68,
    0x42, 0x00, 0xd4, 0xf1, 0x3b, 0x3a, 0xdc, 0x10, 0xfc, 0x4e, 0x18, 0xd4, 0x80, 0x3a, 0x38, 0xdd,
    0x10, 0x10, 0x42, 0x5d, 0xe3, 0xa3, 0xc3, 0x0d, 0xc1, 0xf8, 0x80, 0x41, 0x0d, 0xad, 0x83, 0xd3,
    0x0d, 0x01, 0x21, 0xd4, 0x18, 0x9c, 0x8f, 0x0e, 0x37, 0x04, 0xe7, 0x03, 0x06, 0x35, 0x8c, 0x0f,
    0x4e, 0x37, 0x04, 0x84, 0x50, 0x41, 0xf9, 0x5c, 0x05, 0xb5, 0xa3, 0xa6, 0x06, 0xae, 0x00, 0x82,
    0xe1, 0x86, 0x40, 0x75, 0xcc, 0xc0, 0x04, 0xd6, 0x01, 0xc1, 0x74, 0x83, 0x17, 0x06, 0xc2, 0x74,
    0x83, 0x40, 0x0c, 0x25, 0xb8, 0x0f, 0x59, 0x10, 0x3f, 0x27, 0xa8, 0x01, 0x7e, 0xc8, 0x84, 0x00,
    0x04, 0x15, 0xd8, 0x0f, 0x56, 0x80, 0x3b, 0x5a, 0xc1, 0xb7, 0x23, 0x06, 0x08, 0x00, 0x82, 0x60,
    0x80, 0xe9, 0xcf, 0xef, 0xb4, 0x4d, 0x80, 0x3f, 0xa3, 0x09, 0x01, 0x50, 0xc6, 0xfe, 0xe8, 0x70,
    0x43, 0xb0, 0x3f, 0x61, 0x50, 0x03, 0xf9, 0xe0, 0x74, 0x43, 0x40, 0x08, 0x15, 0x9c, 0x0f, 0x4e,
    0x37, 0x04, 0x02, 0x57, 0x7e, 0x10, 0x42, 0x3a, 0xdc, 0x10, 0x84, 0x10, 0x18, 0xd4, 0xd0, 0x3f,
    0x38, 0xdd, 0x10, 0x10, 0x42, 0x05, 0xff, 0x73, 0x15, 0xbc, 0x8f, 0x1a, 0x1f, 0xa4, 0x03, 0x08,
    0x2a, 0x18, 0x1f, 0x9e, 0x6e, 0x08, 0x84, 0x3c, 0xa8, 0xc0, 0x84, 0xc8, 0x82, 0x14, 0x3a, 0x81,
    0x05, 0x75, 0x00, 0x82, 0x0a, 0x5a, 0x08, 0x2b, 0x78, 0x1f, 0xad, 0xc0, 0x0e, 0x76, 0xc4, 0x00,
    0x01, 0x40, 0x10, 0x0c, 0xb0, 0x18, 0xb2, 0x1f, 0xd2, 0x09, 0x5e, 0x68, 0x34, 0x21, 0x00, 0xca,
    0x90, 0x21, 0x1d, 0x6e, 0x08, 0x64, 0x28, 0x0c, 0x6a, 0xd8, 0x1f, 0x9c, 0x6e, 0x08, 0x08, 0xa1,
    0x56, 0xc1, 0x86, 0x74, 0xb8, 0x21, 0xb0, 0x21, 0x30, 0xa8, 0x01, 0x84, 0x70, 0xba, 0x21, 0x20,
    0x84, 0x0a, 0x68, 0x08, 0xa7, 0x1b, 0x02, 0x61, 0x0e, 0x2a, 0xb0, 0xa1, 0xab, 0xc0, 0x84, 0x74,
    0xba, 0xc1, 0xba, 0xe0, 0xa0, 0x82, 0x1d, 0x22, 0x0b, 0x7c, 0xe8, 0x04, 0x16, 0xb4, 0x01, 0x08,
    0x2a, 0x10, 0x23, 0xac, 0x80, 0x84, 0xb4, 0x82, 0x55, 0xd8, 0x11, 0x03, 0x04, 0x00, 0x41, 0x30,
    0xc0, 0xcc, 0x68, 0x85, 0x72, 0x27, 0x20, 0xa3, 0xd1, 0x84, 0x00, 0x28, 0xe3, 0x8c, 0x74, 0xb8,
    0x21, 0x38, 0xa3, 0x30, 0xa8, 0x01, 0x86, 0x70, 0xba, 0x21, 0x20, 0x84, 0x0a, 0x66, 0x08, 0xa7,
    0x1b, 0x02, 0xa1, 0xaa, 0xe0, 0x8c, 0x70, 0xba, 0x21, 0x10, 0xd8, 0xa0, 0x82, 0x34, 0xba, 0x0a,
    0x72, 0x48, 0x67, 0x19, 0xd4, 0x60, 0x0d, 0x58, 0x67, 0xb8, 0xa1, 0x14, 0x74, 0x28, 0x0c, 0xca,
    0x14, 0x64, 0x68, 0xa7, 0x1b, 0x02, 0x1e, 0x12, 0x86, 0x1b, 0xdc, 0xa0, 0x87, 0xc2, 0xa0, 0xde,
    0xa0, 0x86, 0x76, 0xba, 0x21, 0xf8, 0x21, 0x61, 0xb8, 0x41, 0x03, 0xa3, 0x30, 0xa8, 0x0d, 0x87,
    0x76, 0xba, 0x21, 0x10, 0x23, 0x61, 0xb8, 0x41, 0x19, 0xa3, 0x30, 0xa8, 0x65, 0x87, 0x76, 0xba,
    0x21, 0x28, 0x23, 0x61, 0xb8, 0x41, 0x31, 0x23, 0x30, 0x28, 0xe4, 0x8c, 0x74, 0xba, 0x21, 0x60,
    0x84, 0xe1, 0x06, 0x25, 0x8d, 0xc0, 0xa0, 0x04, 0x35, 0xd2, 0xe9, 0x86, 0x80, 0x11, 0x86, 0x1b,
    0x14, 0x36, 0x02, 0x83, 0x42, 0xda, 0x48, 0xa7, 0x1b, 0x02, 0x46, 0x18, 0x6e, 0x50, 0xde, 0x08,
    0x0c, 0x4a, 0x80, 0x23, 0x9d, 0x6e, 0x08, 0x18, 0x61, 0x96, 0x60, 0x0d, 0x06, 0x2a, 0x00, 0x39,
    0x48, 0x03, 0x41, 0x0d, 0x06, 0x2a, 0x00, 0x5d, 0x48, 0x03, 0x45, 0x0d, 0x06, 0x2a, 0x00, 0x95,
    0x48, 0x03, 0x49, 0x0d, 0x06, 0x2a, 0x00, 0xd0, 0x48, 0x03, 0x4d, 0x0d, 0x4c, 0x08, 0x42, 0x50,
    0x41, 0x4a, 0x48, 0x05, 0x77, 0x84, 0x16, 0x10, 0x20, 0xa8, 0x00, 0x8e, 0xd4, 0x12, 0x24, 0x04,
    0x15, 0xb8, 0x84, 0x54, 0xc0, 0x47, 0x68, 0xc1, 0x02, 0x82, 0x0a, 0xea, 0x48, 0x67, 0x19, 0xd8,
    0xa0, 0x0d, 0xe4, 0x67, 0xb8, 0xc1, 0x00, 0x25, 0x30, 0xa8, 0x81, 0x8f, 0x74, 0xba, 0x21, 0x40,
    0x84, 0xe1, 0x06, 0x62, 0x94, 0xc0, 0xa0, 0x84, 0x3f, 0xd2, 0xe9, 0x86, 0xc0, 0x10, 0x66, 0x09,
    0xda, 0x60, 0xa0, 0x02, 0x70, 0xd6, 0x40, 0x60, 0x83, 0x81, 0x0a, 0x40, 0x5b, 0x03, 0x85, 0x0d,
    0x4c, 0x08, 0x42, 0x50, 0xc1, 0x4c, 0x48, 0x05, 0xa9, 0x84, 0x16, 0x10, 0x20, 0xa8, 0x40, 0x94,
    0xb4, 0xe0, 0x87, 0x9c, 0xae, 0x82, 0x34, 0x52, 0x1b, 0xe2, 0x23, 0x04, 0x15, 0x08, 0x52, 0x01,
    0x2c, 0xa1, 0x05, 0xf4, 0x01, 0x83, 0x0a, 0x52, 0x49, 0x67, 0x09, 0x40, 0xa1, 0x78, 0x28, 0x94,
    0x74, 0xb8, 0x21, 0x58, 0xa7, 0x30, 0x18, 0x6e, 0xc8, 0x1f, 0x76, 0x42, 0x83, 0x12, 0x02, 0x9d,
    0x65, 0x78, 0x03, 0x50, 0x08, 0xca, 0x87, 0x52, 0x49, 0xeb, 0x87, 0x6e, 0x09, 0x4b, 0x8c, 0x72,
    0x09, 0x2b, 0x58, 0x27, 0xad, 0x79, 0x0a, 0xae, 0x02, 0x59, 0xd2, 0xba, 0x9f, 0xe0, 0x4a, 0x7e,
    0x84, 0x9b, 0x65, 0x88, 0x03, 0x38, 0x30, 0x9d, 0x12, 0x7c, 0xe9, 0x2a, 0xb0, 0xa5, 0xac, 0x80,
    0xe0, 0x59, 0x82, 0x38, 0x18, 0xa8, 0x00, 0x94, 0x37, 0x10, 0xe0, 0x60, 0x96, 0x61, 0x0e, 0xe4,
    0x40, 0x74, 0xaa, 0x10, 0xa7, 0xab, 0x40, 0x97, 0xb2, 0x82, 0x83, 0x67, 0x09, 0xe6, 0x60, 0xa0,
    0x02, 0x80, 0xe2, 0x40, 0x90, 0x03, 0x2b, 0x70, 0x09, 0x04, 0x26, 0xe4, 0x12, 0x08, 0x4a, 0x28,
    0x27, 0x2d, 0xc1, 0x9c, 0xb4, 0x88, 0x75, 0xc2, 0x0a, 0xce, 0x49, 0x4d, 0x28, 0x29, 0x18, 0x54,
    0x90, 0x4e, 0x5a, 0xc7, 0x3b, 0x61, 0x05, 0xeb, 0xa4, 0x26, 0xa4, 0x14, 0x0c, 0x2a, 0x68, 0x27,
    0xad, 0xa2, 0x6f, 0x76, 0xb8, 0x21, 0x58, 0x29, 0x30, 0x98, 0x65, 0xa0, 0x83, 0x3b, 0x08, 0x86,
    0x1b, 0x18, 0x78, 0x12, 0x83, 0x59, 0x86, 0x3a, 0xb0, 0x83, 0xc0, 0x10, 0x97, 0x82, 0xc1, 0x2c,
    0xc1, 0x1d, 0xd8, 0x12, 0x4f, 0x20, 0x98, 0x25, 0xb8, 0x83, 0x81, 0x0e, 0xc0, 0x9b, 0x03, 0x1f,
    0x0d, 0xea, 0x00, 0x36, 0x03, 0x3b, 0x18, 0xe8, 0x00, 0xb4, 0x39, 0xb0, 0xea, 0x80, 0xb0, 0x83,
    0x81, 0x0e, 0x00, 0x9b, 0x03, 0xa4, 0x0e, 0x38, 0x3b, 0xa8, 0x84, 0x6f, 0x76, 0xb8, 0x21, 0x98,
    0x29, 0x30, 0x98, 0x65, 0xc0, 0x83, 0x3d, 0x08, 0x86, 0x1b, 0x26, 0x7c, 0x12, 0x83, 0x59, 0x86,
    0x3c, 0xd0, 0x83, 0xc0, 0x18, 0x9b, 0x82, 0xc1, 0x2c, 0xc1, 0x1e, 0xd8, 0x93, 0x4f, 0x20, 0x98,
    0x25, 0xd8, 0x83, 0x81, 0x0e, 0x80, 0x0d, 0xee, 0xc0, 0x4d, 0x83, 0x3c, 0x00, 0xcf, 0x40, 0x0f,
    0x06, 0x3a, 0x00, 0x31, 0xb8, 0x03, 0x38, 0x0d, 0xf2, 0x80, 0xd0, 0x83, 0x81, 0x0e, 0x00, 0x0c,
    0xee, 0x00, 0xc9, 0x03, 0x32, 0xd0, 0x03, 0x53, 0xd8, 0x00, 0x04, 0x36, 0xb0, 0x01, 0x08, 0x86,
    0x1b, 0x84, 0x7c, 0x32, 0x03, 0x1b, 0xf6, 0x09, 0x04, 0x35, 0xe8, 0x13, 0x4f, 0x37, 0x08, 0xc5,
    0x30, 0xdd, 0x20, 0x14, 0x44, 0x05, 0x3e, 0x45, 0x16, 0x84, 0xd5, 0x09, 0x8a, 0x00, 0x2b, 0x32,
    0x21, 0x00, 0x41, 0xdd, 0x12, 0x59, 0x5d, 0x05, 0xf0, 0xa4, 0x15, 0xc4, 0x13, 0x17, 0x91, 0x56,
    0x58, 0xc1, 0x4a, 0x69, 0x05, 0xc3, 0x8e, 0x18, 0x20, 0x00, 0x08, 0x82, 0x01, 0xd6, 0x56, 0x32,
    0x05, 0x4e, 0xc1, 0x5a, 0x8d, 0x26, 0x04, 0x40, 0x25, 0x6e, 0xa5, 0xc3, 0x0d, 0x81, 0x5b, 0x85,
    0x41, 0x0d, 0x37, 0x85, 0xd3, 0x0d, 0x01, 0x21, 0x54, 0x26, 0x57, 0x3a, 0xdc, 0x10, 0xc8, 0x15,
    0x18, 0xd4, 0xc0, 0x53, 0x38, 0xdd, 0x10, 0x10, 0x42, 0x95, 0x81, 0x5d, 0xe9, 0x70, 0x43, 0x60,
    0x57, 0x60, 0x50, 0x83, 0x5c, 0xe1, 0x74, 0x43, 0x40, 0x08, 0x15, 0xd0, 0xd5, 0x55, 0x40, 0x56,
    0x6a, 0x6a, 0xd0, 0x0a, 0x20, 0x18, 0x6e, 0x08, 0x72, 0xca, 0x0c, 0x4c, 0xd8, 0x29, 0x10, 0x4c,
    0x37, 0x04, 0x83, 0x30, 0xdd, 0x10, 0x06, 0x64, 0x30, 0x54, 0xd0, 0x57, 0x64, 0x01, 0x68, 0x9d,
    0xa0, 0x88, 0xbf, 0x22, 0x13, 0x02, 0x10, 0x54, 0x50, 0x5a, 0x58, 0xc1, 0x59, 0x69, 0x05, 0xdf,
    0x8e, 0x18, 0x20, 0x00, 0x08, 0x82, 0x01, 0x96, 0x5a, 0x6e, 0xc5, 0x4f, 0xc1, 0x69, 0x8d, 0x26,
    0x04, 0x40, 0x19, 0xaa, 0xa5, 0xc3, 0x0d, 0x81, 0x6a, 0x85, 0x41, 0x0d, 0x73, 0x85, 0xd3, 0x0d,
    0x01, 0x21, 0x54, 0x60, 0x57, 0x38, 0xdd, 0x10, 0x08, 0x5c, 0xf9, 0x01, 0x6c, 0xe9, 0x70, 0x43,
    0x00, 0x5b, 0x60, 0x50, 0x03, 0x6b, 0xe1, 0x74, 0x43, 0x40, 0x08, 0x15, 0xb8, 0xd6, 0x55, 0xe0,
    0x57, 0x6a, 0x7c, 0x60, 0x0e, 0x20, 0xa8, 0x40, 0xae, 0x78, 0xba, 0x21, 0x10, 0xf6, 0xa0, 0x82,
    0xda, 0x22, 0x0b, 0x70, 0xeb, 0x04, 0x16, 0xdc, 0x01, 0x08, 0x2a, 0xe0, 0x2d, 0xac, 0xc0, 0xaf,
    0xb4, 0x02, 0x3b, 0xd8, 0x11, 0x03, 0x04, 0x00, 0x41, 0x30, 0xc0, 0xc0, 0xab, 0xb4, 0x66, 0x2a,
    0xf0, 0xad, 0xd1, 0x84, 0x00, 0x28, 0x23, 0xbc, 0x74, 0xb8, 0x21, 0x08, 0xaf, 0x30, 0xa8, 0x41,
    0xb5, 0x70, 0xba, 0x21, 0x20, 0x84, 0x5a, 0x85, 0xf2, 0xd2, 0xe1, 0x86, 0xa0, 0xbc, 0xc0, 0xa0,
    0x86, 0xd7, 0xc2, 0xe9, 0x86, 0x80, 0x10, 0x2a, 0x18, 0x2f, 0x9c, 0x6e, 0x08, 0x84, 0x39, 0xa8,
    0xa0, 0xbc, 0xae, 0x82, 0xda, 0xd2, 0xe9, 0x06, 0xeb, 0x82, 0x83, 0x0a, 0xd4, 0x8b, 0x2c, 0x68,
    0xaf, 0x13, 0x58, 0xd0, 0x06, 0x20, 0xa8, 0x20, 0xbe, 0xb0, 0x82, 0xd9, 0xd2, 0x0a, 0x56, 0x61,
    0x47, 0x0c, 0x10, 0x00, 0x04, 0xc1, 0x00, 0xab, 0x2f, 0xdd, 0x42, 0xab, 0x60, 0xbe, 0x46, 0x13,
    0x02, 0xa0, 0x0c, 0xfb, 0xd2, 0xe1, 0x86, 0xc0, 0xbe, 0xc2, 0xa0, 0x86, 0xdf, 0xc2, 0xe9, 0x86,
    0x80, 0x10, 0x2a, 0x10, 0x2f, 0x9c, 0x6e, 0x08, 0x84, 0xaa, 0x02, 0xfb, 0xc2, 0xe9, 0x86, 0x40,
    0x60, 0x83, 0x0a, 0xf0, 0xeb, 0x2a, 0x40, 0x2f, 0x9d, 0x65, 0xe0, 0x83, 0x3e, 0xd8, 0xa9, 0xe1,
    0x86, 0x52, 0x48, 0xaf, 0x30, 0x28, 0x53, 0x08, 0xaf, 0x9d, 0x6e, 0x08, 0xd6, 0x4b, 0x18, 0x6e,
    0x70, 0x03, 0xf6, 0x0a, 0x83, 0x7a, 0x03, 0xf2, 0xda, 0xe9, 0x86, 0xc0, 0xbd, 0x84, 0xe1, 0x06,
    0xed, 0xbd, 0xc2, 0xa0, 0xb6, 0xf3, 0xda, 0xe9, 0x86, 0x20, 0xbe, 0x84, 0xe1, 0x06, 0x45, 0xbe,
    0xc2, 0xa0, 0x16, 0xf5, 0xda, 0xe9, 0x86, 0x80, 0xbe, 0x84, 0xe1, 0x06, 0xa5, 0xbe, 0xc0, 0xa0,
    0x10, 0xfb, 0xd2, 0xe9, 0x86, 0x80, 0x11, 0x86, 0x1b, 0x14, 0xfc, 0x02, 0x83, 0x12, 0xf2, 0x4b,
    0xa7, 0x1b, 0x02, 0x46, 0x18, 0x6e, 0x50, 0xf6, 0x0b, 0x0c, 0x0a, 0xe1, 0x2f, 0x9d, 0x6e, 0x08,
    0x18, 0x61, 0xb8, 0x41, 0xf1, 0x2f, 0x30, 0x28, 0xe1, 0xbf, 0x74, 0xba, 0x21, 0x60, 0x84, 0x59,
    0x82, 0x3e, 0x18, 0xa8, 0x00, 0xf4, 0x62, 0x0f, 0x28, 0x3e, 0x18, 0xa8, 0x00, 0x50, 0x62, 0x0f,
    0x20, 0x3e, 0x18, 0xa8, 0x00, 0x78, 0x61, 0x0f, 0x18, 0x3e, 0x18, 0xa8, 0x00, 0xf0, 0x60, 0x0f,
    0x10, 0x3e, 0xb0, 0x81, 0x08, 0x41, 0x05, 0x2d, 0x21, 0x15, 0x98, 0x18, 0x5a, 0x70, 0x80, 0xa0,
    0x82, 0xff, 0x52, 0x33, 0x8e, 0x10, 0x54, 0x20, 0x13, 0x52, 0xc1, 0x8a, 0xa1, 0x05, 0x0a, 0x08,
    0x2a, 0x20, 0x31, 0x9d, 0x65, 0xf0, 0x83, 0x3f, 0x08, 0xad, 0xe1, 0x06, 0xe3, 0xc5, 0xc0, 0xa0,
    0x86, 0x15, 0xd3, 0xe9, 0x86, 0x00, 0x11, 0x86, 0x1b, 0x08, 0x19, 0x03, 0x83, 0x12, 0x5c, 0x4c,
    0xa7, 0x1b, 0x02, 0x43, 0x98, 0x25, 0xf8, 0x83, 0x81, 0x0a, 0x00, 0xeb, 0x03, 0xc4, 0x0f, 0x06,
    0x2a, 0x00, 0xa8, 0x0f, 0x08, 0x3f, 0xb0, 0x40, 0x08, 0x41, 0x05, 0x37, 0x21, 0x15, 0xe0, 0x18,
    0x5a, 0x50, 0x80, 0xa0, 0x82, 0x18, 0x53, 0x93, 0xb3, 0xbf, 0x0a, 0x41, 0x05, 0xa2, 0x91, 0x23,
    0x06, 0x07, 0x00, 0x82, 0x60, 0x10, 0xe1, 0x99, 0x89, 0x05, 0x38, 0x66, 0x44, 0xe8, 0x84, 0xa0,
    0x02, 0x41, 0x2a, 0x00, 0x33, 0xb4, 0x80, 0x74, 0x60, 0x50, 0x41, 0x8e, 0xe9, 0x2c, 0x01, 0x28,
    0x0c, 0x74, 0x00, 0x62, 0xd3, 0x06, 0xc2, 0x1f, 0xb0, 0x9c, 0x1b, 0xcc, 0x32, 0x84, 0x02, 0x29,
    0xdc, 0xd6, 0x70, 0x43, 0xf0, 0x5f, 0x64, 0x30, 0xcb, 0x20, 0x0a, 0xa3, 0x10, 0x8c, 0x18, 0x18,
    0x00, 0x08, 0x82, 0xc1, 0x13, 0x6a, 0x2f, 0xb6, 0x5f, 0xb3, 0x04, 0xa3, 0x50, 0x42, 0x98, 0xe9,
    0x2c, 0x01, 0x29, 0x0c, 0x54, 0x00, 0xc2, 0x28, 0x18, 0xa0, 0x50, 0xed, 0x95, 0x63, 0x5a, 0xee,
    0x75, 0x66, 0x58, 0x43, 0xa8, 0xa1, 0x05, 0x03, 0x04, 0x46, 0x0c, 0x10, 0x00, 0x04, 0xc1, 0x00,
    0x23, 0xb5, 0x34, 0xc3, 0xaf, 0x40, 0xd4, 0x46, 0x13, 0x02, 0xa0, 0x82, 0x34, 0x53, 0x0b, 0x0c,
    0x19, 0x54, 0xf0, 0x66, 0x58, 0x01, 0x9b, 0xe9, 0x88, 0xc1, 0x01, 0x80, 0x20, 0x18, 0x44, 0xac,
    0xb6, 0x62, 0x81, 0x8a, 0x15, 0x7f, 0xc9, 0xd9, 0x55, 0xe0, 0x63, 0x5a, 0xfe, 0x55, 0x6a, 0x57,
    0x01, 0x98, 0x69, 0x05, 0x2e, 0xb6, 0x15, 0x62, 0xab, 0x86, 0x15, 0x8c, 0x99, 0x56, 0x00, 0x63,
    0x5b, 0xc9, 0x01, 0x23, 0x06, 0x08, 0x00, 0x82, 0x60, 0x80, 0xd1, 0x5a, 0x9e, 0xa5, 0x58, 0x20,
    0x6b, 0xa3, 0x09, 0x01, 0x70, 0x81, 0x51, 0x16, 0xb4, 0x98, 0x7c, 0xca, 0x49, 0x60, 0xc4, 0x00,
    0x01, 0x40, 0x10, 0x0c, 0xb0, 0x5c, 0xf3, 0x33, 0x17, 0x0b, 0x6e, 0x6d, 0x34, 0x21, 0x00, 0x2e,
    0x30, 0xca, 0x02, 0x19, 0x93, 0x4f, 0x4d, 0x0b, 0x8c, 0x18, 0x20, 0x00, 0x08, 0x82, 0x01, 0xe6,
    0x6b, 0xa3, 0x36, 0x63, 0x01, 0xaf, 0x8d, 0x26, 0x04, 0xc0, 0x05, 0x46, 0x59, 0x70, 0x63, 0xf2,
    0x99, 0x25, 0x28, 0x85, 0x81, 0x0a, 0xc3, 0x22, 0x05, 0x1e, 0x0e, 0x86, 0x81, 0x0a, 0xc3, 0x21,
    0x05, 0x1e, 0x0e, 0x86, 0x81, 0x0a, 0xc3, 0x20, 0x05, 0x1e, 0x0e, 0x86, 0x81, 0x0a, 0x03, 0x8f,
    0x03, 0x52, 0xe0, 0xe1, 0x60, 0x18, 0x31, 0x48, 0x00, 0x10, 0x04, 0x03, 0x46, 0xdd, 0xf4, 0x8c,
    0xdc, 0xc8, 0xed, 0xd6, 0x88, 0x11, 0x83, 0x04, 0x00, 0x41, 0x30, 0x60, 0xd4, 0x4d, 0xcf, 0xc8,
    0x8d, 0xdc, 0x6c, 0x6d, 0x18, 0x31, 0x48, 0x00, 0x10, 0x04, 0x03, 0x46, 0xdd, 0xf4, 0x8c, 0xdc,
    0xc8, 0x8d, 0xd6, 0x84, 0x11, 0x83, 0x04, 0x00, 0x41, 0x30, 0x60, 0xd4, 0x4d, 0xcf, 0xc8, 0x8d,
    0xdc, 0x72, 0x2d, 0xc0, 0x80, 0x18, 0x00, 0x00, 0x02, 0x00, 0x00, 0x00, 0x5b, 0x86, 0x36, 0x08,
    0x42, 0x01, 0x00, 0x00, 0x00, 0x00, 0x00, 0x00, 0x00, 0x00, 0x00, 0x00
};

static const char k_ps_poly_msl[] =
    "#pragma clang diagnostic ignored \"-Wmissing-prototypes\"\n"
    "#pragma clang diagnostic ignored \"-Wmissing-braces\"\n"
    "\n"
    "#include <metal_stdlib>\n"
    "#include <simd/simd.h>\n"
    "\n"
    "using namespace metal;\n"
    "\n"
    "template<typename T, size_t Num>\n"
    "struct spvUnsafeArray\n"
    "{\n"
    "    T elements[Num ? Num : 1];\n"
    "    \n"
    "    thread T& operator [] (size_t pos) thread\n"
    "    {\n"
    "        return elements[pos];\n"
    "    }\n"
    "    constexpr const thread T& operator [] (size_t pos) const thread\n"
    "    {\n"
    "        return elements[pos];\n"
    "    }\n"
    "    \n"
    "    device T& operator [] (size_t pos) device\n"
    "    {\n"
    "        return elements[pos];\n"
    "    }\n"
    "    constexpr const device T& operator [] (size_t pos) const device\n"
    "    {\n"
    "        return elements[pos];\n"
    "    }\n"
    "    \n"
    "    constexpr const constant T& operator [] (size_t pos) const constant\n"
    "    {\n"
    "        return elements[pos];\n"
    "    }\n"
    "    \n"
    "    threadgroup T& operator [] (size_t pos) threadgroup\n"
    "    {\n"
    "        return elements[pos];\n"
    "    }\n"
    "    constexpr const threadgroup T& operator [] (size_t pos) const threadgroup\n"
    "    {\n"
    "        return elements[pos];\n"
    "    }\n"
    "};\n"
    "\n"
    "struct type_StructuredBuffer_uint\n"
    "{\n"
    "    uint _m0[1];\n"
    "};\n"
    "\n"
    "constant spvUnsafeArray<uint, 128> _211 = spvUnsafeArray<uint, 128>({ 0u, 2u, 5u, 8u, 11u, 14u, 16u, 19u, 22u, 25u, 27u, 30u, 33u, 35u, 38u, 40u, 43u, 46u, 48u, 51u, 53u, 56u, 58u, 61u, 63u, 65u, 68u, 70u, 73u, 75u, 77u, 80u, 82u, 84u, 87u, 89u, 91u, 93u, 96u, 98u, 100u, 102u, 104u, 106u, 109u, 111u, 113u, 115u, 117u, 119u, 121u, 123u, 125u, 127u, 129u, 132u, 134u, 136u, 138u, 140u, 141u, 143u, 145u, 147u, 149u, 151u, 153u, 155u, 157u, 159u, 161u, 162u, 164u, 166u, 168u, 170u, 172u, 173u, 175u, 177u, 179u, 181u, 182u, 184u, 186u, 188u, 189u, 191u, 193u, 194u, 196u, 198u, 200u, 201u, 203u, 205u, 206u, 208u, 209u, 211u, 213u, 214u, 216u, 218u, 219u, 221u, 222u, 224u, 225u, 227u, 229u, 230u, 232u, 233u, 235u, 236u, 238u, 239u, 241u, 242u, 244u, 245u, 247u, 248u, 250u, 251u, 253u, 254u });\n"
    "\n"
    "struct main0_out\n"
    "{\n"
    "    float4 out_var_SV_Target [[color(0)]];\n"
    "};\n"
    "\n"
    "struct main0_in\n"
    "{\n"
    "    float3 in_var_TEXCOORD0 [[user(locn0), center_no_perspective]];\n"
    "    float4 in_var_TEXCOORD1 [[user(locn1), flat]];\n"
    "    uint4 in_var_TEXCOORD2 [[user(locn2)]];\n"
    "    uint2 in_var_TEXCOORD3 [[user(locn3)]];\n"
    "};\n"
    "\n"
    "fragment main0_out main0(main0_in in [[stage_in]], const device type_StructuredBuffer_uint& texram [[buffer(0)]], const device type_StructuredBuffer_uint& lumaram [[buffer(1)]], const device type_StructuredBuffer_uint& xlat [[buffer(2)]], float4 gl_FragCoord [[position]])\n"
    "{\n"
    "    main0_out out = {};\n"
    "    float4 _1419;\n"
    "    do\n"
    "    {\n"
    "        if (((in.in_var_TEXCOORD2.x >> 2u) & 1u) != 0u)\n"
    "        {\n"
    "            uint2 _229 = uint2(gl_FragCoord.xy);\n"
    "            if (((_229.x ^ _229.y) & 1u) == 0u)\n"
    "            {\n"
    "                discard_fragment();\n"
    "            }\n"
    "        }\n"
    "        uint _237 = in.in_var_TEXCOORD2.x & 3u;\n"
    "        if (_237 < 2u)\n"
    "        {\n"
    "            _1419 = in.in_var_TEXCOORD1;\n"
    "            break;\n"
    "        }\n"
    "        bool _241 = _237 == 3u;\n"
    "        int _244 = int((in.in_var_TEXCOORD2.x >> 12u) & 31u);\n"
    "        float _247 = 1.0 / in.in_var_TEXCOORD0.x;\n"
    "        int _267;\n"
    "        do\n"
    "        {\n"
    "            if (_247 < 0.0)\n"
    "            {\n"
    "                _267 = 0;\n"
    "                break;\n"
    "            }\n"
    "            uint _257 = as_type<uint>(_247) >> 16u;\n"
    "            _267 = ((int(_257 >> 7u) - 127) << 8) | int(_211[_257 & 127u]);\n"
    "            break;\n"
    "        } while(false);\n"
    "        int _268 = _267 - int(in.in_var_TEXCOORD3.x);\n"
    "        int _270 = clamp(_268 >> 7, 0, _244);\n"
    "        float _274 = (in.in_var_TEXCOORD0.y * _247) * 256.0;\n"
    "        int _286;\n"
    "        do\n"
    "        {\n"
    "            bool _281;\n"
    "            if (_274 >= (-2147483648.0))\n"
    "            {\n"
    "                _281 = _274 < 2147483648.0;\n"
    "            }\n"
    "            else\n"
    "            {\n"
    "                _281 = false;\n"
    "            }\n"
    "            if (!_281)\n"
    "            {\n"
    "                _286 = int(0x80000000);\n"
    "                break;\n"
    "            }\n"
    "            _286 = int(_274);\n"
    "            break;\n"
    "        } while(false);\n"
    "        float _290 = (in.in_var_TEXCOORD0.z * _247) * 256.0;\n"
    "        int _302;\n"
    "        do\n"
    "        {\n"
    "            bool _297;\n"
    "            if (_290 >= (-2147483648.0))\n"
    "            {\n"
    "                _297 = _290 < 2147483648.0;\n"
    "            }\n"
    "            else\n"
    "            {\n"
    "                _297 = false;\n"
    "            }\n"
    "            if (!_297)\n"
    "            {\n"
    "                _302 = int(0x80000000);\n"
    "                break;\n"
    "            }\n"
    "            _302 = int(_290);\n"
    "            break;\n"
    "        } while(false);\n"
    "        bool _305 = ((in.in_var_TEXCOORD2.x >> 10u) & 1u) != 0u;\n"
    "        uint _349;\n"
    "        uint _350;\n"
    "        uint _351;\n"
    "        uint _352;\n"
    "        int _353;\n"
    "        uint _354;\n"
    "        int _355;\n"
    "        if (_270 == (-1))\n"
    "        {\n"
    "            int _346 = int(1u << ((in.in_var_TEXCOORD2.x >> 8u) & 3u)) & 31;\n"
    "            _349 = _305 ? 0u : 1u;\n"
    "            _350 = in.in_var_TEXCOORD2.z >> 16u;\n"
    "            _351 = in.in_var_TEXCOORD2.z & 65535u;\n"
    "            _352 = 128u;\n"
    "            _353 = _302 << _346;\n"
    "            _354 = 128u;\n"
    "            _355 = _286 << _346;\n"
    "        }\n"
    "        else\n"
    "        {\n"
    "            uint _318 = uint(_270) & 31u;\n"
    "            int _334 = _270 & 31;\n"
    "            _349 = uint(((_270 & 1) != 0) != _305);\n"
    "            _350 = (((in.in_var_TEXCOORD2.y >> 16u) - 1024u) >> _318) & 1023u;\n"
    "            _351 = (((in.in_var_TEXCOORD2.y & 65535u) - 2048u) >> _318) & 2047u;\n"
    "            _352 = (32u << ((in.in_var_TEXCOORD2.x >> 20u) & 7u)) >> _318;\n"
    "            _353 = _302 >> _334;\n"
    "            _354 = (32u << ((in.in_var_TEXCOORD2.x >> 17u) & 7u)) >> _318;\n"
    "            _355 = _286 >> _334;\n"
    "        }\n"
    "        bool _358 = ((in.in_var_TEXCOORD2.x >> 5u) & 1u) != 0u;\n"
    "        bool _365;\n"
    "        if (_358)\n"
    "        {\n"
    "            _365 = (_355 & int(_354 << 8u)) != 0;\n"
    "        }\n"
    "        else\n"
    "        {\n"
    "            _365 = false;\n"
    "        }\n"
    "        int _369;\n"
    "        if (_365)\n"
    "        {\n"
    "            _369 = ~_355;\n"
    "        }\n"
    "        else\n"
    "        {\n"
    "            _369 = _355;\n"
    "        }\n"
    "        bool _372 = ((in.in_var_TEXCOORD2.x >> 6u) & 1u) != 0u;\n"
    "        bool _379;\n"
    "        if (_372)\n"
    "        {\n"
    "            _379 = (_353 & int(_352 << 8u)) != 0;\n"
    "        }\n"
    "        else\n"
    "        {\n"
    "            _379 = false;\n"
    "        }\n"
    "        int _383;\n"
    "        if (_379)\n"
    "        {\n"
    "            _383 = ~_353;\n"
    "        }\n"
    "        else\n"
    "        {\n"
    "            _383 = _353;\n"
    "        }\n"
    "        int _384 = _369 - 128;\n"
    "        int _385 = _383 - 128;\n"
    "        uint _387 = uint(_384) & 255u;\n"
    "        uint _389 = uint(_385) & 255u;\n"
    "        uint _392 = _354 - 1u;\n"
    "        int _394 = int(uint(_384 >> 8) & _392);\n"
    "        int _398 = int(uint(_394 + 1) & _392);\n"
    "        uint _401 = _352 - 1u;\n"
    "        int _403 = int(uint(_385 >> 8) & _401);\n"
    "        int _407 = int(uint(_403 + 1) & _401);\n"
    "        bool _410 = ((in.in_var_TEXCOORD2.x >> 3u) & 1u) == 0u;\n"
    "        bool _414;\n"
    "        if (_410)\n"
    "        {\n"
    "            _414 = _398 == 0;\n"
    "        }\n"
    "        else\n"
    "        {\n"
    "            _414 = false;\n"
    "        }\n"
    "        uint _426;\n"
    "        int _427;\n"
    "        int _428;\n"
    "        if (_414)\n"
    "        {\n"
    "            bool _417 = _387 >= 128u;\n"
    "            int _423;\n"
    "            int _424;\n"
    "            if (_417)\n"
    "            {\n"
    "                _423 = _398 + 1;\n"
    "                _424 = _398;\n"
    "            }\n"
    "            else\n"
    "            {\n"
    "                _423 = _394;\n"
    "                _424 = _394 - 1;\n"
    "            }\n"
    "            _426 = _417 ? 0u : 256u;\n"
    "            _427 = _423;\n"
    "            _428 = _424;\n"
    "        }\n"
    "        else\n"
    "        {\n"
    "            _426 = _387;\n"
    "            _427 = _398;\n"
    "            _428 = _394;\n"
    "        }\n"
    "        bool _431 = ((in.in_var_TEXCOORD2.x >> 4u) & 1u) == 0u;\n"
    "        bool _435;\n"
    "        if (_431)\n"
    "        {\n"
    "            _435 = _407 == 0;\n"
    "        }\n"
    "        else\n"
    "        {\n"
    "            _435 = false;\n"
    "        }\n"
    "        uint _447;\n"
    "        int _448;\n"
    "        int _449;\n"
    "        if (_435)\n"
    "        {\n"
    "            bool _438 = _389 >= 128u;\n"
    "            int _444;\n"
    "            int _445;\n"
    "            if (_438)\n"
    "            {\n"
    "                _444 = _407 + 1;\n"
    "                _445 = 0;\n"
    "            }\n"
    "            else\n"
    "            {\n"
    "                _444 = _403;\n"
    "                _445 = _403 - 1;\n"
    "            }\n"
    "            _447 = _438 ? 0u : 256u;\n"
    "            _448 = _444;\n"
    "            _449 = _445;\n"
    "        }\n"
    "        else\n"
    "        {\n"
    "            _447 = _389;\n"
    "            _448 = _407;\n"
    "            _449 = _403;\n"
    "        }\n"
    "        int _450 = int(_351);\n"
    "        int _451 = _450 + _428;\n"
    "        int _452 = int(_350);\n"
    "        int _453 = _452 + _449;\n"
    "        bool _454 = _451 >= 1024;\n"
    "        int _459;\n"
    "        int _460;\n"
    "        if (_454)\n"
    "        {\n"
    "            _459 = _451 - 1024;\n"
    "            _460 = _453 ^ 1024;\n"
    "        }\n"
    "        else\n"
    "        {\n"
    "            _459 = _451;\n"
    "            _460 = _453;\n"
    "        }\n"
    "        uint _465 = uint(((_460 / 2) * 512) + (_459 / 2));\n"
    "        uint _466 = _349 * 524288u;\n"
    "        uint _469 = _466 + ((_465 >> 1u) & 524287u);\n"
    "        uint _477;\n"
    "        if ((_465 & 1u) != 0u)\n"
    "        {\n"
    "            _477 = texram._m0[_469] >> 16u;\n"
    "        }\n"
    "        else\n"
    "        {\n"
    "            _477 = texram._m0[_469];\n"
    "        }\n"
    "        bool _479 = (_449 & 1) == 0;\n"
    "        uint _483;\n"
    "        if (_479)\n"
    "        {\n"
    "            _483 = _477 >> 8u;\n"
    "        }\n"
    "        else\n"
    "        {\n"
    "            _483 = _477;\n"
    "        }\n"
    "        bool _485 = (_428 & 1) == 0;\n"
    "        uint _489;\n"
    "        if (_485)\n"
    "        {\n"
    "            _489 = _483 >> 4u;\n"
    "        }\n"
    "        else\n"
    "        {\n"
    "            _489 = _483;\n"
    "        }\n"
    "        uint _491 = (_489 & 15u) << 4u;\n"
    "        int _492 = _450 + _427;\n"
    "        bool _493 = _492 >= 1024;\n"
    "        int _498;\n"
    "        int _499;\n"
    "        if (_493)\n"
    "        {\n"
    "            _498 = _492 - 1024;\n"
    "            _499 = _453 ^ 1024;\n"
    "        }\n"
    "        else\n"
    "        {\n"
    "            _498 = _492;\n"
    "            _499 = _453;\n"
    "        }\n"
    "        uint _504 = uint(((_499 / 2) * 512) + (_498 / 2));\n"
    "        uint _507 = _466 + ((_504 >> 1u) & 524287u);\n"
    "        uint _515;\n"
    "        if ((_504 & 1u) != 0u)\n"
    "        {\n"
    "            _515 = texram._m0[_507] >> 16u;\n"
    "        }\n"
    "        else\n"
    "        {\n"
    "            _515 = texram._m0[_507];\n"
    "        }\n"
    "        uint _519;\n"
    "        if (_479)\n"
    "        {\n"
    "            _519 = _515 >> 8u;\n"
    "        }\n"
    "        else\n"
    "        {\n"
    "            _519 = _515;\n"
    "        }\n"
    "        bool _521 = (_427 & 1) == 0;\n"
    "        uint _525;\n"
    "        if (_521)\n"
    "        {\n"
    "            _525 = _519 >> 4u;\n"
    "        }\n"
    "        else\n"
    "        {\n"
    "            _525 = _519;\n"
    "        }\n"
    "        uint _527 = (_525 & 15u) << 4u;\n"
    "        int _528 = _452 + _448;\n"
    "        int _533;\n"
    "        int _534;\n"
    "        if (_454)\n"
    "        {\n"
    "            _533 = _451 - 1024;\n"
    "            _534 = _528 ^ 1024;\n"
    "        }\n"
    "        else\n"
    "        {\n"
    "            _533 = _451;\n"
    "            _534 = _528;\n"
    "        }\n"
    "        uint _539 = uint(((_534 / 2) * 512) + (_533 / 2));\n"
    "        uint _542 = _466 + ((_539 >> 1u) & 524287u);\n"
    "        uint _550;\n"
    "        if ((_539 & 1u) != 0u)\n"
    "        {\n"
    "            _550 = texram._m0[_542] >> 16u;\n"
    "        }\n"
    "        else\n"
    "        {\n"
    "            _550 = texram._m0[_542];\n"
    "        }\n"
    "        bool _552 = (_448 & 1) == 0;\n"
    "        uint _556;\n"
    "        if (_552)\n"
    "        {\n"
    "            _556 = _550 >> 8u;\n"
    "        }\n"
    "        else\n"
    "        {\n"
    "            _556 = _550;\n"
    "        }\n"
    "        uint _560;\n"
    "        if (_485)\n"
    "        {\n"
    "            _560 = _556 >> 4u;\n"
    "        }\n"
    "        else\n"
    "        {\n"
    "            _560 = _556;\n"
    "        }\n"
    "        uint _562 = (_560 & 15u) << 4u;\n"
    "        int _567;\n"
    "        int _568;\n"
    "        if (_493)\n"
    "        {\n"
    "            _567 = _492 - 1024;\n"
    "            _568 = _528 ^ 1024;\n"
    "        }\n"
    "        else\n"
    "        {\n"
    "            _567 = _492;\n"
    "            _568 = _528;\n"
    "        }\n"
    "        uint _573 = uint(((_568 / 2) * 512) + (_567 / 2));\n"
    "        uint _576 = _466 + ((_573 >> 1u) & 524287u);\n"
    "        uint _584;\n"
    "        if ((_573 & 1u) != 0u)\n"
    "        {\n"
    "            _584 = texram._m0[_576] >> 16u;\n"
    "        }\n"
    "        else\n"
    "        {\n"
    "            _584 = texram._m0[_576];\n"
    "        }\n"
    "        uint _588;\n"
    "        if (_552)\n"
    "        {\n"
    "            _588 = _584 >> 8u;\n"
    "        }\n"
    "        else\n"
    "        {\n"
    "            _588 = _584;\n"
    "        }\n"
    "        uint _592;\n"
    "        if (_521)\n"
    "        {\n"
    "            _592 = _588 >> 4u;\n"
    "        }\n"
    "        else\n"
    "        {\n"
    "            _592 = _588;\n"
    "        }\n"
    "        uint _594 = (_592 & 15u) << 4u;\n"
    "        uint _637;\n"
    "        uint _638;\n"
    "        uint _639;\n"
    "        uint _640;\n"
    "        if (_241)\n"
    "        {\n"
    "            uint _601;\n"
    "            if (_491 != 240u)\n"
    "            {\n"
    "                _601 = _491 | 8388608u;\n"
    "            }\n"
    "            else\n"
    "            {\n"
    "                _601 = _491;\n"
    "            }\n"
    "            uint _606;\n"
    "            if (_527 != 240u)\n"
    "            {\n"
    "                _606 = _527 | 8388608u;\n"
    "            }\n"
    "            else\n"
    "            {\n"
    "                _606 = _527;\n"
    "            }\n"
    "            uint _611;\n"
    "            if (_562 != 240u)\n"
    "            {\n"
    "                _611 = _562 | 8388608u;\n"
    "            }\n"
    "            else\n"
    "            {\n"
    "                _611 = _562;\n"
    "            }\n"
    "            uint _616;\n"
    "            if (_594 != 240u)\n"
    "            {\n"
    "                _616 = _594 | 8388608u;\n"
    "            }\n"
    "            else\n"
    "            {\n"
    "                _616 = _594;\n"
    "            }\n"
    "            uint _621;\n"
    "            if (_601 == 240u)\n"
    "            {\n"
    "                _621 = _606 & 255u;\n"
    "            }\n"
    "            else\n"
    "            {\n"
    "                _621 = _601;\n"
    "            }\n"
    "            uint _626;\n"
    "            if (_606 == 240u)\n"
    "            {\n"
    "                _626 = _621 & 255u;\n"
    "            }\n"
    "            else\n"
    "            {\n"
    "                _626 = _606;\n"
    "            }\n"
    "            uint _631;\n"
    "            if (_611 == 240u)\n"
    "            {\n"
    "                _631 = _616 & 255u;\n"
    "            }\n"
    "            else\n"
    "            {\n"
    "                _631 = _611;\n"
    "            }\n"
    "            uint _636;\n"
    "            if (_616 == 240u)\n"
    "            {\n"
    "                _636 = _631 & 255u;\n"
    "            }\n"
    "            else\n"
    "            {\n"
    "                _636 = _616;\n"
    "            }\n"
    "            _637 = _636;\n"
    "            _638 = _631;\n"
    "            _639 = _626;\n"
    "            _640 = _621;\n"
    "        }\n"
    "        else\n"
    "        {\n"
    "            _637 = _594;\n"
    "            _638 = _562;\n"
    "            _639 = _527;\n"
    "            _640 = _491;\n"
    "        }\n"
    "        uint _645 = (_640 + (((_639 - _640) * _426) >> 8u)) & 16711935u;\n"
    "        uint _649 = _638 + (((_637 - _638) * _426) >> 8u);\n"
    "        uint _650 = _649 & 16711935u;\n"
    "        uint _663;\n"
    "        uint _664;\n"
    "        if (_241)\n"
    "        {\n"
    "            uint _657;\n"
    "            if (_645 == 240u)\n"
    "            {\n"
    "                _657 = _649 & 255u;\n"
    "            }\n"
    "            else\n"
    "            {\n"
    "                _657 = _645;\n"
    "            }\n"
    "            uint _662;\n"
    "            if (_650 == 240u)\n"
    "            {\n"
    "                _662 = _657 & 255u;\n"
    "            }\n"
    "            else\n"
    "            {\n"
    "                _662 = _650;\n"
    "            }\n"
    "            _663 = _662;\n"
    "            _664 = _657;\n"
    "        }\n"
    "        else\n"
    "        {\n"
    "            _663 = _650;\n"
    "            _664 = _645;\n"
    "        }\n"
    "        uint _669 = (_664 + (((_663 - _664) * _447) >> 8u)) & 16711935u;\n"
    "        bool _674;\n"
    "        if (_268 > 0)\n"
    "        {\n"
    "            _674 = _270 < _244;\n"
    "        }\n"
    "        else\n"
    "        {\n"
    "            _674 = false;\n"
    "        }\n"
    "        uint _1370;\n"
    "        if (_674)\n"
    "        {\n"
    "            int _1009 = _270 + 1;\n"
    "            uint _1053;\n"
    "            uint _1054;\n"
    "            uint _1055;\n"
    "            uint _1056;\n"
    "            int _1057;\n"
    "            uint _1058;\n"
    "            int _1059;\n"
    "            if (_1009 == (-1))\n"
    "            {\n"
    "                int _1050 = int(1u << ((in.in_var_TEXCOORD2.x >> 8u) & 3u)) & 31;\n"
    "                _1053 = _305 ? 0u : 1u;\n"
    "                _1054 = in.in_var_TEXCOORD2.z >> 16u;\n"
    "                _1055 = in.in_var_TEXCOORD2.z & 65535u;\n"
    "                _1056 = 128u;\n"
    "                _1057 = _302 << _1050;\n"
    "                _1058 = 128u;\n"
    "                _1059 = _286 << _1050;\n"
    "            }\n"
    "            else\n"
    "            {\n"
    "                uint _1022 = uint(_1009) & 31u;\n"
    "                int _1038 = _1009 & 31;\n"
    "                _1053 = uint(((_1009 & 1) != 0) != _305);\n"
    "                _1054 = (((in.in_var_TEXCOORD2.y >> 16u) - 1024u) >> _1022) & 1023u;\n"
    "                _1055 = (((in.in_var_TEXCOORD2.y & 65535u) - 2048u) >> _1022) & 2047u;\n"
    "                _1056 = (32u << ((in.in_var_TEXCOORD2.x >> 20u) & 7u)) >> _1022;\n"
    "                _1057 = _302 >> _1038;\n"
    "                _1058 = (32u << ((in.in_var_TEXCOORD2.x >> 17u) & 7u)) >> _1022;\n"
    "                _1059 = _286 >> _1038;\n"
    "            }\n"
    "            bool _1066;\n"
    "            if (_358)\n"
    "            {\n"
    "                _1066 = (_1059 & int(_1058 << 8u)) != 0;\n"
    "            }\n"
    "            else\n"
    "            {\n"
    "                _1066 = false;\n"
    "            }\n"
    "            int _1070;\n"
    "            if (_1066)\n"
    "            {\n"
    "                _1070 = ~_1059;\n"
    "            }\n"
    "            else\n"
    "            {\n"
    "                _1070 = _1059;\n"
    "            }\n"
    "            bool _1077;\n"
    "            if (_372)\n"
    "            {\n"
    "                _1077 = (_1057 & int(_1056 << 8u)) != 0;\n"
    "            }\n"
    "            else\n"
    "            {\n"
    "                _1077 = false;\n"
    "            }\n"
    "            int _1081;\n"
    "            if (_1077)\n"
    "            {\n"
    "                _1081 = ~_1057;\n"
    "            }\n"
    "            else\n"
    "            {\n"
    "                _1081 = _1057;\n"
    "            }\n"
    "            int _1082 = _1070 - 128;\n"
    "            int _1083 = _1081 - 128;\n"
    "            uint _1085 = uint(_1082) & 255u;\n"
    "            uint _1087 = uint(_1083) & 255u;\n"
    "            uint _1090 = _1058 - 1u;\n"
    "            int _1092 = int(uint(_1082 >> 8) & _1090);\n"
    "            int _1096 = int(uint(_1092 + 1) & _1090);\n"
    "            uint _1099 = _1056 - 1u;\n"
    "            int _1101 = int(uint(_1083 >> 8) & _1099);\n"
    "            int _1105 = int(uint(_1101 + 1) & _1099);\n"
    "            bool _1109;\n"
    "            if (_410)\n"
    "            {\n"
    "                _1109 = _1096 == 0;\n"
    "            }\n"
    "            else\n"
    "            {\n"
    "                _1109 = false;\n"
    "            }\n"
    "            uint _1121;\n"
    "            int _1122;\n"
    "            int _1123;\n"
    "            if (_1109)\n"
    "            {\n"
    "                bool _1112 = _1085 >= 128u;\n"
    "                int _1118;\n"
    "                int _1119;\n"
    "                if (_1112)\n"
    "                {\n"
    "                    _1118 = _1096 + 1;\n"
    "                    _1119 = _1096;\n"
    "                }\n"
    "                else\n"
    "                {\n"
    "                    _1118 = _1092;\n"
    "                    _1119 = _1092 - 1;\n"
    "                }\n"
    "                _1121 = _1112 ? 0u : 256u;\n"
    "                _1122 = _1118;\n"
    "                _1123 = _1119;\n"
    "            }\n"
    "            else\n"
    "            {\n"
    "                _1121 = _1085;\n"
    "                _1122 = _1096;\n"
    "                _1123 = _1092;\n"
    "            }\n"
    "            bool _1127;\n"
    "            if (_431)\n"
    "            {\n"
    "                _1127 = _1105 == 0;\n"
    "            }\n"
    "            else\n"
    "            {\n"
    "                _1127 = false;\n"
    "            }\n"
    "            uint _1139;\n"
    "            int _1140;\n"
    "            int _1141;\n"
    "            if (_1127)\n"
    "            {\n"
    "                bool _1130 = _1087 >= 128u;\n"
    "                int _1136;\n"
    "                int _1137;\n"
    "                if (_1130)\n"
    "                {\n"
    "                    _1136 = _1105 + 1;\n"
    "                    _1137 = 0;\n"
    "                }\n"
    "                else\n"
    "                {\n"
    "                    _1136 = _1101;\n"
    "                    _1137 = _1101 - 1;\n"
    "                }\n"
    "                _1139 = _1130 ? 0u : 256u;\n"
    "                _1140 = _1136;\n"
    "                _1141 = _1137;\n"
    "            }\n"
    "            else\n"
    "            {\n"
    "                _1139 = _1087;\n"
    "                _1140 = _1105;\n"
    "                _1141 = _1101;\n"
    "            }\n"
    "            int _1142 = int(_1055);\n"
    "            int _1143 = _1142 + _1123;\n"
    "            int _1144 = int(_1054);\n"
    "            int _1145 = _1144 + _1141;\n"
    "            bool _1146 = _1143 >= 1024;\n"
    "            int _1151;\n"
    "            int _1152;\n"
    "            if (_1146)\n"
    "            {\n"
    "                _1151 = _1143 - 1024;\n"
    "                _1152 = _1145 ^ 1024;\n"
    "            }\n"
    "            else\n"
    "            {\n"
    "                _1151 = _1143;\n"
    "                _1152 = _1145;\n"
    "            }\n"
    "            uint _1157 = uint(((_1152 / 2) * 512) + (_1151 / 2));\n"
    "            uint _1158 = _1053 * 524288u;\n"
    "            uint _1161 = _1158 + ((_1157 >> 1u) & 524287u);\n"
    "            uint _1169;\n"
    "            if ((_1157 & 1u) != 0u)\n"
    "            {\n"
    "                _1169 = texram._m0[_1161] >> 16u;\n"
    "            }\n"
    "            else\n"
    "            {\n"
    "                _1169 = texram._m0[_1161];\n"
    "            }\n"
    "            bool _1171 = (_1141 & 1) == 0;\n"
    "            uint _1175;\n"
    "            if (_1171)\n"
    "            {\n"
    "                _1175 = _1169 >> 8u;\n"
    "            }\n"
    "            else\n"
    "            {\n"
    "                _1175 = _1169;\n"
    "            }\n"
    "            bool _1177 = (_1123 & 1) == 0;\n"
    "            uint _1181;\n"
    "            if (_1177)\n"
    "            {\n"
    "                _1181 = _1175 >> 4u;\n"
    "            }\n"
    "            else\n"
    "            {\n"
    "                _1181 = _1175;\n"
    "            }\n"
    "            uint _1183 = (_1181 & 15u) << 4u;\n"
    "            int _1184 = _1142 + _1122;\n"
    "            bool _1185 = _1184 >= 1024;\n"
    "            int _1190;\n"
    "            int _1191;\n"
    "            if (_1185)\n"
    "            {\n"
    "                _1190 = _1184 - 1024;\n"
    "                _1191 = _1145 ^ 1024;\n"
    "            }\n"
    "            else\n"
    "            {\n"
    "                _1190 = _1184;\n"
    "                _1191 = _1145;\n"
    "            }\n"
    "            uint _1196 = uint(((_1191 / 2) * 512) + (_1190 / 2));\n"
    "            uint _1199 = _1158 + ((_1196 >> 1u) & 524287u);\n"
    "            uint _1207;\n"
    "            if ((_1196 & 1u) != 0u)\n"
    "            {\n"
    "                _1207 = texram._m0[_1199] >> 16u;\n"
    "            }\n"
    "            else\n"
    "            {\n"
    "                _1207 = texram._m0[_1199];\n"
    "            }\n"
    "            uint _1211;\n"
    "            if (_1171)\n"
    "            {\n"
    "                _1211 = _1207 >> 8u;\n"
    "            }\n"
    "            else\n"
    "            {\n"
    "                _1211 = _1207;\n"
    "            }\n"
    "            bool _1213 = (_1122 & 1) == 0;\n"
    "            uint _1217;\n"
    "            if (_1213)\n"
    "            {\n"
    "                _1217 = _1211 >> 4u;\n"
    "            }\n"
    "            else\n"
    "            {\n"
    "                _1217 = _1211;\n"
    "            }\n"
    "            uint _1219 = (_1217 & 15u) << 4u;\n"
    "            int _1220 = _1144 + _1140;\n"
    "            int _1225;\n"
    "            int _1226;\n"
    "            if (_1146)\n"
    "            {\n"
    "                _1225 = _1143 - 1024;\n"
    "                _1226 = _1220 ^ 1024;\n"
    "            }\n"
    "            else\n"
    "            {\n"
    "                _1225 = _1143;\n"
    "                _1226 = _1220;\n"
    "            }\n"
    "            uint _1231 = uint(((_1226 / 2) * 512) + (_1225 / 2));\n"
    "            uint _1234 = _1158 + ((_1231 >> 1u) & 524287u);\n"
    "            uint _1242;\n"
    "            if ((_1231 & 1u) != 0u)\n"
    "            {\n"
    "                _1242 = texram._m0[_1234] >> 16u;\n"
    "            }\n"
    "            else\n"
    "            {\n"
    "                _1242 = texram._m0[_1234];\n"
    "            }\n"
    "            bool _1244 = (_1140 & 1) == 0;\n"
    "            uint _1248;\n"
    "            if (_1244)\n"
    "            {\n"
    "                _1248 = _1242 >> 8u;\n"
    "            }\n"
    "            else\n"
    "            {\n"
    "                _1248 = _1242;\n"
    "            }\n"
    "            uint _1252;\n"
    "            if (_1177)\n"
    "            {\n"
    "                _1252 = _1248 >> 4u;\n"
    "            }\n"
    "            else\n"
    "            {\n"
    "                _1252 = _1248;\n"
    "            }\n"
    "            uint _1254 = (_1252 & 15u) << 4u;\n"
    "            int _1259;\n"
    "            int _1260;\n"
    "            if (_1185)\n"
    "            {\n"
    "                _1259 = _1184 - 1024;\n"
    "                _1260 = _1220 ^ 1024;\n"
    "            }\n"
    "            else\n"
    "            {\n"
    "                _1259 = _1184;\n"
    "                _1260 = _1220;\n"
    "            }\n"
    "            uint _1265 = uint(((_1260 / 2) * 512) + (_1259 / 2));\n"
    "            uint _1268 = _1158 + ((_1265 >> 1u) & 524287u);\n"
    "            uint _1276;\n"
    "            if ((_1265 & 1u) != 0u)\n"
    "            {\n"
    "                _1276 = texram._m0[_1268] >> 16u;\n"
    "            }\n"
    "            else\n"
    "            {\n"
    "                _1276 = texram._m0[_1268];\n"
    "            }\n"
    "            uint _1280;\n"
    "            if (_1244)\n"
    "            {\n"
    "                _1280 = _1276 >> 8u;\n"
    "            }\n"
    "            else\n"
    "            {\n"
    "                _1280 = _1276;\n"
    "            }\n"
    "            uint _1284;\n"
    "            if (_1213)\n"
    "            {\n"
    "                _1284 = _1280 >> 4u;\n"
    "            }\n"
    "            else\n"
    "            {\n"
    "                _1284 = _1280;\n"
    "            }\n"
    "            uint _1286 = (_1284 & 15u) << 4u;\n"
    "            uint _1329;\n"
    "            uint _1330;\n"
    "            uint _1331;\n"
    "            uint _1332;\n"
    "            if (_241)\n"
    "            {\n"
    "                uint _1293;\n"
    "                if (_1183 != 240u)\n"
    "                {\n"
    "                    _1293 = _1183 | 8388608u;\n"
    "                }\n"
    "                else\n"
    "                {\n"
    "                    _1293 = _1183;\n"
    "                }\n"
    "                uint _1298;\n"
    "                if (_1219 != 240u)\n"
    "                {\n"
    "                    _1298 = _1219 | 8388608u;\n"
    "                }\n"
    "                else\n"
    "                {\n"
    "                    _1298 = _1219;\n"
    "                }\n"
    "                uint _1303;\n"
    "                if (_1254 != 240u)\n"
    "                {\n"
    "                    _1303 = _1254 | 8388608u;\n"
    "                }\n"
    "                else\n"
    "                {\n"
    "                    _1303 = _1254;\n"
    "                }\n"
    "                uint _1308;\n"
    "                if (_1286 != 240u)\n"
    "                {\n"
    "                    _1308 = _1286 | 8388608u;\n"
    "                }\n"
    "                else\n"
    "                {\n"
    "                    _1308 = _1286;\n"
    "                }\n"
    "                uint _1313;\n"
    "                if (_1293 == 240u)\n"
    "                {\n"
    "                    _1313 = _1298 & 255u;\n"
    "                }\n"
    "                else\n"
    "                {\n"
    "                    _1313 = _1293;\n"
    "                }\n"
    "                uint _1318;\n"
    "                if (_1298 == 240u)\n"
    "                {\n"
    "                    _1318 = _1313 & 255u;\n"
    "                }\n"
    "                else\n"
    "                {\n"
    "                    _1318 = _1298;\n"
    "                }\n"
    "                uint _1323;\n"
    "                if (_1303 == 240u)\n"
    "                {\n"
    "                    _1323 = _1308 & 255u;\n"
    "                }\n"
    "                else\n"
    "                {\n"
    "                    _1323 = _1303;\n"
    "                }\n"
    "                uint _1328;\n"
    "                if (_1308 == 240u)\n"
    "                {\n"
    "                    _1328 = _1323 & 255u;\n"
    "                }\n"
    "                else\n"
    "                {\n"
    "                    _1328 = _1308;\n"
    "                }\n"
    "                _1329 = _1328;\n"
    "                _1330 = _1323;\n"
    "                _1331 = _1318;\n"
    "                _1332 = _1313;\n"
    "            }\n"
    "            else\n"
    "            {\n"
    "                _1329 = _1286;\n"
    "                _1330 = _1254;\n"
    "                _1331 = _1219;\n"
    "                _1332 = _1183;\n"
    "            }\n"
    "            uint _1337 = (_1332 + (((_1331 - _1332) * _1121) >> 8u)) & 16711935u;\n"
    "            uint _1341 = _1330 + (((_1329 - _1330) * _1121) >> 8u);\n"
    "            uint _1342 = _1341 & 16711935u;\n"
    "            uint _1355;\n"
    "            uint _1356;\n"
    "            if (_241)\n"
    "            {\n"
    "                uint _1349;\n"
    "                if (_1337 == 240u)\n"
    "                {\n"
    "                    _1349 = _1341 & 255u;\n"
    "                }\n"
    "                else\n"
    "                {\n"
    "                    _1349 = _1337;\n"
    "                }\n"
    "                uint _1354;\n"
    "                if (_1342 == 240u)\n"
    "                {\n"
    "                    _1354 = _1349 & 255u;\n"
    "                }\n"
    "                else\n"
    "                {\n"
    "                    _1354 = _1342;\n"
    "                }\n"
    "                _1355 = _1354;\n"
    "                _1356 = _1349;\n"
    "            }\n"
    "            else\n"
    "            {\n"
    "                _1355 = _1342;\n"
    "                _1356 = _1337;\n"
    "            }\n"
    "            _1370 = (_669 + (((((_1356 + (((_1355 - _1356) * _1139) >> 8u)) & 16711935u) - _669) * uint((_268 & 127) << 1)) >> 8u)) & 16711935u;\n"
    "        }\n"
    "        else\n"
    "        {\n"
    "            bool _684;\n"
    "            if (((in.in_var_TEXCOORD2.x >> 7u) & 1u) != 0u)\n"
    "            {\n"
    "                _684 = _268 < 0;\n"
    "            }\n"
    "            else\n"
    "            {\n"
    "                _684 = false;\n"
    "            }\n"
    "            uint _1008;\n"
    "            if (_684)\n"
    "            {\n"
    "                uint _693 = (in.in_var_TEXCOORD2.x >> 8u) & 3u;\n"
    "                int _696 = int(1u << _693) & 31;\n"
    "                int _697 = _286 << _696;\n"
    "                int _698 = _302 << _696;\n"
    "                bool _703;\n"
    "                if (_358)\n"
    "                {\n"
    "                    _703 = (_697 & 32768) != 0;\n"
    "                }\n"
    "                else\n"
    "                {\n"
    "                    _703 = false;\n"
    "                }\n"
    "                int _707;\n"
    "                if (_703)\n"
    "                {\n"
    "                    _707 = ~_697;\n"
    "                }\n"
    "                else\n"
    "                {\n"
    "                    _707 = _697;\n"
    "                }\n"
    "                bool _712;\n"
    "                if (_372)\n"
    "                {\n"
    "                    _712 = (_698 & 32768) != 0;\n"
    "                }\n"
    "                else\n"
    "                {\n"
    "                    _712 = false;\n"
    "                }\n"
    "                int _716;\n"
    "                if (_712)\n"
    "                {\n"
    "                    _716 = ~_698;\n"
    "                }\n"
    "                else\n"
    "                {\n"
    "                    _716 = _698;\n"
    "                }\n"
    "                int _717 = _707 - 128;\n"
    "                int _718 = _716 - 128;\n"
    "                uint _720 = uint(_717) & 255u;\n"
    "                uint _722 = uint(_718) & 255u;\n"
    "                int _726 = int(uint(_717 >> 8) & 127u);\n"
    "                int _730 = int(uint(_726 + 1) & 127u);\n"
    "                int _734 = int(uint(_718 >> 8) & 127u);\n"
    "                int _738 = int(uint(_734 + 1) & 127u);\n"
    "                bool _742;\n"
    "                if (_410)\n"
    "                {\n"
    "                    _742 = _730 == 0;\n"
    "                }\n"
    "                else\n"
    "                {\n"
    "                    _742 = false;\n"
    "                }\n"
    "                uint _754;\n"
    "                int _755;\n"
    "                int _756;\n"
    "                if (_742)\n"
    "                {\n"
    "                    bool _745 = _720 >= 128u;\n"
    "                    int _751;\n"
    "                    int _752;\n"
    "                    if (_745)\n"
    "                    {\n"
    "                        _751 = _730 + 1;\n"
    "                        _752 = _730;\n"
    "                    }\n"
    "                    else\n"
    "                    {\n"
    "                        _751 = _726;\n"
    "                        _752 = _726 - 1;\n"
    "                    }\n"
    "                    _754 = _745 ? 0u : 256u;\n"
    "                    _755 = _751;\n"
    "                    _756 = _752;\n"
    "                }\n"
    "                else\n"
    "                {\n"
    "                    _754 = _720;\n"
    "                    _755 = _730;\n"
    "                    _756 = _726;\n"
    "                }\n"
    "                bool _760;\n"
    "                if (_431)\n"
    "                {\n"
    "                    _760 = _738 == 0;\n"
    "                }\n"
    "                else\n"
    "                {\n"
    "                    _760 = false;\n"
    "                }\n"
    "                uint _772;\n"
    "                int _773;\n"
    "                int _774;\n"
    "                if (_760)\n"
    "                {\n"
    "                    bool _763 = _722 >= 128u;\n"
    "                    int _769;\n"
    "                    int _770;\n"
    "                    if (_763)\n"
    "                    {\n"
    "                        _769 = _738 + 1;\n"
    "                        _770 = 0;\n"
    "                    }\n"
    "                    else\n"
    "                    {\n"
    "                        _769 = _734;\n"
    "                        _770 = _734 - 1;\n"
    "                    }\n"
    "                    _772 = _763 ? 0u : 256u;\n"
    "                    _773 = _769;\n"
    "                    _774 = _770;\n"
    "                }\n"
    "                else\n"
    "                {\n"
    "                    _772 = _722;\n"
    "                    _773 = _738;\n"
    "                    _774 = _734;\n"
    "                }\n"
    "                int _775 = int(in.in_var_TEXCOORD2.z & 65535u);\n"
    "                int _776 = _775 + _756;\n"
    "                int _777 = int(in.in_var_TEXCOORD2.z >> 16u);\n"
    "                int _778 = _777 + _774;\n"
    "                bool _779 = _776 >= 1024;\n"
    "                int _784;\n"
    "                int _785;\n"
    "                if (_779)\n"
    "                {\n"
    "                    _784 = _776 - 1024;\n"
    "                    _785 = _778 ^ 1024;\n"
    "                }\n"
    "                else\n"
    "                {\n"
    "                    _784 = _776;\n"
    "                    _785 = _778;\n"
    "                }\n"
    "                uint _790 = uint(((_785 / 2) * 512) + (_784 / 2));\n"
    "                uint _791 = 0u;\n"
    "                uint _792 = 524288u;\n"
    "                uint _793 = _305 ? 0u : 524288u;\n"
    "                uint _796 = _793 + ((_790 >> 1u) & 524287u);\n"
    "                uint _804;\n"
    "                if ((_790 & 1u) != 0u)\n"
    "                {\n"
    "                    _804 = texram._m0[_796] >> 16u;\n"
    "                }\n"
    "                else\n"
    "                {\n"
    "                    _804 = texram._m0[_796];\n"
    "                }\n"
    "                bool _806 = (_774 & 1) == 0;\n"
    "                uint _810;\n"
    "                if (_806)\n"
    "                {\n"
    "                    _810 = _804 >> 8u;\n"
    "                }\n"
    "                else\n"
    "                {\n"
    "                    _810 = _804;\n"
    "                }\n"
    "                bool _812 = (_756 & 1) == 0;\n"
    "                uint _816;\n"
    "                if (_812)\n"
    "                {\n"
    "                    _816 = _810 >> 4u;\n"
    "                }\n"
    "                else\n"
    "                {\n"
    "                    _816 = _810;\n"
    "                }\n"
    "                uint _818 = (_816 & 15u) << 4u;\n"
    "                int _819 = _775 + _755;\n"
    "                bool _820 = _819 >= 1024;\n"
    "                int _825;\n"
    "                int _826;\n"
    "                if (_820)\n"
    "                {\n"
    "                    _825 = _819 - 1024;\n"
    "                    _826 = _778 ^ 1024;\n"
    "                }\n"
    "                else\n"
    "                {\n"
    "                    _825 = _819;\n"
    "                    _826 = _778;\n"
    "                }\n"
    "                uint _831 = uint(((_826 / 2) * 512) + (_825 / 2));\n"
    "                uint _834 = _793 + ((_831 >> 1u) & 524287u);\n"
    "                uint _842;\n"
    "                if ((_831 & 1u) != 0u)\n"
    "                {\n"
    "                    _842 = texram._m0[_834] >> 16u;\n"
    "                }\n"
    "                else\n"
    "                {\n"
    "                    _842 = texram._m0[_834];\n"
    "                }\n"
    "                uint _846;\n"
    "                if (_806)\n"
    "                {\n"
    "                    _846 = _842 >> 8u;\n"
    "                }\n"
    "                else\n"
    "                {\n"
    "                    _846 = _842;\n"
    "                }\n"
    "                bool _848 = (_755 & 1) == 0;\n"
    "                uint _852;\n"
    "                if (_848)\n"
    "                {\n"
    "                    _852 = _846 >> 4u;\n"
    "                }\n"
    "                else\n"
    "                {\n"
    "                    _852 = _846;\n"
    "                }\n"
    "                uint _854 = (_852 & 15u) << 4u;\n"
    "                int _855 = _777 + _773;\n"
    "                int _860;\n"
    "                int _861;\n"
    "                if (_779)\n"
    "                {\n"
    "                    _860 = _776 - 1024;\n"
    "                    _861 = _855 ^ 1024;\n"
    "                }\n"
    "                else\n"
    "                {\n"
    "                    _860 = _776;\n"
    "                    _861 = _855;\n"
    "                }\n"
    "                uint _866 = uint(((_861 / 2) * 512) + (_860 / 2));\n"
    "                uint _869 = _793 + ((_866 >> 1u) & 524287u);\n"
    "                uint _877;\n"
    "                if ((_866 & 1u) != 0u)\n"
    "                {\n"
    "                    _877 = texram._m0[_869] >> 16u;\n"
    "                }\n"
    "                else\n"
    "                {\n"
    "                    _877 = texram._m0[_869];\n"
    "                }\n"
    "                bool _879 = (_773 & 1) == 0;\n"
    "                uint _883;\n"
    "                if (_879)\n"
    "                {\n"
    "                    _883 = _877 >> 8u;\n"
    "                }\n"
    "                else\n"
    "                {\n"
    "                    _883 = _877;\n"
    "                }\n"
    "                uint _887;\n"
    "                if (_812)\n"
    "                {\n"
    "                    _887 = _883 >> 4u;\n"
    "                }\n"
    "                else\n"
    "                {\n"
    "                    _887 = _883;\n"
    "                }\n"
    "                uint _889 = (_887 & 15u) << 4u;\n"
    "                int _894;\n"
    "                int _895;\n"
    "                if (_820)\n"
    "                {\n"
    "                    _894 = _819 - 1024;\n"
    "                    _895 = _855 ^ 1024;\n"
    "                }\n"
    "                else\n"
    "                {\n"
    "                    _894 = _819;\n"
    "                    _895 = _855;\n"
    "                }\n"
    "                uint _900 = uint(((_895 / 2) * 512) + (_894 / 2));\n"
    "                uint _903 = _793 + ((_900 >> 1u) & 524287u);\n"
    "                uint _911;\n"
    "                if ((_900 & 1u) != 0u)\n"
    "                {\n"
    "                    _911 = texram._m0[_903] >> 16u;\n"
    "                }\n"
    "                else\n"
    "                {\n"
    "                    _911 = texram._m0[_903];\n"
    "                }\n"
    "                uint _915;\n"
    "                if (_879)\n"
    "                {\n"
    "                    _915 = _911 >> 8u;\n"
    "                }\n"
    "                else\n"
    "                {\n"
    "                    _915 = _911;\n"
    "                }\n"
    "                uint _919;\n"
    "                if (_848)\n"
    "                {\n"
    "                    _919 = _915 >> 4u;\n"
    "                }\n"
    "                else\n"
    "                {\n"
    "                    _919 = _915;\n"
    "                }\n"
    "                uint _921 = (_919 & 15u) << 4u;\n"
    "                uint _964;\n"
    "                uint _965;\n"
    "                uint _966;\n"
    "                uint _967;\n"
    "                if (_241)\n"
    "                {\n"
    "                    uint _928;\n"
    "                    if (_818 != 240u)\n"
    "                    {\n"
    "                        _928 = _818 | 8388608u;\n"
    "                    }\n"
    "                    else\n"
    "                    {\n"
    "                        _928 = _818;\n"
    "                    }\n"
    "                    uint _933;\n"
    "                    if (_854 != 240u)\n"
    "                    {\n"
    "                        _933 = _854 | 8388608u;\n"
    "                    }\n"
    "                    else\n"
    "                    {\n"
    "                        _933 = _854;\n"
    "                    }\n"
    "                    uint _938;\n"
    "                    if (_889 != 240u)\n"
    "                    {\n"
    "                        _938 = _889 | 8388608u;\n"
    "                    }\n"
    "                    else\n"
    "                    {\n"
    "                        _938 = _889;\n"
    "                    }\n"
    "                    uint _943;\n"
    "                    if (_921 != 240u)\n"
    "                    {\n"
    "                        _943 = _921 | 8388608u;\n"
    "                    }\n"
    "                    else\n"
    "                    {\n"
    "                        _943 = _921;\n"
    "                    }\n"
    "                    uint _948;\n"
    "                    if (_928 == 240u)\n"
    "                    {\n"
    "                        _948 = _933 & 255u;\n"
    "                    }\n"
    "                    else\n"
    "                    {\n"
    "                        _948 = _928;\n"
    "                    }\n"
    "                    uint _953;\n"
    "                    if (_933 == 240u)\n"
    "                    {\n"
    "                        _953 = _948 & 255u;\n"
    "                    }\n"
    "                    else\n"
    "                    {\n"
    "                        _953 = _933;\n"
    "                    }\n"
    "                    uint _958;\n"
    "                    if (_938 == 240u)\n"
    "                    {\n"
    "                        _958 = _943 & 255u;\n"
    "                    }\n"
    "                    else\n"
    "                    {\n"
    "                        _958 = _938;\n"
    "                    }\n"
    "                    uint _963;\n"
    "                    if (_943 == 240u)\n"
    "                    {\n"
    "                        _963 = _958 & 255u;\n"
    "                    }\n"
    "                    else\n"
    "                    {\n"
    "                        _963 = _943;\n"
    "                    }\n"
    "                    _964 = _963;\n"
    "                    _965 = _958;\n"
    "                    _966 = _953;\n"
    "                    _967 = _948;\n"
    "                }\n"
    "                else\n"
    "                {\n"
    "                    _964 = _921;\n"
    "                    _965 = _889;\n"
    "                    _966 = _854;\n"
    "                    _967 = _818;\n"
    "                }\n"
    "                uint _972 = (_967 + (((_966 - _967) * _754) >> 8u)) & 16711935u;\n"
    "                uint _976 = _965 + (((_964 - _965) * _754) >> 8u);\n"
    "                uint _977 = _976 & 16711935u;\n"
    "                uint _990;\n"
    "                uint _991;\n"
    "                if (_241)\n"
    "                {\n"
    "                    uint _984;\n"
    "                    if (_972 == 240u)\n"
    "                    {\n"
    "                        _984 = _976 & 255u;\n"
    "                    }\n"
    "                    else\n"
    "                    {\n"
    "                        _984 = _972;\n"
    "                    }\n"
    "                    uint _989;\n"
    "                    if (_977 == 240u)\n"
    "                    {\n"
    "                        _989 = _984 & 255u;\n"
    "                    }\n"
    "                    else\n"
    "                    {\n"
    "                        _989 = _977;\n"
    "                    }\n"
    "                    _990 = _989;\n"
    "                    _991 = _984;\n"
    "                }\n"
    "                else\n"
    "                {\n"
    "                    _990 = _977;\n"
    "                    _991 = _972;\n"
    "                }\n"
    "                _1008 = (_669 + (((((_991 + (((_990 - _991) * _772) >> 8u)) & 16711935u) - _669) * uint(min(((-_268) >> (int(_693) & 31)), 127))) >> 8u)) & 16711935u;\n"
    "            }\n"
    "            else\n"
    "            {\n"
    "                _1008 = _669;\n"
    "            }\n"
    "            _1370 = _1008;\n"
    "        }\n"
    "        uint _1377;\n"
    "        if (_241)\n"
    "        {\n"
    "            if (_1370 < 4194304u)\n"
    "            {\n"
    "                discard_fragment();\n"
    "            }\n"
    "            _1377 = _1370 & 255u;\n"
    "        }\n"
    "        else\n"
    "        {\n"
    "            _1377 = _1370;\n"
    "        }\n"
    "        uint _1390 = min(((((lumaram._m0[(in.in_var_TEXCOORD2.w & 65535u) + (_1377 >> 1u)] & 255u) * (in.in_var_TEXCOORD2.w >> 16u)) / 256u) & 255u), 63u);\n"
    "        _1419 = float4(float(xlat._m0[((in.in_var_TEXCOORD3.y & 31u) << 8u) + _1390]) * 0.0039215688593685626983642578125, float(xlat._m0[(8192u + (((in.in_var_TEXCOORD3.y >> 5u) & 31u) << 8u)) + _1390]) * 0.0039215688593685626983642578125, float(xlat._m0[(16384u + (((in.in_var_TEXCOORD3.y >> 10u) & 31u) << 8u)) + _1390]) * 0.0039215688593685626983642578125, 1.0);\n"
    "        break;\n"
    "    } while(false);\n"
    "    out.out_var_SV_Target = _1419;\n"
    "    return out;\n"
    "}\n"
    "\n"
    "";

static const unsigned char k_vs_quad_spv[] = {
    0x03, 0x02, 0x23, 0x07, 0x00, 0x00, 0x01, 0x00, 0x00, 0x00, 0x0e, 0x00, 0x2b, 0x00, 0x00, 0x00,
    0x00, 0x00, 0x00, 0x00, 0x11, 0x00, 0x02, 0x00, 0x01, 0x00, 0x00, 0x00, 0x0e, 0x00, 0x03, 0x00,
    0x00, 0x00, 0x00, 0x00, 0x01, 0x00, 0x00, 0x00, 0x0f, 0x00, 0x09, 0x00, 0x00, 0x00, 0x00, 0x00,
    0x01, 0x00, 0x00, 0x00, 0x6d, 0x61, 0x69, 0x6e, 0x00, 0x00, 0x00, 0x00, 0x02, 0x00, 0x00, 0x00,
    0x03, 0x00, 0x00, 0x00, 0x04, 0x00, 0x00, 0x00, 0x05, 0x00, 0x00, 0x00, 0x03, 0x00, 0x03, 0x00,
    0x05, 0x00, 0x00, 0x00, 0x58, 0x02, 0x00, 0x00, 0x05, 0x00, 0x06, 0x00, 0x06, 0x00, 0x00, 0x00,
    0x74, 0x79, 0x70, 0x65, 0x2e, 0x53, 0x63, 0x72, 0x65, 0x65, 0x6e, 0x55, 0x42, 0x4f, 0x00, 0x00,
    0x06, 0x00, 0x05, 0x00, 0x06, 0x00, 0x00, 0x00, 0x00, 0x00, 0x00, 0x00, 0x73, 0x63, 0x72, 0x65,
    0x65, 0x6e, 0x00, 0x00, 0x05, 0x00, 0x04, 0x00, 0x07, 0x00, 0x00, 0x00, 0x53, 0x63, 0x72, 0x65,
    0x65, 0x6e, 0x00, 0x00, 0x06, 0x00, 0x05, 0x00, 0x07, 0x00, 0x00, 0x00, 0x00, 0x00, 0x00, 0x00,
    0x73, 0x69, 0x7a, 0x65, 0x00, 0x00, 0x00, 0x00, 0x06, 0x00, 0x04, 0x00, 0x07, 0x00, 0x00, 0x00,
    0x01, 0x00, 0x00, 0x00, 0x70, 0x61, 0x64, 0x00, 0x05, 0x00, 0x05, 0x00, 0x08, 0x00, 0x00, 0x00,
    0x53, 0x63, 0x72, 0x65, 0x65, 0x6e, 0x55, 0x42, 0x4f, 0x00, 0x00, 0x00, 0x05, 0x00, 0x07, 0x00,
    0x02, 0x00, 0x00, 0x00, 0x69, 0x6e, 0x2e, 0x76, 0x61, 0x72, 0x2e, 0x54, 0x45, 0x58, 0x43, 0x4f,
    0x4f, 0x52, 0x44, 0x30, 0x00, 0x00, 0x00, 0x00, 0x05, 0x00, 0x07, 0x00, 0x03, 0x00, 0x00, 0x00,
    0x69, 0x6e, 0x2e, 0x76, 0x61, 0x72, 0x2e, 0x54, 0x45, 0x58, 0x43, 0x4f, 0x4f, 0x52, 0x44, 0x31,
    0x00, 0x00, 0x00, 0x00, 0x05, 0x00, 0x07, 0x00, 0x05, 0x00, 0x00, 0x00, 0x6f, 0x75, 0x74, 0x2e,
    0x76, 0x61, 0x72, 0x2e, 0x54, 0x45, 0x58, 0x43, 0x4f, 0x4f, 0x52, 0x44, 0x30, 0x00, 0x00, 0x00,
    0x05, 0x00, 0x04, 0x00, 0x01, 0x00, 0x00, 0x00, 0x76, 0x73, 0x5f, 0x71, 0x75, 0x61, 0x64, 0x00,
    0x47, 0x00, 0x04, 0x00, 0x04, 0x00, 0x00, 0x00, 0x0b, 0x00, 0x00, 0x00, 0x00, 0x00, 0x00, 0x00,
    0x47, 0x00, 0x04, 0x00, 0x02, 0x00, 0x00, 0x00, 0x1e, 0x00, 0x00, 0x00, 0x00, 0x00, 0x00, 0x00,
    0x47, 0x00, 0x04, 0x00, 0x03, 0x00, 0x00, 0x00, 0x1e, 0x00, 0x00, 0x00, 0x01, 0x00, 0x00, 0x00,
    0x47, 0x00, 0x04, 0x00, 0x05, 0x00, 0x00, 0x00, 0x1e, 0x00, 0x00, 0x00, 0x00, 0x00, 0x00, 0x00,
    0x47, 0x00, 0x04, 0x00, 0x08, 0x00, 0x00, 0x00, 0x22, 0x00, 0x00, 0x00, 0x01, 0x00, 0x00, 0x00,
    0x47, 0x00, 0x04, 0x00, 0x08, 0x00, 0x00, 0x00, 0x21, 0x00, 0x00, 0x00, 0x00, 0x00, 0x00, 0x00,
    0x48, 0x00, 0x05, 0x00, 0x07, 0x00, 0x00, 0x00, 0x00, 0x00, 0x00, 0x00, 0x23, 0x00, 0x00, 0x00,
    0x00, 0x00, 0x00, 0x00, 0x48, 0x00, 0x05, 0x00, 0x07, 0x00, 0x00, 0x00, 0x01, 0x00, 0x00, 0x00,
    0x23, 0x00, 0x00, 0x00, 0x08, 0x00, 0x00, 0x00, 0x48, 0x00, 0x05, 0x00, 0x06, 0x00, 0x00, 0x00,
    0x00, 0x00, 0x00, 0x00, 0x23, 0x00, 0x00, 0x00, 0x00, 0x00, 0x00, 0x00, 0x47, 0x00, 0x03, 0x00,
    0x06, 0x00, 0x00, 0x00, 0x02, 0x00, 0x00, 0x00, 0x15, 0x00, 0x04, 0x00, 0x09, 0x00, 0x00, 0x00,
    0x20, 0x00, 0x00, 0x00, 0x01, 0x00, 0x00, 0x00, 0x2b, 0x00, 0x04, 0x00, 0x09, 0x00, 0x00, 0x00,
    0x0a, 0x00, 0x00, 0x00, 0x00, 0x00, 0x00, 0x00, 0x16, 0x00, 0x03, 0x00, 0x0b, 0x00, 0x00, 0x00,
    0x20, 0x00, 0x00, 0x00, 0x2b, 0x00, 0x04, 0x00, 0x0b, 0x00, 0x00, 0x00, 0x0c, 0x00, 0x00, 0x00,
    0x00, 0x00, 0x00, 0x40, 0x2b, 0x00, 0x04, 0x00, 0x0b, 0x00, 0x00, 0x00, 0x0d, 0x00, 0x00, 0x00,
    0x00, 0x00, 0x80, 0x3f, 0x2b, 0x00, 0x04, 0x00, 0x09, 0x00, 0x00, 0x00, 0x0e, 0x00, 0x00, 0x00,
    0x01, 0x00, 0x00, 0x00, 0x2b, 0x00, 0x04, 0x00, 0x0b, 0x00, 0x00, 0x00, 0x0f, 0x00, 0x00, 0x00,
    0x00, 0x00, 0x00, 0x00, 0x17, 0x00, 0x04, 0x00, 0x10, 0x00, 0x00, 0x00, 0x0b, 0x00, 0x00, 0x00,
    0x02, 0x00, 0x00, 0x00, 0x1e, 0x00, 0x04, 0x00, 0x07, 0x00, 0x00, 0x00, 0x10, 0x00, 0x00, 0x00,
    0x10, 0x00, 0x00, 0x00, 0x1e, 0x00, 0x03, 0x00, 0x06, 0x00, 0x00, 0x00, 0x07, 0x00, 0x00, 0x00,
    0x20, 0x00, 0x04, 0x00, 0x11, 0x00, 0x00, 0x00, 0x02, 0x00, 0x00, 0x00, 0x06, 0x00, 0x00, 0x00,
    0x20, 0x00, 0x04, 0x00, 0x12, 0x00, 0x00, 0x00, 0x01, 0x00, 0x00, 0x00, 0x10, 0x00, 0x00, 0x00,
    0x17, 0x00, 0x04, 0x00, 0x13, 0x00, 0x00, 0x00, 0x0b, 0x00, 0x00, 0x00, 0x04, 0x00, 0x00, 0x00,
    0x20, 0x00, 0x04, 0x00, 0x14, 0x00, 0x00, 0x00, 0x03, 0x00, 0x00, 0x00, 0x13, 0x00, 0x00, 0x00,
    0x20, 0x00, 0x04, 0x00, 0x15, 0x00, 0x00, 0x00, 0x03, 0x00, 0x00, 0x00, 0x10, 0x00, 0x00, 0x00,
    0x13, 0x00, 0x02, 0x00, 0x16, 0x00, 0x00, 0x00, 0x21, 0x00, 0x03, 0x00, 0x17, 0x00, 0x00, 0x00,
    0x16, 0x00, 0x00, 0x00, 0x20, 0x00, 0x04, 0x00, 0x18, 0x00, 0x00, 0x00, 0x02, 0x00, 0x00, 0x00,
    0x0b, 0x00, 0x00, 0x00, 0x3b, 0x00, 0x04, 0x00, 0x11, 0x00, 0x00, 0x00, 0x08, 0x00, 0x00, 0x00,
    0x02, 0x00, 0x00, 0x00, 0x3b, 0x00, 0x04, 0x00, 0x12, 0x00, 0x00, 0x00, 0x02, 0x00, 0x00, 0x00,
    0x01, 0x00, 0x00, 0x00, 0x3b, 0x00, 0x04, 0x00, 0x12, 0x00, 0x00, 0x00, 0x03, 0x00, 0x00, 0x00,
    0x01, 0x00, 0x00, 0x00, 0x3b, 0x00, 0x04, 0x00, 0x14, 0x00, 0x00, 0x00, 0x04, 0x00, 0x00, 0x00,
    0x03, 0x00, 0x00, 0x00, 0x3b, 0x00, 0x04, 0x00, 0x15, 0x00, 0x00, 0x00, 0x05, 0x00, 0x00, 0x00,
    0x03, 0x00, 0x00, 0x00, 0x20, 0x00, 0x04, 0x00, 0x19, 0x00, 0x00, 0x00, 0x01, 0x00, 0x00, 0x00,
    0x0b, 0x00, 0x00, 0x00, 0x36, 0x00, 0x05, 0x00, 0x16, 0x00, 0x00, 0x00, 0x01, 0x00, 0x00, 0x00,
    0x00, 0x00, 0x00, 0x00, 0x17, 0x00, 0x00, 0x00, 0xf8, 0x00, 0x02, 0x00, 0x1a, 0x00, 0x00, 0x00,
    0x3d, 0x00, 0x04, 0x00, 0x10, 0x00, 0x00, 0x00, 0x1b, 0x00, 0x00, 0x00, 0x03, 0x00, 0x00, 0x00,
    0x41, 0x00, 0x05, 0x00, 0x19, 0x00, 0x00, 0x00, 0x1c, 0x00, 0x00, 0x00, 0x02, 0x00, 0x00, 0x00,
    0x0a, 0x00, 0x00, 0x00, 0x3d, 0x00, 0x04, 0x00, 0x0b, 0x00, 0x00, 0x00, 0x1d, 0x00, 0x00, 0x00,
    0x1c, 0x00, 0x00, 0x00, 0x41, 0x00, 0x07, 0x00, 0x18, 0x00, 0x00, 0x00, 0x1e, 0x00, 0x00, 0x00,
    0x08, 0x00, 0x00, 0x00, 0x0a, 0x00, 0x00, 0x00, 0x0a, 0x00, 0x00, 0x00, 0x0a, 0x00, 0x00, 0x00,
    0x3d, 0x00, 0x04, 0x00, 0x0b, 0x00, 0x00, 0x00, 0x1f, 0x00, 0x00, 0x00, 0x1e, 0x00, 0x00, 0x00,
    0x88, 0x00, 0x05, 0x00, 0x0b, 0x00, 0x00, 0x00, 0x20, 0x00, 0x00, 0x00, 0x1d, 0x00, 0x00, 0x00,
    0x1f, 0x00, 0x00, 0x00, 0x85, 0x00, 0x05, 0x00, 0x0b, 0x00, 0x00, 0x00, 0x21, 0x00, 0x00, 0x00,
    0x20, 0x00, 0x00, 0x00, 0x0c, 0x00, 0x00, 0x00, 0x83, 0x00, 0x05, 0x00, 0x0b, 0x00, 0x00, 0x00,
    0x22, 0x00, 0x00, 0x00, 0x21, 0x00, 0x00, 0x00, 0x0d, 0x00, 0x00, 0x00, 0x41, 0x00, 0x05, 0x00,
    0x19, 0x00, 0x00, 0x00, 0x23, 0x00, 0x00, 0x00, 0x02, 0x00, 0x00, 0x00, 0x0e, 0x00, 0x00, 0x00,
    0x3d, 0x00, 0x04, 0x00, 0x0b, 0x00, 0x00, 0x00, 0x24, 0x00, 0x00, 0x00, 0x23, 0x00, 0x00, 0x00,
    0x41, 0x00, 0x07, 0x00, 0x18, 0x00, 0x00, 0x00, 0x25, 0x00, 0x00, 0x00, 0x08, 0x00, 0x00, 0x00,
    0x0a, 0x00, 0x00, 0x00, 0x0a, 0x00, 0x00, 0x00, 0x0e, 0x00, 0x00, 0x00, 0x3d, 0x00, 0x04, 0x00,
    0x0b, 0x00, 0x00, 0x00, 0x26, 0x00, 0x00, 0x00, 0x25, 0x00, 0x00, 0x00, 0x88, 0x00, 0x05, 0x00,
    0x0b, 0x00, 0x00, 0x00, 0x27, 0x00, 0x00, 0x00, 0x24, 0x00, 0x00, 0x00, 0x26, 0x00, 0x00, 0x00,
    0x85, 0x00, 0x05, 0x00, 0x0b, 0x00, 0x00, 0x00, 0x28, 0x00, 0x00, 0x00, 0x27, 0x00, 0x00, 0x00,
    0x0c, 0x00, 0x00, 0x00, 0x83, 0x00, 0x05, 0x00, 0x0b, 0x00, 0x00, 0x00, 0x29, 0x00, 0x00, 0x00,
    0x0d, 0x00, 0x00, 0x00, 0x28, 0x00, 0x00, 0x00, 0x50, 0x00, 0x07, 0x00, 0x13, 0x00, 0x00, 0x00,
    0x2a, 0x00, 0x00, 0x00, 0x22, 0x00, 0x00, 0x00, 0x29, 0x00, 0x00, 0x00, 0x0f, 0x00, 0x00, 0x00,
    0x0d, 0x00, 0x00, 0x00, 0x3e, 0x00, 0x03, 0x00, 0x04, 0x00, 0x00, 0x00, 0x2a, 0x00, 0x00, 0x00,
    0x3e, 0x00, 0x03, 0x00, 0x05, 0x00, 0x00, 0x00, 0x1b, 0x00, 0x00, 0x00, 0xfd, 0x00, 0x01, 0x00,
    0x38, 0x00, 0x01, 0x00
};

static const unsigned char k_vs_quad_dxil[] = {
    0x44, 0x58, 0x42, 0x43, 0x12, 0xb6, 0x0b, 0x9d, 0x7f, 0x7d, 0x1a, 0x6f, 0x22, 0x0b, 0x56, 0x39,
    0x6c, 0xfa, 0x01, 0x63, 0x01, 0x00, 0x00, 0x00, 0x9c, 0x0e, 0x00, 0x00, 0x07, 0x00, 0x00, 0x00,
    0x3c, 0x00, 0x00, 0x00, 0x4c, 0x00, 0x00, 0x00, 0xa8, 0x00, 0x00, 0x00, 0x10, 0x01, 0x00, 0x00,
    0x08, 0x02, 0x00, 0x00, 0x38, 0x08, 0x00, 0x00, 0x54, 0x08, 0x00, 0x00, 0x53, 0x46, 0x49, 0x30,
    0x08, 0x00, 0x00, 0x00, 0x00, 0x00, 0x00, 0x00, 0x00, 0x00, 0x00, 0x00, 0x49, 0x53, 0x47, 0x31,
    0x54, 0x00, 0x00, 0x00, 0x02, 0x00, 0x00, 0x00, 0x08, 0x00, 0x00, 0x00, 0x00, 0x00, 0x00, 0x00,
    0x48, 0x00, 0x00, 0x00, 0x00, 0x00, 0x00, 0x00, 0x00, 0x00, 0x00, 0x00, 0x03, 0x00, 0x00, 0x00,
    0x00, 0x00, 0x00, 0x00, 0x03, 0x03, 0x00, 0x00, 0x00, 0x00, 0x00, 0x00, 0x00, 0x00, 0x00, 0x00,
    0x48, 0x00, 0x00, 0x00, 0x01, 0x00, 0x00, 0x00, 0x00, 0x00, 0x00, 0x00, 0x03, 0x00, 0x00, 0x00,
    0x01, 0x00, 0x00, 0x00, 0x03, 0x03, 0x00, 0x00, 0x00, 0x00, 0x00, 0x00, 0x54, 0x45, 0x58, 0x43,
    0x4f, 0x4f, 0x52, 0x44, 0x00, 0x00, 0x00, 0x00, 0x4f, 0x53, 0x47, 0x31, 0x60, 0x00, 0x00, 0x00,
    0x02, 0x00, 0x00, 0x00, 0x08, 0x00, 0x00, 0x00, 0x00, 0x00, 0x00, 0x00, 0x48, 0x00, 0x00, 0x00,
    0x00, 0x00, 0x00, 0x00, 0x01, 0x00, 0x00, 0x00, 0x03, 0x00, 0x00, 0x00, 0x00, 0x00, 0x00, 0x00,
    0x0f, 0x00, 0x00, 0x00, 0x00, 0x00, 0x00, 0x00, 0x00, 0x00, 0x00, 0x00, 0x54, 0x00, 0x00, 0x00,
    0x00, 0x00, 0x00, 0x00, 0x00, 0x00, 0x00, 0x00, 0x03, 0x00, 0x00, 0x00, 0x01, 0x00, 0x00, 0x00,
    0x03, 0x0c, 0x00, 0x00, 0x00, 0x00, 0x00, 0x00, 0x53, 0x56, 0x5f, 0x50, 0x6f, 0x73, 0x69, 0x74,
    0x69, 0x6f, 0x6e, 0x00, 0x54, 0x45, 0x58, 0x43, 0x4f, 0x4f, 0x52, 0x44, 0x00, 0x00, 0x00, 0x00,
    0x50, 0x53, 0x56, 0x30, 0xf0, 0x00, 0x00, 0x00, 0x34, 0x00, 0x00, 0x00, 0x01, 0x00, 0x00, 0x00,
    0x00, 0x00, 0x00, 0x00, 0x00, 0x00, 0x00, 0x00, 0x00, 0x00, 0x00, 0x00, 0x00, 0x00, 0x00, 0x00,
    0xff, 0xff, 0xff, 0xff, 0x01, 0x00, 0x00, 0x00, 0x02, 0x02, 0x00, 0x02, 0x02, 0x00, 0x00, 0x00,
    0x00, 0x00, 0x00, 0x00, 0x00, 0x00, 0x00, 0x00, 0x00, 0x00, 0x00, 0x00, 0x1c, 0x00, 0x00, 0x00,
    0x01, 0x00, 0x00, 0x00, 0x18, 0x00, 0x00, 0x00, 0x02, 0x00, 0x00, 0x00, 0x01, 0x00, 0x00, 0x00,
    0x00, 0x00, 0x00, 0x00, 0x00, 0x00, 0x00, 0x00, 0x0d, 0x00, 0x00, 0x00, 0x00, 0x00, 0x00, 0x00,
    0x24, 0x00, 0x00, 0x00, 0x00, 0x54, 0x45, 0x58, 0x43, 0x4f, 0x4f, 0x52, 0x44, 0x00, 0x54, 0x45,
    0x58, 0x43, 0x4f, 0x4f, 0x52, 0x44, 0x00, 0x54, 0x45, 0x58, 0x43, 0x4f, 0x4f, 0x52, 0x44, 0x00,
    0x76, 0x73, 0x5f, 0x71, 0x75, 0x61, 0x64, 0x00, 0x02, 0x00, 0x00, 0x00, 0x00, 0x00, 0x00, 0x00,
    0x01, 0x00, 0x00, 0x00, 0x10, 0x00, 0x00, 0x00, 0x01, 0x00, 0x00, 0x00, 0x00, 0x00, 0x00, 0x00,
    0x01, 0x00, 0x42, 0x00, 0x03, 0x00, 0x00, 0x00, 0x0a, 0x00, 0x00, 0x00, 0x01, 0x00, 0x00, 0x00,
    0x01, 0x01, 0x42, 0x00, 0x03, 0x00, 0x00, 0x00, 0x00, 0x00, 0x00, 0x00, 0x00, 0x00, 0x00, 0x00,
    0x01, 0x00, 0x44, 0x03, 0x03, 0x04, 0x00, 0x00, 0x13, 0x00, 0x00, 0x00, 0x00, 0x00, 0x00, 0x00,
    0x01, 0x01, 0x42, 0x00, 0x03, 0x02, 0x00, 0x00, 0x01, 0x00, 0x00, 0x00, 0x02, 0x00, 0x00, 0x00,
    0x00, 0x00, 0x00, 0x00, 0x00, 0x00, 0x00, 0x00, 0x10, 0x00, 0x00, 0x00, 0x20, 0x00, 0x00, 0x00,
    0x00, 0x00, 0x00, 0x00, 0x00, 0x00, 0x00, 0x00, 0x53, 0x54, 0x41, 0x54, 0x28, 0x06, 0x00, 0x00,
    0x60, 0x00, 0x01, 0x00, 0x8a, 0x01, 0x00, 0x00, 0x44, 0x58, 0x49, 0x4c, 0x00, 0x01, 0x00, 0x00,
    0x10, 0x00, 0x00, 0x00, 0x10, 0x06, 0x00, 0x00, 0x42, 0x43, 0xc0, 0xde, 0x21, 0x0c, 0x00, 0x00,
    0x81, 0x01, 0x00, 0x00, 0x0b, 0x82, 0x20, 0x00, 0x02, 0x00, 0x00, 0x00, 0x13, 0x00, 0x00, 0x00,
    0x07, 0x81, 0x23, 0x91, 0x41, 0xc8, 0x04, 0x49, 0x06, 0x10, 0x32, 0x39, 0x92, 0x01, 0x84, 0x0c,
    0x25, 0x05, 0x08, 0x19, 0x1e, 0x04, 0x8b, 0x62, 0x80, 0x14, 0x45, 0x02, 0x42, 0x92, 0x0b, 0x42,
    0xa4, 0x10, 0x32, 0x14, 0x38, 0x08, 0x18, 0x4b, 0x0a, 0x32, 0x52, 0x88, 0x48, 0x90, 0x14, 0x20,
    0x43, 0x46, 0x88, 0xa5, 0x00, 0x19, 0x32, 0x42, 0xe4, 0x48, 0x0e, 0x90, 0x91, 0x22, 0xc4, 0x50,
    0x41, 0x51, 0x81, 0x8c, 0xe1, 0x83, 0xe5, 0x8a, 0x04, 0x29, 0x46, 0x06, 0x51, 0x18, 0x00, 0x00,
    0x08, 0x00, 0x00, 0x00, 0x1b, 0x8c, 0xe0, 0xff, 0xff, 0xff, 0xff, 0x07, 0x40, 0x02, 0xa8, 0x0d,
    0x84, 0xf0, 0xff, 0xff, 0xff, 0xff, 0x03, 0x20, 0x6d, 0x30, 0x86, 0xff, 0xff, 0xff, 0xff, 0x1f,
    0x00, 0x09, 0xa8, 0x00, 0x49, 0x18, 0x00, 0x00, 0x03, 0x00, 0x00, 0x00, 0x13, 0x82, 0x60, 0x42,
    0x20, 0x4c, 0x08, 0x06, 0x00, 0x00, 0x00, 0x00, 0x89, 0x20, 0x00, 0x00, 0x23, 0x00, 0x00, 0x00,
    0x32, 0x22, 0x48, 0x09, 0x20, 0x64, 0x85, 0x04, 0x93, 0x22, 0xa4, 0x84, 0x04, 0x93, 0x22, 0xe3,
    0x84, 0xa1, 0x90, 0x14, 0x12, 0x4c, 0x8a, 0x8c, 0x0b, 0x84, 0xa4, 0x4c, 0x10, 0x60, 0x23, 0x00,
    0x25, 0x00, 0x14, 0x66, 0x00, 0xe6, 0x08, 0xc0, 0x60, 0x8e, 0x00, 0x29, 0xc6, 0x20, 0x84, 0x14,
    0x42, 0xa6, 0x18, 0x80, 0x10, 0x52, 0x06, 0xa1, 0xa3, 0x86, 0xcb, 0x9f, 0xb0, 0x87, 0x90, 0x7c,
    0x6e, 0xa3, 0x8a, 0x95, 0x98, 0xfc, 0xe2, 0xb6, 0x11, 0x31, 0xc6, 0x18, 0x54, 0xee, 0x19, 0x2e,
    0x7f, 0xc2, 0x1e, 0x42, 0xf2, 0x43, 0xa0, 0x19, 0x16, 0x02, 0x05, 0xab, 0x10, 0x8a, 0x30, 0x42,
    0x6d, 0x8e, 0x20, 0x28, 0x06, 0x23, 0x85, 0x90, 0x47, 0x70, 0x20, 0x60, 0x18, 0x41, 0x18, 0xae,
    0x91, 0xa6, 0x88, 0x12, 0x26, 0x9f, 0x15, 0x22, 0x82, 0x68, 0x90, 0x30, 0xe7, 0x25, 0xac, 0x10,
    0x11, 0x44, 0xe3, 0x6e, 0x28, 0x0a, 0x28, 0xd5, 0x44, 0x20, 0x00, 0x00, 0x13, 0x14, 0x72, 0xc0,
    0x87, 0x74, 0x60, 0x87, 0x36, 0x68, 0x87, 0x79, 0x68, 0x03, 0x72, 0xc0, 0x87, 0x0d, 0xaf, 0x50,
    0x0e, 0x6d, 0xd0, 0x0e, 0x7a, 0x50, 0x0e, 0x6d, 0x00, 0x0f, 0x7a, 0x30, 0x07, 0x72, 0xa0, 0x07,
    0x73, 0x20, 0x07, 0x6d, 0x90, 0x0e, 0x71, 0xa0, 0x07, 0x73, 0x20, 0x07, 0x6d, 0x90, 0x0e, 0x78,
    0xa0, 0x07, 0x73, 0x20, 0x07, 0x6d, 0x90, 0x0e, 0x71, 0x60, 0x07, 0x7a, 0x30, 0x07, 0x72, 0xd0,
    0x06, 0xe9, 0x30, 0x07, 0x72, 0xa0, 0x07, 0x73, 0x20, 0x07, 0x6d, 0x90, 0x0e, 0x76, 0x40, 0x07,
    0x7a, 0x60, 0x07, 0x74, 0xd0, 0x06, 0xe6, 0x10, 0x07, 0x76, 0xa0, 0x07, 0x73, 0x20, 0x07, 0x6d,
    0x60, 0x0e, 0x73, 0x20, 0x07, 0x7a, 0x30, 0x07, 0x72, 0xd0, 0x06, 0xe6, 0x60, 0x07, 0x74, 0xa0,
    0x07, 0x76, 0x40, 0x07, 0x6d, 0xe0, 0x0e, 0x78, 0xa0, 0x07, 0x71, 0x60, 0x07, 0x7a, 0x30, 0x07,
    0x72, 0xa0, 0x07, 0x76, 0x40, 0x07, 0x43, 0x9e, 0x00, 0x08, 0x00, 0x00, 0x00, 0x00, 0x00, 0x00,
    0x00, 0x00, 0x00, 0x86, 0x3c, 0x06, 0x10, 0x00, 0x01, 0x00, 0x00, 0x00, 0x00, 0x00, 0x00, 0x00,
    0x0c, 0x79, 0x10, 0x20, 0x00, 0x04, 0x00, 0x00, 0x00, 0x00, 0x00, 0x00, 0x00, 0x18, 0xf2, 0x34,
    0x40, 0x00, 0x0c, 0x00, 0x00, 0x00, 0x00, 0x00, 0x00, 0x00, 0x30, 0xe4, 0x81, 0x80, 0x00, 0x18,
    0x00, 0x00, 0x00, 0x00, 0x00, 0x00, 0x00, 0x20, 0x0b, 0x04, 0x00, 0x00, 0x11, 0x00, 0x00, 0x00,
    0x32, 0x1e, 0x98, 0x14, 0x19, 0x11, 0x4c, 0x90, 0x8c, 0x09, 0x26, 0x47, 0xc6, 0x04, 0x43, 0x22,
    0x25, 0x30, 0x02, 0x50, 0x0c, 0x05, 0x52, 0x06, 0xe5, 0x50, 0x12, 0xa5, 0x51, 0x04, 0x05, 0x51,
    0x1e, 0xa5, 0x52, 0x08, 0x54, 0x4a, 0x62, 0x04, 0xa0, 0x08, 0xca, 0xa0, 0x10, 0x88, 0xce, 0x00,
    0x50, 0x9d, 0x01, 0x20, 0x3b, 0x03, 0x40, 0x77, 0x2c, 0xc4, 0x30, 0x02, 0x01, 0x00, 0x20, 0x30,
    0x00, 0x00, 0x00, 0x00, 0x79, 0x18, 0x00, 0x00, 0x89, 0x00, 0x00, 0x00, 0x1a, 0x03, 0x4c, 0x90,
    0x46, 0x02, 0x13, 0xc4, 0x8e, 0x0c, 0x6f, 0xec, 0xed, 0x4d, 0x0c, 0x24, 0xc6, 0x25, 0xc7, 0x45,
    0xc6, 0x06, 0x26, 0xc7, 0xa5, 0x06, 0x04, 0x05, 0x26, 0x46, 0xcc, 0x46, 0x26, 0x8c, 0x8c, 0xe6,
    0x26, 0x65, 0x43, 0x10, 0x4c, 0x10, 0x88, 0x62, 0x82, 0x40, 0x18, 0x1b, 0x84, 0x81, 0xd8, 0x20,
    0x10, 0x04, 0x05, 0xbb, 0xb9, 0x09, 0x02, 0x71, 0x6c, 0x18, 0x0e, 0x84, 0x98, 0x20, 0x58, 0x19,
    0x93, 0xa9, 0x31, 0xb9, 0xb2, 0x32, 0xb7, 0x2a, 0xa1, 0xa7, 0x09, 0x02, 0x81, 0x6c, 0x40, 0x08,
    0x65, 0x19, 0x88, 0x81, 0x01, 0x36, 0x04, 0xcd, 0x06, 0x02, 0x00, 0x1c, 0x60, 0x82, 0x40, 0x5d,
    0x24, 0xe6, 0xd2, 0xf4, 0xca, 0x26, 0x08, 0x44, 0x32, 0x41, 0x20, 0x94, 0x09, 0x02, 0xb1, 0x4c,
    0x10, 0x08, 0x66, 0x82, 0x40, 0x34, 0x1b, 0x10, 0x24, 0x92, 0x88, 0x89, 0xaa, 0x2c, 0x0e, 0x70,
    0x61, 0x64, 0x13, 0x04, 0xc2, 0xd9, 0x80, 0x20, 0x98, 0x94, 0x4d, 0x54, 0x65, 0x6d, 0x18, 0x98,
    0x4b, 0x9b, 0x20, 0x54, 0x18, 0x8d, 0xb9, 0x31, 0xb9, 0xb2, 0x32, 0xb7, 0x0d, 0x04, 0xd2, 0x49,
    0xc4, 0x06, 0x81, 0xf1, 0x36, 0x14, 0x04, 0xb4, 0x71, 0xdf, 0x04, 0x41, 0x00, 0x36, 0x00, 0x1b,
    0x06, 0x42, 0x0c, 0xc4, 0x60, 0x43, 0x30, 0x06, 0x1b, 0x86, 0x21, 0x0c, 0xc8, 0x60, 0x82, 0x70,
    0x69, 0x1b, 0x02, 0x33, 0xe0, 0x61, 0x37, 0xf7, 0x15, 0x57, 0x17, 0x46, 0x46, 0x84, 0xaa, 0x08,
    0x6b, 0xe8, 0xe9, 0x49, 0x8a, 0x68, 0x82, 0x50, 0x48, 0x13, 0x84, 0x62, 0xda, 0x10, 0x10, 0x13,
    0x84, 0x82, 0xda, 0x20, 0x48, 0xd2, 0x86, 0x85, 0x48, 0x03, 0x35, 0x58, 0x03, 0x36, 0x58, 0x83,
    0xa1, 0x0d, 0x88, 0x35, 0x70, 0x83, 0x0d, 0xc1, 0xb0, 0x61, 0x19, 0xd2, 0x40, 0x0d, 0xd6, 0x00,
    0x0e, 0xd6, 0x60, 0x68, 0x83, 0x61, 0x0d, 0xdc, 0x60, 0x83, 0xf0, 0x06, 0x71, 0xc0, 0x65, 0xca,
    0xea, 0x0b, 0xea, 0x6d, 0x2e, 0x8d, 0x2e, 0xed, 0xcd, 0x6d, 0x82, 0x50, 0x54, 0x13, 0x84, 0xc2,
    0x9a, 0x20, 0x10, 0xcf, 0x06, 0x41, 0xb2, 0x83, 0x0d, 0x0b, 0x31, 0x07, 0x6a, 0x40, 0x07, 0x6c,
    0x50, 0x07, 0x43, 0x1d, 0x10, 0x6b, 0x70, 0x07, 0x1b, 0x96, 0x21, 0x0d, 0xd4, 0x60, 0x0d, 0xd8,
    0xa0, 0x0d, 0x86, 0x36, 0x18, 0xd6, 0xc0, 0x0d, 0x36, 0x08, 0x78, 0x90, 0x07, 0x1b, 0x06, 0x39,
    0xd0, 0x03, 0x60, 0x43, 0x11, 0x06, 0x68, 0xb0, 0x07, 0x0f, 0x40, 0xc3, 0x8c, 0xed, 0x2d, 0x8c,
    0x6e, 0x8e, 0x45, 0x9a, 0xdb, 0x1c, 0xdd, 0xdc, 0x04, 0x81, 0x80, 0x68, 0xcc, 0xa5, 0x9d, 0x7d,
    0xb1, 0x91, 0x4d, 0x10, 0x88, 0x88, 0xc6, 0x5c, 0xda, 0xd9, 0xd7, 0x1c, 0xdd, 0x06, 0xa4, 0x0f,
    0x10, 0x3f, 0xf8, 0x03, 0x50, 0x08, 0x05, 0x51, 0x40, 0xaa, 0xb0, 0xb1, 0xd9, 0xb5, 0xb9, 0xa4,
    0x91, 0x95, 0xb9, 0xd1, 0x4d, 0x09, 0x82, 0x2a, 0x64, 0x78, 0x2e, 0x76, 0x65, 0x72, 0x73, 0x69,
    0x6f, 0x6e, 0x53, 0x02, 0xa2, 0x09, 0x19, 0x9e, 0x8b, 0x5d, 0x18, 0x9b, 0x5d, 0x99, 0xdc, 0x94,
    0xa0, 0xa8, 0x43, 0x86, 0xe7, 0x32, 0x87, 0x16, 0x46, 0x56, 0x26, 0xd7, 0xf4, 0x46, 0x56, 0xc6,
    0x36, 0x25, 0x40, 0xca, 0x90, 0xe1, 0xb9, 0xc8, 0x95, 0xcd, 0xbd, 0xd5, 0xc9, 0x8d, 0x95, 0xcd,
    0x4d, 0x09, 0x9c, 0x4a, 0x64, 0x78, 0x2e, 0x74, 0x79, 0x70, 0x65, 0x41, 0x6e, 0x6e, 0x6f, 0x74,
    0x61, 0x74, 0x69, 0x6f, 0x6e, 0x73, 0x53, 0x84, 0x8f, 0x0c, 0xea, 0x90, 0xe1, 0xb9, 0xd8, 0xa5,
    0x95, 0xdd, 0x25, 0x91, 0x4d, 0xd1, 0x85, 0xd1, 0x95, 0x4d, 0x09, 0xcc, 0xa0, 0x0e, 0x19, 0x9e,
    0x4b, 0x99, 0x1b, 0x9d, 0x5c, 0x1e, 0xd4, 0x5b, 0x9a, 0x1b, 0xdd, 0xdc, 0x94, 0x60, 0x0f, 0xba,
    0x90, 0xe1, 0xb9, 0x8c, 0xbd, 0xd5, 0xb9, 0xd1, 0x95, 0xc9, 0xcd, 0x4d, 0x09, 0x44, 0x01, 0x00,
    0x79, 0x18, 0x00, 0x00, 0x4c, 0x00, 0x00, 0x00, 0x33, 0x08, 0x80, 0x1c, 0xc4, 0xe1, 0x1c, 0x66,
    0x14, 0x01, 0x3d, 0x88, 0x43, 0x38, 0x84, 0xc3, 0x8c, 0x42, 0x80, 0x07, 0x79, 0x78, 0x07, 0x73,
    0x98, 0x71, 0x0c, 0xe6, 0x00, 0x0f, 0xed, 0x10, 0x0e, 0xf4, 0x80, 0x0e, 0x33, 0x0c, 0x42, 0x1e,
    0xc2, 0xc1, 0x1d, 0xce, 0xa1, 0x1c, 0x66, 0x30, 0x05, 0x3d, 0x88, 0x43, 0x38, 0x84, 0x83, 0x1b,
    0xcc, 0x03, 0x3d, 0xc8, 0x43, 0x3d, 0x8c, 0x03, 0x3d, 0xcc, 0x78, 0x8c, 0x74, 0x70, 0x07, 0x7b,
    0x08, 0x07, 0x79, 0x48, 0x87, 0x70, 0x70, 0x07, 0x7a, 0x70, 0x03, 0x76, 0x78, 0x87, 0x70, 0x20,
    0x87, 0x19, 0xcc, 0x11, 0x0e, 0xec, 0x90, 0x0e, 0xe1, 0x30, 0x0f, 0x6e, 0x30, 0x0f, 0xe3, 0xf0,
    0x0e, 0xf0, 0x50, 0x0e, 0x33, 0x10, 0xc4, 0x1d, 0xde, 0x21, 0x1c, 0xd8, 0x21, 0x1d, 0xc2, 0x61,
    0x1e, 0x66, 0x30, 0x89, 0x3b, 0xbc, 0x83, 0x3b, 0xd0, 0x43, 0x39, 0xb4, 0x03, 0x3c, 0xbc, 0x83,
    0x3c, 0x84, 0x03, 0x3b, 0xcc, 0xf0, 0x14, 0x76, 0x60, 0x07, 0x7b, 0x68, 0x07, 0x37, 0x68, 0x87,
    0x72, 0x68, 0x07, 0x37, 0x80, 0x87, 0x70, 0x90, 0x87, 0x70, 0x60, 0x07, 0x76, 0x28, 0x07, 0x76,
    0xf8, 0x05, 0x76, 0x78, 0x87, 0x77, 0x80, 0x87, 0x5f, 0x08, 0x87, 0x71, 0x18, 0x87, 0x72, 0x98,
    0x87, 0x79, 0x98, 0x81, 0x2c, 0xee, 0xf0, 0x0e, 0xee, 0xe0, 0x0e, 0xf5, 0xc0, 0x0e, 0xec, 0x30,
    0x03, 0x62, 0xc8, 0xa1, 0x1c, 0xe4, 0xa1, 0x1c, 0xcc, 0xa1, 0x1c, 0xe4, 0xa1, 0x1c, 0xdc, 0x61,
    0x1c, 0xca, 0x21, 0x1c, 0xc4, 0x81, 0x1d, 0xca, 0x61, 0x06, 0xd6, 0x90, 0x43, 0x39, 0xc8, 0x43,
    0x39, 0x98, 0x43, 0x39, 0xc8, 0x43, 0x39, 0xb8, 0xc3, 0x38, 0x94, 0x43, 0x38, 0x88, 0x03, 0x3b,
    0x94, 0xc3, 0x2f, 0xbc, 0x83, 0x3c, 0xfc, 0x82, 0x3b, 0xd4, 0x03, 0x3b, 0xb0, 0xc3, 0x8c, 0xc8,
    0x21, 0x07, 0x7c, 0x70, 0x03, 0x72, 0x10, 0x87, 0x73, 0x70, 0x03, 0x7b, 0x08, 0x07, 0x79, 0x60,
    0x87, 0x70, 0xc8, 0x87, 0x77, 0xa8, 0x07, 0x7a, 0x98, 0x81, 0x3c, 0xe4, 0x80, 0x0f, 0x6e, 0x40,
    0x0f, 0xe5, 0xd0, 0x0e, 0xf0, 0x00, 0x00, 0x00, 0x71, 0x20, 0x00, 0x00, 0x15, 0x00, 0x00, 0x00,
    0x36, 0xb0, 0x0d, 0x97, 0xef, 0x3c, 0xbe, 0x10, 0x50, 0x45, 0x41, 0x44, 0xa5, 0x03, 0x0c, 0x25,
    0x61, 0x00, 0x02, 0xe6, 0x17, 0xb7, 0x6d, 0x04, 0xd2, 0x70, 0xf9, 0xce, 0xe3, 0x0b, 0x11, 0x01,
    0x4c, 0x44, 0x08, 0x34, 0xc3, 0x42, 0x58, 0xc0, 0x34, 0x5c, 0xbe, 0xf3, 0xf8, 0x8b, 0x03, 0x0c,
    0x62, 0xf3, 0x50, 0x93, 0x5f, 0xdc, 0xb6, 0x09, 0x54, 0xc3, 0xe5, 0x3b, 0x8f, 0x2f, 0x4d, 0x4e,
    0x44, 0xa0, 0xd4, 0xf4, 0x50, 0x93, 0x5f, 0xdc, 0xb6, 0x01, 0x1c, 0x95, 0xf4, 0x43, 0x14, 0x30,
    0x00, 0x00, 0x00, 0x00, 0x00, 0x00, 0x00, 0x00, 0x48, 0x41, 0x53, 0x48, 0x14, 0x00, 0x00, 0x00,
    0x00, 0x00, 0x00, 0x00, 0x86, 0x85, 0x4f, 0x64, 0xa3, 0x01, 0x31, 0x26, 0xa7, 0x12, 0x0f, 0x30,
    0xb3, 0x19, 0x2a, 0x37, 0x44, 0x58, 0x49, 0x4c, 0x40, 0x06, 0x00, 0x00, 0x60, 0x00, 0x01, 0x00,
    0x90, 0x01, 0x00, 0x00, 0x44, 0x58, 0x49, 0x4c, 0x00, 0x01, 0x00, 0x00, 0x10, 0x00, 0x00, 0x00,
    0x28, 0x06, 0x00, 0x00, 0x42, 0x43, 0xc0, 0xde, 0x21, 0x0c, 0x00, 0x00, 0x87, 0x01, 0x00, 0x00,
    0x0b, 0x82, 0x20, 0x00, 0x02, 0x00, 0x00, 0x00, 0x13, 0x00, 0x00, 0x00, 0x07, 0x81, 0x23, 0x91,
    0x41, 0xc8, 0x04, 0x49, 0x06, 0x10, 0x32, 0x39, 0x92, 0x01, 0x84, 0x0c, 0x25, 0x05, 0x08, 0x19,
    0x1e, 0x04, 0x8b, 0x62, 0x80, 0x14, 0x45, 0x02, 0x42, 0x92, 0x0b, 0x42, 0xa4, 0x10, 0x32, 0x14,
    0x38, 0x08, 0x18, 0x4b, 0x0a, 0x32, 0x52, 0x88, 0x48, 0x90, 0x14, 0x20, 0x43, 0x46, 0x88, 0xa5,
    0x00, 0x19, 0x32, 0x42, 0xe4, 0x48, 0x0e, 0x90, 0x91, 0x22, 0xc4, 0x50, 0x41, 0x51, 0x81, 0x8c,
    0xe1, 0x83, 0xe5, 0x8a, 0x04, 0x29, 0x46, 0x06, 0x51, 0x18, 0x00, 0x00, 0x08, 0x00, 0x00, 0x00,
    0x1b, 0x8c, 0xe0, 0xff, 0xff, 0xff, 0xff, 0x07, 0x40, 0x02, 0xa8, 0x0d, 0x84, 0xf0, 0xff, 0xff,
    0xff, 0xff, 0x03, 0x20, 0x6d, 0x30, 0x86, 0xff, 0xff, 0xff, 0xff, 0x1f, 0x00, 0x09, 0xa8, 0x00,
    0x49, 0x18, 0x00, 0x00, 0x03, 0x00, 0x00, 0x00, 0x13, 0x82, 0x60, 0x42, 0x20, 0x4c, 0x08, 0x06,
    0x00, 0x00, 0x00, 0x00, 0x89, 0x20, 0x00, 0x00, 0x23, 0x00, 0x00, 0x00, 0x32, 0x22, 0x48, 0x09,
    0x20, 0x64, 0x85, 0x04, 0x93, 0x22, 0xa4, 0x84, 0x04, 0x93, 0x22, 0xe3, 0x84, 0xa1, 0x90, 0x14,
    0x12, 0x4c, 0x8a, 0x8c, 0x0b, 0x84, 0xa4, 0x4c, 0x10, 0x60, 0x23, 0x00, 0x25, 0x00, 0x14, 0x66,
    0x00, 0xe6, 0x08, 0xc0, 0x60, 0x8e, 0x00, 0x29, 0xc6, 0x20, 0x84, 0x14, 0x42, 0xa6, 0x18, 0x80,
    0x10, 0x52, 0x06, 0xa1, 0xa3, 0x86, 0xcb, 0x9f, 0xb0, 0x87, 0x90, 0x7c, 0x6e, 0xa3, 0x8a, 0x95,
    0x98, 0xfc, 0xe2, 0xb6, 0x11, 0x31, 0xc6, 0x18, 0x54, 0xee, 0x19, 0x2e, 0x7f, 0xc2, 0x1e, 0x42,
    0xf2, 0x43, 0xa0, 0x19, 0x16, 0x02, 0x05, 0xab, 0x10, 0x8a, 0x30, 0x42, 0x6d, 0x8e, 0x20, 0x28,
    0x06, 0x23, 0x85, 0x90, 0x47, 0x70, 0x20, 0x60, 0x18, 0x41, 0x18, 0xae, 0x91, 0xa6, 0x88, 0x12,
    0x26, 0x9f, 0x15, 0x22, 0x82, 0x68, 0x90, 0x30, 0xe7, 0x25, 0xac, 0x10, 0x11, 0x44, 0xe3, 0x6e,
    0x28, 0x0a, 0x28, 0xd5, 0x44, 0x20, 0x00, 0x00, 0x13, 0x14, 0x72, 0xc0, 0x87, 0x74, 0x60, 0x87,
    0x36, 0x68, 0x87, 0x79, 0x68, 0x03, 0x72, 0xc0, 0x87, 0x0d, 0xaf, 0x50, 0x0e, 0x6d, 0xd0, 0x0e,
    0x7a, 0x50, 0x0e, 0x6d, 0x00, 0x0f, 0x7a, 0x30, 0x07, 0x72, 0xa0, 0x07, 0x73, 0x20, 0x07, 0x6d,
    0x90, 0x0e, 0x71, 0xa0, 0x07, 0x73, 0x20, 0x07, 0x6d, 0x90, 0x0e, 0x78, 0xa0, 0x07, 0x73, 0x20,
    0x07, 0x6d, 0x90, 0x0e, 0x71, 0x60, 0x07, 0x7a, 0x30, 0x07, 0x72, 0xd0, 0x06, 0xe9, 0x30, 0x07,
    0x72, 0xa0, 0x07, 0x73, 0x20, 0x07, 0x6d, 0x90, 0x0e, 0x76, 0x40, 0x07, 0x7a, 0x60, 0x07, 0x74,
    0xd0, 0x06, 0xe6, 0x10, 0x07, 0x76, 0xa0, 0x07, 0x73, 0x20, 0x07, 0x6d, 0x60, 0x0e, 0x73, 0x20,
    0x07, 0x7a, 0x30, 0x07, 0x72, 0xd0, 0x06, 0xe6, 0x60, 0x07, 0x74, 0xa0, 0x07, 0x76, 0x40, 0x07,
    0x6d, 0xe0, 0x0e, 0x78, 0xa0, 0x07, 0x71, 0x60, 0x07, 0x7a, 0x30, 0x07, 0x72, 0xa0, 0x07, 0x76,
    0x40, 0x07, 0x43, 0x9e, 0x00, 0x00, 0x00, 0x00, 0x00, 0x00, 0x00, 0x00, 0x00, 0x00, 0x00, 0x86,
    0x3c, 0x06, 0x10, 0x00, 0x01, 0x00, 0x00, 0x00, 0x00, 0x00, 0x00, 0x00, 0x0c, 0x79, 0x10, 0x20,
    0x00, 0x04, 0x00, 0x00, 0x00, 0x00, 0x00, 0x00, 0x00, 0x18, 0xf2, 0x34, 0x40, 0x00, 0x0c, 0x00,
    0x00, 0x00, 0x00, 0x00, 0x00, 0x00, 0x30, 0xe4, 0x81, 0x80, 0x00, 0x18, 0x00, 0x00, 0x00, 0x00,
    0x00, 0x00, 0x00, 0x20, 0x0b, 0x04, 0x00, 0x00, 0x0d, 0x00, 0x00, 0x00, 0x32, 0x1e, 0x98, 0x14,
    0x19, 0x11, 0x4c, 0x90, 0x8c, 0x09, 0x26, 0x47, 0xc6, 0x04, 0x43, 0x22, 0x25, 0x30, 0x02, 0x50,
    0x12, 0xc5, 0x50, 0x20, 0x65, 0x50, 0x1e, 0x54, 0x4a, 0x62, 0x04, 0xa0, 0x08, 0xca, 0xa0, 0x10,
    0xc8, 0xce, 0x00, 0xd0, 0x1d, 0x0b, 0x31, 0x8c, 0x40, 0x00, 0x00, 0x08, 0x0c, 0x00, 0x00, 0x00,
    0x79, 0x18, 0x00, 0x00, 0x56, 0x00, 0x00, 0x00, 0x1a, 0x03, 0x4c, 0x90, 0x46, 0x02, 0x13, 0xc4,
    0x8e, 0x0c, 0x6f, 0xec, 0xed, 0x4d, 0x0c, 0x24, 0xc6, 0x25, 0xc7, 0x45, 0xc6, 0x06, 0x26, 0xc7,
    0xa5, 0x06, 0x04, 0x05, 0x26, 0x46, 0xcc, 0x46, 0x26, 0x8c, 0x8c, 0xe6, 0x26, 0x65, 0x43, 0x10,
    0x4c, 0x10, 0x88, 0x62, 0x82, 0x40, 0x18, 0x1b, 0x84, 0x81, 0x98, 0x20, 0x10, 0xc7, 0x06, 0x61,
    0x30, 0x28, 0xd8, 0xcd, 0x4d, 0x10, 0x08, 0x64, 0xc3, 0x80, 0x24, 0xc4, 0x04, 0xc1, 0x8a, 0x08,
    0x4c, 0x10, 0x88, 0x64, 0x03, 0x42, 0x2c, 0xcc, 0x40, 0x0c, 0x0d, 0xb0, 0x21, 0x70, 0x36, 0x10,
    0x00, 0xf0, 0x00, 0x13, 0x84, 0x4b, 0xda, 0x10, 0x44, 0x13, 0x04, 0x01, 0xe0, 0x61, 0x37, 0xf7,
    0x15, 0x57, 0x17, 0x46, 0x46, 0x84, 0xaa, 0x08, 0x6b, 0xe8, 0xe9, 0x49, 0x8a, 0x68, 0x82, 0x50,
    0x30, 0x13, 0x84, 0xa2, 0xd9, 0x10, 0x10, 0x13, 0x84, 0xc2, 0x99, 0x20, 0x10, 0xca, 0x06, 0x41,
    0xd3, 0x36, 0x2c, 0x44, 0x65, 0x5d, 0xd8, 0x35, 0x64, 0xc4, 0xb5, 0x6d, 0x08, 0x86, 0x0d, 0xcb,
    0x50, 0x59, 0x57, 0x77, 0x0d, 0xd9, 0x70, 0x6d, 0x1b, 0x04, 0xce, 0xe3, 0x32, 0x65, 0xf5, 0x05,
    0xf5, 0x36, 0x97, 0x46, 0x97, 0xf6, 0xe6, 0x36, 0x41, 0x28, 0x9e, 0x09, 0x42, 0x01, 0x4d, 0x10,
    0x88, 0x65, 0x83, 0xa0, 0x8d, 0xc1, 0x86, 0x85, 0x00, 0x03, 0x2b, 0x0c, 0x30, 0x31, 0x18, 0xc4,
    0x80, 0xb8, 0xc8, 0x60, 0xc3, 0x32, 0x54, 0xd6, 0x85, 0x65, 0x43, 0x36, 0x5c, 0xdb, 0x06, 0xa1,
    0x0c, 0xcc, 0x60, 0xc3, 0xf0, 0x9d, 0x01, 0xb0, 0xa1, 0x98, 0x28, 0x34, 0x80, 0x80, 0x2a, 0x6c,
    0x6c, 0x76, 0x6d, 0x2e, 0x69, 0x64, 0x65, 0x6e, 0x74, 0x53, 0x82, 0xa0, 0x0a, 0x19, 0x9e, 0x8b,
    0x5d, 0x99, 0xdc, 0x5c, 0xda, 0x9b, 0xdb, 0x94, 0x80, 0x68, 0x42, 0x86, 0xe7, 0x62, 0x17, 0xc6,
    0x66, 0x57, 0x26, 0x37, 0x25, 0x30, 0xea, 0x90, 0xe1, 0xb9, 0xcc, 0xa1, 0x85, 0x91, 0x95, 0xc9,
    0x35, 0xbd, 0x91, 0x95, 0xb1, 0x4d, 0x09, 0x92, 0x32, 0x64, 0x78, 0x2e, 0x72, 0x65, 0x73, 0x6f,
    0x75, 0x72, 0x63, 0x65, 0x73, 0x53, 0x82, 0xa7, 0x0e, 0x19, 0x9e, 0x8b, 0x5d, 0x5a, 0xd9, 0x5d,
    0x12, 0xd9, 0x14, 0x5d, 0x18, 0x5d, 0xd9, 0x94, 0x20, 0xaa, 0x43, 0x86, 0xe7, 0x52, 0xe6, 0x46,
    0x27, 0x97, 0x07, 0xf5, 0x96, 0xe6, 0x46, 0x37, 0x37, 0x25, 0x40, 0x03, 0x00, 0x00, 0x00, 0x00,
    0x79, 0x18, 0x00, 0x00, 0x4c, 0x00, 0x00, 0x00, 0x33, 0x08, 0x80, 0x1c, 0xc4, 0xe1, 0x1c, 0x66,
    0x14, 0x01, 0x3d, 0x88, 0x43, 0x38, 0x84, 0xc3, 0x8c, 0x42, 0x80, 0x07, 0x79, 0x78, 0x07, 0x73,
    0x98, 0x71, 0x0c, 0xe6, 0x00, 0x0f, 0xed, 0x10, 0x0e, 0xf4, 0x80, 0x0e, 0x33, 0x0c, 0x42, 0x1e,
    0xc2, 0xc1, 0x1d, 0xce, 0xa1, 0x1c, 0x66, 0x30, 0x05, 0x3d, 0x88, 0x43, 0x38, 0x84, 0x83, 0x1b,
    0xcc, 0x03, 0x3d, 0xc8, 0x43, 0x3d, 0x8c, 0x03, 0x3d, 0xcc, 0x78, 0x8c, 0x74, 0x70, 0x07, 0x7b,
    0x08, 0x07, 0x79, 0x48, 0x87, 0x70, 0x70, 0x07, 0x7a, 0x70, 0x03, 0x76, 0x78, 0x87, 0x70, 0x20,
    0x87, 0x19, 0xcc, 0x11, 0x0e, 0xec, 0x90, 0x0e, 0xe1, 0x30, 0x0f, 0x6e, 0x30, 0x0f, 0xe3, 0xf0,
    0x0e, 0xf0, 0x50, 0x0e, 0x33, 0x10, 0xc4, 0x1d, 0xde, 0x21, 0x1c, 0xd8, 0x21, 0x1d, 0xc2, 0x61,
    0x1e, 0x66, 0x30, 0x89, 0x3b, 0xbc, 0x83, 0x3b, 0xd0, 0x43, 0x39, 0xb4, 0x03, 0x3c, 0xbc, 0x83,
    0x3c, 0x84, 0x03, 0x3b, 0xcc, 0xf0, 0x14, 0x76, 0x60, 0x07, 0x7b, 0x68, 0x07, 0x37, 0x68, 0x87,
    0x72, 0x68, 0x07, 0x37, 0x80, 0x87, 0x70, 0x90, 0x87, 0x70, 0x60, 0x07, 0x76, 0x28, 0x07, 0x76,
    0xf8, 0x05, 0x76, 0x78, 0x87, 0x77, 0x80, 0x87, 0x5f, 0x08, 0x87, 0x71, 0x18, 0x87, 0x72, 0x98,
    0x87, 0x79, 0x98, 0x81, 0x2c, 0xee, 0xf0, 0x0e, 0xee, 0xe0, 0x0e, 0xf5, 0xc0, 0x0e, 0xec, 0x30,
    0x03, 0x62, 0xc8, 0xa1, 0x1c, 0xe4, 0xa1, 0x1c, 0xcc, 0xa1, 0x1c, 0xe4, 0xa1, 0x1c, 0xdc, 0x61,
    0x1c, 0xca, 0x21, 0x1c, 0xc4, 0x81, 0x1d, 0xca, 0x61, 0x06, 0xd6, 0x90, 0x43, 0x39, 0xc8, 0x43,
    0x39, 0x98, 0x43, 0x39, 0xc8, 0x43, 0x39, 0xb8, 0xc3, 0x38, 0x94, 0x43, 0x38, 0x88, 0x03, 0x3b,
    0x94, 0xc3, 0x2f, 0xbc, 0x83, 0x3c, 0xfc, 0x82, 0x3b, 0xd4, 0x03, 0x3b, 0xb0, 0xc3, 0x8c, 0xc8,
    0x21, 0x07, 0x7c, 0x70, 0x03, 0x72, 0x10, 0x87, 0x73, 0x70, 0x03, 0x7b, 0x08, 0x07, 0x79, 0x60,
    0x87, 0x70, 0xc8, 0x87, 0x77, 0xa8, 0x07, 0x7a, 0x98, 0x81, 0x3c, 0xe4, 0x80, 0x0f, 0x6e, 0x40,
    0x0f, 0xe5, 0xd0, 0x0e, 0xf0, 0x00, 0x00, 0x00, 0x71, 0x20, 0x00, 0x00, 0x15, 0x00, 0x00, 0x00,
    0x36, 0xb0, 0x0d, 0x97, 0xef, 0x3c, 0xbe, 0x10, 0x50, 0x45, 0x41, 0x44, 0xa5, 0x03, 0x0c, 0x25,
    0x61, 0x00, 0x02, 0xe6, 0x17, 0xb7, 0x6d, 0x04, 0xd2, 0x70, 0xf9, 0xce, 0xe3, 0x0b, 0x11, 0x01,
    0x4c, 0x44, 0x08, 0x34, 0xc3, 0x42, 0x58, 0xc0, 0x34, 0x5c, 0xbe, 0xf3, 0xf8, 0x8b, 0x03, 0x0c,
    0x62, 0xf3, 0x50, 0x93, 0x5f, 0xdc, 0xb6, 0x09, 0x54, 0xc3, 0xe5, 0x3b, 0x8f, 0x2f, 0x4d, 0x4e,
    0x44, 0xa0, 0xd4, 0xf4, 0x50, 0x93, 0x5f, 0xdc, 0xb6, 0x01, 0x1c, 0x95, 0xf4, 0x43, 0x14, 0x30,
    0x00, 0x00, 0x00, 0x00, 0x61, 0x20, 0x00, 0x00, 0x3b, 0x00, 0x00, 0x00, 0x13, 0x04, 0x41, 0x2c,
    0x10, 0x00, 0x00, 0x00, 0x0a, 0x00, 0x00, 0x00, 0xf4, 0x46, 0x00, 0xa8, 0x94, 0x00, 0x91, 0xb2,
    0x2b, 0xb9, 0x52, 0x28, 0x84, 0x19, 0x00, 0x1a, 0x23, 0x00, 0x63, 0x04, 0x20, 0x08, 0x82, 0xf8,
    0x2f, 0x8c, 0x11, 0x80, 0x20, 0x08, 0xe2, 0xdf, 0x18, 0x01, 0x08, 0x82, 0x20, 0x08, 0x06, 0x00,
    0x23, 0x06, 0x09, 0x00, 0x82, 0x60, 0x00, 0x69, 0x08, 0x84, 0x61, 0xcb, 0x88, 0x41, 0x02, 0x80,
    0x20, 0x18, 0x18, 0xde, 0xa1, 0x65, 0x92, 0x31, 0x62, 0x90, 0x00, 0x20, 0x08, 0x06, 0xc6, 0x87,
    0x6c, 0x1a, 0x73, 0x8c, 0x18, 0x24, 0x00, 0x08, 0x82, 0x81, 0x01, 0x06, 0xc9, 0xb6, 0x51, 0xc8,
    0x88, 0x41, 0x02, 0x80, 0x20, 0x18, 0x18, 0x61, 0xa0, 0x70, 0x9c, 0x93, 0x8c, 0x18, 0x1c, 0x00,
    0x08, 0x82, 0x41, 0x03, 0x06, 0x4e, 0xd1, 0x8d, 0x26, 0x04, 0x80, 0x11, 0x01, 0x7d, 0x2c, 0x48,
    0xe4, 0x63, 0x01, 0x03, 0x9f, 0xd1, 0x84, 0x22, 0xb0, 0x23, 0xa0, 0x8f, 0x05, 0x8d, 0x7c, 0xec,
    0x09, 0xe2, 0x33, 0x62, 0x90, 0x00, 0x20, 0x08, 0x06, 0x88, 0x1a, 0x54, 0x66, 0x60, 0x06, 0x5f,
    0x31, 0x62, 0x90, 0x00, 0x20, 0x08, 0x06, 0x88, 0x1a, 0x54, 0x66, 0x60, 0x06, 0x58, 0x30, 0x62,
    0x90, 0x00, 0x20, 0x08, 0x06, 0x88, 0x1a, 0x54, 0x66, 0x60, 0x06, 0x9e, 0x34, 0x62, 0x90, 0x00,
    0x20, 0x08, 0x06, 0x88, 0x1a, 0x54, 0x66, 0x60, 0x06, 0x1d, 0x34, 0x62, 0x90, 0x00, 0x20, 0x08,
    0x06, 0x88, 0x1a, 0x54, 0x67, 0x60, 0x06, 0x5f, 0x33, 0x62, 0x90, 0x00, 0x20, 0x08, 0x06, 0x88,
    0x1a, 0x54, 0x67, 0x60, 0x06, 0x18, 0x83, 0x00, 0x00, 0x00, 0x00, 0x00
};

static const char k_vs_quad_msl[] =
    "#include <metal_stdlib>\n"
    "#include <simd/simd.h>\n"
    "\n"
    "using namespace metal;\n"
    "\n"
    "struct Screen\n"
    "{\n"
    "    float2 size;\n"
    "    float2 pad;\n"
    "};\n"
    "\n"
    "struct type_ScreenUBO\n"
    "{\n"
    "    Screen screen;\n"
    "};\n"
    "\n"
    "struct main0_out\n"
    "{\n"
    "    float2 out_var_TEXCOORD0 [[user(locn0)]];\n"
    "    float4 gl_Position [[position]];\n"
    "};\n"
    "\n"
    "struct main0_in\n"
    "{\n"
    "    float2 in_var_TEXCOORD0 [[attribute(0)]];\n"
    "    float2 in_var_TEXCOORD1 [[attribute(1)]];\n"
    "};\n"
    "\n"
    "vertex main0_out main0(main0_in in [[stage_in]], constant type_ScreenUBO& ScreenUBO [[buffer(0)]])\n"
    "{\n"
    "    main0_out out = {};\n"
    "    out.gl_Position = float4(((in.in_var_TEXCOORD0.x / ScreenUBO.screen.size.x) * 2.0) - 1.0, 1.0 - ((in.in_var_TEXCOORD0.y / ScreenUBO.screen.size.y) * 2.0), 0.0, 1.0);\n"
    "    out.out_var_TEXCOORD0 = in.in_var_TEXCOORD1;\n"
    "    return out;\n"
    "}\n"
    "\n"
    "";

static const unsigned char k_ps_quad_spv[] = {
    0x03, 0x02, 0x23, 0x07, 0x00, 0x00, 0x01, 0x00, 0x00, 0x00, 0x0e, 0x00, 0x20, 0x00, 0x00, 0x00,
    0x00, 0x00, 0x00, 0x00, 0x11, 0x00, 0x02, 0x00, 0x01, 0x00, 0x00, 0x00, 0x0e, 0x00, 0x03, 0x00,
    0x00, 0x00, 0x00, 0x00, 0x01, 0x00, 0x00, 0x00, 0x0f, 0x00, 0x07, 0x00, 0x04, 0x00, 0x00, 0x00,
    0x01, 0x00, 0x00, 0x00, 0x6d, 0x61, 0x69, 0x6e, 0x00, 0x00, 0x00, 0x00, 0x02, 0x00, 0x00, 0x00,
    0x03, 0x00, 0x00, 0x00, 0x10, 0x00, 0x03, 0x00, 0x01, 0x00, 0x00, 0x00, 0x07, 0x00, 0x00, 0x00,
    0x03, 0x00, 0x03, 0x00, 0x05, 0x00, 0x00, 0x00, 0x58, 0x02, 0x00, 0x00, 0x05, 0x00, 0x06, 0x00,
    0x04, 0x00, 0x00, 0x00, 0x74, 0x79, 0x70, 0x65, 0x2e, 0x32, 0x64, 0x2e, 0x69, 0x6d, 0x61, 0x67,
    0x65, 0x00, 0x00, 0x00, 0x05, 0x00, 0x05, 0x00, 0x05, 0x00, 0x00, 0x00, 0x6c, 0x61, 0x79, 0x65,
    0x72, 0x5f, 0x74, 0x65, 0x78, 0x00, 0x00, 0x00, 0x05, 0x00, 0x07, 0x00, 0x02, 0x00, 0x00, 0x00,
    0x69, 0x6e, 0x2e, 0x76, 0x61, 0x72, 0x2e, 0x54, 0x45, 0x58, 0x43, 0x4f, 0x4f, 0x52, 0x44, 0x30,
    0x00, 0x00, 0x00, 0x00, 0x05, 0x00, 0x07, 0x00, 0x03, 0x00, 0x00, 0x00, 0x6f, 0x75, 0x74, 0x2e,
    0x76, 0x61, 0x72, 0x2e, 0x53, 0x56, 0x5f, 0x54, 0x61, 0x72, 0x67, 0x65, 0x74, 0x00, 0x00, 0x00,
    0x05, 0x00, 0x04, 0x00, 0x01, 0x00, 0x00, 0x00, 0x70, 0x73, 0x5f, 0x71, 0x75, 0x61, 0x64, 0x00,
    0x05, 0x00, 0x07, 0x00, 0x06, 0x00, 0x00, 0x00, 0x74, 0x79, 0x70, 0x65, 0x2e, 0x73, 0x61, 0x6d,
    0x70, 0x6c, 0x65, 0x64, 0x2e, 0x69, 0x6d, 0x61, 0x67, 0x65, 0x00, 0x00, 0x47, 0x00, 0x04, 0x00,
    0x02, 0x00, 0x00, 0x00, 0x1e, 0x00, 0x00, 0x00, 0x00, 0x00, 0x00, 0x00, 0x47, 0x00, 0x04, 0x00,
    0x03, 0x00, 0x00, 0x00, 0x1e, 0x00, 0x00, 0x00, 0x00, 0x00, 0x00, 0x00, 0x47, 0x00, 0x04, 0x00,
    0x05, 0x00, 0x00, 0x00, 0x22, 0x00, 0x00, 0x00, 0x02, 0x00, 0x00, 0x00, 0x47, 0x00, 0x04, 0x00,
    0x05, 0x00, 0x00, 0x00, 0x21, 0x00, 0x00, 0x00, 0x00, 0x00, 0x00, 0x00, 0x16, 0x00, 0x03, 0x00,
    0x07, 0x00, 0x00, 0x00, 0x20, 0x00, 0x00, 0x00, 0x2b, 0x00, 0x04, 0x00, 0x07, 0x00, 0x00, 0x00,
    0x08, 0x00, 0x00, 0x00, 0x00, 0x00, 0x00, 0x00, 0x17, 0x00, 0x04, 0x00, 0x09, 0x00, 0x00, 0x00,
    0x07, 0x00, 0x00, 0x00, 0x04, 0x00, 0x00, 0x00, 0x2c, 0x00, 0x07, 0x00, 0x09, 0x00, 0x00, 0x00,
    0x0a, 0x00, 0x00, 0x00, 0x08, 0x00, 0x00, 0x00, 0x08, 0x00, 0x00, 0x00, 0x08, 0x00, 0x00, 0x00,
    0x08, 0x00, 0x00, 0x00, 0x2b, 0x00, 0x04, 0x00, 0x07, 0x00, 0x00, 0x00, 0x0b, 0x00, 0x00, 0x00,
    0x00, 0x00, 0x80, 0x3f, 0x17, 0x00, 0x04, 0x00, 0x0c, 0x00, 0x00, 0x00, 0x07, 0x00, 0x00, 0x00,
    0x02, 0x00, 0x00, 0x00, 0x19, 0x00, 0x09, 0x00, 0x04, 0x00, 0x00, 0x00, 0x07, 0x00, 0x00, 0x00,
    0x01, 0x00, 0x00, 0x00, 0x02, 0x00, 0x00, 0x00, 0x00, 0x00, 0x00, 0x00, 0x00, 0x00, 0x00, 0x00,
    0x01, 0x00, 0x00, 0x00, 0x00, 0x00, 0x00, 0x00, 0x20, 0x00, 0x04, 0x00, 0x0d, 0x00, 0x00, 0x00,
    0x01, 0x00, 0x00, 0x00, 0x0c, 0x00, 0x00, 0x00, 0x20, 0x00, 0x04, 0x00, 0x0e, 0x00, 0x00, 0x00,
    0x03, 0x00, 0x00, 0x00, 0x09, 0x00, 0x00, 0x00, 0x13, 0x00, 0x02, 0x00, 0x0f, 0x00, 0x00, 0x00,
    0x21, 0x00, 0x03, 0x00, 0x10, 0x00, 0x00, 0x00, 0x0f, 0x00, 0x00, 0x00, 0x1b, 0x00, 0x03, 0x00,
    0x06, 0x00, 0x00, 0x00, 0x04, 0x00, 0x00, 0x00, 0x14, 0x00, 0x02, 0x00, 0x11, 0x00, 0x00, 0x00,
    0x17, 0x00, 0x04, 0x00, 0x12, 0x00, 0x00, 0x00, 0x11, 0x00, 0x00, 0x00, 0x04, 0x00, 0x00, 0x00,
    0x3b, 0x00, 0x04, 0x00, 0x0d, 0x00, 0x00, 0x00, 0x02, 0x00, 0x00, 0x00, 0x01, 0x00, 0x00, 0x00,
    0x3b, 0x00, 0x04, 0x00, 0x0e, 0x00, 0x00, 0x00, 0x03, 0x00, 0x00, 0x00, 0x03, 0x00, 0x00, 0x00,
    0x20, 0x00, 0x04, 0x00, 0x13, 0x00, 0x00, 0x00, 0x00, 0x00, 0x00, 0x00, 0x06, 0x00, 0x00, 0x00,
    0x3b, 0x00, 0x04, 0x00, 0x13, 0x00, 0x00, 0x00, 0x05, 0x00, 0x00, 0x00, 0x00, 0x00, 0x00, 0x00,
    0x36, 0x00, 0x05, 0x00, 0x0f, 0x00, 0x00, 0x00, 0x01, 0x00, 0x00, 0x00, 0x00, 0x00, 0x00, 0x00,
    0x10, 0x00, 0x00, 0x00, 0xf8, 0x00, 0x02, 0x00, 0x14, 0x00, 0x00, 0x00, 0x3d, 0x00, 0x04, 0x00,
    0x0c, 0x00, 0x00, 0x00, 0x15, 0x00, 0x00, 0x00, 0x02, 0x00, 0x00, 0x00, 0x3d, 0x00, 0x04, 0x00,
    0x06, 0x00, 0x00, 0x00, 0x16, 0x00, 0x00, 0x00, 0x05, 0x00, 0x00, 0x00, 0x57, 0x00, 0x06, 0x00,
    0x09, 0x00, 0x00, 0x00, 0x17, 0x00, 0x00, 0x00, 0x16, 0x00, 0x00, 0x00, 0x15, 0x00, 0x00, 0x00,
    0x00, 0x00, 0x00, 0x00, 0xb4, 0x00, 0x05, 0x00, 0x12, 0x00, 0x00, 0x00, 0x18, 0x00, 0x00, 0x00,
    0x17, 0x00, 0x00, 0x00, 0x0a, 0x00, 0x00, 0x00, 0x9b, 0x00, 0x04, 0x00, 0x11, 0x00, 0x00, 0x00,
    0x19, 0x00, 0x00, 0x00, 0x18, 0x00, 0x00, 0x00, 0xf7, 0x00, 0x03, 0x00, 0x1a, 0x00, 0x00, 0x00,
    0x00, 0x00, 0x00, 0x00, 0xfa, 0x00, 0x04, 0x00, 0x19, 0x00, 0x00, 0x00, 0x1b, 0x00, 0x00, 0x00,
    0x1a, 0x00, 0x00, 0x00, 0xf8, 0x00, 0x02, 0x00, 0x1b, 0x00, 0x00, 0x00, 0xfc, 0x00, 0x01, 0x00,
    0xf8, 0x00, 0x02, 0x00, 0x1a, 0x00, 0x00, 0x00, 0x51, 0x00, 0x05, 0x00, 0x07, 0x00, 0x00, 0x00,
    0x1c, 0x00, 0x00, 0x00, 0x17, 0x00, 0x00, 0x00, 0x00, 0x00, 0x00, 0x00, 0x51, 0x00, 0x05, 0x00,
    0x07, 0x00, 0x00, 0x00, 0x1d, 0x00, 0x00, 0x00, 0x17, 0x00, 0x00, 0x00, 0x01, 0x00, 0x00, 0x00,
    0x51, 0x00, 0x05, 0x00, 0x07, 0x00, 0x00, 0x00, 0x1e, 0x00, 0x00, 0x00, 0x17, 0x00, 0x00, 0x00,
    0x02, 0x00, 0x00, 0x00, 0x50, 0x00, 0x07, 0x00, 0x09, 0x00, 0x00, 0x00, 0x1f, 0x00, 0x00, 0x00,
    0x1c, 0x00, 0x00, 0x00, 0x1d, 0x00, 0x00, 0x00, 0x1e, 0x00, 0x00, 0x00, 0x0b, 0x00, 0x00, 0x00,
    0x3e, 0x00, 0x03, 0x00, 0x03, 0x00, 0x00, 0x00, 0x1f, 0x00, 0x00, 0x00, 0xfd, 0x00, 0x01, 0x00,
    0x38, 0x00, 0x01, 0x00
};

static const unsigned char k_ps_quad_dxil[] = {
    0x44, 0x58, 0x42, 0x43, 0x63, 0x81, 0x4b, 0x85, 0x42, 0x3a, 0xae, 0xff, 0x8f, 0x77, 0xb7, 0xa6,
    0xa6, 0xba, 0x80, 0xc6, 0x01, 0x00, 0x00, 0x00, 0xb4, 0x0f, 0x00, 0x00, 0x07, 0x00, 0x00, 0x00,
    0x3c, 0x00, 0x00, 0x00, 0x4c, 0x00, 0x00, 0x00, 0xb4, 0x00, 0x00, 0x00, 0xf0, 0x00, 0x00, 0x00,
    0xdc, 0x01, 0x00, 0x00, 0x94, 0x08, 0x00, 0x00, 0xb0, 0x08, 0x00, 0x00, 0x53, 0x46, 0x49, 0x30,
    0x08, 0x00, 0x00, 0x00, 0x00, 0x00, 0x00, 0x00, 0x00, 0x00, 0x00, 0x00, 0x49, 0x53, 0x47, 0x31,
    0x60, 0x00, 0x00, 0x00, 0x02, 0x00, 0x00, 0x00, 0x08, 0x00, 0x00, 0x00, 0x00, 0x00, 0x00, 0x00,
    0x48, 0x00, 0x00, 0x00, 0x00, 0x00, 0x00, 0x00, 0x01, 0x00, 0x00, 0x00, 0x03, 0x00, 0x00, 0x00,
    0x00, 0x00, 0x00, 0x00, 0x0f, 0x00, 0x00, 0x00, 0x00, 0x00, 0x00, 0x00, 0x00, 0x00, 0x00, 0x00,
    0x54, 0x00, 0x00, 0x00, 0x00, 0x00, 0x00, 0x00, 0x00, 0x00, 0x00, 0x00, 0x03, 0x00, 0x00, 0x00,
    0x01, 0x00, 0x00, 0x00, 0x03, 0x03, 0x00, 0x00, 0x00, 0x00, 0x00, 0x00, 0x53, 0x56, 0x5f, 0x50,
    0x6f, 0x73, 0x69, 0x74, 0x69, 0x6f, 0x6e, 0x00, 0x54, 0x45, 0x58, 0x43, 0x4f, 0x4f, 0x52, 0x44,
    0x00, 0x00, 0x00, 0x00, 0x4f, 0x53, 0x47, 0x31, 0x34, 0x00, 0x00, 0x00, 0x01, 0x00, 0x00, 0x00,
    0x08, 0x00, 0x00, 0x00, 0x00, 0x00, 0x00, 0x00, 0x28, 0x00, 0x00, 0x00, 0x00, 0x00, 0x00, 0x00,
    0x40, 0x00, 0x00, 0x00, 0x03, 0x00, 0x00, 0x00, 0x00, 0x00, 0x00, 0x00, 0x0f, 0x00, 0x00, 0x00,
    0x00, 0x00, 0x00, 0x00, 0x53, 0x56, 0x5f, 0x54, 0x61, 0x72, 0x67, 0x65, 0x74, 0x00, 0x00, 0x00,
    0x50, 0x53, 0x56, 0x30, 0xe4, 0x00, 0x00, 0x00, 0x34, 0x00, 0x00, 0x00, 0x00, 0x00, 0x00, 0x00,
    0x00, 0x00, 0x00, 0x00, 0x00, 0x00, 0x00, 0x00, 0x00, 0x00, 0x00, 0x00, 0x00, 0x00, 0x00, 0x00,
    0xff, 0xff, 0xff, 0xff, 0x00, 0x00, 0x00, 0x00, 0x02, 0x01, 0x00, 0x02, 0x01, 0x00, 0x00, 0x00,
    0x00, 0x00, 0x00, 0x00, 0x00, 0x00, 0x00, 0x00, 0x00, 0x00, 0x00, 0x00, 0x0a, 0x00, 0x00, 0x00,
    0x02, 0x00, 0x00, 0x00, 0x18, 0x00, 0x00, 0x00, 0x01, 0x00, 0x00, 0x00, 0x02, 0x00, 0x00, 0x00,
    0x00, 0x00, 0x00, 0x00, 0x00, 0x00, 0x00, 0x00, 0x0e, 0x00, 0x00, 0x00, 0x00, 0x00, 0x00, 0x00,
    0x03, 0x00, 0x00, 0x00, 0x02, 0x00, 0x00, 0x00, 0x00, 0x00, 0x00, 0x00, 0x00, 0x00, 0x00, 0x00,
    0x02, 0x00, 0x00, 0x00, 0x00, 0x00, 0x00, 0x00, 0x14, 0x00, 0x00, 0x00, 0x00, 0x54, 0x45, 0x58,
    0x43, 0x4f, 0x4f, 0x52, 0x44, 0x00, 0x70, 0x73, 0x5f, 0x71, 0x75, 0x61, 0x64, 0x00, 0x00, 0x00,
    0x01, 0x00, 0x00, 0x00, 0x00, 0x00, 0x00, 0x00, 0x10, 0x00, 0x00, 0x00, 0x00, 0x00, 0x00, 0x00,
    0x00, 0x00, 0x00, 0x00, 0x01, 0x00, 0x44, 0x03, 0x03, 0x04, 0x00, 0x00, 0x01, 0x00, 0x00, 0x00,
    0x00, 0x00, 0x00, 0x00, 0x01, 0x01, 0x42, 0x00, 0x03, 0x02, 0x00, 0x00, 0x00, 0x00, 0x00, 0x00,
    0x00, 0x00, 0x00, 0x00, 0x01, 0x00, 0x44, 0x10, 0x03, 0x00, 0x00, 0x00, 0x00, 0x00, 0x00, 0x00,
    0x00, 0x00, 0x00, 0x00, 0x00, 0x00, 0x00, 0x00, 0x00, 0x00, 0x00, 0x00, 0x07, 0x00, 0x00, 0x00,
    0x07, 0x00, 0x00, 0x00, 0x00, 0x00, 0x00, 0x00, 0x00, 0x00, 0x00, 0x00, 0x53, 0x54, 0x41, 0x54,
    0xb0, 0x06, 0x00, 0x00, 0x60, 0x00, 0x00, 0x00, 0xac, 0x01, 0x00, 0x00, 0x44, 0x58, 0x49, 0x4c,
    0x00, 0x01, 0x00, 0x00, 0x10, 0x00, 0x00, 0x00, 0x98, 0x06, 0x00, 0x00, 0x42, 0x43, 0xc0, 0xde,
    0x21, 0x0c, 0x00, 0x00, 0xa3, 0x01, 0x00, 0x00, 0x0b, 0x82, 0x20, 0x00, 0x02, 0x00, 0x00, 0x00,
    0x13, 0x00, 0x00, 0x00, 0x07, 0x81, 0x23, 0x91, 0x41, 0xc8, 0x04, 0x49, 0x06, 0x10, 0x32, 0x39,
    0x92, 0x01, 0x84, 0x0c, 0x25, 0x05, 0x08, 0x19, 0x1e, 0x04, 0x8b, 0x62, 0x80, 0x14, 0x45, 0x02,
    0x42, 0x92, 0x0b, 0x42, 0xa4, 0x10, 0x32, 0x14, 0x38, 0x08, 0x18, 0x4b, 0x0a, 0x32, 0x52, 0x88,
    0x48, 0x90, 0x14, 0x20, 0x43, 0x46, 0x88, 0xa5, 0x00, 0x19, 0x32, 0x42, 0xe4, 0x48, 0x0e, 0x90,
    0x91, 0x22, 0xc4, 0x50, 0x41, 0x51, 0x81, 0x8c, 0xe1, 0x83, 0xe5, 0x8a, 0x04, 0x29, 0x46, 0x06,
    0x51, 0x18, 0x00, 0x00, 0x08, 0x00, 0x00, 0x00, 0x1b, 0x8c, 0xe0, 0xff, 0xff, 0xff, 0xff, 0x07,
    0x40, 0x02, 0xa8, 0x0d, 0x84, 0xf0, 0xff, 0xff, 0xff, 0xff, 0x03, 0x20, 0x6d, 0x30, 0x86, 0xff,
    0xff, 0xff, 0xff, 0x1f, 0x00, 0x09, 0xa8, 0x00, 0x49, 0x18, 0x00, 0x00, 0x03, 0x00, 0x00, 0x00,
    0x13, 0x82, 0x60, 0x42, 0x20, 0x4c, 0x08, 0x06, 0x00, 0x00, 0x00, 0x00, 0x89, 0x20, 0x00, 0x00,
    0x44, 0x00, 0x00, 0x00, 0x32, 0x22, 0x48, 0x09, 0x20, 0x64, 0x85, 0x04, 0x93, 0x22, 0xa4, 0x84,
    0x04, 0x93, 0x22, 0xe3, 0x84, 0xa1, 0x90, 0x14, 0x12, 0x4c, 0x8a, 0x8c, 0x0b, 0x84, 0xa4, 0x4c,
    0x10, 0x70, 0x23, 0x00, 0x25, 0x00, 0x14, 0x66, 0x00, 0xe6, 0x08, 0xc0, 0x60, 0x8e, 0x00, 0x29,
    0xc6, 0x20, 0x84, 0x14, 0x42, 0xa6, 0x18, 0x80, 0x10, 0x52, 0x06, 0xa1, 0x39, 0x82, 0xa0, 0x0c,
    0x80, 0x28, 0x5a, 0x37, 0x0d, 0x97, 0x3f, 0x61, 0x0f, 0x21, 0xf9, 0x2b, 0x21, 0xad, 0xc4, 0xe4,
    0x17, 0xb7, 0x8d, 0x8a, 0x31, 0xc6, 0x20, 0x54, 0xee, 0x19, 0x2e, 0x7f, 0xc2, 0x1e, 0x42, 0xf2,
    0x43, 0xa0, 0x19, 0x16, 0x02, 0x05, 0xae, 0x30, 0x8d, 0xbc, 0x37, 0xc6, 0x18, 0x84, 0x90, 0x41,
    0xb0, 0x18, 0x8f, 0x14, 0x42, 0x14, 0xc9, 0x81, 0x80, 0x61, 0x04, 0x62, 0x98, 0xa9, 0x0d, 0xc6,
    0x81, 0x1d, 0xc2, 0x61, 0x1e, 0xe6, 0xc1, 0x0d, 0x68, 0xa1, 0x1c, 0xf0, 0x81, 0x1e, 0xea, 0x41,
    0x1e, 0xca, 0x41, 0x0e, 0x48, 0x81, 0x0f, 0xec, 0xa1, 0x1c, 0xc6, 0x81, 0x1e, 0xde, 0x41, 0x1e,
    0xf8, 0xc0, 0x1c, 0xd8, 0xe1, 0x1d, 0xc2, 0x81, 0x1e, 0xd8, 0x00, 0x0c, 0xe8, 0xc0, 0x0f, 0xc0,
    0xc0, 0x0f, 0xf4, 0x40, 0x0f, 0xda, 0x21, 0x1d, 0xe0, 0x61, 0x1e, 0x7e, 0x81, 0x1e, 0xf2, 0x01,
    0x1e, 0xca, 0x01, 0x05, 0x64, 0x26, 0x31, 0x18, 0x07, 0x76, 0x08, 0x87, 0x79, 0x98, 0x07, 0x37,
    0xa0, 0x85, 0x72, 0xc0, 0x07, 0x7a, 0xa8, 0x07, 0x79, 0x28, 0x07, 0x39, 0x20, 0x05, 0x3e, 0xb0,
    0x87, 0x72, 0x18, 0x07, 0x7a, 0x78, 0x07, 0x79, 0xe0, 0x03, 0x73, 0x60, 0x87, 0x77, 0x08, 0x07,
    0x7a, 0x60, 0x03, 0x30, 0xa0, 0x03, 0x3f, 0x00, 0x03, 0x3f, 0x40, 0x42, 0xb5, 0x74, 0x6f, 0x92,
    0xa6, 0x88, 0x12, 0x26, 0x9f, 0x05, 0x98, 0x67, 0x21, 0x22, 0x76, 0x02, 0x26, 0x02, 0x05, 0x84,
    0x72, 0x22, 0x10, 0x00, 0x13, 0x14, 0x72, 0xc0, 0x87, 0x74, 0x60, 0x87, 0x36, 0x68, 0x87, 0x79,
    0x68, 0x03, 0x72, 0xc0, 0x87, 0x0d, 0xaf, 0x50, 0x0e, 0x6d, 0xd0, 0x0e, 0x7a, 0x50, 0x0e, 0x6d,
    0x00, 0x0f, 0x7a, 0x30, 0x07, 0x72, 0xa0, 0x07, 0x73, 0x20, 0x07, 0x6d, 0x90, 0x0e, 0x71, 0xa0,
    0x07, 0x73, 0x20, 0x07, 0x6d, 0x90, 0x0e, 0x78, 0xa0, 0x07, 0x73, 0x20, 0x07, 0x6d, 0x90, 0x0e,
    0x71, 0x60, 0x07, 0x7a, 0x30, 0x07, 0x72, 0xd0, 0x06, 0xe9, 0x30, 0x07, 0x72, 0xa0, 0x07, 0x73,
    0x20, 0x07, 0x6d, 0x90, 0x0e, 0x76, 0x40, 0x07, 0x7a, 0x60, 0x07, 0x74, 0xd0, 0x06, 0xe6, 0x10,
    0x07, 0x76, 0xa0, 0x07, 0x73, 0x20, 0x07, 0x6d, 0x60, 0x0e, 0x73, 0x20, 0x07, 0x7a, 0x30, 0x07,
    0x72, 0xd0, 0x06, 0xe6, 0x60, 0x07, 0x74, 0xa0, 0x07, 0x76, 0x40, 0x07, 0x6d, 0xe0, 0x0e, 0x78,
    0xa0, 0x07, 0x71, 0x60, 0x07, 0x7a, 0x30, 0x07, 0x72, 0xa0, 0x07, 0x76, 0x40, 0x07, 0x43, 0x9e,
    0x00, 0x08, 0x00, 0x00, 0x00, 0x00, 0x00, 0x00, 0x00, 0x00, 0x00, 0x86, 0x3c, 0x06, 0x10, 0x00,
    0x01, 0x00, 0x00, 0x00, 0x00, 0x00, 0x00, 0x00, 0x0c, 0x79, 0x10, 0x20, 0x00, 0x04, 0x00, 0x00,
    0x00, 0x00, 0x00, 0x00, 0x00, 0x18, 0xf2, 0x2c, 0x40, 0x00, 0x08, 0x00, 0x00, 0x00, 0x00, 0x00,
    0x00, 0x00, 0x30, 0xe4, 0x81, 0x80, 0x00, 0x18, 0x00, 0x00, 0x00, 0x00, 0x00, 0x00, 0x00, 0x60,
    0xc8, 0x23, 0x01, 0x01, 0x30, 0x00, 0x00, 0x00, 0x00, 0x00, 0x00, 0x00, 0x40, 0x16, 0x08, 0x00,
    0x0f, 0x00, 0x00, 0x00, 0x32, 0x1e, 0x98, 0x14, 0x19, 0x11, 0x4c, 0x90, 0x8c, 0x09, 0x26, 0x47,
    0xc6, 0x04, 0x43, 0x22, 0x25, 0x30, 0x02, 0x50, 0x0c, 0x45, 0x50, 0x12, 0x65, 0x50, 0x1e, 0x85,
    0x50, 0x30, 0x54, 0x4a, 0xa2, 0x0c, 0x0a, 0x61, 0x04, 0xa0, 0x08, 0x0a, 0x84, 0xf0, 0x0c, 0x00,
    0xe9, 0x19, 0x00, 0xda, 0x63, 0x21, 0x06, 0x01, 0x00, 0x00, 0x70, 0x1c, 0x00, 0x00, 0x00, 0x00,
    0x79, 0x18, 0x00, 0x00, 0x83, 0x00, 0x00, 0x00, 0x1a, 0x03, 0x4c, 0x90, 0x46, 0x02, 0x13, 0xc4,
    0x8e, 0x0c, 0x6f, 0xec, 0xed, 0x4d, 0x0c, 0x24, 0xc6, 0x25, 0xc7, 0x45, 0xc6, 0x06, 0x26, 0xc7,
    0xa5, 0x06, 0x04, 0x05, 0x26, 0x46, 0xcc, 0x46, 0x26, 0x8c, 0x8c, 0xe6, 0x26, 0x65, 0x43, 0x10,
    0x4c, 0x10, 0x08, 0x63, 0x82, 0x40, 0x1c, 0x1b, 0x84, 0x81, 0xd8, 0x20, 0x10, 0x04, 0x05, 0xb8,
    0xb9, 0x09, 0x02, 0x81, 0x6c, 0x18, 0x0e, 0x84, 0x98, 0x20, 0x60, 0x15, 0x13, 0xb6, 0xb0, 0xbc,
    0x32, 0xb9, 0x2f, 0xba, 0x32, 0xbc, 0x09, 0x02, 0x91, 0x4c, 0x10, 0x08, 0x65, 0x83, 0x40, 0x34,
    0x1b, 0x12, 0x42, 0x59, 0x18, 0x62, 0x60, 0x08, 0x67, 0x43, 0xf0, 0x4c, 0x10, 0x34, 0x8b, 0x09,
    0x5b, 0x58, 0x5e, 0x99, 0xdc, 0xd7, 0x5c, 0x1b, 0xdc, 0x06, 0x84, 0x88, 0x24, 0x86, 0x18, 0x08,
    0x60, 0x43, 0x30, 0x6d, 0x20, 0x20, 0x00, 0xa0, 0x26, 0x08, 0x02, 0xb0, 0x01, 0xd8, 0x30, 0x10,
    0xd7, 0xb5, 0x21, 0xc0, 0x36, 0x0c, 0x83, 0x95, 0x4d, 0x10, 0xb6, 0x6b, 0x43, 0xb0, 0xf1, 0x80,
    0x9b, 0xfb, 0x8a, 0xab, 0x0b, 0x23, 0xe3, 0x32, 0x65, 0xf5, 0x05, 0xf5, 0x36, 0x97, 0x46, 0x97,
    0xf6, 0xe6, 0x36, 0x41, 0x28, 0x9e, 0x09, 0x42, 0x01, 0x6d, 0x08, 0x88, 0x09, 0x42, 0x11, 0x4d,
    0x10, 0x0a, 0x69, 0xc3, 0x42, 0x78, 0x1f, 0x18, 0x84, 0x81, 0x18, 0x0c, 0x62, 0x40, 0x8c, 0x01,
    0x40, 0x84, 0xaa, 0x08, 0x6b, 0xe8, 0xe9, 0x49, 0x8a, 0x68, 0x82, 0x50, 0x4c, 0x13, 0x04, 0x62,
    0xd9, 0x20, 0x9c, 0xc1, 0x19, 0x6c, 0x58, 0x86, 0x32, 0xf8, 0xc6, 0x20, 0x0c, 0xcc, 0x60, 0x30,
    0x83, 0x61, 0x0c, 0xd0, 0x60, 0x83, 0x40, 0x06, 0x69, 0xc0, 0x64, 0xca, 0xea, 0x8b, 0x2a, 0x4c,
    0xee, 0xac, 0x8c, 0x6e, 0x82, 0x50, 0x50, 0x13, 0x04, 0x82, 0xd9, 0x20, 0x9c, 0x41, 0x1b, 0x6c,
    0x58, 0x88, 0x35, 0xf8, 0xd8, 0x20, 0x0c, 0xc6, 0x60, 0x10, 0x03, 0x62, 0x0c, 0xdc, 0x60, 0x43,
    0xf0, 0x06, 0x1b, 0x06, 0x35, 0x80, 0x03, 0x60, 0x43, 0x61, 0x75, 0x71, 0x50, 0x01, 0x44, 0xc4,
    0xe4, 0xc2, 0xdc, 0xc6, 0xd0, 0xca, 0xe6, 0x68, 0x98, 0xb1, 0xbd, 0x85, 0xd1, 0xcd, 0x4d, 0x10,
    0x88, 0x86, 0x45, 0x9a, 0xdb, 0x1c, 0xdd, 0xdc, 0x04, 0x81, 0x70, 0x68, 0xcc, 0xa5, 0x9d, 0x7d,
    0xb1, 0x91, 0xd1, 0x98, 0x4b, 0x3b, 0xfb, 0x9a, 0xa3, 0x23, 0x42, 0x57, 0x86, 0xf7, 0xe5, 0xf6,
    0x26, 0xd7, 0xc6, 0xa2, 0x2e, 0xcd, 0x8d, 0x6e, 0x6e, 0x83, 0x33, 0x07, 0x03, 0x1d, 0xd4, 0x81,
    0x1d, 0xdc, 0x01, 0x1e, 0x30, 0x79, 0x50, 0x07, 0x7a, 0x30, 0xec, 0xc1, 0x19, 0x54, 0x61, 0x63,
    0xb3, 0x6b, 0x73, 0x49, 0x23, 0x2b, 0x73, 0xa3, 0x9b, 0x12, 0x04, 0x55, 0xc8, 0xf0, 0x5c, 0xec,
    0xca, 0xe4, 0xe6, 0xd2, 0xde, 0xdc, 0xa6, 0x04, 0x44, 0x13, 0x32, 0x3c, 0x17, 0xbb, 0x30, 0x36,
    0xbb, 0x32, 0xb9, 0x29, 0x41, 0x51, 0x87, 0x0c, 0xcf, 0x65, 0x0e, 0x2d, 0x8c, 0xac, 0x4c, 0xae,
    0xe9, 0x8d, 0xac, 0x8c, 0x6d, 0x4a, 0x80, 0x94, 0x21, 0xc3, 0x73, 0x91, 0x2b, 0x9b, 0x7b, 0xab,
    0x93, 0x1b, 0x2b, 0x9b, 0x9b, 0x12, 0x50, 0x95, 0xc8, 0xf0, 0x5c, 0xe8, 0xf2, 0xe0, 0xca, 0x82,
    0xdc, 0xdc, 0xde, 0xe8, 0xc2, 0xe8, 0xd2, 0xde, 0xdc, 0xe6, 0xa6, 0x04, 0x59, 0x1d, 0x32, 0x3c,
    0x17, 0xbb, 0xb4, 0xb2, 0xbb, 0x24, 0xb2, 0x29, 0xba, 0x30, 0xba, 0xb2, 0x29, 0xc1, 0x56, 0x87,
    0x0c, 0xcf, 0xa5, 0xcc, 0x8d, 0x4e, 0x2e, 0x0f, 0xea, 0x2d, 0xcd, 0x8d, 0x6e, 0x6e, 0x4a, 0x10,
    0x07, 0x5d, 0xc8, 0xf0, 0x5c, 0xc6, 0xde, 0xea, 0xdc, 0xe8, 0xca, 0xe4, 0xe6, 0xa6, 0x04, 0x7b,
    0x00, 0x00, 0x00, 0x00, 0x79, 0x18, 0x00, 0x00, 0x51, 0x00, 0x00, 0x00, 0x33, 0x08, 0x80, 0x1c,
    0xc4, 0xe1, 0x1c, 0x66, 0x14, 0x01, 0x3d, 0x88, 0x43, 0x38, 0x84, 0xc3, 0x8c, 0x42, 0x80, 0x07,
    0x79, 0x78, 0x07, 0x73, 0x98, 0x71, 0x0c, 0xe6, 0x00, 0x0f, 0xed, 0x10, 0x0e, 0xf4, 0x80, 0x0e,
    0x33, 0x0c, 0x42, 0x1e, 0xc2, 0xc1, 0x1d, 0xce, 0xa1, 0x1c, 0x66, 0x30, 0x05, 0x3d, 0x88, 0x43,
    0x38, 0x84, 0x83, 0x1b, 0xcc, 0x03, 0x3d, 0xc8, 0x43, 0x3d, 0x8c, 0x03, 0x3d, 0xcc, 0x78, 0x8c,
    0x74, 0x70, 0x07, 0x7b, 0x08, 0x07, 0x79, 0x48, 0x87, 0x70, 0x70, 0x07, 0x7a, 0x70, 0x03, 0x76,
    0x78, 0x87, 0x70, 0x20, 0x87, 0x19, 0xcc, 0x11, 0x0e, 0xec, 0x90, 0x0e, 0xe1, 0x30, 0x0f, 0x6e,
    0x30, 0x0f, 0xe3, 0xf0, 0x0e, 0xf0, 0x50, 0x0e, 0x33, 0x10, 0xc4, 0x1d, 0xde, 0x21, 0x1c, 0xd8,
    0x21, 0x1d, 0xc2, 0x61, 0x1e, 0x66, 0x30, 0x89, 0x3b, 0xbc, 0x83, 0x3b, 0xd0, 0x43, 0x39, 0xb4,
    0x03, 0x3c, 0xbc, 0x83, 0x3c, 0x84, 0x03, 0x3b, 0xcc, 0xf0, 0x14, 0x76, 0x60, 0x07, 0x7b, 0x68,
    0x07, 0x37, 0x68, 0x87, 0x72, 0x68, 0x07, 0x37, 0x80, 0x87, 0x70, 0x90, 0x87, 0x70, 0x60, 0x07,
    0x76, 0x28, 0x07, 0x76, 0xf8, 0x05, 0x76, 0x78, 0x87, 0x77, 0x80, 0x87, 0x5f, 0x08, 0x87, 0x71,
    0x18, 0x87, 0x72, 0x98, 0x87, 0x79, 0x98, 0x81, 0x2c, 0xee, 0xf0, 0x0e, 0xee, 0xe0, 0x0e, 0xf5,
    0xc0, 0x0e, 0xec, 0x30, 0x03, 0x62, 0xc8, 0xa1, 0x1c, 0xe4, 0xa1, 0x1c, 0xcc, 0xa1, 0x1c, 0xe4,
    0xa1, 0x1c, 0xdc, 0x61, 0x1c, 0xca, 0x21, 0x1c, 0xc4, 0x81, 0x1d, 0xca, 0x61, 0x06, 0xd6, 0x90,
    0x43, 0x39, 0xc8, 0x43, 0x39, 0x98, 0x43, 0x39, 0xc8, 0x43, 0x39, 0xb8, 0xc3, 0x38, 0x94, 0x43,
    0x38, 0x88, 0x03, 0x3b, 0x94, 0xc3, 0x2f, 0xbc, 0x83, 0x3c, 0xfc, 0x82, 0x3b, 0xd4, 0x03, 0x3b,
    0xb0, 0xc3, 0x0c, 0xc4, 0x21, 0x07, 0x7c, 0x70, 0x03, 0x7a, 0x28, 0x87, 0x76, 0x80, 0x87, 0x19,
    0xd1, 0x43, 0x0e, 0xf8, 0xe0, 0x06, 0xe4, 0x20, 0x0e, 0xe7, 0xe0, 0x06, 0xf6, 0x10, 0x0e, 0xf2,
    0xc0, 0x0e, 0xe1, 0x90, 0x0f, 0xef, 0x50, 0x0f, 0xf4, 0x30, 0x83, 0x81, 0xc8, 0x01, 0x1f, 0xdc,
    0x40, 0x1c, 0xe4, 0xa1, 0x1c, 0xc2, 0x61, 0x1d, 0xdc, 0x40, 0x1c, 0xe4, 0x01, 0x00, 0x00, 0x00,
    0x71, 0x20, 0x00, 0x00, 0x16, 0x00, 0x00, 0x00, 0x56, 0x20, 0x0d, 0x97, 0xef, 0x3c, 0xbe, 0x10,
    0x11, 0xc0, 0x44, 0x84, 0x40, 0x33, 0x2c, 0x84, 0x0d, 0x34, 0xc3, 0xe5, 0x3b, 0x8f, 0x3f, 0x20,
    0x92, 0x00, 0x44, 0x83, 0x05, 0x4c, 0xc3, 0xe5, 0x3b, 0x8f, 0xbf, 0x38, 0xc0, 0x20, 0x36, 0x0f,
    0x35, 0xf9, 0xc5, 0x6d, 0x1b, 0x01, 0x34, 0x5c, 0xbe, 0xf3, 0xf8, 0x12, 0xc0, 0x3c, 0x0b, 0xe1,
    0x17, 0xb7, 0x6d, 0x02, 0xd5, 0x70, 0xf9, 0xce, 0xe3, 0x4b, 0x93, 0x13, 0x11, 0x28, 0x35, 0x3d,
    0xd4, 0xe4, 0x17, 0xb7, 0x6d, 0x00, 0xc7, 0x23, 0xfd, 0x10, 0x05, 0x0c, 0x00, 0x00, 0x00, 0x00,
    0x00, 0x00, 0x00, 0x00, 0x48, 0x41, 0x53, 0x48, 0x14, 0x00, 0x00, 0x00, 0x00, 0x00, 0x00, 0x00,
    0x9e, 0xf7, 0xe9, 0xf2, 0xba, 0x6d, 0xf9, 0x97, 0x4c, 0xcd, 0xc1, 0xf4, 0x1a, 0x22, 0x5d, 0x72,
    0x44, 0x58, 0x49, 0x4c, 0xfc, 0x06, 0x00, 0x00, 0x60, 0x00, 0x00, 0x00, 0xbf, 0x01, 0x00, 0x00,
    0x44, 0x58, 0x49, 0x4c, 0x00, 0x01, 0x00, 0x00, 0x10, 0x00, 0x00, 0x00, 0xe4, 0x06, 0x00, 0x00,
    0x42, 0x43, 0xc0, 0xde, 0x21, 0x0c, 0x00, 0x00, 0xb6, 0x01, 0x00, 0x00, 0x0b, 0x82, 0x20, 0x00,
    0x02, 0x00, 0x00, 0x00, 0x13, 0x00, 0x00, 0x00, 0x07, 0x81, 0x23, 0x91, 0x41, 0xc8, 0x04, 0x49,
    0x06, 0x10, 0x32, 0x39, 0x92, 0x01, 0x84, 0x0c, 0x25, 0x05, 0x08, 0x19, 0x1e, 0x04, 0x8b, 0x62,
    0x80, 0x14, 0x45, 0x02, 0x42, 0x92, 0x0b, 0x42, 0xa4, 0x10, 0x32, 0x14, 0x38, 0x08, 0x18, 0x4b,
    0x0a, 0x32, 0x52, 0x88, 0x48, 0x90, 0x14, 0x20, 0x43, 0x46, 0x88, 0xa5, 0x00, 0x19, 0x32, 0x42,
    0xe4, 0x48, 0x0e, 0x90, 0x91, 0x22, 0xc4, 0x50, 0x41, 0x51, 0x81, 0x8c, 0xe1, 0x83, 0xe5, 0x8a,
    0x04, 0x29, 0x46, 0x06, 0x51, 0x18, 0x00, 0x00, 0x08, 0x00, 0x00, 0x00, 0x1b, 0x8c, 0xe0, 0xff,
    0xff, 0xff, 0xff, 0x07, 0x40, 0x02, 0xa8, 0x0d, 0x84, 0xf0, 0xff, 0xff, 0xff, 0xff, 0x03, 0x20,
    0x6d, 0x30, 0x86, 0xff, 0xff, 0xff, 0xff, 0x1f, 0x00, 0x09, 0xa8, 0x00, 0x49, 0x18, 0x00, 0x00,
    0x03, 0x00, 0x00, 0x00, 0x13, 0x82, 0x60, 0x42, 0x20, 0x4c, 0x08, 0x06, 0x00, 0x00, 0x00, 0x00,
    0x89, 0x20, 0x00, 0x00, 0x45, 0x00, 0x00, 0x00, 0x32, 0x22, 0x48, 0x09, 0x20, 0x64, 0x85, 0x04,
    0x93, 0x22, 0xa4, 0x84, 0x04, 0x93, 0x22, 0xe3, 0x84, 0xa1, 0x90, 0x14, 0x12, 0x4c, 0x8a, 0x8c,
    0x0b, 0x84, 0xa4, 0x4c, 0x10, 0x74, 0x23, 0x00, 0x25, 0x00, 0x14, 0x66, 0x00, 0xe6, 0x08, 0xc0,
    0x60, 0x8e, 0x00, 0x29, 0xc6, 0x20, 0x84, 0x14, 0x42, 0xa6, 0x18, 0x80, 0x10, 0x52, 0x06, 0xa1,
    0x39, 0x82, 0xa0, 0x0c, 0x80, 0x28, 0x5a, 0x37, 0x0d, 0x97, 0x3f, 0x61, 0x0f, 0x21, 0xf9, 0x2b,
    0x21, 0xad, 0xc4, 0xe4, 0x17, 0xb7, 0x8d, 0x8a, 0x31, 0xc6, 0x20, 0x54, 0xee, 0x19, 0x2e, 0x7f,
    0xc2, 0x1e, 0x42, 0xf2, 0x43, 0xa0, 0x19, 0x16, 0x02, 0x05, 0xae, 0x30, 0x8d, 0xbc, 0x37, 0xc6,
    0x18, 0x84, 0x90, 0x41, 0xb0, 0x18, 0x8f, 0x14, 0x42, 0x14, 0xc9, 0x81, 0x80, 0x61, 0x04, 0x62,
    0x98, 0xa9, 0x0d, 0xc6, 0x81, 0x1d, 0xc2, 0x61, 0x1e, 0xe6, 0xc1, 0x0d, 0x68, 0xa1, 0x1c, 0xf0,
    0x81, 0x1e, 0xea, 0x41, 0x1e, 0xca, 0x41, 0x0e, 0x48, 0x81, 0x0f, 0xec, 0xa1, 0x1c, 0xc6, 0x81,
    0x1e, 0xde, 0x41, 0x1e, 0xf8, 0xc0, 0x1c, 0xd8, 0xe1, 0x1d, 0xc2, 0x81, 0x1e, 0xd8, 0x00, 0x0c,
    0xe8, 0xc0, 0x0f, 0xc0, 0xc0, 0x0f, 0xf4, 0x40, 0x0f, 0xda, 0x21, 0x1d, 0xe0, 0x61, 0x1e, 0x7e,
    0x81, 0x1e, 0xf2, 0x01, 0x1e, 0xca, 0x01, 0x05, 0x64, 0x26, 0x31, 0x18, 0x07, 0x76, 0x08, 0x87,
    0x79, 0x98, 0x07, 0x37, 0xa0, 0x85, 0x72, 0xc0, 0x07, 0x7a, 0xa8, 0x07, 0x79, 0x28, 0x07, 0x39,
    0x20, 0x05, 0x3e, 0xb0, 0x87, 0x72, 0x18, 0x07, 0x7a, 0x78, 0x07, 0x79, 0xe0, 0x03, 0x73, 0x60,
    0x87, 0x77, 0x08, 0x07, 0x7a, 0x60, 0x03, 0x30, 0xa0, 0x03, 0x3f, 0x00, 0x03, 0x3f, 0x40, 0x42,
    0xb5, 0x74, 0x6f, 0x92, 0xa6, 0x88, 0x12, 0x26, 0x9f, 0x05, 0x98, 0x67, 0x21, 0x22, 0x76, 0x02,
    0x26, 0x02, 0x05, 0x84, 0x72, 0x22, 0x90, 0x29, 0x00, 0x00, 0x00, 0x00, 0x13, 0x14, 0x72, 0xc0,
    0x87, 0x74, 0x60, 0x87, 0x36, 0x68, 0x87, 0x79, 0x68, 0x03, 0x72, 0xc0, 0x87, 0x0d, 0xaf, 0x50,
    0x0e, 0x6d, 0xd0, 0x0e, 0x7a, 0x50, 0x0e, 0x6d, 0x00, 0x0f, 0x7a, 0x30, 0x07, 0x72, 0xa0, 0x07,
    0x73, 0x20, 0x07, 0x6d, 0x90, 0x0e, 0x71, 0xa0, 0x07, 0x73, 0x20, 0x07, 0x6d, 0x90, 0x0e, 0x78,
    0xa0, 0x07, 0x73, 0x20, 0x07, 0x6d, 0x90, 0x0e, 0x71, 0x60, 0x07, 0x7a, 0x30, 0x07, 0x72, 0xd0,
    0x06, 0xe9, 0x30, 0x07, 0x72, 0xa0, 0x07, 0x73, 0x20, 0x07, 0x6d, 0x90, 0x0e, 0x76, 0x40, 0x07,
    0x7a, 0x60, 0x07, 0x74, 0xd0, 0x06, 0xe6, 0x10, 0x07, 0x76, 0xa0, 0x07, 0x73, 0x20, 0x07, 0x6d,
    0x60, 0x0e, 0x73, 0x20, 0x07, 0x7a, 0x30, 0x07, 0x72, 0xd0, 0x06, 0xe6, 0x60, 0x07, 0x74, 0xa0,
    0x07, 0x76, 0x40, 0x07, 0x6d, 0xe0, 0x0e, 0x78, 0xa0, 0x07, 0x71, 0x60, 0x07, 0x7a, 0x30, 0x07,
    0x72, 0xa0, 0x07, 0x76, 0x40, 0x07, 0x43, 0x9e, 0x00, 0x00, 0x00, 0x00, 0x00, 0x00, 0x00, 0x00,
    0x00, 0x00, 0x00, 0x86, 0x3c, 0x06, 0x10, 0x00, 0x01, 0x00, 0x00, 0x00, 0x00, 0x00, 0x00, 0x00,
    0x0c, 0x79, 0x10, 0x20, 0x00, 0x04, 0x00, 0x00, 0x00, 0x00, 0x00, 0x00, 0x00, 0x18, 0xf2, 0x2c,
    0x40, 0x00, 0x08, 0x00, 0x00, 0x00, 0x00, 0x00, 0x00, 0x00, 0x30, 0xe4, 0x81, 0x80, 0x00, 0x18,
    0x00, 0x00, 0x00, 0x00, 0x00, 0x00, 0x00, 0x60, 0xc8, 0x23, 0x01, 0x01, 0x30, 0x00, 0x00, 0x00,
    0x00, 0x00, 0x00, 0x00, 0x40, 0x16, 0x08, 0x00, 0x0e, 0x00, 0x00, 0x00, 0x32, 0x1e, 0x98, 0x14,
    0x19, 0x11, 0x4c, 0x90, 0x8c, 0x09, 0x26, 0x47, 0xc6, 0x04, 0x43, 0x22, 0x25, 0x30, 0x02, 0x50,
    0x12, 0xc5, 0x50, 0x04, 0x65, 0x50, 0x1e, 0x54, 0x4a, 0xa2, 0x0c, 0x0a, 0x61, 0x04, 0xa0, 0x08,
    0x0a, 0x84, 0xf0, 0x0c, 0x00, 0xe9, 0x19, 0x00, 0xda, 0x63, 0x21, 0x06, 0x01, 0x00, 0x00, 0x70,
    0x1c, 0x00, 0x00, 0x00, 0x79, 0x18, 0x00, 0x00, 0x5b, 0x00, 0x00, 0x00, 0x1a, 0x03, 0x4c, 0x90,
    0x46, 0x02, 0x13, 0xc4, 0x8e, 0x0c, 0x6f, 0xec, 0xed, 0x4d, 0x0c, 0x24, 0xc6, 0x25, 0xc7, 0x45,
    0xc6, 0x06, 0x26, 0xc7, 0xa5, 0x06, 0x04, 0x05, 0x26, 0x46, 0xcc, 0x46, 0x26, 0x8c, 0x8c, 0xe6,
    0x26, 0x65, 0x43, 0x10, 0x4c, 0x10, 0x08, 0x63, 0x82, 0x40, 0x1c, 0x1b, 0x84, 0x81, 0x98, 0x20,
    0x10, 0xc8, 0x06, 0x61, 0x30, 0x28, 0xc0, 0xcd, 0x4d, 0x10, 0x88, 0x64, 0xc3, 0x80, 0x24, 0xc4,
    0x04, 0x01, 0x9b, 0x08, 0x4c, 0x10, 0x08, 0x65, 0x83, 0x40, 0x18, 0x1b, 0x12, 0x62, 0x61, 0x1a,
    0x62, 0x68, 0x08, 0x67, 0x43, 0xf0, 0x4c, 0x10, 0x34, 0x6a, 0x03, 0x42, 0x44, 0x4c, 0x43, 0x0c,
    0x04, 0xb0, 0x21, 0x90, 0x36, 0x10, 0x10, 0x00, 0x4c, 0x13, 0x84, 0xad, 0xda, 0x10, 0x54, 0x13,
    0x04, 0x01, 0xe0, 0x01, 0x37, 0xf7, 0x15, 0x57, 0x17, 0x46, 0xc6, 0x65, 0xca, 0xea, 0x0b, 0xea,
    0x6d, 0x2e, 0x8d, 0x2e, 0xed, 0xcd, 0x6d, 0x82, 0x50, 0x34, 0x13, 0x84, 0xc2, 0xd9, 0x10, 0x10,
    0x13, 0x84, 0xe2, 0x99, 0x20, 0x14, 0xd0, 0x86, 0x85, 0xc8, 0xb4, 0x8d, 0xeb, 0x86, 0x8e, 0xf0,
    0x00, 0x22, 0x54, 0x45, 0x58, 0x43, 0x4f, 0x4f, 0x52, 0x44, 0x13, 0x84, 0x22, 0x9a, 0x20, 0x10,
    0xcb, 0x06, 0x41, 0x0c, 0xc4, 0x60, 0xc3, 0x32, 0x80, 0x81, 0xe6, 0x71, 0x61, 0x30, 0x84, 0xc1,
    0xe0, 0x8d, 0xc1, 0x06, 0xe1, 0x23, 0x03, 0x26, 0x53, 0x56, 0x5f, 0x54, 0x61, 0x72, 0x67, 0x65,
    0x74, 0x13, 0x84, 0x42, 0x9a, 0x20, 0x10, 0xcc, 0x06, 0x41, 0x0c, 0xd0, 0x60, 0xc3, 0x42, 0x98,
    0x81, 0x76, 0x06, 0x9c, 0x37, 0x74, 0x84, 0x97, 0x06, 0x1b, 0x02, 0x35, 0xd8, 0x30, 0x94, 0xc1,
    0x1a, 0x00, 0x1b, 0x8a, 0x0b, 0x63, 0x03, 0x0a, 0xa8, 0xc2, 0xc6, 0x66, 0xd7, 0xe6, 0x92, 0x46,
    0x56, 0xe6, 0x46, 0x37, 0x25, 0x08, 0xaa, 0x90, 0xe1, 0xb9, 0xd8, 0x95, 0xc9, 0xcd, 0xa5, 0xbd,
    0xb9, 0x4d, 0x09, 0x88, 0x26, 0x64, 0x78, 0x2e, 0x76, 0x61, 0x6c, 0x76, 0x65, 0x72, 0x53, 0x02,
    0xa3, 0x0e, 0x19, 0x9e, 0xcb, 0x1c, 0x5a, 0x18, 0x59, 0x99, 0x5c, 0xd3, 0x1b, 0x59, 0x19, 0xdb,
    0x94, 0x20, 0x29, 0x43, 0x86, 0xe7, 0x22, 0x57, 0x36, 0xf7, 0x56, 0x27, 0x37, 0x56, 0x36, 0x37,
    0x25, 0x98, 0xea, 0x90, 0xe1, 0xb9, 0xd8, 0xa5, 0x95, 0xdd, 0x25, 0x91, 0x4d, 0xd1, 0x85, 0xd1,
    0x95, 0x4d, 0x09, 0xaa, 0x3a, 0x64, 0x78, 0x2e, 0x65, 0x6e, 0x74, 0x72, 0x79, 0x50, 0x6f, 0x69,
    0x6e, 0x74, 0x73, 0x53, 0x02, 0x36, 0x00, 0x00, 0x79, 0x18, 0x00, 0x00, 0x51, 0x00, 0x00, 0x00,
    0x33, 0x08, 0x80, 0x1c, 0xc4, 0xe1, 0x1c, 0x66, 0x14, 0x01, 0x3d, 0x88, 0x43, 0x38, 0x84, 0xc3,
    0x8c, 0x42, 0x80, 0x07, 0x79, 0x78, 0x07, 0x73, 0x98, 0x71, 0x0c, 0xe6, 0x00, 0x0f, 0xed, 0x10,
    0x0e, 0xf4, 0x80, 0x0e, 0x33, 0x0c, 0x42, 0x1e, 0xc2, 0xc1, 0x1d, 0xce, 0xa1, 0x1c, 0x66, 0x30,
    0x05, 0x3d, 0x88, 0x43, 0x38, 0x84, 0x83, 0x1b, 0xcc, 0x03, 0x3d, 0xc8, 0x43, 0x3d, 0x8c, 0x03,
    0x3d, 0xcc, 0x78, 0x8c, 0x74, 0x70, 0x07, 0x7b, 0x08, 0x07, 0x79, 0x48, 0x87, 0x70, 0x70, 0x07,
    0x7a, 0x70, 0x03, 0x76, 0x78, 0x87, 0x70, 0x20, 0x87, 0x19, 0xcc, 0x11, 0x0e, 0xec, 0x90, 0x0e,
    0xe1, 0x30, 0x0f, 0x6e, 0x30, 0x0f, 0xe3, 0xf0, 0x0e, 0xf0, 0x50, 0x0e, 0x33, 0x10, 0xc4, 0x1d,
    0xde, 0x21, 0x1c, 0xd8, 0x21, 0x1d, 0xc2, 0x61, 0x1e, 0x66, 0x30, 0x89, 0x3b, 0xbc, 0x83, 0x3b,
    0xd0, 0x43, 0x39, 0xb4, 0x03, 0x3c, 0xbc, 0x83, 0x3c, 0x84, 0x03, 0x3b, 0xcc, 0xf0, 0x14, 0x76,
    0x60, 0x07, 0x7b, 0x68, 0x07, 0x37, 0x68, 0x87, 0x72, 0x68, 0x07, 0x37, 0x80, 0x87, 0x70, 0x90,
    0x87, 0x70, 0x60, 0x07, 0x76, 0x28, 0x07, 0x76, 0xf8, 0x05, 0x76, 0x78, 0x87, 0x77, 0x80, 0x87,
    0x5f, 0x08, 0x87, 0x71, 0x18, 0x87, 0x72, 0x98, 0x87, 0x79, 0x98, 0x81, 0x2c, 0xee, 0xf0, 0x0e,
    0xee, 0xe0, 0x0e, 0xf5, 0xc0, 0x0e, 0xec, 0x30, 0x03, 0x62, 0xc8, 0xa1, 0x1c, 0xe4, 0xa1, 0x1c,
    0xcc, 0xa1, 0x1c, 0xe4, 0xa1, 0x1c, 0xdc, 0x61, 0x1c, 0xca, 0x21, 0x1c, 0xc4, 0x81, 0x1d, 0xca,
    0x61, 0x06, 0xd6, 0x90, 0x43, 0x39, 0xc8, 0x43, 0x39, 0x98, 0x43, 0x39, 0xc8, 0x43, 0x39, 0xb8,
    0xc3, 0x38, 0x94, 0x43, 0x38, 0x88, 0x03, 0x3b, 0x94, 0xc3, 0x2f, 0xbc, 0x83, 0x3c, 0xfc, 0x82,
    0x3b, 0xd4, 0x03, 0x3b, 0xb0, 0xc3, 0x0c, 0xc4, 0x21, 0x07, 0x7c, 0x70, 0x03, 0x7a, 0x28, 0x87,
    0x76, 0x80, 0x87, 0x19, 0xd1, 0x43, 0x0e, 0xf8, 0xe0, 0x06, 0xe4, 0x20, 0x0e, 0xe7, 0xe0, 0x06,
    0xf6, 0x10, 0x0e, 0xf2, 0xc0, 0x0e, 0xe1, 0x90, 0x0f, 0xef, 0x50, 0x0f, 0xf4, 0x30, 0x83, 0x81,
    0xc8, 0x01, 0x1f, 0xdc, 0x40, 0x1c, 0xe4, 0xa1, 0x1c, 0xc2, 0x61, 0x1d, 0xdc, 0x40, 0x1c, 0xe4,
    0x01, 0x00, 0x00, 0x00, 0x71, 0x20, 0x00, 0x00, 0x16, 0x00, 0x00, 0x00, 0x56, 0x20, 0x0d, 0x97,
    0xef, 0x3c, 0xbe, 0x10, 0x11, 0xc0, 0x44, 0x84, 0x40, 0x33, 0x2c, 0x84, 0x0d, 0x34, 0xc3, 0xe5,
    0x3b, 0x8f, 0x3f, 0x20, 0x92, 0x00, 0x44, 0x83, 0x05, 0x4c, 0xc3, 0xe5, 0x3b, 0x8f, 0xbf, 0x38,
    0xc0, 0x20, 0x36, 0x0f, 0x35, 0xf9, 0xc5, 0x6d, 0x1b, 0x01, 0x34, 0x5c, 0xbe, 0xf3, 0xf8, 0x12,
    0xc0, 0x3c, 0x0b, 0xe1, 0x17, 0xb7, 0x6d, 0x02, 0xd5, 0x70, 0xf9, 0xce, 0xe3, 0x4b, 0x93, 0x13,
    0x11, 0x28, 0x35, 0x3d, 0xd4, 0xe4, 0x17, 0xb7, 0x6d, 0x00, 0xc7, 0x23, 0xfd, 0x10, 0x05, 0x0c,
    0x00, 0x00, 0x00, 0x00, 0x61, 0x20, 0x00, 0x00, 0x39, 0x00, 0x00, 0x00, 0x13, 0x04, 0x43, 0x2c,
    0x10, 0x00, 0x00, 0x00, 0x08, 0x00, 0x00, 0x00, 0xa4, 0x6a, 0x60, 0x04, 0x80, 0x4a, 0x09, 0x10,
    0x29, 0x85, 0x19, 0x80, 0x92, 0x2b, 0x84, 0xc2, 0x2b, 0xd2, 0x00, 0x1a, 0x63, 0x04, 0x20, 0x08,
    0x82, 0xf8, 0x37, 0x03, 0x30, 0x02, 0x00, 0x00, 0x23, 0x06, 0x09, 0x00, 0x82, 0x60, 0x20, 0x75,
    0x87, 0xb4, 0x6d, 0xcb, 0x88, 0x41, 0x02, 0x80, 0x20, 0x18, 0x48, 0x1e, 0x52, 0x71, 0x1c, 0x33,
    0x62, 0x90, 0x00, 0x20, 0x08, 0x06, 0xc6, 0x18, 0x20, 0x5e, 0x47, 0x29, 0x23, 0x06, 0x09, 0x00,
    0x82, 0x60, 0x60, 0x90, 0x41, 0xf2, 0x79, 0xcd, 0x32, 0x62, 0xf0, 0x00, 0x20, 0x08, 0x06, 0x90,
    0x18, 0x24, 0xc4, 0x20, 0x04, 0x86, 0xf1, 0x7d, 0x8c, 0x31, 0x9a, 0x10, 0x00, 0xa3, 0x09, 0x42,
    0x30, 0x9a, 0x30, 0x08, 0xa3, 0x09, 0xc4, 0x30, 0x1c, 0x41, 0x28, 0xc1, 0x37, 0x1c, 0x41, 0x2c,
    0xc1, 0x37, 0x1c, 0x41, 0x30, 0xc1, 0x37, 0x1c, 0x41, 0x34, 0xc1, 0x57, 0xc4, 0xa0, 0x35, 0x04,
    0x5a, 0x43, 0xa0, 0xb3, 0x0c, 0x81, 0x10, 0x8c, 0x18, 0x18, 0x00, 0x08, 0x82, 0xc1, 0xf2, 0x06,
    0x14, 0x37, 0x4b, 0x20, 0x8c, 0x18, 0x24, 0x00, 0x08, 0x82, 0x01, 0x02, 0x07, 0xd9, 0x1a, 0xac,
    0x81, 0x18, 0x2c, 0x23, 0x06, 0x09, 0x00, 0x82, 0x60, 0x80, 0xc0, 0x41, 0xb6, 0x06, 0x6b, 0xa0,
    0x29, 0x23, 0x06, 0x09, 0x00, 0x82, 0x60, 0x80, 0xc0, 0x41, 0xb6, 0x06, 0x6b, 0x10, 0x06, 0xc9,
    0x88, 0x41, 0x02, 0x80, 0x20, 0x18, 0x20, 0x70, 0x90, 0xad, 0xc1, 0x1a, 0x90, 0xc1, 0x84, 0x00,
    0x00, 0x00, 0x00, 0x00
};

static const char k_ps_quad_msl[] =
    "#include <metal_stdlib>\n"
    "#include <simd/simd.h>\n"
    "\n"
    "using namespace metal;\n"
    "\n"
    "struct main0_out\n"
    "{\n"
    "    float4 out_var_SV_Target [[color(0)]];\n"
    "};\n"
    "\n"
    "struct main0_in\n"
    "{\n"
    "    float2 in_var_TEXCOORD0 [[user(locn0)]];\n"
    "};\n"
    "\n"
    "fragment main0_out main0(main0_in in [[stage_in]], texture2d<float> layer_tex [[texture(0)]], sampler layer_texSmplr [[sampler(0)]])\n"
    "{\n"
    "    main0_out out = {};\n"
    "    float4 _23 = layer_tex.sample(layer_texSmplr, in.in_var_TEXCOORD0);\n"
    "    if (all(_23 == float4(0.0)))\n"
    "    {\n"
    "        discard_fragment();\n"
    "    }\n"
    "    out.out_var_SV_Target = float4(_23.xyz, 1.0);\n"
    "    return out;\n"
    "}\n"
    "\n"
    "";

static const unsigned char k_ps_tiles_back_spv[] = {
    0x03, 0x02, 0x23, 0x07, 0x00, 0x00, 0x01, 0x00, 0x00, 0x00, 0x0e, 0x00, 0x1a, 0x08, 0x00, 0x00,
    0x00, 0x00, 0x00, 0x00, 0x11, 0x00, 0x02, 0x00, 0x01, 0x00, 0x00, 0x00, 0x0b, 0x00, 0x06, 0x00,
    0x01, 0x00, 0x00, 0x00, 0x47, 0x4c, 0x53, 0x4c, 0x2e, 0x73, 0x74, 0x64, 0x2e, 0x34, 0x35, 0x30,
    0x00, 0x00, 0x00, 0x00, 0x0e, 0x00, 0x03, 0x00, 0x00, 0x00, 0x00, 0x00, 0x01, 0x00, 0x00, 0x00,
    0x0f, 0x00, 0x07, 0x00, 0x04, 0x00, 0x00, 0x00, 0x02, 0x00, 0x00, 0x00, 0x6d, 0x61, 0x69, 0x6e,
    0x00, 0x00, 0x00, 0x00, 0x03, 0x00, 0x00, 0x00, 0x04, 0x00, 0x00, 0x00, 0x10, 0x00, 0x03, 0x00,
    0x02, 0x00, 0x00, 0x00, 0x07, 0x00, 0x00, 0x00, 0x03, 0x00, 0x03, 0x00, 0x05, 0x00, 0x00, 0x00,
    0x58, 0x02, 0x00, 0x00, 0x05, 0x00, 0x09, 0x00, 0x05, 0x00, 0x00, 0x00, 0x74, 0x79, 0x70, 0x65,
    0x2e, 0x53, 0x74, 0x72, 0x75, 0x63, 0x74, 0x75, 0x72, 0x65, 0x64, 0x42, 0x75, 0x66, 0x66, 0x65,
    0x72, 0x2e, 0x75, 0x69, 0x6e, 0x74, 0x00, 0x00, 0x05, 0x00, 0x04, 0x00, 0x06, 0x00, 0x00, 0x00,
    0x74, 0x69, 0x6c, 0x65, 0x70, 0x69, 0x78, 0x00, 0x05, 0x00, 0x05, 0x00, 0x07, 0x00, 0x00, 0x00,
    0x74, 0x69, 0x6c, 0x65, 0x64, 0x61, 0x74, 0x61, 0x00, 0x00, 0x00, 0x00, 0x05, 0x00, 0x07, 0x00,
    0x04, 0x00, 0x00, 0x00, 0x6f, 0x75, 0x74, 0x2e, 0x76, 0x61, 0x72, 0x2e, 0x53, 0x56, 0x5f, 0x54,
    0x61, 0x72, 0x67, 0x65, 0x74, 0x00, 0x00, 0x00, 0x05, 0x00, 0x06, 0x00, 0x02, 0x00, 0x00, 0x00,
    0x70, 0x73, 0x5f, 0x74, 0x69, 0x6c, 0x65, 0x73, 0x5f, 0x62, 0x61, 0x63, 0x6b, 0x00, 0x00, 0x00,
    0x47, 0x00, 0x04, 0x00, 0x03, 0x00, 0x00, 0x00, 0x0b, 0x00, 0x00, 0x00, 0x0f, 0x00, 0x00, 0x00,
    0x47, 0x00, 0x04, 0x00, 0x04, 0x00, 0x00, 0x00, 0x1e, 0x00, 0x00, 0x00, 0x00, 0x00, 0x00, 0x00,
    0x47, 0x00, 0x04, 0x00, 0x06, 0x00, 0x00, 0x00, 0x22, 0x00, 0x00, 0x00, 0x02, 0x00, 0x00, 0x00,
    0x47, 0x00, 0x04, 0x00, 0x06, 0x00, 0x00, 0x00, 0x21, 0x00, 0x00, 0x00, 0x00, 0x00, 0x00, 0x00,
    0x47, 0x00, 0x04, 0x00, 0x07, 0x00, 0x00, 0x00, 0x22, 0x00, 0x00, 0x00, 0x02, 0x00, 0x00, 0x00,
    0x47, 0x00, 0x04, 0x00, 0x07, 0x00, 0x00, 0x00, 0x21, 0x00, 0x00, 0x00, 0x01, 0x00, 0x00, 0x00,
    0x47, 0x00, 0x04, 0x00, 0x08, 0x00, 0x00, 0x00, 0x06, 0x00, 0x00, 0x00, 0x04, 0x00, 0x00, 0x00,
    0x48, 0x00, 0x05, 0x00, 0x05, 0x00, 0x00, 0x00, 0x00, 0x00, 0x00, 0x00, 0x23, 0x00, 0x00, 0x00,
    0x00, 0x00, 0x00, 0x00, 0x48, 0x00, 0x04, 0x00, 0x05, 0x00, 0x00, 0x00, 0x00, 0x00, 0x00, 0x00,
    0x18, 0x00, 0x00, 0x00, 0x47, 0x00, 0x03, 0x00, 0x05, 0x00, 0x00, 0x00, 0x03, 0x00, 0x00, 0x00,
    0x15, 0x00, 0x04, 0x00, 0x09, 0x00, 0x00, 0x00, 0x20, 0x00, 0x00, 0x00, 0x00, 0x00, 0x00, 0x00,
    0x2b, 0x00, 0x04, 0x00, 0x09, 0x00, 0x00, 0x00, 0x0a, 0x00, 0x00, 0x00, 0x10, 0x00, 0x00, 0x00,
    0x2b, 0x00, 0x04, 0x00, 0x09, 0x00, 0x00, 0x00, 0x0b, 0x00, 0x00, 0x00, 0x10, 0x10, 0x00, 0x00,
    0x15, 0x00, 0x04, 0x00, 0x0c, 0x00, 0x00, 0x00, 0x20, 0x00, 0x00, 0x00, 0x01, 0x00, 0x00, 0x00,
    0x2b, 0x00, 0x04, 0x00, 0x0c, 0x00, 0x00, 0x00, 0x0d, 0x00, 0x00, 0x00, 0xf0, 0x01, 0x00, 0x00,
    0x2b, 0x00, 0x04, 0x00, 0x09, 0x00, 0x00, 0x00, 0x0e, 0x00, 0x00, 0x00, 0x00, 0x00, 0x00, 0x00,
    0x2b, 0x00, 0x04, 0x00, 0x09, 0x00, 0x00, 0x00, 0x0f, 0x00, 0x00, 0x00, 0x02, 0x00, 0x00, 0x00,
    0x2b, 0x00, 0x04, 0x00, 0x09, 0x00, 0x00, 0x00, 0x10, 0x00, 0x00, 0x00, 0x08, 0x00, 0x00, 0x00,
    0x2b, 0x00, 0x04, 0x00, 0x0c, 0x00, 0x00, 0x00, 0x11, 0x00, 0x00, 0x00, 0x00, 0x00, 0x00, 0x00,
    0x2b, 0x00, 0x04, 0x00, 0x09, 0x00, 0x00, 0x00, 0x12, 0x00, 0x00, 0x00, 0x01, 0x00, 0x00, 0x00,
    0x2b, 0x00, 0x04, 0x00, 0x0c, 0x00, 0x00, 0x00, 0x13, 0x00, 0x00, 0x00, 0x02, 0x00, 0x00, 0x00,
    0x2b, 0x00, 0x04, 0x00, 0x0c, 0x00, 0x00, 0x00, 0x14, 0x00, 0x00, 0x00, 0x01, 0x00, 0x00, 0x00,
    0x14, 0x00, 0x02, 0x00, 0x15, 0x00, 0x00, 0x00, 0x2a, 0x00, 0x03, 0x00, 0x15, 0x00, 0x00, 0x00,
    0x16, 0x00, 0x00, 0x00, 0x16, 0x00, 0x03, 0x00, 0x17, 0x00, 0x00, 0x00, 0x20, 0x00, 0x00, 0x00,
    0x2b, 0x00, 0x04, 0x00, 0x17, 0x00, 0x00, 0x00, 0x18, 0x00, 0x00, 0x00, 0x00, 0x00, 0x00, 0x3f,
    0x2b, 0x00, 0x04, 0x00, 0x17, 0x00, 0x00, 0x00, 0x19, 0x00, 0x00, 0x00, 0x00, 0x00, 0xf8, 0x43,
    0x2b, 0x00, 0x04, 0x00, 0x17, 0x00, 0x00, 0x00, 0x1a, 0x00, 0x00, 0x00, 0x00, 0x00, 0x00, 0x00,
    0x2b, 0x00, 0x04, 0x00, 0x17, 0x00, 0x00, 0x00, 0x1b, 0x00, 0x00, 0x00, 0x00, 0x80, 0xf7, 0x43,
    0x2b, 0x00, 0x04, 0x00, 0x09, 0x00, 0x00, 0x00, 0x1c, 0x00, 0x00, 0x00, 0x18, 0x00, 0x00, 0x00,
    0x2b, 0x00, 0x04, 0x00, 0x09, 0x00, 0x00, 0x00, 0x1d, 0x00, 0x00, 0x00, 0x1f, 0x00, 0x00, 0x00,
    0x2b, 0x00, 0x04, 0x00, 0x09, 0x00, 0x00, 0x00, 0x1e, 0x00, 0x00, 0x00, 0xff, 0x00, 0x00, 0x00,
    0x2b, 0x00, 0x04, 0x00, 0x17, 0x00, 0x00, 0x00, 0x1f, 0x00, 0x00, 0x00, 0x00, 0x00, 0x80, 0x3f,
    0x29, 0x00, 0x03, 0x00, 0x15, 0x00, 0x00, 0x00, 0x20, 0x00, 0x00, 0x00, 0x2b, 0x00, 0x04, 0x00,
    0x09, 0x00, 0x00, 0x00, 0x21, 0x00, 0x00, 0x00, 0x04, 0x00, 0x00, 0x00, 0x2b, 0x00, 0x04, 0x00,
    0x17, 0x00, 0x00, 0x00, 0x22, 0x00, 0x00, 0x00, 0x00, 0x00, 0x7f, 0x43, 0x17, 0x00, 0x04, 0x00,
    0x23, 0x00, 0x00, 0x00, 0x17, 0x00, 0x00, 0x00, 0x04, 0x00, 0x00, 0x00, 0x2b, 0x00, 0x04, 0x00,
    0x09, 0x00, 0x00, 0x00, 0x24, 0x00, 0x00, 0x00, 0x00, 0x80, 0x00, 0x00, 0x2b, 0x00, 0x04, 0x00,
    0x09, 0x00, 0x00, 0x00, 0x25, 0x00, 0x00, 0x00, 0x00, 0x60, 0x00, 0x00, 0x2b, 0x00, 0x04, 0x00,
    0x09, 0x00, 0x00, 0x00, 0x26, 0x00, 0x00, 0x00, 0x0d, 0x00, 0x00, 0x00, 0x2b, 0x00, 0x04, 0x00,
    0x09, 0x00, 0x00, 0x00, 0x27, 0x00, 0x00, 0x00, 0xff, 0x01, 0x00, 0x00, 0x2b, 0x00, 0x04, 0x00,
    0x09, 0x00, 0x00, 0x00, 0x28, 0x00, 0x00, 0x00, 0x00, 0x02, 0x00, 0x00, 0x2b, 0x00, 0x04, 0x00,
    0x09, 0x00, 0x00, 0x00, 0x29, 0x00, 0x00, 0x00, 0x00, 0x40, 0x00, 0x00, 0x2b, 0x00, 0x04, 0x00,
    0x09, 0x00, 0x00, 0x00, 0x2a, 0x00, 0x00, 0x00, 0x0f, 0x00, 0x00, 0x00, 0x2b, 0x00, 0x04, 0x00,
    0x09, 0x00, 0x00, 0x00, 0x2b, 0x00, 0x00, 0x00, 0xff, 0x0f, 0x00, 0x00, 0x2b, 0x00, 0x04, 0x00,
    0x09, 0x00, 0x00, 0x00, 0x2c, 0x00, 0x00, 0x00, 0x00, 0x68, 0x00, 0x00, 0x2b, 0x00, 0x04, 0x00,
    0x0c, 0x00, 0x00, 0x00, 0x2d, 0x00, 0x00, 0x00, 0x07, 0x00, 0x00, 0x00, 0x2b, 0x00, 0x04, 0x00,
    0x0c, 0x00, 0x00, 0x00, 0x2e, 0x00, 0x00, 0x00, 0x03, 0x00, 0x00, 0x00, 0x2b, 0x00, 0x04, 0x00,
    0x0c, 0x00, 0x00, 0x00, 0x2f, 0x00, 0x00, 0x00, 0x0f, 0x00, 0x00, 0x00, 0x2b, 0x00, 0x04, 0x00,
    0x09, 0x00, 0x00, 0x00, 0x30, 0x00, 0x00, 0x00, 0xff, 0xff, 0x00, 0x00, 0x2b, 0x00, 0x04, 0x00,
    0x09, 0x00, 0x00, 0x00, 0x31, 0x00, 0x00, 0x00, 0x00, 0x00, 0x04, 0x00, 0x2b, 0x00, 0x04, 0x00,
    0x0c, 0x00, 0x00, 0x00, 0x32, 0x00, 0x00, 0x00, 0xff, 0x01, 0x00, 0x00, 0x1d, 0x00, 0x03, 0x00,
    0x08, 0x00, 0x00, 0x00, 0x09, 0x00, 0x00, 0x00, 0x1e, 0x00, 0x03, 0x00, 0x05, 0x00, 0x00, 0x00,
    0x08, 0x00, 0x00, 0x00, 0x20, 0x00, 0x04, 0x00, 0x33, 0x00, 0x00, 0x00, 0x02, 0x00, 0x00, 0x00,
    0x05, 0x00, 0x00, 0x00, 0x20, 0x00, 0x04, 0x00, 0x34, 0x00, 0x00, 0x00, 0x01, 0x00, 0x00, 0x00,
    0x23, 0x00, 0x00, 0x00, 0x20, 0x00, 0x04, 0x00, 0x35, 0x00, 0x00, 0x00, 0x03, 0x00, 0x00, 0x00,
    0x23, 0x00, 0x00, 0x00, 0x13, 0x00, 0x02, 0x00, 0x36, 0x00, 0x00, 0x00, 0x21, 0x00, 0x03, 0x00,
    0x37, 0x00, 0x00, 0x00, 0x36, 0x00, 0x00, 0x00, 0x20, 0x00, 0x04, 0x00, 0x38, 0x00, 0x00, 0x00,
    0x02, 0x00, 0x00, 0x00, 0x09, 0x00, 0x00, 0x00, 0x3b, 0x00, 0x04, 0x00, 0x33, 0x00, 0x00, 0x00,
    0x06, 0x00, 0x00, 0x00, 0x02, 0x00, 0x00, 0x00, 0x3b, 0x00, 0x04, 0x00, 0x33, 0x00, 0x00, 0x00,
    0x07, 0x00, 0x00, 0x00, 0x02, 0x00, 0x00, 0x00, 0x3b, 0x00, 0x04, 0x00, 0x34, 0x00, 0x00, 0x00,
    0x03, 0x00, 0x00, 0x00, 0x01, 0x00, 0x00, 0x00, 0x3b, 0x00, 0x04, 0x00, 0x35, 0x00, 0x00, 0x00,
    0x04, 0x00, 0x00, 0x00, 0x03, 0x00, 0x00, 0x00, 0x2b, 0x00, 0x04, 0x00, 0x0c, 0x00, 0x00, 0x00,
    0x39, 0x00, 0x00, 0x00, 0xef, 0x01, 0x00, 0x00, 0x2b, 0x00, 0x04, 0x00, 0x09, 0x00, 0x00, 0x00,
    0x3a, 0x00, 0x00, 0x00, 0x10, 0x18, 0x00, 0x00, 0x2b, 0x00, 0x04, 0x00, 0x09, 0x00, 0x00, 0x00,
    0x3b, 0x00, 0x00, 0x00, 0x12, 0x18, 0x00, 0x00, 0x2b, 0x00, 0x04, 0x00, 0x09, 0x00, 0x00, 0x00,
    0x3c, 0x00, 0x00, 0x00, 0x11, 0x18, 0x00, 0x00, 0x2b, 0x00, 0x04, 0x00, 0x09, 0x00, 0x00, 0x00,
    0x3d, 0x00, 0x00, 0x00, 0x13, 0x18, 0x00, 0x00, 0x2b, 0x00, 0x04, 0x00, 0x09, 0x00, 0x00, 0x00,
    0x3e, 0x00, 0x00, 0x00, 0x03, 0x00, 0x00, 0x00, 0x2b, 0x00, 0x04, 0x00, 0x09, 0x00, 0x00, 0x00,
    0x3f, 0x00, 0x00, 0x00, 0x00, 0x04, 0x00, 0x00, 0x2b, 0x00, 0x04, 0x00, 0x09, 0x00, 0x00, 0x00,
    0x40, 0x00, 0x00, 0x00, 0x00, 0x00, 0x08, 0x00, 0x2b, 0x00, 0x04, 0x00, 0x09, 0x00, 0x00, 0x00,
    0x41, 0x00, 0x00, 0x00, 0x00, 0x06, 0x00, 0x00, 0x2b, 0x00, 0x04, 0x00, 0x09, 0x00, 0x00, 0x00,
    0x42, 0x00, 0x00, 0x00, 0x00, 0x00, 0x0c, 0x00, 0x2b, 0x00, 0x04, 0x00, 0x17, 0x00, 0x00, 0x00,
    0x43, 0x00, 0x00, 0x00, 0x81, 0x80, 0x80, 0x3b, 0x2c, 0x00, 0x07, 0x00, 0x23, 0x00, 0x00, 0x00,
    0x44, 0x00, 0x00, 0x00, 0x43, 0x00, 0x00, 0x00, 0x43, 0x00, 0x00, 0x00, 0x43, 0x00, 0x00, 0x00,
    0x43, 0x00, 0x00, 0x00, 0x20, 0x00, 0x04, 0x00, 0x45, 0x00, 0x00, 0x00, 0x01, 0x00, 0x00, 0x00,
    0x17, 0x00, 0x00, 0x00, 0x36, 0x00, 0x05, 0x00, 0x36, 0x00, 0x00, 0x00, 0x02, 0x00, 0x00, 0x00,
    0x00, 0x00, 0x00, 0x00, 0x37, 0x00, 0x00, 0x00, 0xf8, 0x00, 0x02, 0x00, 0x46, 0x00, 0x00, 0x00,
    0xf7, 0x00, 0x03, 0x00, 0x47, 0x00, 0x00, 0x00, 0x00, 0x00, 0x00, 0x00, 0xfb, 0x00, 0x03, 0x00,
    0x0e, 0x00, 0x00, 0x00, 0x48, 0x00, 0x00, 0x00, 0xf8, 0x00, 0x02, 0x00, 0x48, 0x00, 0x00, 0x00,
    0x41, 0x00, 0x06, 0x00, 0x38, 0x00, 0x00, 0x00, 0x49, 0x00, 0x00, 0x00, 0x07, 0x00, 0x00, 0x00,
    0x11, 0x00, 0x00, 0x00, 0x0e, 0x00, 0x00, 0x00, 0x3d, 0x00, 0x04, 0x00, 0x09, 0x00, 0x00, 0x00,
    0x4a, 0x00, 0x00, 0x00, 0x49, 0x00, 0x00, 0x00, 0x7c, 0x00, 0x04, 0x00, 0x0c, 0x00, 0x00, 0x00,
    0x4b, 0x00, 0x00, 0x00, 0x4a, 0x00, 0x00, 0x00, 0x41, 0x00, 0x06, 0x00, 0x38, 0x00, 0x00, 0x00,
    0x4c, 0x00, 0x00, 0x00, 0x07, 0x00, 0x00, 0x00, 0x11, 0x00, 0x00, 0x00, 0x12, 0x00, 0x00, 0x00,
    0x3d, 0x00, 0x04, 0x00, 0x09, 0x00, 0x00, 0x00, 0x4d, 0x00, 0x00, 0x00, 0x4c, 0x00, 0x00, 0x00,
    0x41, 0x00, 0x06, 0x00, 0x38, 0x00, 0x00, 0x00, 0x4e, 0x00, 0x00, 0x00, 0x07, 0x00, 0x00, 0x00,
    0x11, 0x00, 0x00, 0x00, 0x0f, 0x00, 0x00, 0x00, 0x3d, 0x00, 0x04, 0x00, 0x09, 0x00, 0x00, 0x00,
    0x4f, 0x00, 0x00, 0x00, 0x4e, 0x00, 0x00, 0x00, 0x7c, 0x00, 0x04, 0x00, 0x0c, 0x00, 0x00, 0x00,
    0x50, 0x00, 0x00, 0x00, 0x4f, 0x00, 0x00, 0x00, 0x84, 0x00, 0x05, 0x00, 0x0c, 0x00, 0x00, 0x00,
    0x51, 0x00, 0x00, 0x00, 0x13, 0x00, 0x00, 0x00, 0x4b, 0x00, 0x00, 0x00, 0x80, 0x00, 0x05, 0x00,
    0x0c, 0x00, 0x00, 0x00, 0x52, 0x00, 0x00, 0x00, 0x0d, 0x00, 0x00, 0x00, 0x51, 0x00, 0x00, 0x00,
    0x41, 0x00, 0x05, 0x00, 0x45, 0x00, 0x00, 0x00, 0x53, 0x00, 0x00, 0x00, 0x03, 0x00, 0x00, 0x00,
    0x11, 0x00, 0x00, 0x00, 0x3d, 0x00, 0x04, 0x00, 0x17, 0x00, 0x00, 0x00, 0x54, 0x00, 0x00, 0x00,
    0x53, 0x00, 0x00, 0x00, 0x6e, 0x00, 0x04, 0x00, 0x0c, 0x00, 0x00, 0x00, 0x55, 0x00, 0x00, 0x00,
    0x54, 0x00, 0x00, 0x00, 0x87, 0x00, 0x05, 0x00, 0x0c, 0x00, 0x00, 0x00, 0x56, 0x00, 0x00, 0x00,
    0x55, 0x00, 0x00, 0x00, 0x50, 0x00, 0x00, 0x00, 0x82, 0x00, 0x05, 0x00, 0x0c, 0x00, 0x00, 0x00,
    0x57, 0x00, 0x00, 0x00, 0x56, 0x00, 0x00, 0x00, 0x4b, 0x00, 0x00, 0x00, 0x41, 0x00, 0x05, 0x00,
    0x45, 0x00, 0x00, 0x00, 0x58, 0x00, 0x00, 0x00, 0x03, 0x00, 0x00, 0x00, 0x14, 0x00, 0x00, 0x00,
    0x3d, 0x00, 0x04, 0x00, 0x17, 0x00, 0x00, 0x00, 0x59, 0x00, 0x00, 0x00, 0x58, 0x00, 0x00, 0x00,
    0x6e, 0x00, 0x04, 0x00, 0x0c, 0x00, 0x00, 0x00, 0x5a, 0x00, 0x00, 0x00, 0x59, 0x00, 0x00, 0x00,
    0x87, 0x00, 0x05, 0x00, 0x0c, 0x00, 0x00, 0x00, 0x5b, 0x00, 0x00, 0x00, 0x5a, 0x00, 0x00, 0x00,
    0x50, 0x00, 0x00, 0x00, 0xad, 0x00, 0x05, 0x00, 0x15, 0x00, 0x00, 0x00, 0x5c, 0x00, 0x00, 0x00,
    0x4b, 0x00, 0x00, 0x00, 0x11, 0x00, 0x00, 0x00, 0xf7, 0x00, 0x03, 0x00, 0x5d, 0x00, 0x00, 0x00,
    0x00, 0x00, 0x00, 0x00, 0xfa, 0x00, 0x04, 0x00, 0x5c, 0x00, 0x00, 0x00, 0x5e, 0x00, 0x00, 0x00,
    0x5d, 0x00, 0x00, 0x00, 0xf8, 0x00, 0x02, 0x00, 0x5e, 0x00, 0x00, 0x00, 0xaa, 0x00, 0x05, 0x00,
    0x15, 0x00, 0x00, 0x00, 0x5f, 0x00, 0x00, 0x00, 0x4d, 0x00, 0x00, 0x00, 0x0f, 0x00, 0x00, 0x00,
    0xf9, 0x00, 0x02, 0x00, 0x5d, 0x00, 0x00, 0x00, 0xf8, 0x00, 0x02, 0x00, 0x5d, 0x00, 0x00, 0x00,
    0xf5, 0x00, 0x07, 0x00, 0x15, 0x00, 0x00, 0x00, 0x60, 0x00, 0x00, 0x00, 0x16, 0x00, 0x00, 0x00,
    0x48, 0x00, 0x00, 0x00, 0x5f, 0x00, 0x00, 0x00, 0x5e, 0x00, 0x00, 0x00, 0xf7, 0x00, 0x03, 0x00,
    0x61, 0x00, 0x00, 0x00, 0x00, 0x00, 0x00, 0x00, 0xfa, 0x00, 0x04, 0x00, 0x60, 0x00, 0x00, 0x00,
    0x62, 0x00, 0x00, 0x00, 0x61, 0x00, 0x00, 0x00, 0xf8, 0x00, 0x02, 0x00, 0x62, 0x00, 0x00, 0x00,
    0x6f, 0x00, 0x04, 0x00, 0x17, 0x00, 0x00, 0x00, 0x63, 0x00, 0x00, 0x00, 0x56, 0x00, 0x00, 0x00,
    0x81, 0x00, 0x05, 0x00, 0x17, 0x00, 0x00, 0x00, 0x64, 0x00, 0x00, 0x00, 0x63, 0x00, 0x00, 0x00,
    0x18, 0x00, 0x00, 0x00, 0x85, 0x00, 0x05, 0x00, 0x17, 0x00, 0x00, 0x00, 0x65, 0x00, 0x00, 0x00,
    0x64, 0x00, 0x00, 0x00, 0x19, 0x00, 0x00, 0x00, 0x6f, 0x00, 0x04, 0x00, 0x17, 0x00, 0x00, 0x00,
    0x66, 0x00, 0x00, 0x00, 0x52, 0x00, 0x00, 0x00, 0x88, 0x00, 0x05, 0x00, 0x17, 0x00, 0x00, 0x00,
    0x67, 0x00, 0x00, 0x00, 0x65, 0x00, 0x00, 0x00, 0x66, 0x00, 0x00, 0x00, 0x83, 0x00, 0x05, 0x00,
    0x17, 0x00, 0x00, 0x00, 0x68, 0x00, 0x00, 0x00, 0x67, 0x00, 0x00, 0x00, 0x18, 0x00, 0x00, 0x00,
    0x0c, 0x00, 0x08, 0x00, 0x17, 0x00, 0x00, 0x00, 0x69, 0x00, 0x00, 0x00, 0x01, 0x00, 0x00, 0x00,
    0x2b, 0x00, 0x00, 0x00, 0x68, 0x00, 0x00, 0x00, 0x1a, 0x00, 0x00, 0x00, 0x1b, 0x00, 0x00, 0x00,
    0x6e, 0x00, 0x04, 0x00, 0x0c, 0x00, 0x00, 0x00, 0x6a, 0x00, 0x00, 0x00, 0x69, 0x00, 0x00, 0x00,
    0x80, 0x00, 0x05, 0x00, 0x0c, 0x00, 0x00, 0x00, 0x6b, 0x00, 0x00, 0x00, 0x6a, 0x00, 0x00, 0x00,
    0x14, 0x00, 0x00, 0x00, 0x0c, 0x00, 0x07, 0x00, 0x0c, 0x00, 0x00, 0x00, 0x6c, 0x00, 0x00, 0x00,
    0x01, 0x00, 0x00, 0x00, 0x27, 0x00, 0x00, 0x00, 0x6b, 0x00, 0x00, 0x00, 0x39, 0x00, 0x00, 0x00,
    0x6f, 0x00, 0x04, 0x00, 0x17, 0x00, 0x00, 0x00, 0x6d, 0x00, 0x00, 0x00, 0x6a, 0x00, 0x00, 0x00,
    0x83, 0x00, 0x05, 0x00, 0x17, 0x00, 0x00, 0x00, 0x6e, 0x00, 0x00, 0x00, 0x69, 0x00, 0x00, 0x00,
    0x6d, 0x00, 0x00, 0x00, 0xf7, 0x00, 0x03, 0x00, 0x6f, 0x00, 0x00, 0x00, 0x00, 0x00, 0x00, 0x00,
    0xfb, 0x00, 0x03, 0x00, 0x0e, 0x00, 0x00, 0x00, 0x70, 0x00, 0x00, 0x00, 0xf8, 0x00, 0x02, 0x00,
    0x70, 0x00, 0x00, 0x00, 0xf7, 0x00, 0x03, 0x00, 0x71, 0x00, 0x00, 0x00, 0x00, 0x00, 0x00, 0x00,
    0xfb, 0x00, 0x03, 0x00, 0x0e, 0x00, 0x00, 0x00, 0x72, 0x00, 0x00, 0x00, 0xf8, 0x00, 0x02, 0x00,
    0x72, 0x00, 0x00, 0x00, 0x41, 0x00, 0x06, 0x00, 0x38, 0x00, 0x00, 0x00, 0x73, 0x00, 0x00, 0x00,
    0x07, 0x00, 0x00, 0x00, 0x11, 0x00, 0x00, 0x00, 0x3a, 0x00, 0x00, 0x00, 0x3d, 0x00, 0x04, 0x00,
    0x09, 0x00, 0x00, 0x00, 0x74, 0x00, 0x00, 0x00, 0x73, 0x00, 0x00, 0x00, 0xc7, 0x00, 0x05, 0x00,
    0x09, 0x00, 0x00, 0x00, 0x75, 0x00, 0x00, 0x00, 0x74, 0x00, 0x00, 0x00, 0x30, 0x00, 0x00, 0x00,
    0x41, 0x00, 0x06, 0x00, 0x38, 0x00, 0x00, 0x00, 0x76, 0x00, 0x00, 0x00, 0x07, 0x00, 0x00, 0x00,
    0x11, 0x00, 0x00, 0x00, 0x3b, 0x00, 0x00, 0x00, 0x3d, 0x00, 0x04, 0x00, 0x09, 0x00, 0x00, 0x00,
    0x77, 0x00, 0x00, 0x00, 0x76, 0x00, 0x00, 0x00, 0xc7, 0x00, 0x05, 0x00, 0x09, 0x00, 0x00, 0x00,
    0x78, 0x00, 0x00, 0x00, 0x77, 0x00, 0x00, 0x00, 0x30, 0x00, 0x00, 0x00, 0x3d, 0x00, 0x04, 0x00,
    0x09, 0x00, 0x00, 0x00, 0x79, 0x00, 0x00, 0x00, 0x76, 0x00, 0x00, 0x00, 0xc7, 0x00, 0x05, 0x00,
    0x09, 0x00, 0x00, 0x00, 0x7a, 0x00, 0x00, 0x00, 0x77, 0x00, 0x00, 0x00, 0x24, 0x00, 0x00, 0x00,
    0xab, 0x00, 0x05, 0x00, 0x15, 0x00, 0x00, 0x00, 0x7b, 0x00, 0x00, 0x00, 0x7a, 0x00, 0x00, 0x00,
    0x0e, 0x00, 0x00, 0x00, 0xf7, 0x00, 0x03, 0x00, 0x7c, 0x00, 0x00, 0x00, 0x00, 0x00, 0x00, 0x00,
    0xfa, 0x00, 0x04, 0x00, 0x7b, 0x00, 0x00, 0x00, 0x7d, 0x00, 0x00, 0x00, 0x7c, 0x00, 0x00, 0x00,
    0xf8, 0x00, 0x02, 0x00, 0x7d, 0x00, 0x00, 0x00, 0xf9, 0x00, 0x02, 0x00, 0x71, 0x00, 0x00, 0x00,
    0xf8, 0x00, 0x02, 0x00, 0x7c, 0x00, 0x00, 0x00, 0xc7, 0x00, 0x05, 0x00, 0x09, 0x00, 0x00, 0x00,
    0x7e, 0x00, 0x00, 0x00, 0x79, 0x00, 0x00, 0x00, 0x25, 0x00, 0x00, 0x00, 0xab, 0x00, 0x05, 0x00,
    0x15, 0x00, 0x00, 0x00, 0x7f, 0x00, 0x00, 0x00, 0x7e, 0x00, 0x00, 0x00, 0x0e, 0x00, 0x00, 0x00,
    0xf7, 0x00, 0x03, 0x00, 0x80, 0x00, 0x00, 0x00, 0x00, 0x00, 0x00, 0x00, 0xfa, 0x00, 0x04, 0x00,
    0x7f, 0x00, 0x00, 0x00, 0x81, 0x00, 0x00, 0x00, 0x80, 0x00, 0x00, 0x00, 0xf8, 0x00, 0x02, 0x00,
    0x81, 0x00, 0x00, 0x00, 0xc2, 0x00, 0x05, 0x00, 0x09, 0x00, 0x00, 0x00, 0x82, 0x00, 0x00, 0x00,
    0x7e, 0x00, 0x00, 0x00, 0x26, 0x00, 0x00, 0x00, 0xc7, 0x00, 0x05, 0x00, 0x09, 0x00, 0x00, 0x00,
    0x83, 0x00, 0x00, 0x00, 0x77, 0x00, 0x00, 0x00, 0x27, 0x00, 0x00, 0x00, 0x7c, 0x00, 0x04, 0x00,
    0x0c, 0x00, 0x00, 0x00, 0x84, 0x00, 0x00, 0x00, 0x83, 0x00, 0x00, 0x00, 0x82, 0x00, 0x05, 0x00,
    0x09, 0x00, 0x00, 0x00, 0x85, 0x00, 0x00, 0x00, 0x0e, 0x00, 0x00, 0x00, 0x78, 0x00, 0x00, 0x00,
    0xc7, 0x00, 0x05, 0x00, 0x09, 0x00, 0x00, 0x00, 0x86, 0x00, 0x00, 0x00, 0x85, 0x00, 0x00, 0x00,
    0x27, 0x00, 0x00, 0x00, 0x7c, 0x00, 0x04, 0x00, 0x0c, 0x00, 0x00, 0x00, 0x87, 0x00, 0x00, 0x00,
    0x86, 0x00, 0x00, 0x00, 0xc7, 0x00, 0x05, 0x00, 0x09, 0x00, 0x00, 0x00, 0x88, 0x00, 0x00, 0x00,
    0x85, 0x00, 0x00, 0x00, 0x28, 0x00, 0x00, 0x00, 0xab, 0x00, 0x05, 0x00, 0x15, 0x00, 0x00, 0x00,
    0x89, 0x00, 0x00, 0x00, 0x88, 0x00, 0x00, 0x00, 0x0e, 0x00, 0x00, 0x00, 0xa9, 0x00, 0x06, 0x00,
    0x09, 0x00, 0x00, 0x00, 0x8a, 0x00, 0x00, 0x00, 0x89, 0x00, 0x00, 0x00, 0x0e, 0x00, 0x00, 0x00,
    0x12, 0x00, 0x00, 0x00, 0xc7, 0x00, 0x05, 0x00, 0x09, 0x00, 0x00, 0x00, 0x8b, 0x00, 0x00, 0x00,
    0x74, 0x00, 0x00, 0x00, 0x24, 0x00, 0x00, 0x00, 0xab, 0x00, 0x05, 0x00, 0x15, 0x00, 0x00, 0x00,
    0x8c, 0x00, 0x00, 0x00, 0x8b, 0x00, 0x00, 0x00, 0x0e, 0x00, 0x00, 0x00, 0xf7, 0x00, 0x03, 0x00,
    0x8d, 0x00, 0x00, 0x00, 0x00, 0x00, 0x00, 0x00, 0xfa, 0x00, 0x04, 0x00, 0x8c, 0x00, 0x00, 0x00,
    0x8e, 0x00, 0x00, 0x00, 0x8f, 0x00, 0x00, 0x00, 0xf8, 0x00, 0x02, 0x00, 0x8f, 0x00, 0x00, 0x00,
    0xc7, 0x00, 0x05, 0x00, 0x09, 0x00, 0x00, 0x00, 0x90, 0x00, 0x00, 0x00, 0x74, 0x00, 0x00, 0x00,
    0x27, 0x00, 0x00, 0x00, 0x7c, 0x00, 0x04, 0x00, 0x0c, 0x00, 0x00, 0x00, 0x91, 0x00, 0x00, 0x00,
    0x90, 0x00, 0x00, 0x00, 0x7e, 0x00, 0x04, 0x00, 0x0c, 0x00, 0x00, 0x00, 0x92, 0x00, 0x00, 0x00,
    0x91, 0x00, 0x00, 0x00, 0xaa, 0x00, 0x05, 0x00, 0x15, 0x00, 0x00, 0x00, 0x93, 0x00, 0x00, 0x00,
    0x82, 0x00, 0x00, 0x00, 0x12, 0x00, 0x00, 0x00, 0xf7, 0x00, 0x03, 0x00, 0x94, 0x00, 0x00, 0x00,
    0x00, 0x00, 0x00, 0x00, 0xfa, 0x00, 0x04, 0x00, 0x93, 0x00, 0x00, 0x00, 0x95, 0x00, 0x00, 0x00,
    0x96, 0x00, 0x00, 0x00, 0xf8, 0x00, 0x02, 0x00, 0x96, 0x00, 0x00, 0x00, 0xc7, 0x00, 0x05, 0x00,
    0x09, 0x00, 0x00, 0x00, 0x97, 0x00, 0x00, 0x00, 0x74, 0x00, 0x00, 0x00, 0x28, 0x00, 0x00, 0x00,
    0xab, 0x00, 0x05, 0x00, 0x15, 0x00, 0x00, 0x00, 0x98, 0x00, 0x00, 0x00, 0x97, 0x00, 0x00, 0x00,
    0x0e, 0x00, 0x00, 0x00, 0xa9, 0x00, 0x06, 0x00, 0x09, 0x00, 0x00, 0x00, 0x99, 0x00, 0x00, 0x00,
    0x98, 0x00, 0x00, 0x00, 0x0e, 0x00, 0x00, 0x00, 0x12, 0x00, 0x00, 0x00, 0xb1, 0x00, 0x05, 0x00,
    0x15, 0x00, 0x00, 0x00, 0x9a, 0x00, 0x00, 0x00, 0x6a, 0x00, 0x00, 0x00, 0x91, 0x00, 0x00, 0x00,
    0xf7, 0x00, 0x03, 0x00, 0x9b, 0x00, 0x00, 0x00, 0x00, 0x00, 0x00, 0x00, 0xfa, 0x00, 0x04, 0x00,
    0x9a, 0x00, 0x00, 0x00, 0x9c, 0x00, 0x00, 0x00, 0x9d, 0x00, 0x00, 0x00, 0xf8, 0x00, 0x02, 0x00,
    0x9d, 0x00, 0x00, 0x00, 0x53, 0x00, 0x04, 0x00, 0x09, 0x00, 0x00, 0x00, 0x9e, 0x00, 0x00, 0x00,
    0x12, 0x00, 0x00, 0x00, 0x53, 0x00, 0x04, 0x00, 0x09, 0x00, 0x00, 0x00, 0x9f, 0x00, 0x00, 0x00,
    0x0e, 0x00, 0x00, 0x00, 0xa9, 0x00, 0x06, 0x00, 0x09, 0x00, 0x00, 0x00, 0xa0, 0x00, 0x00, 0x00,
    0x98, 0x00, 0x00, 0x00, 0x12, 0x00, 0x00, 0x00, 0x0e, 0x00, 0x00, 0x00, 0xf9, 0x00, 0x02, 0x00,
    0x9b, 0x00, 0x00, 0x00, 0xf8, 0x00, 0x02, 0x00, 0x9c, 0x00, 0x00, 0x00, 0xf9, 0x00, 0x02, 0x00,
    0x9b, 0x00, 0x00, 0x00, 0xf8, 0x00, 0x02, 0x00, 0x9b, 0x00, 0x00, 0x00, 0xf5, 0x00, 0x07, 0x00,
    0x09, 0x00, 0x00, 0x00, 0xa1, 0x00, 0x00, 0x00, 0x99, 0x00, 0x00, 0x00, 0x9c, 0x00, 0x00, 0x00,
    0xa0, 0x00, 0x00, 0x00, 0x9d, 0x00, 0x00, 0x00, 0xf9, 0x00, 0x02, 0x00, 0x94, 0x00, 0x00, 0x00,
    0xf8, 0x00, 0x02, 0x00, 0x95, 0x00, 0x00, 0x00, 0xb1, 0x00, 0x05, 0x00, 0x15, 0x00, 0x00, 0x00,
    0xa2, 0x00, 0x00, 0x00, 0x5b, 0x00, 0x00, 0x00, 0x87, 0x00, 0x00, 0x00, 0xf7, 0x00, 0x03, 0x00,
    0xa3, 0x00, 0x00, 0x00, 0x00, 0x00, 0x00, 0x00, 0xfa, 0x00, 0x04, 0x00, 0xa2, 0x00, 0x00, 0x00,
    0xa4, 0x00, 0x00, 0x00, 0xa5, 0x00, 0x00, 0x00, 0xf8, 0x00, 0x02, 0x00, 0xa5, 0x00, 0x00, 0x00,
    0x53, 0x00, 0x04, 0x00, 0x09, 0x00, 0x00, 0x00, 0xa6, 0x00, 0x00, 0x00, 0x12, 0x00, 0x00, 0x00,
    0x53, 0x00, 0x04, 0x00, 0x09, 0x00, 0x00, 0x00, 0xa7, 0x00, 0x00, 0x00, 0x0e, 0x00, 0x00, 0x00,
    0xa9, 0x00, 0x06, 0x00, 0x09, 0x00, 0x00, 0x00, 0xa8, 0x00, 0x00, 0x00, 0x89, 0x00, 0x00, 0x00,
    0x12, 0x00, 0x00, 0x00, 0x0e, 0x00, 0x00, 0x00, 0xf9, 0x00, 0x02, 0x00, 0xa3, 0x00, 0x00, 0x00,
    0xf8, 0x00, 0x02, 0x00, 0xa4, 0x00, 0x00, 0x00, 0xf9, 0x00, 0x02, 0x00, 0xa3, 0x00, 0x00, 0x00,
    0xf8, 0x00, 0x02, 0x00, 0xa3, 0x00, 0x00, 0x00, 0xf5, 0x00, 0x07, 0x00, 0x09, 0x00, 0x00, 0x00,
    0xa9, 0x00, 0x00, 0x00, 0x8a, 0x00, 0x00, 0x00, 0xa4, 0x00, 0x00, 0x00, 0xa8, 0x00, 0x00, 0x00,
    0xa5, 0x00, 0x00, 0x00, 0xf9, 0x00, 0x02, 0x00, 0x94, 0x00, 0x00, 0x00, 0xf8, 0x00, 0x02, 0x00,
    0x94, 0x00, 0x00, 0x00, 0xf5, 0x00, 0x07, 0x00, 0x09, 0x00, 0x00, 0x00, 0xaa, 0x00, 0x00, 0x00,
    0xa9, 0x00, 0x00, 0x00, 0xa3, 0x00, 0x00, 0x00, 0xa1, 0x00, 0x00, 0x00, 0x9b, 0x00, 0x00, 0x00,
    0xf9, 0x00, 0x02, 0x00, 0x8d, 0x00, 0x00, 0x00, 0xf8, 0x00, 0x02, 0x00, 0x8e, 0x00, 0x00, 0x00,
    0x7c, 0x00, 0x04, 0x00, 0x09, 0x00, 0x00, 0x00, 0xab, 0x00, 0x00, 0x00, 0x5b, 0x00, 0x00, 0x00,
    0xc2, 0x00, 0x05, 0x00, 0x09, 0x00, 0x00, 0x00, 0xac, 0x00, 0x00, 0x00, 0xab, 0x00, 0x00, 0x00,
    0x12, 0x00, 0x00, 0x00, 0x80, 0x00, 0x05, 0x00, 0x09, 0x00, 0x00, 0x00, 0xad, 0x00, 0x00, 0x00,
    0x0b, 0x00, 0x00, 0x00, 0xac, 0x00, 0x00, 0x00, 0x41, 0x00, 0x06, 0x00, 0x38, 0x00, 0x00, 0x00,
    0xae, 0x00, 0x00, 0x00, 0x07, 0x00, 0x00, 0x00, 0x11, 0x00, 0x00, 0x00, 0xad, 0x00, 0x00, 0x00,
    0x3d, 0x00, 0x04, 0x00, 0x09, 0x00, 0x00, 0x00, 0xaf, 0x00, 0x00, 0x00, 0xae, 0x00, 0x00, 0x00,
    0xc7, 0x00, 0x05, 0x00, 0x09, 0x00, 0x00, 0x00, 0xb0, 0x00, 0x00, 0x00, 0xab, 0x00, 0x00, 0x00,
    0x12, 0x00, 0x00, 0x00, 0xab, 0x00, 0x05, 0x00, 0x15, 0x00, 0x00, 0x00, 0xb1, 0x00, 0x00, 0x00,
    0xb0, 0x00, 0x00, 0x00, 0x0e, 0x00, 0x00, 0x00, 0xf7, 0x00, 0x03, 0x00, 0xb2, 0x00, 0x00, 0x00,
    0x00, 0x00, 0x00, 0x00, 0xfa, 0x00, 0x04, 0x00, 0xb1, 0x00, 0x00, 0x00, 0xb3, 0x00, 0x00, 0x00,
    0xb4, 0x00, 0x00, 0x00, 0xf8, 0x00, 0x02, 0x00, 0xb4, 0x00, 0x00, 0x00, 0xc7, 0x00, 0x05, 0x00,
    0x09, 0x00, 0x00, 0x00, 0xb5, 0x00, 0x00, 0x00, 0xaf, 0x00, 0x00, 0x00, 0x30, 0x00, 0x00, 0x00,
    0xf9, 0x00, 0x02, 0x00, 0xb2, 0x00, 0x00, 0x00, 0xf8, 0x00, 0x02, 0x00, 0xb3, 0x00, 0x00, 0x00,
    0xc2, 0x00, 0x05, 0x00, 0x09, 0x00, 0x00, 0x00, 0xb6, 0x00, 0x00, 0x00, 0xaf, 0x00, 0x00, 0x00,
    0x0a, 0x00, 0x00, 0x00, 0xf9, 0x00, 0x02, 0x00, 0xb2, 0x00, 0x00, 0x00, 0xf8, 0x00, 0x02, 0x00,
    0xb2, 0x00, 0x00, 0x00, 0xf5, 0x00, 0x07, 0x00, 0x09, 0x00, 0x00, 0x00, 0xb7, 0x00, 0x00, 0x00,
    0xb6, 0x00, 0x00, 0x00, 0xb3, 0x00, 0x00, 0x00, 0xb5, 0x00, 0x00, 0x00, 0xb4, 0x00, 0x00, 0x00,
    0xc7, 0x00, 0x05, 0x00, 0x09, 0x00, 0x00, 0x00, 0xb8, 0x00, 0x00, 0x00, 0xb7, 0x00, 0x00, 0x00,
    0x27, 0x00, 0x00, 0x00, 0x7c, 0x00, 0x04, 0x00, 0x0c, 0x00, 0x00, 0x00, 0xb9, 0x00, 0x00, 0x00,
    0xb8, 0x00, 0x00, 0x00, 0x7e, 0x00, 0x04, 0x00, 0x0c, 0x00, 0x00, 0x00, 0xba, 0x00, 0x00, 0x00,
    0xb9, 0x00, 0x00, 0x00, 0xaa, 0x00, 0x05, 0x00, 0x15, 0x00, 0x00, 0x00, 0xbb, 0x00, 0x00, 0x00,
    0x82, 0x00, 0x00, 0x00, 0x12, 0x00, 0x00, 0x00, 0xf7, 0x00, 0x03, 0x00, 0xbc, 0x00, 0x00, 0x00,
    0x00, 0x00, 0x00, 0x00, 0xfa, 0x00, 0x04, 0x00, 0xbb, 0x00, 0x00, 0x00, 0xbd, 0x00, 0x00, 0x00,
    0xbe, 0x00, 0x00, 0x00, 0xf8, 0x00, 0x02, 0x00, 0xbe, 0x00, 0x00, 0x00, 0xc7, 0x00, 0x05, 0x00,
    0x09, 0x00, 0x00, 0x00, 0xbf, 0x00, 0x00, 0x00, 0xb7, 0x00, 0x00, 0x00, 0x28, 0x00, 0x00, 0x00,
    0xab, 0x00, 0x05, 0x00, 0x15, 0x00, 0x00, 0x00, 0xc0, 0x00, 0x00, 0x00, 0xbf, 0x00, 0x00, 0x00,
    0x0e, 0x00, 0x00, 0x00, 0xa9, 0x00, 0x06, 0x00, 0x09, 0x00, 0x00, 0x00, 0xc1, 0x00, 0x00, 0x00,
    0xc0, 0x00, 0x00, 0x00, 0x0e, 0x00, 0x00, 0x00, 0x12, 0x00, 0x00, 0x00, 0x82, 0x00, 0x05, 0x00,
    0x0c, 0x00, 0x00, 0x00, 0xc2, 0x00, 0x00, 0x00, 0xb9, 0x00, 0x00, 0x00, 0x14, 0x00, 0x00, 0x00,
    0xb3, 0x00, 0x05, 0x00, 0x15, 0x00, 0x00, 0x00, 0xc3, 0x00, 0x00, 0x00, 0x6a, 0x00, 0x00, 0x00,
    0xc2, 0x00, 0x00, 0x00, 0xf7, 0x00, 0x03, 0x00, 0xc4, 0x00, 0x00, 0x00, 0x00, 0x00, 0x00, 0x00,
    0xfa, 0x00, 0x04, 0x00, 0xc3, 0x00, 0x00, 0x00, 0xc5, 0x00, 0x00, 0x00, 0xc6, 0x00, 0x00, 0x00,
    0xf8, 0x00, 0x02, 0x00, 0xc6, 0x00, 0x00, 0x00, 0x53, 0x00, 0x04, 0x00, 0x09, 0x00, 0x00, 0x00,
    0xc7, 0x00, 0x00, 0x00, 0x12, 0x00, 0x00, 0x00, 0x53, 0x00, 0x04, 0x00, 0x09, 0x00, 0x00, 0x00,
    0xc8, 0x00, 0x00, 0x00, 0x0e, 0x00, 0x00, 0x00, 0xa9, 0x00, 0x06, 0x00, 0x09, 0x00, 0x00, 0x00,
    0xc9, 0x00, 0x00, 0x00, 0xc0, 0x00, 0x00, 0x00, 0x12, 0x00, 0x00, 0x00, 0x0e, 0x00, 0x00, 0x00,
    0xf9, 0x00, 0x02, 0x00, 0xc4, 0x00, 0x00, 0x00, 0xf8, 0x00, 0x02, 0x00, 0xc5, 0x00, 0x00, 0x00,
    0xf9, 0x00, 0x02, 0x00, 0xc4, 0x00, 0x00, 0x00, 0xf8, 0x00, 0x02, 0x00, 0xc4, 0x00, 0x00, 0x00,
    0xf5, 0x00, 0x07, 0x00, 0x09, 0x00, 0x00, 0x00, 0xca, 0x00, 0x00, 0x00, 0xc1, 0x00, 0x00, 0x00,
    0xc5, 0x00, 0x00, 0x00, 0xc9, 0x00, 0x00, 0x00, 0xc6, 0x00, 0x00, 0x00, 0xf9, 0x00, 0x02, 0x00,
    0xbc, 0x00, 0x00, 0x00, 0xf8, 0x00, 0x02, 0x00, 0xbd, 0x00, 0x00, 0x00, 0xaf, 0x00, 0x05, 0x00,
    0x15, 0x00, 0x00, 0x00, 0xcb, 0x00, 0x00, 0x00, 0x5b, 0x00, 0x00, 0x00, 0x87, 0x00, 0x00, 0x00,
    0xf7, 0x00, 0x03, 0x00, 0xcc, 0x00, 0x00, 0x00, 0x00, 0x00, 0x00, 0x00, 0xfa, 0x00, 0x04, 0x00,
    0xcb, 0x00, 0x00, 0x00, 0xcd, 0x00, 0x00, 0x00, 0xce, 0x00, 0x00, 0x00, 0xf8, 0x00, 0x02, 0x00,
    0xce, 0x00, 0x00, 0x00, 0xf9, 0x00, 0x02, 0x00, 0xcc, 0x00, 0x00, 0x00, 0xf8, 0x00, 0x02, 0x00,
    0xcd, 0x00, 0x00, 0x00, 0x53, 0x00, 0x04, 0x00, 0x09, 0x00, 0x00, 0x00, 0xcf, 0x00, 0x00, 0x00,
    0x12, 0x00, 0x00, 0x00, 0x53, 0x00, 0x04, 0x00, 0x09, 0x00, 0x00, 0x00, 0xd0, 0x00, 0x00, 0x00,
    0x0e, 0x00, 0x00, 0x00, 0xa9, 0x00, 0x06, 0x00, 0x09, 0x00, 0x00, 0x00, 0xd1, 0x00, 0x00, 0x00,
    0x89, 0x00, 0x00, 0x00, 0x12, 0x00, 0x00, 0x00, 0x0e, 0x00, 0x00, 0x00, 0xf9, 0x00, 0x02, 0x00,
    0xcc, 0x00, 0x00, 0x00, 0xf8, 0x00, 0x02, 0x00, 0xcc, 0x00, 0x00, 0x00, 0xf5, 0x00, 0x07, 0x00,
    0x09, 0x00, 0x00, 0x00, 0xd2, 0x00, 0x00, 0x00, 0xd1, 0x00, 0x00, 0x00, 0xcd, 0x00, 0x00, 0x00,
    0x8a, 0x00, 0x00, 0x00, 0xce, 0x00, 0x00, 0x00, 0xf9, 0x00, 0x02, 0x00, 0xbc, 0x00, 0x00, 0x00,
    0xf8, 0x00, 0x02, 0x00, 0xbc, 0x00, 0x00, 0x00, 0xf5, 0x00, 0x07, 0x00, 0x09, 0x00, 0x00, 0x00,
    0xd3, 0x00, 0x00, 0x00, 0xd2, 0x00, 0x00, 0x00, 0xcc, 0x00, 0x00, 0x00, 0xca, 0x00, 0x00, 0x00,
    0xc4, 0x00, 0x00, 0x00, 0xf9, 0x00, 0x02, 0x00, 0x8d, 0x00, 0x00, 0x00, 0xf8, 0x00, 0x02, 0x00,
    0x8d, 0x00, 0x00, 0x00, 0xf5, 0x00, 0x07, 0x00, 0x0c, 0x00, 0x00, 0x00, 0xd4, 0x00, 0x00, 0x00,
    0xba, 0x00, 0x00, 0x00, 0xbc, 0x00, 0x00, 0x00, 0x92, 0x00, 0x00, 0x00, 0x94, 0x00, 0x00, 0x00,
    0xf5, 0x00, 0x07, 0x00, 0x09, 0x00, 0x00, 0x00, 0xd5, 0x00, 0x00, 0x00, 0xd3, 0x00, 0x00, 0x00,
    0xbc, 0x00, 0x00, 0x00, 0xaa, 0x00, 0x00, 0x00, 0x94, 0x00, 0x00, 0x00, 0x80, 0x00, 0x05, 0x00,
    0x0c, 0x00, 0x00, 0x00, 0xd6, 0x00, 0x00, 0x00, 0x6a, 0x00, 0x00, 0x00, 0xd4, 0x00, 0x00, 0x00,
    0x80, 0x00, 0x05, 0x00, 0x0c, 0x00, 0x00, 0x00, 0xd7, 0x00, 0x00, 0x00, 0x5b, 0x00, 0x00, 0x00,
    0x84, 0x00, 0x00, 0x00, 0x84, 0x00, 0x05, 0x00, 0x09, 0x00, 0x00, 0x00, 0xd8, 0x00, 0x00, 0x00,
    0xd5, 0x00, 0x00, 0x00, 0x31, 0x00, 0x00, 0x00, 0xc7, 0x00, 0x05, 0x00, 0x0c, 0x00, 0x00, 0x00,
    0xd9, 0x00, 0x00, 0x00, 0xd7, 0x00, 0x00, 0x00, 0x32, 0x00, 0x00, 0x00, 0x7c, 0x00, 0x04, 0x00,
    0x09, 0x00, 0x00, 0x00, 0xda, 0x00, 0x00, 0x00, 0xd9, 0x00, 0x00, 0x00, 0x84, 0x00, 0x05, 0x00,
    0x09, 0x00, 0x00, 0x00, 0xdb, 0x00, 0x00, 0x00, 0xda, 0x00, 0x00, 0x00, 0x28, 0x00, 0x00, 0x00,
    0x80, 0x00, 0x05, 0x00, 0x09, 0x00, 0x00, 0x00, 0xdc, 0x00, 0x00, 0x00, 0xd8, 0x00, 0x00, 0x00,
    0xdb, 0x00, 0x00, 0x00, 0xc7, 0x00, 0x05, 0x00, 0x0c, 0x00, 0x00, 0x00, 0xdd, 0x00, 0x00, 0x00,
    0xd6, 0x00, 0x00, 0x00, 0x32, 0x00, 0x00, 0x00, 0x7c, 0x00, 0x04, 0x00, 0x09, 0x00, 0x00, 0x00,
    0xde, 0x00, 0x00, 0x00, 0xdd, 0x00, 0x00, 0x00, 0x80, 0x00, 0x05, 0x00, 0x09, 0x00, 0x00, 0x00,
    0xdf, 0x00, 0x00, 0x00, 0xdc, 0x00, 0x00, 0x00, 0xde, 0x00, 0x00, 0x00, 0xc2, 0x00, 0x05, 0x00,
    0x09, 0x00, 0x00, 0x00, 0xe0, 0x00, 0x00, 0x00, 0xdf, 0x00, 0x00, 0x00, 0x12, 0x00, 0x00, 0x00,
    0x41, 0x00, 0x06, 0x00, 0x38, 0x00, 0x00, 0x00, 0xe1, 0x00, 0x00, 0x00, 0x06, 0x00, 0x00, 0x00,
    0x11, 0x00, 0x00, 0x00, 0xe0, 0x00, 0x00, 0x00, 0x3d, 0x00, 0x04, 0x00, 0x09, 0x00, 0x00, 0x00,
    0xe2, 0x00, 0x00, 0x00, 0xe1, 0x00, 0x00, 0x00, 0xc7, 0x00, 0x05, 0x00, 0x09, 0x00, 0x00, 0x00,
    0xe3, 0x00, 0x00, 0x00, 0xdf, 0x00, 0x00, 0x00, 0x12, 0x00, 0x00, 0x00, 0xab, 0x00, 0x05, 0x00,
    0x15, 0x00, 0x00, 0x00, 0xe4, 0x00, 0x00, 0x00, 0xe3, 0x00, 0x00, 0x00, 0x0e, 0x00, 0x00, 0x00,
    0xf7, 0x00, 0x03, 0x00, 0xe5, 0x00, 0x00, 0x00, 0x00, 0x00, 0x00, 0x00, 0xfa, 0x00, 0x04, 0x00,
    0xe4, 0x00, 0x00, 0x00, 0xe6, 0x00, 0x00, 0x00, 0xe7, 0x00, 0x00, 0x00, 0xf8, 0x00, 0x02, 0x00,
    0xe7, 0x00, 0x00, 0x00, 0xc7, 0x00, 0x05, 0x00, 0x09, 0x00, 0x00, 0x00, 0xe8, 0x00, 0x00, 0x00,
    0xe2, 0x00, 0x00, 0x00, 0x30, 0x00, 0x00, 0x00, 0xf9, 0x00, 0x02, 0x00, 0xe5, 0x00, 0x00, 0x00,
    0xf8, 0x00, 0x02, 0x00, 0xe6, 0x00, 0x00, 0x00, 0xc2, 0x00, 0x05, 0x00, 0x09, 0x00, 0x00, 0x00,
    0xe9, 0x00, 0x00, 0x00, 0xe2, 0x00, 0x00, 0x00, 0x0a, 0x00, 0x00, 0x00, 0xf9, 0x00, 0x02, 0x00,
    0xe5, 0x00, 0x00, 0x00, 0xf8, 0x00, 0x02, 0x00, 0xe5, 0x00, 0x00, 0x00, 0xf5, 0x00, 0x07, 0x00,
    0x09, 0x00, 0x00, 0x00, 0xea, 0x00, 0x00, 0x00, 0xe9, 0x00, 0x00, 0x00, 0xe6, 0x00, 0x00, 0x00,
    0xe8, 0x00, 0x00, 0x00, 0xe7, 0x00, 0x00, 0x00, 0xc2, 0x00, 0x05, 0x00, 0x09, 0x00, 0x00, 0x00,
    0xeb, 0x00, 0x00, 0x00, 0xea, 0x00, 0x00, 0x00, 0x2a, 0x00, 0x00, 0x00, 0xaa, 0x00, 0x05, 0x00,
    0x15, 0x00, 0x00, 0x00, 0xec, 0x00, 0x00, 0x00, 0xeb, 0x00, 0x00, 0x00, 0x0e, 0x00, 0x00, 0x00,
    0xf7, 0x00, 0x03, 0x00, 0xed, 0x00, 0x00, 0x00, 0x00, 0x00, 0x00, 0x00, 0xfa, 0x00, 0x04, 0x00,
    0xec, 0x00, 0x00, 0x00, 0xee, 0x00, 0x00, 0x00, 0xed, 0x00, 0x00, 0x00, 0xf8, 0x00, 0x02, 0x00,
    0xee, 0x00, 0x00, 0x00, 0xc7, 0x00, 0x05, 0x00, 0x09, 0x00, 0x00, 0x00, 0xef, 0x00, 0x00, 0x00,
    0xea, 0x00, 0x00, 0x00, 0x2a, 0x00, 0x00, 0x00, 0xaa, 0x00, 0x05, 0x00, 0x15, 0x00, 0x00, 0x00,
    0xf0, 0x00, 0x00, 0x00, 0xef, 0x00, 0x00, 0x00, 0x0e, 0x00, 0x00, 0x00, 0xf9, 0x00, 0x02, 0x00,
    0xed, 0x00, 0x00, 0x00, 0xf8, 0x00, 0x02, 0x00, 0xed, 0x00, 0x00, 0x00, 0xf5, 0x00, 0x07, 0x00,
    0x15, 0x00, 0x00, 0x00, 0xf1, 0x00, 0x00, 0x00, 0x20, 0x00, 0x00, 0x00, 0xe5, 0x00, 0x00, 0x00,
    0xf0, 0x00, 0x00, 0x00, 0xee, 0x00, 0x00, 0x00, 0xf7, 0x00, 0x03, 0x00, 0xf2, 0x00, 0x00, 0x00,
    0x00, 0x00, 0x00, 0x00, 0xfa, 0x00, 0x04, 0x00, 0xf1, 0x00, 0x00, 0x00, 0xf3, 0x00, 0x00, 0x00,
    0xf2, 0x00, 0x00, 0x00, 0xf8, 0x00, 0x02, 0x00, 0xf3, 0x00, 0x00, 0x00, 0xf9, 0x00, 0x02, 0x00,
    0x71, 0x00, 0x00, 0x00, 0xf8, 0x00, 0x02, 0x00, 0xf2, 0x00, 0x00, 0x00, 0xc7, 0x00, 0x05, 0x00,
    0x09, 0x00, 0x00, 0x00, 0xf4, 0x00, 0x00, 0x00, 0xea, 0x00, 0x00, 0x00, 0x2b, 0x00, 0x00, 0x00,
    0xf9, 0x00, 0x02, 0x00, 0x71, 0x00, 0x00, 0x00, 0xf8, 0x00, 0x02, 0x00, 0x80, 0x00, 0x00, 0x00,
    0x7c, 0x00, 0x04, 0x00, 0x09, 0x00, 0x00, 0x00, 0xf5, 0x00, 0x00, 0x00, 0x5b, 0x00, 0x00, 0x00,
    0x84, 0x00, 0x05, 0x00, 0x09, 0x00, 0x00, 0x00, 0xf6, 0x00, 0x00, 0x00, 0xf5, 0x00, 0x00, 0x00,
    0x21, 0x00, 0x00, 0x00, 0x80, 0x00, 0x05, 0x00, 0x09, 0x00, 0x00, 0x00, 0xf7, 0x00, 0x00, 0x00,
    0x25, 0x00, 0x00, 0x00, 0xf6, 0x00, 0x00, 0x00, 0xc3, 0x00, 0x05, 0x00, 0x0c, 0x00, 0x00, 0x00,
    0xf8, 0x00, 0x00, 0x00, 0x6a, 0x00, 0x00, 0x00, 0x2d, 0x00, 0x00, 0x00, 0x7c, 0x00, 0x04, 0x00,
    0x09, 0x00, 0x00, 0x00, 0xf9, 0x00, 0x00, 0x00, 0xf8, 0x00, 0x00, 0x00, 0x80, 0x00, 0x05, 0x00,
    0x09, 0x00, 0x00, 0x00, 0xfa, 0x00, 0x00, 0x00, 0xf7, 0x00, 0x00, 0x00, 0xf9, 0x00, 0x00, 0x00,
    0x82, 0x00, 0x05, 0x00, 0x09, 0x00, 0x00, 0x00, 0xfb, 0x00, 0x00, 0x00, 0xfa, 0x00, 0x00, 0x00,
    0x29, 0x00, 0x00, 0x00, 0xc2, 0x00, 0x05, 0x00, 0x09, 0x00, 0x00, 0x00, 0xfc, 0x00, 0x00, 0x00,
    0xfb, 0x00, 0x00, 0x00, 0x12, 0x00, 0x00, 0x00, 0x80, 0x00, 0x05, 0x00, 0x09, 0x00, 0x00, 0x00,
    0xfd, 0x00, 0x00, 0x00, 0x0b, 0x00, 0x00, 0x00, 0xfc, 0x00, 0x00, 0x00, 0x41, 0x00, 0x06, 0x00,
    0x38, 0x00, 0x00, 0x00, 0xfe, 0x00, 0x00, 0x00, 0x07, 0x00, 0x00, 0x00, 0x11, 0x00, 0x00, 0x00,
    0xfd, 0x00, 0x00, 0x00, 0x3d, 0x00, 0x04, 0x00, 0x09, 0x00, 0x00, 0x00, 0xff, 0x00, 0x00, 0x00,
    0xfe, 0x00, 0x00, 0x00, 0xc7, 0x00, 0x05, 0x00, 0x09, 0x00, 0x00, 0x00, 0x00, 0x01, 0x00, 0x00,
    0xfa, 0x00, 0x00, 0x00, 0x12, 0x00, 0x00, 0x00, 0xab, 0x00, 0x05, 0x00, 0x15, 0x00, 0x00, 0x00,
    0x01, 0x01, 0x00, 0x00, 0x00, 0x01, 0x00, 0x00, 0x0e, 0x00, 0x00, 0x00, 0xf7, 0x00, 0x03, 0x00,
    0x02, 0x01, 0x00, 0x00, 0x00, 0x00, 0x00, 0x00, 0xfa, 0x00, 0x04, 0x00, 0x01, 0x01, 0x00, 0x00,
    0x03, 0x01, 0x00, 0x00, 0x04, 0x01, 0x00, 0x00, 0xf8, 0x00, 0x02, 0x00, 0x04, 0x01, 0x00, 0x00,
    0xc7, 0x00, 0x05, 0x00, 0x09, 0x00, 0x00, 0x00, 0x05, 0x01, 0x00, 0x00, 0xff, 0x00, 0x00, 0x00,
    0x30, 0x00, 0x00, 0x00, 0xf9, 0x00, 0x02, 0x00, 0x02, 0x01, 0x00, 0x00, 0xf8, 0x00, 0x02, 0x00,
    0x03, 0x01, 0x00, 0x00, 0xc2, 0x00, 0x05, 0x00, 0x09, 0x00, 0x00, 0x00, 0x06, 0x01, 0x00, 0x00,
    0xff, 0x00, 0x00, 0x00, 0x0a, 0x00, 0x00, 0x00, 0xf9, 0x00, 0x02, 0x00, 0x02, 0x01, 0x00, 0x00,
    0xf8, 0x00, 0x02, 0x00, 0x02, 0x01, 0x00, 0x00, 0xf5, 0x00, 0x07, 0x00, 0x09, 0x00, 0x00, 0x00,
    0x07, 0x01, 0x00, 0x00, 0x06, 0x01, 0x00, 0x00, 0x03, 0x01, 0x00, 0x00, 0x05, 0x01, 0x00, 0x00,
    0x04, 0x01, 0x00, 0x00, 0xc3, 0x00, 0x05, 0x00, 0x0c, 0x00, 0x00, 0x00, 0x08, 0x01, 0x00, 0x00,
    0x6a, 0x00, 0x00, 0x00, 0x2e, 0x00, 0x00, 0x00, 0xc7, 0x00, 0x05, 0x00, 0x0c, 0x00, 0x00, 0x00,
    0x09, 0x01, 0x00, 0x00, 0x08, 0x01, 0x00, 0x00, 0x2f, 0x00, 0x00, 0x00, 0x7c, 0x00, 0x04, 0x00,
    0x09, 0x00, 0x00, 0x00, 0x0a, 0x01, 0x00, 0x00, 0x09, 0x01, 0x00, 0x00, 0xc7, 0x00, 0x05, 0x00,
    0x09, 0x00, 0x00, 0x00, 0x0b, 0x01, 0x00, 0x00, 0x0a, 0x01, 0x00, 0x00, 0x1d, 0x00, 0x00, 0x00,
    0xc2, 0x00, 0x05, 0x00, 0x09, 0x00, 0x00, 0x00, 0x0c, 0x01, 0x00, 0x00, 0x24, 0x00, 0x00, 0x00,
    0x0b, 0x01, 0x00, 0x00, 0xc7, 0x00, 0x05, 0x00, 0x09, 0x00, 0x00, 0x00, 0x0d, 0x01, 0x00, 0x00,
    0x07, 0x01, 0x00, 0x00, 0x0c, 0x01, 0x00, 0x00, 0xab, 0x00, 0x05, 0x00, 0x15, 0x00, 0x00, 0x00,
    0x0e, 0x01, 0x00, 0x00, 0x0d, 0x01, 0x00, 0x00, 0x0e, 0x00, 0x00, 0x00, 0xf7, 0x00, 0x03, 0x00,
    0x0f, 0x01, 0x00, 0x00, 0x00, 0x00, 0x00, 0x00, 0xfa, 0x00, 0x04, 0x00, 0x0e, 0x01, 0x00, 0x00,
    0x10, 0x01, 0x00, 0x00, 0x0f, 0x01, 0x00, 0x00, 0xf8, 0x00, 0x02, 0x00, 0x10, 0x01, 0x00, 0x00,
    0xf9, 0x00, 0x02, 0x00, 0x71, 0x00, 0x00, 0x00, 0xf8, 0x00, 0x02, 0x00, 0x0f, 0x01, 0x00, 0x00,
    0xc7, 0x00, 0x05, 0x00, 0x09, 0x00, 0x00, 0x00, 0x11, 0x01, 0x00, 0x00, 0x74, 0x00, 0x00, 0x00,
    0x24, 0x00, 0x00, 0x00, 0xab, 0x00, 0x05, 0x00, 0x15, 0x00, 0x00, 0x00, 0x12, 0x01, 0x00, 0x00,
    0x11, 0x01, 0x00, 0x00, 0x0e, 0x00, 0x00, 0x00, 0xf7, 0x00, 0x03, 0x00, 0x13, 0x01, 0x00, 0x00,
    0x00, 0x00, 0x00, 0x00, 0xfa, 0x00, 0x04, 0x00, 0x12, 0x01, 0x00, 0x00, 0x14, 0x01, 0x00, 0x00,
    0x15, 0x01, 0x00, 0x00, 0xf8, 0x00, 0x02, 0x00, 0x15, 0x01, 0x00, 0x00, 0x82, 0x00, 0x05, 0x00,
    0x09, 0x00, 0x00, 0x00, 0x16, 0x01, 0x00, 0x00, 0x0e, 0x00, 0x00, 0x00, 0x75, 0x00, 0x00, 0x00,
    0xc7, 0x00, 0x05, 0x00, 0x09, 0x00, 0x00, 0x00, 0x17, 0x01, 0x00, 0x00, 0x16, 0x01, 0x00, 0x00,
    0x27, 0x00, 0x00, 0x00, 0x7c, 0x00, 0x04, 0x00, 0x0c, 0x00, 0x00, 0x00, 0x18, 0x01, 0x00, 0x00,
    0x17, 0x01, 0x00, 0x00, 0xf9, 0x00, 0x02, 0x00, 0x13, 0x01, 0x00, 0x00, 0xf8, 0x00, 0x02, 0x00,
    0x14, 0x01, 0x00, 0x00, 0xc2, 0x00, 0x05, 0x00, 0x09, 0x00, 0x00, 0x00, 0x19, 0x01, 0x00, 0x00,
    0xf5, 0x00, 0x00, 0x00, 0x12, 0x00, 0x00, 0x00, 0x80, 0x00, 0x05, 0x00, 0x09, 0x00, 0x00, 0x00,
    0x1a, 0x01, 0x00, 0x00, 0x0b, 0x00, 0x00, 0x00, 0x19, 0x01, 0x00, 0x00, 0x41, 0x00, 0x06, 0x00,
    0x38, 0x00, 0x00, 0x00, 0x1b, 0x01, 0x00, 0x00, 0x07, 0x00, 0x00, 0x00, 0x11, 0x00, 0x00, 0x00,
    0x1a, 0x01, 0x00, 0x00, 0x3d, 0x00, 0x04, 0x00, 0x09, 0x00, 0x00, 0x00, 0x1c, 0x01, 0x00, 0x00,
    0x1b, 0x01, 0x00, 0x00, 0xc7, 0x00, 0x05, 0x00, 0x09, 0x00, 0x00, 0x00, 0x1d, 0x01, 0x00, 0x00,
    0xf5, 0x00, 0x00, 0x00, 0x12, 0x00, 0x00, 0x00, 0xab, 0x00, 0x05, 0x00, 0x15, 0x00, 0x00, 0x00,
    0x1e, 0x01, 0x00, 0x00, 0x1d, 0x01, 0x00, 0x00, 0x0e, 0x00, 0x00, 0x00, 0xf7, 0x00, 0x03, 0x00,
    0x1f, 0x01, 0x00, 0x00, 0x00, 0x00, 0x00, 0x00, 0xfa, 0x00, 0x04, 0x00, 0x1e, 0x01, 0x00, 0x00,
    0x20, 0x01, 0x00, 0x00, 0x21, 0x01, 0x00, 0x00, 0xf8, 0x00, 0x02, 0x00, 0x21, 0x01, 0x00, 0x00,
    0xc7, 0x00, 0x05, 0x00, 0x09, 0x00, 0x00, 0x00, 0x22, 0x01, 0x00, 0x00, 0x1c, 0x01, 0x00, 0x00,
    0x30, 0x00, 0x00, 0x00, 0xf9, 0x00, 0x02, 0x00, 0x1f, 0x01, 0x00, 0x00, 0xf8, 0x00, 0x02, 0x00,
    0x20, 0x01, 0x00, 0x00, 0xc2, 0x00, 0x05, 0x00, 0x09, 0x00, 0x00, 0x00, 0x23, 0x01, 0x00, 0x00,
    0x1c, 0x01, 0x00, 0x00, 0x0a, 0x00, 0x00, 0x00, 0xf9, 0x00, 0x02, 0x00, 0x1f, 0x01, 0x00, 0x00,
    0xf8, 0x00, 0x02, 0x00, 0x1f, 0x01, 0x00, 0x00, 0xf5, 0x00, 0x07, 0x00, 0x09, 0x00, 0x00, 0x00,
    0x24, 0x01, 0x00, 0x00, 0x23, 0x01, 0x00, 0x00, 0x20, 0x01, 0x00, 0x00, 0x22, 0x01, 0x00, 0x00,
    0x21, 0x01, 0x00, 0x00, 0x82, 0x00, 0x05, 0x00, 0x09, 0x00, 0x00, 0x00, 0x25, 0x01, 0x00, 0x00,
    0x0e, 0x00, 0x00, 0x00, 0x24, 0x01, 0x00, 0x00, 0xc7, 0x00, 0x05, 0x00, 0x09, 0x00, 0x00, 0x00,
    0x26, 0x01, 0x00, 0x00, 0x25, 0x01, 0x00, 0x00, 0x27, 0x00, 0x00, 0x00, 0x7c, 0x00, 0x04, 0x00,
    0x0c, 0x00, 0x00, 0x00, 0x27, 0x01, 0x00, 0x00, 0x26, 0x01, 0x00, 0x00, 0xf9, 0x00, 0x02, 0x00,
    0x13, 0x01, 0x00, 0x00, 0xf8, 0x00, 0x02, 0x00, 0x13, 0x01, 0x00, 0x00, 0xf5, 0x00, 0x07, 0x00,
    0x0c, 0x00, 0x00, 0x00, 0x28, 0x01, 0x00, 0x00, 0x27, 0x01, 0x00, 0x00, 0x1f, 0x01, 0x00, 0x00,
    0x18, 0x01, 0x00, 0x00, 0x15, 0x01, 0x00, 0x00, 0x80, 0x00, 0x05, 0x00, 0x0c, 0x00, 0x00, 0x00,
    0x29, 0x01, 0x00, 0x00, 0x6a, 0x00, 0x00, 0x00, 0x28, 0x01, 0x00, 0x00, 0xc7, 0x00, 0x05, 0x00,
    0x09, 0x00, 0x00, 0x00, 0x2a, 0x01, 0x00, 0x00, 0x77, 0x00, 0x00, 0x00, 0x27, 0x00, 0x00, 0x00,
    0x7c, 0x00, 0x04, 0x00, 0x0c, 0x00, 0x00, 0x00, 0x2b, 0x01, 0x00, 0x00, 0x2a, 0x01, 0x00, 0x00,
    0x80, 0x00, 0x05, 0x00, 0x0c, 0x00, 0x00, 0x00, 0x2c, 0x01, 0x00, 0x00, 0x2b, 0x01, 0x00, 0x00,
    0x5b, 0x00, 0x00, 0x00, 0xc7, 0x00, 0x05, 0x00, 0x0c, 0x00, 0x00, 0x00, 0x2d, 0x01, 0x00, 0x00,
    0x2c, 0x01, 0x00, 0x00, 0x32, 0x00, 0x00, 0x00, 0x7c, 0x00, 0x04, 0x00, 0x09, 0x00, 0x00, 0x00,
    0x2e, 0x01, 0x00, 0x00, 0x2d, 0x01, 0x00, 0x00, 0x84, 0x00, 0x05, 0x00, 0x09, 0x00, 0x00, 0x00,
    0x2f, 0x01, 0x00, 0x00, 0x2e, 0x01, 0x00, 0x00, 0x28, 0x00, 0x00, 0x00, 0xc7, 0x00, 0x05, 0x00,
    0x0c, 0x00, 0x00, 0x00, 0x30, 0x01, 0x00, 0x00, 0x29, 0x01, 0x00, 0x00, 0x32, 0x00, 0x00, 0x00,
    0x7c, 0x00, 0x04, 0x00, 0x09, 0x00, 0x00, 0x00, 0x31, 0x01, 0x00, 0x00, 0x30, 0x01, 0x00, 0x00,
    0x80, 0x00, 0x05, 0x00, 0x09, 0x00, 0x00, 0x00, 0x32, 0x01, 0x00, 0x00, 0x2f, 0x01, 0x00, 0x00,
    0x31, 0x01, 0x00, 0x00, 0xc2, 0x00, 0x05, 0x00, 0x09, 0x00, 0x00, 0x00, 0x33, 0x01, 0x00, 0x00,
    0x32, 0x01, 0x00, 0x00, 0x12, 0x00, 0x00, 0x00, 0x41, 0x00, 0x06, 0x00, 0x38, 0x00, 0x00, 0x00,
    0x34, 0x01, 0x00, 0x00, 0x06, 0x00, 0x00, 0x00, 0x11, 0x00, 0x00, 0x00, 0x33, 0x01, 0x00, 0x00,
    0x3d, 0x00, 0x04, 0x00, 0x09, 0x00, 0x00, 0x00, 0x35, 0x01, 0x00, 0x00, 0x34, 0x01, 0x00, 0x00,
    0xc7, 0x00, 0x05, 0x00, 0x09, 0x00, 0x00, 0x00, 0x36, 0x01, 0x00, 0x00, 0x32, 0x01, 0x00, 0x00,
    0x12, 0x00, 0x00, 0x00, 0xab, 0x00, 0x05, 0x00, 0x15, 0x00, 0x00, 0x00, 0x37, 0x01, 0x00, 0x00,
    0x36, 0x01, 0x00, 0x00, 0x0e, 0x00, 0x00, 0x00, 0xf7, 0x00, 0x03, 0x00, 0x38, 0x01, 0x00, 0x00,
    0x00, 0x00, 0x00, 0x00, 0xfa, 0x00, 0x04, 0x00, 0x37, 0x01, 0x00, 0x00, 0x39, 0x01, 0x00, 0x00,
    0x3a, 0x01, 0x00, 0x00, 0xf8, 0x00, 0x02, 0x00, 0x3a, 0x01, 0x00, 0x00, 0xc7, 0x00, 0x05, 0x00,
    0x09, 0x00, 0x00, 0x00, 0x3b, 0x01, 0x00, 0x00, 0x35, 0x01, 0x00, 0x00, 0x30, 0x00, 0x00, 0x00,
    0xf9, 0x00, 0x02, 0x00, 0x38, 0x01, 0x00, 0x00, 0xf8, 0x00, 0x02, 0x00, 0x39, 0x01, 0x00, 0x00,
    0xc2, 0x00, 0x05, 0x00, 0x09, 0x00, 0x00, 0x00, 0x3c, 0x01, 0x00, 0x00, 0x35, 0x01, 0x00, 0x00,
    0x0a, 0x00, 0x00, 0x00, 0xf9, 0x00, 0x02, 0x00, 0x38, 0x01, 0x00, 0x00, 0xf8, 0x00, 0x02, 0x00,
    0x38, 0x01, 0x00, 0x00, 0xf5, 0x00, 0x07, 0x00, 0x09, 0x00, 0x00, 0x00, 0x3d, 0x01, 0x00, 0x00,
    0x3c, 0x01, 0x00, 0x00, 0x39, 0x01, 0x00, 0x00, 0x3b, 0x01, 0x00, 0x00, 0x3a, 0x01, 0x00, 0x00,
    0xc2, 0x00, 0x05, 0x00, 0x09, 0x00, 0x00, 0x00, 0x3e, 0x01, 0x00, 0x00, 0x3d, 0x01, 0x00, 0x00,
    0x2a, 0x00, 0x00, 0x00, 0xaa, 0x00, 0x05, 0x00, 0x15, 0x00, 0x00, 0x00, 0x3f, 0x01, 0x00, 0x00,
    0x3e, 0x01, 0x00, 0x00, 0x0e, 0x00, 0x00, 0x00, 0xf7, 0x00, 0x03, 0x00, 0x40, 0x01, 0x00, 0x00,
    0x00, 0x00, 0x00, 0x00, 0xfa, 0x00, 0x04, 0x00, 0x3f, 0x01, 0x00, 0x00, 0x41, 0x01, 0x00, 0x00,
    0x40, 0x01, 0x00, 0x00, 0xf8, 0x00, 0x02, 0x00, 0x41, 0x01, 0x00, 0x00, 0xc7, 0x00, 0x05, 0x00,
    0x09, 0x00, 0x00, 0x00, 0x42, 0x01, 0x00, 0x00, 0x3d, 0x01, 0x00, 0x00, 0x2a, 0x00, 0x00, 0x00,
    0xaa, 0x00, 0x05, 0x00, 0x15, 0x00, 0x00, 0x00, 0x43, 0x01, 0x00, 0x00, 0x42, 0x01, 0x00, 0x00,
    0x0e, 0x00, 0x00, 0x00, 0xf9, 0x00, 0x02, 0x00, 0x40, 0x01, 0x00, 0x00, 0xf8, 0x00, 0x02, 0x00,
    0x40, 0x01, 0x00, 0x00, 0xf5, 0x00, 0x07, 0x00, 0x15, 0x00, 0x00, 0x00, 0x44, 0x01, 0x00, 0x00,
    0x20, 0x00, 0x00, 0x00, 0x38, 0x01, 0x00, 0x00, 0x43, 0x01, 0x00, 0x00, 0x41, 0x01, 0x00, 0x00,
    0xf7, 0x00, 0x03, 0x00, 0x45, 0x01, 0x00, 0x00, 0x00, 0x00, 0x00, 0x00, 0xfa, 0x00, 0x04, 0x00,
    0x44, 0x01, 0x00, 0x00, 0x46, 0x01, 0x00, 0x00, 0x45, 0x01, 0x00, 0x00, 0xf8, 0x00, 0x02, 0x00,
    0x46, 0x01, 0x00, 0x00, 0xf9, 0x00, 0x02, 0x00, 0x71, 0x00, 0x00, 0x00, 0xf8, 0x00, 0x02, 0x00,
    0x45, 0x01, 0x00, 0x00, 0xc7, 0x00, 0x05, 0x00, 0x09, 0x00, 0x00, 0x00, 0x47, 0x01, 0x00, 0x00,
    0x3d, 0x01, 0x00, 0x00, 0x2b, 0x00, 0x00, 0x00, 0xf9, 0x00, 0x02, 0x00, 0x71, 0x00, 0x00, 0x00,
    0xf8, 0x00, 0x02, 0x00, 0x71, 0x00, 0x00, 0x00, 0xf5, 0x00, 0x0f, 0x00, 0x09, 0x00, 0x00, 0x00,
    0x48, 0x01, 0x00, 0x00, 0x0e, 0x00, 0x00, 0x00, 0x7d, 0x00, 0x00, 0x00, 0x0e, 0x00, 0x00, 0x00,
    0xf3, 0x00, 0x00, 0x00, 0xf4, 0x00, 0x00, 0x00, 0xf2, 0x00, 0x00, 0x00, 0x0e, 0x00, 0x00, 0x00,
    0x10, 0x01, 0x00, 0x00, 0x0e, 0x00, 0x00, 0x00, 0x46, 0x01, 0x00, 0x00, 0x47, 0x01, 0x00, 0x00,
    0x45, 0x01, 0x00, 0x00, 0xf5, 0x00, 0x0f, 0x00, 0x15, 0x00, 0x00, 0x00, 0x49, 0x01, 0x00, 0x00,
    0x16, 0x00, 0x00, 0x00, 0x7d, 0x00, 0x00, 0x00, 0x16, 0x00, 0x00, 0x00, 0xf3, 0x00, 0x00, 0x00,
    0x20, 0x00, 0x00, 0x00, 0xf2, 0x00, 0x00, 0x00, 0x16, 0x00, 0x00, 0x00, 0x10, 0x01, 0x00, 0x00,
    0x16, 0x00, 0x00, 0x00, 0x46, 0x01, 0x00, 0x00, 0x20, 0x00, 0x00, 0x00, 0x45, 0x01, 0x00, 0x00,
    0xf7, 0x00, 0x03, 0x00, 0x4a, 0x01, 0x00, 0x00, 0x00, 0x00, 0x00, 0x00, 0xfa, 0x00, 0x04, 0x00,
    0x49, 0x01, 0x00, 0x00, 0x4b, 0x01, 0x00, 0x00, 0x4a, 0x01, 0x00, 0x00, 0xf8, 0x00, 0x02, 0x00,
    0x4b, 0x01, 0x00, 0x00, 0xf9, 0x00, 0x02, 0x00, 0x6f, 0x00, 0x00, 0x00, 0xf8, 0x00, 0x02, 0x00,
    0x4a, 0x01, 0x00, 0x00, 0xf7, 0x00, 0x03, 0x00, 0x4c, 0x01, 0x00, 0x00, 0x00, 0x00, 0x00, 0x00,
    0xfb, 0x00, 0x03, 0x00, 0x0e, 0x00, 0x00, 0x00, 0x4d, 0x01, 0x00, 0x00, 0xf8, 0x00, 0x02, 0x00,
    0x4d, 0x01, 0x00, 0x00, 0x3d, 0x00, 0x04, 0x00, 0x09, 0x00, 0x00, 0x00, 0x4e, 0x01, 0x00, 0x00,
    0x73, 0x00, 0x00, 0x00, 0xc2, 0x00, 0x05, 0x00, 0x09, 0x00, 0x00, 0x00, 0x4f, 0x01, 0x00, 0x00,
    0x4e, 0x01, 0x00, 0x00, 0x0a, 0x00, 0x00, 0x00, 0x3d, 0x00, 0x04, 0x00, 0x09, 0x00, 0x00, 0x00,
    0x50, 0x01, 0x00, 0x00, 0x76, 0x00, 0x00, 0x00, 0xc2, 0x00, 0x05, 0x00, 0x09, 0x00, 0x00, 0x00,
    0x51, 0x01, 0x00, 0x00, 0x50, 0x01, 0x00, 0x00, 0x0a, 0x00, 0x00, 0x00, 0x3d, 0x00, 0x04, 0x00,
    0x09, 0x00, 0x00, 0x00, 0x52, 0x01, 0x00, 0x00, 0x76, 0x00, 0x00, 0x00, 0xc7, 0x00, 0x05, 0x00,
    0x09, 0x00, 0x00, 0x00, 0x53, 0x01, 0x00, 0x00, 0x51, 0x01, 0x00, 0x00, 0x24, 0x00, 0x00, 0x00,
    0xab, 0x00, 0x05, 0x00, 0x15, 0x00, 0x00, 0x00, 0x54, 0x01, 0x00, 0x00, 0x53, 0x01, 0x00, 0x00,
    0x0e, 0x00, 0x00, 0x00, 0xf7, 0x00, 0x03, 0x00, 0x55, 0x01, 0x00, 0x00, 0x00, 0x00, 0x00, 0x00,
    0xfa, 0x00, 0x04, 0x00, 0x54, 0x01, 0x00, 0x00, 0x56, 0x01, 0x00, 0x00, 0x55, 0x01, 0x00, 0x00,
    0xf8, 0x00, 0x02, 0x00, 0x56, 0x01, 0x00, 0x00, 0xf9, 0x00, 0x02, 0x00, 0x4c, 0x01, 0x00, 0x00,
    0xf8, 0x00, 0x02, 0x00, 0x55, 0x01, 0x00, 0x00, 0xc7, 0x00, 0x05, 0x00, 0x09, 0x00, 0x00, 0x00,
    0x57, 0x01, 0x00, 0x00, 0x52, 0x01, 0x00, 0x00, 0x25, 0x00, 0x00, 0x00, 0xab, 0x00, 0x05, 0x00,
    0x15, 0x00, 0x00, 0x00, 0x58, 0x01, 0x00, 0x00, 0x57, 0x01, 0x00, 0x00, 0x0e, 0x00, 0x00, 0x00,
    0xf7, 0x00, 0x03, 0x00, 0x59, 0x01, 0x00, 0x00, 0x00, 0x00, 0x00, 0x00, 0xfa, 0x00, 0x04, 0x00,
    0x58, 0x01, 0x00, 0x00, 0x5a, 0x01, 0x00, 0x00, 0x59, 0x01, 0x00, 0x00, 0xf8, 0x00, 0x02, 0x00,
    0x5a, 0x01, 0x00, 0x00, 0xf9, 0x00, 0x02, 0x00, 0x4c, 0x01, 0x00, 0x00, 0xf8, 0x00, 0x02, 0x00,
    0x59, 0x01, 0x00, 0x00, 0x7c, 0x00, 0x04, 0x00, 0x09, 0x00, 0x00, 0x00, 0x5b, 0x01, 0x00, 0x00,
    0x5b, 0x00, 0x00, 0x00, 0x84, 0x00, 0x05, 0x00, 0x09, 0x00, 0x00, 0x00, 0x5c, 0x01, 0x00, 0x00,
    0x5b, 0x01, 0x00, 0x00, 0x21, 0x00, 0x00, 0x00, 0x80, 0x00, 0x05, 0x00, 0x09, 0x00, 0x00, 0x00,
    0x5d, 0x01, 0x00, 0x00, 0x25, 0x00, 0x00, 0x00, 0x5c, 0x01, 0x00, 0x00, 0xc3, 0x00, 0x05, 0x00,
    0x0c, 0x00, 0x00, 0x00, 0x5e, 0x01, 0x00, 0x00, 0x6a, 0x00, 0x00, 0x00, 0x2d, 0x00, 0x00, 0x00,
    0x7c, 0x00, 0x04, 0x00, 0x09, 0x00, 0x00, 0x00, 0x5f, 0x01, 0x00, 0x00, 0x5e, 0x01, 0x00, 0x00,
    0x80, 0x00, 0x05, 0x00, 0x09, 0x00, 0x00, 0x00, 0x60, 0x01, 0x00, 0x00, 0x5d, 0x01, 0x00, 0x00,
    0x5f, 0x01, 0x00, 0x00, 0x82, 0x00, 0x05, 0x00, 0x09, 0x00, 0x00, 0x00, 0x61, 0x01, 0x00, 0x00,
    0x60, 0x01, 0x00, 0x00, 0x29, 0x00, 0x00, 0x00, 0xc2, 0x00, 0x05, 0x00, 0x09, 0x00, 0x00, 0x00,
    0x62, 0x01, 0x00, 0x00, 0x61, 0x01, 0x00, 0x00, 0x12, 0x00, 0x00, 0x00, 0x80, 0x00, 0x05, 0x00,
    0x09, 0x00, 0x00, 0x00, 0x63, 0x01, 0x00, 0x00, 0x0b, 0x00, 0x00, 0x00, 0x62, 0x01, 0x00, 0x00,
    0x41, 0x00, 0x06, 0x00, 0x38, 0x00, 0x00, 0x00, 0x64, 0x01, 0x00, 0x00, 0x07, 0x00, 0x00, 0x00,
    0x11, 0x00, 0x00, 0x00, 0x63, 0x01, 0x00, 0x00, 0x3d, 0x00, 0x04, 0x00, 0x09, 0x00, 0x00, 0x00,
    0x65, 0x01, 0x00, 0x00, 0x64, 0x01, 0x00, 0x00, 0xc7, 0x00, 0x05, 0x00, 0x09, 0x00, 0x00, 0x00,
    0x66, 0x01, 0x00, 0x00, 0x60, 0x01, 0x00, 0x00, 0x12, 0x00, 0x00, 0x00, 0xab, 0x00, 0x05, 0x00,
    0x15, 0x00, 0x00, 0x00, 0x67, 0x01, 0x00, 0x00, 0x66, 0x01, 0x00, 0x00, 0x0e, 0x00, 0x00, 0x00,
    0xf7, 0x00, 0x03, 0x00, 0x68, 0x01, 0x00, 0x00, 0x00, 0x00, 0x00, 0x00, 0xfa, 0x00, 0x04, 0x00,
    0x67, 0x01, 0x00, 0x00, 0x69, 0x01, 0x00, 0x00, 0x6a, 0x01, 0x00, 0x00, 0xf8, 0x00, 0x02, 0x00,
    0x6a, 0x01, 0x00, 0x00, 0xc7, 0x00, 0x05, 0x00, 0x09, 0x00, 0x00, 0x00, 0x6b, 0x01, 0x00, 0x00,
    0x65, 0x01, 0x00, 0x00, 0x30, 0x00, 0x00, 0x00, 0xf9, 0x00, 0x02, 0x00, 0x68, 0x01, 0x00, 0x00,
    0xf8, 0x00, 0x02, 0x00, 0x69, 0x01, 0x00, 0x00, 0xc2, 0x00, 0x05, 0x00, 0x09, 0x00, 0x00, 0x00,
    0x6c, 0x01, 0x00, 0x00, 0x65, 0x01, 0x00, 0x00, 0x0a, 0x00, 0x00, 0x00, 0xf9, 0x00, 0x02, 0x00,
    0x68, 0x01, 0x00, 0x00, 0xf8, 0x00, 0x02, 0x00, 0x68, 0x01, 0x00, 0x00, 0xf5, 0x00, 0x07, 0x00,
    0x09, 0x00, 0x00, 0x00, 0x6d, 0x01, 0x00, 0x00, 0x6c, 0x01, 0x00, 0x00, 0x69, 0x01, 0x00, 0x00,
    0x6b, 0x01, 0x00, 0x00, 0x6a, 0x01, 0x00, 0x00, 0xc8, 0x00, 0x04, 0x00, 0x09, 0x00, 0x00, 0x00,
    0x6e, 0x01, 0x00, 0x00, 0x6d, 0x01, 0x00, 0x00, 0xc3, 0x00, 0x05, 0x00, 0x0c, 0x00, 0x00, 0x00,
    0x6f, 0x01, 0x00, 0x00, 0x6a, 0x00, 0x00, 0x00, 0x2e, 0x00, 0x00, 0x00, 0xc7, 0x00, 0x05, 0x00,
    0x0c, 0x00, 0x00, 0x00, 0x70, 0x01, 0x00, 0x00, 0x6f, 0x01, 0x00, 0x00, 0x2f, 0x00, 0x00, 0x00,
    0x7c, 0x00, 0x04, 0x00, 0x09, 0x00, 0x00, 0x00, 0x71, 0x01, 0x00, 0x00, 0x70, 0x01, 0x00, 0x00,
    0xc7, 0x00, 0x05, 0x00, 0x09, 0x00, 0x00, 0x00, 0x72, 0x01, 0x00, 0x00, 0x71, 0x01, 0x00, 0x00,
    0x1d, 0x00, 0x00, 0x00, 0xc2, 0x00, 0x05, 0x00, 0x09, 0x00, 0x00, 0x00, 0x73, 0x01, 0x00, 0x00,
    0x24, 0x00, 0x00, 0x00, 0x72, 0x01, 0x00, 0x00, 0xc7, 0x00, 0x05, 0x00, 0x09, 0x00, 0x00, 0x00,
    0x74, 0x01, 0x00, 0x00, 0x6e, 0x01, 0x00, 0x00, 0x73, 0x01, 0x00, 0x00, 0xab, 0x00, 0x05, 0x00,
    0x15, 0x00, 0x00, 0x00, 0x75, 0x01, 0x00, 0x00, 0x74, 0x01, 0x00, 0x00, 0x0e, 0x00, 0x00, 0x00,
    0xf7, 0x00, 0x03, 0x00, 0x76, 0x01, 0x00, 0x00, 0x00, 0x00, 0x00, 0x00, 0xfa, 0x00, 0x04, 0x00,
    0x75, 0x01, 0x00, 0x00, 0x77, 0x01, 0x00, 0x00, 0x76, 0x01, 0x00, 0x00, 0xf8, 0x00, 0x02, 0x00,
    0x77, 0x01, 0x00, 0x00, 0xf9, 0x00, 0x02, 0x00, 0x4c, 0x01, 0x00, 0x00, 0xf8, 0x00, 0x02, 0x00,
    0x76, 0x01, 0x00, 0x00, 0xc7, 0x00, 0x05, 0x00, 0x09, 0x00, 0x00, 0x00, 0x78, 0x01, 0x00, 0x00,
    0x4f, 0x01, 0x00, 0x00, 0x24, 0x00, 0x00, 0x00, 0xab, 0x00, 0x05, 0x00, 0x15, 0x00, 0x00, 0x00,
    0x79, 0x01, 0x00, 0x00, 0x78, 0x01, 0x00, 0x00, 0x0e, 0x00, 0x00, 0x00, 0xf7, 0x00, 0x03, 0x00,
    0x7a, 0x01, 0x00, 0x00, 0x00, 0x00, 0x00, 0x00, 0xfa, 0x00, 0x04, 0x00, 0x79, 0x01, 0x00, 0x00,
    0x7b, 0x01, 0x00, 0x00, 0x7c, 0x01, 0x00, 0x00, 0xf8, 0x00, 0x02, 0x00, 0x7c, 0x01, 0x00, 0x00,
    0x82, 0x00, 0x05, 0x00, 0x09, 0x00, 0x00, 0x00, 0x7d, 0x01, 0x00, 0x00, 0x0e, 0x00, 0x00, 0x00,
    0x4f, 0x01, 0x00, 0x00, 0xc7, 0x00, 0x05, 0x00, 0x09, 0x00, 0x00, 0x00, 0x7e, 0x01, 0x00, 0x00,
    0x7d, 0x01, 0x00, 0x00, 0x27, 0x00, 0x00, 0x00, 0x7c, 0x00, 0x04, 0x00, 0x0c, 0x00, 0x00, 0x00,
    0x7f, 0x01, 0x00, 0x00, 0x7e, 0x01, 0x00, 0x00, 0xf9, 0x00, 0x02, 0x00, 0x7a, 0x01, 0x00, 0x00,
    0xf8, 0x00, 0x02, 0x00, 0x7b, 0x01, 0x00, 0x00, 0x80, 0x00, 0x05, 0x00, 0x09, 0x00, 0x00, 0x00,
    0x80, 0x01, 0x00, 0x00, 0x5b, 0x01, 0x00, 0x00, 0x28, 0x00, 0x00, 0x00, 0xc2, 0x00, 0x05, 0x00,
    0x09, 0x00, 0x00, 0x00, 0x81, 0x01, 0x00, 0x00, 0x80, 0x01, 0x00, 0x00, 0x12, 0x00, 0x00, 0x00,
    0x80, 0x00, 0x05, 0x00, 0x09, 0x00, 0x00, 0x00, 0x82, 0x01, 0x00, 0x00, 0x0b, 0x00, 0x00, 0x00,
    0x81, 0x01, 0x00, 0x00, 0x41, 0x00, 0x06, 0x00, 0x38, 0x00, 0x00, 0x00, 0x83, 0x01, 0x00, 0x00,
    0x07, 0x00, 0x00, 0x00, 0x11, 0x00, 0x00, 0x00, 0x82, 0x01, 0x00, 0x00, 0x3d, 0x00, 0x04, 0x00,
    0x09, 0x00, 0x00, 0x00, 0x84, 0x01, 0x00, 0x00, 0x83, 0x01, 0x00, 0x00, 0xc7, 0x00, 0x05, 0x00,
    0x09, 0x00, 0x00, 0x00, 0x85, 0x01, 0x00, 0x00, 0x5b, 0x01, 0x00, 0x00, 0x12, 0x00, 0x00, 0x00,
    0xab, 0x00, 0x05, 0x00, 0x15, 0x00, 0x00, 0x00, 0x86, 0x01, 0x00, 0x00, 0x85, 0x01, 0x00, 0x00,
    0x0e, 0x00, 0x00, 0x00, 0xf7, 0x00, 0x03, 0x00, 0x87, 0x01, 0x00, 0x00, 0x00, 0x00, 0x00, 0x00,
    0xfa, 0x00, 0x04, 0x00, 0x86, 0x01, 0x00, 0x00, 0x88, 0x01, 0x00, 0x00, 0x89, 0x01, 0x00, 0x00,
    0xf8, 0x00, 0x02, 0x00, 0x89, 0x01, 0x00, 0x00, 0xc7, 0x00, 0x05, 0x00, 0x09, 0x00, 0x00, 0x00,
    0x8a, 0x01, 0x00, 0x00, 0x84, 0x01, 0x00, 0x00, 0x30, 0x00, 0x00, 0x00, 0xf9, 0x00, 0x02, 0x00,
    0x87, 0x01, 0x00, 0x00, 0xf8, 0x00, 0x02, 0x00, 0x88, 0x01, 0x00, 0x00, 0xc2, 0x00, 0x05, 0x00,
    0x09, 0x00, 0x00, 0x00, 0x8b, 0x01, 0x00, 0x00, 0x84, 0x01, 0x00, 0x00, 0x0a, 0x00, 0x00, 0x00,
    0xf9, 0x00, 0x02, 0x00, 0x87, 0x01, 0x00, 0x00, 0xf8, 0x00, 0x02, 0x00, 0x87, 0x01, 0x00, 0x00,
    0xf5, 0x00, 0x07, 0x00, 0x09, 0x00, 0x00, 0x00, 0x8c, 0x01, 0x00, 0x00, 0x8b, 0x01, 0x00, 0x00,
    0x88, 0x01, 0x00, 0x00, 0x8a, 0x01, 0x00, 0x00, 0x89, 0x01, 0x00, 0x00, 0x82, 0x00, 0x05, 0x00,
    0x09, 0x00, 0x00, 0x00, 0x8d, 0x01, 0x00, 0x00, 0x0e, 0x00, 0x00, 0x00, 0x8c, 0x01, 0x00, 0x00,
    0xc7, 0x00, 0x05, 0x00, 0x09, 0x00, 0x00, 0x00, 0x8e, 0x01, 0x00, 0x00, 0x8d, 0x01, 0x00, 0x00,
    0x27, 0x00, 0x00, 0x00, 0x7c, 0x00, 0x04, 0x00, 0x0c, 0x00, 0x00, 0x00, 0x8f, 0x01, 0x00, 0x00,
    0x8e, 0x01, 0x00, 0x00, 0xf9, 0x00, 0x02, 0x00, 0x7a, 0x01, 0x00, 0x00, 0xf8, 0x00, 0x02, 0x00,
    0x7a, 0x01, 0x00, 0x00, 0xf5, 0x00, 0x07, 0x00, 0x0c, 0x00, 0x00, 0x00, 0x90, 0x01, 0x00, 0x00,
    0x8f, 0x01, 0x00, 0x00, 0x87, 0x01, 0x00, 0x00, 0x7f, 0x01, 0x00, 0x00, 0x7c, 0x01, 0x00, 0x00,
    0x80, 0x00, 0x05, 0x00, 0x0c, 0x00, 0x00, 0x00, 0x91, 0x01, 0x00, 0x00, 0x6a, 0x00, 0x00, 0x00,
    0x90, 0x01, 0x00, 0x00, 0xc7, 0x00, 0x05, 0x00, 0x09, 0x00, 0x00, 0x00, 0x92, 0x01, 0x00, 0x00,
    0x51, 0x01, 0x00, 0x00, 0x27, 0x00, 0x00, 0x00, 0x7c, 0x00, 0x04, 0x00, 0x0c, 0x00, 0x00, 0x00,
    0x93, 0x01, 0x00, 0x00, 0x92, 0x01, 0x00, 0x00, 0x80, 0x00, 0x05, 0x00, 0x0c, 0x00, 0x00, 0x00,
    0x94, 0x01, 0x00, 0x00, 0x93, 0x01, 0x00, 0x00, 0x5b, 0x00, 0x00, 0x00, 0xc7, 0x00, 0x05, 0x00,
    0x0c, 0x00, 0x00, 0x00, 0x95, 0x01, 0x00, 0x00, 0x94, 0x01, 0x00, 0x00, 0x32, 0x00, 0x00, 0x00,
    0x7c, 0x00, 0x04, 0x00, 0x09, 0x00, 0x00, 0x00, 0x96, 0x01, 0x00, 0x00, 0x95, 0x01, 0x00, 0x00,
    0x84, 0x00, 0x05, 0x00, 0x09, 0x00, 0x00, 0x00, 0x97, 0x01, 0x00, 0x00, 0x96, 0x01, 0x00, 0x00,
    0x28, 0x00, 0x00, 0x00, 0x80, 0x00, 0x05, 0x00, 0x09, 0x00, 0x00, 0x00, 0x98, 0x01, 0x00, 0x00,
    0x31, 0x00, 0x00, 0x00, 0x97, 0x01, 0x00, 0x00, 0xc7, 0x00, 0x05, 0x00, 0x0c, 0x00, 0x00, 0x00,
    0x99, 0x01, 0x00, 0x00, 0x91, 0x01, 0x00, 0x00, 0x32, 0x00, 0x00, 0x00, 0x7c, 0x00, 0x04, 0x00,
    0x09, 0x00, 0x00, 0x00, 0x9a, 0x01, 0x00, 0x00, 0x99, 0x01, 0x00, 0x00, 0x80, 0x00, 0x05, 0x00,
    0x09, 0x00, 0x00, 0x00, 0x9b, 0x01, 0x00, 0x00, 0x98, 0x01, 0x00, 0x00, 0x9a, 0x01, 0x00, 0x00,
    0xc2, 0x00, 0x05, 0x00, 0x09, 0x00, 0x00, 0x00, 0x9c, 0x01, 0x00, 0x00, 0x9b, 0x01, 0x00, 0x00,
    0x12, 0x00, 0x00, 0x00, 0x41, 0x00, 0x06, 0x00, 0x38, 0x00, 0x00, 0x00, 0x9d, 0x01, 0x00, 0x00,
    0x06, 0x00, 0x00, 0x00, 0x11, 0x00, 0x00, 0x00, 0x9c, 0x01, 0x00, 0x00, 0x3d, 0x00, 0x04, 0x00,
    0x09, 0x00, 0x00, 0x00, 0x9e, 0x01, 0x00, 0x00, 0x9d, 0x01, 0x00, 0x00, 0xc7, 0x00, 0x05, 0x00,
    0x09, 0x00, 0x00, 0x00, 0x9f, 0x01, 0x00, 0x00, 0x9b, 0x01, 0x00, 0x00, 0x12, 0x00, 0x00, 0x00,
    0xab, 0x00, 0x05, 0x00, 0x15, 0x00, 0x00, 0x00, 0xa0, 0x01, 0x00, 0x00, 0x9f, 0x01, 0x00, 0x00,
    0x0e, 0x00, 0x00, 0x00, 0xf7, 0x00, 0x03, 0x00, 0xa1, 0x01, 0x00, 0x00, 0x00, 0x00, 0x00, 0x00,
    0xfa, 0x00, 0x04, 0x00, 0xa0, 0x01, 0x00, 0x00, 0xa2, 0x01, 0x00, 0x00, 0xa3, 0x01, 0x00, 0x00,
    0xf8, 0x00, 0x02, 0x00, 0xa3, 0x01, 0x00, 0x00, 0xc7, 0x00, 0x05, 0x00, 0x09, 0x00, 0x00, 0x00,
    0xa4, 0x01, 0x00, 0x00, 0x9e, 0x01, 0x00, 0x00, 0x30, 0x00, 0x00, 0x00, 0xf9, 0x00, 0x02, 0x00,
    0xa1, 0x01, 0x00, 0x00, 0xf8, 0x00, 0x02, 0x00, 0xa2, 0x01, 0x00, 0x00, 0xc2, 0x00, 0x05, 0x00,
    0x09, 0x00, 0x00, 0x00, 0xa5, 0x01, 0x00, 0x00, 0x9e, 0x01, 0x00, 0x00, 0x0a, 0x00, 0x00, 0x00,
    0xf9, 0x00, 0x02, 0x00, 0xa1, 0x01, 0x00, 0x00, 0xf8, 0x00, 0x02, 0x00, 0xa1, 0x01, 0x00, 0x00,
    0xf5, 0x00, 0x07, 0x00, 0x09, 0x00, 0x00, 0x00, 0xa6, 0x01, 0x00, 0x00, 0xa5, 0x01, 0x00, 0x00,
    0xa2, 0x01, 0x00, 0x00, 0xa4, 0x01, 0x00, 0x00, 0xa3, 0x01, 0x00, 0x00, 0xc2, 0x00, 0x05, 0x00,
    0x09, 0x00, 0x00, 0x00, 0xa7, 0x01, 0x00, 0x00, 0xa6, 0x01, 0x00, 0x00, 0x2a, 0x00, 0x00, 0x00,
    0xaa, 0x00, 0x05, 0x00, 0x15, 0x00, 0x00, 0x00, 0xa8, 0x01, 0x00, 0x00, 0xa7, 0x01, 0x00, 0x00,
    0x0e, 0x00, 0x00, 0x00, 0xf7, 0x00, 0x03, 0x00, 0xa9, 0x01, 0x00, 0x00, 0x00, 0x00, 0x00, 0x00,
    0xfa, 0x00, 0x04, 0x00, 0xa8, 0x01, 0x00, 0x00, 0xaa, 0x01, 0x00, 0x00, 0xa9, 0x01, 0x00, 0x00,
    0xf8, 0x00, 0x02, 0x00, 0xaa, 0x01, 0x00, 0x00, 0xc7, 0x00, 0x05, 0x00, 0x09, 0x00, 0x00, 0x00,
    0xab, 0x01, 0x00, 0x00, 0xa6, 0x01, 0x00, 0x00, 0x2a, 0x00, 0x00, 0x00, 0xaa, 0x00, 0x05, 0x00,
    0x15, 0x00, 0x00, 0x00, 0xac, 0x01, 0x00, 0x00, 0xab, 0x01, 0x00, 0x00, 0x0e, 0x00, 0x00, 0x00,
    0xf9, 0x00, 0x02, 0x00, 0xa9, 0x01, 0x00, 0x00, 0xf8, 0x00, 0x02, 0x00, 0xa9, 0x01, 0x00, 0x00,
    0xf5, 0x00, 0x07, 0x00, 0x15, 0x00, 0x00, 0x00, 0xad, 0x01, 0x00, 0x00, 0x20, 0x00, 0x00, 0x00,
    0xa1, 0x01, 0x00, 0x00, 0xac, 0x01, 0x00, 0x00, 0xaa, 0x01, 0x00, 0x00, 0xf7, 0x00, 0x03, 0x00,
    0xae, 0x01, 0x00, 0x00, 0x00, 0x00, 0x00, 0x00, 0xfa, 0x00, 0x04, 0x00, 0xad, 0x01, 0x00, 0x00,
    0xaf, 0x01, 0x00, 0x00, 0xae, 0x01, 0x00, 0x00, 0xf8, 0x00, 0x02, 0x00, 0xaf, 0x01, 0x00, 0x00,
    0xf9, 0x00, 0x02, 0x00, 0x4c, 0x01, 0x00, 0x00, 0xf8, 0x00, 0x02, 0x00, 0xae, 0x01, 0x00, 0x00,
    0xc7, 0x00, 0x05, 0x00, 0x09, 0x00, 0x00, 0x00, 0xb0, 0x01, 0x00, 0x00, 0xa6, 0x01, 0x00, 0x00,
    0x2b, 0x00, 0x00, 0x00, 0xf9, 0x00, 0x02, 0x00, 0x4c, 0x01, 0x00, 0x00, 0xf8, 0x00, 0x02, 0x00,
    0x4c, 0x01, 0x00, 0x00, 0xf5, 0x00, 0x0d, 0x00, 0x09, 0x00, 0x00, 0x00, 0xb1, 0x01, 0x00, 0x00,
    0x0e, 0x00, 0x00, 0x00, 0x56, 0x01, 0x00, 0x00, 0x0e, 0x00, 0x00, 0x00, 0x5a, 0x01, 0x00, 0x00,
    0x0e, 0x00, 0x00, 0x00, 0x77, 0x01, 0x00, 0x00, 0x0e, 0x00, 0x00, 0x00, 0xaf, 0x01, 0x00, 0x00,
    0xb0, 0x01, 0x00, 0x00, 0xae, 0x01, 0x00, 0x00, 0xf5, 0x00, 0x0d, 0x00, 0x15, 0x00, 0x00, 0x00,
    0xb2, 0x01, 0x00, 0x00, 0x16, 0x00, 0x00, 0x00, 0x56, 0x01, 0x00, 0x00, 0x16, 0x00, 0x00, 0x00,
    0x5a, 0x01, 0x00, 0x00, 0x16, 0x00, 0x00, 0x00, 0x77, 0x01, 0x00, 0x00, 0x16, 0x00, 0x00, 0x00,
    0xaf, 0x01, 0x00, 0x00, 0x20, 0x00, 0x00, 0x00, 0xae, 0x01, 0x00, 0x00, 0xf7, 0x00, 0x03, 0x00,
    0xb3, 0x01, 0x00, 0x00, 0x00, 0x00, 0x00, 0x00, 0xfa, 0x00, 0x04, 0x00, 0xb2, 0x01, 0x00, 0x00,
    0xb4, 0x01, 0x00, 0x00, 0xb3, 0x01, 0x00, 0x00, 0xf8, 0x00, 0x02, 0x00, 0xb4, 0x01, 0x00, 0x00,
    0xf9, 0x00, 0x02, 0x00, 0x6f, 0x00, 0x00, 0x00, 0xf8, 0x00, 0x02, 0x00, 0xb3, 0x01, 0x00, 0x00,
    0xf7, 0x00, 0x03, 0x00, 0xb5, 0x01, 0x00, 0x00, 0x00, 0x00, 0x00, 0x00, 0xfb, 0x00, 0x03, 0x00,
    0x0e, 0x00, 0x00, 0x00, 0xb6, 0x01, 0x00, 0x00, 0xf8, 0x00, 0x02, 0x00, 0xb6, 0x01, 0x00, 0x00,
    0x41, 0x00, 0x06, 0x00, 0x38, 0x00, 0x00, 0x00, 0xb7, 0x01, 0x00, 0x00, 0x07, 0x00, 0x00, 0x00,
    0x11, 0x00, 0x00, 0x00, 0x3c, 0x00, 0x00, 0x00, 0x3d, 0x00, 0x04, 0x00, 0x09, 0x00, 0x00, 0x00,
    0xb8, 0x01, 0x00, 0x00, 0xb7, 0x01, 0x00, 0x00, 0xc7, 0x00, 0x05, 0x00, 0x09, 0x00, 0x00, 0x00,
    0xb9, 0x01, 0x00, 0x00, 0xb8, 0x01, 0x00, 0x00, 0x30, 0x00, 0x00, 0x00, 0x41, 0x00, 0x06, 0x00,
    0x38, 0x00, 0x00, 0x00, 0xba, 0x01, 0x00, 0x00, 0x07, 0x00, 0x00, 0x00, 0x11, 0x00, 0x00, 0x00,
    0x3d, 0x00, 0x00, 0x00, 0x3d, 0x00, 0x04, 0x00, 0x09, 0x00, 0x00, 0x00, 0xbb, 0x01, 0x00, 0x00,
    0xba, 0x01, 0x00, 0x00, 0xc7, 0x00, 0x05, 0x00, 0x09, 0x00, 0x00, 0x00, 0xbc, 0x01, 0x00, 0x00,
    0xbb, 0x01, 0x00, 0x00, 0x30, 0x00, 0x00, 0x00, 0x3d, 0x00, 0x04, 0x00, 0x09, 0x00, 0x00, 0x00,
    0xbd, 0x01, 0x00, 0x00, 0xba, 0x01, 0x00, 0x00, 0xc7, 0x00, 0x05, 0x00, 0x09, 0x00, 0x00, 0x00,
    0xbe, 0x01, 0x00, 0x00, 0xbb, 0x01, 0x00, 0x00, 0x24, 0x00, 0x00, 0x00, 0xab, 0x00, 0x05, 0x00,
    0x15, 0x00, 0x00, 0x00, 0xbf, 0x01, 0x00, 0x00, 0xbe, 0x01, 0x00, 0x00, 0x0e, 0x00, 0x00, 0x00,
    0xf7, 0x00, 0x03, 0x00, 0xc0, 0x01, 0x00, 0x00, 0x00, 0x00, 0x00, 0x00, 0xfa, 0x00, 0x04, 0x00,
    0xbf, 0x01, 0x00, 0x00, 0xc1, 0x01, 0x00, 0x00, 0xc0, 0x01, 0x00, 0x00, 0xf8, 0x00, 0x02, 0x00,
    0xc1, 0x01, 0x00, 0x00, 0xf9, 0x00, 0x02, 0x00, 0xb5, 0x01, 0x00, 0x00, 0xf8, 0x00, 0x02, 0x00,
    0xc0, 0x01, 0x00, 0x00, 0xc7, 0x00, 0x05, 0x00, 0x09, 0x00, 0x00, 0x00, 0xc2, 0x01, 0x00, 0x00,
    0xbd, 0x01, 0x00, 0x00, 0x25, 0x00, 0x00, 0x00, 0xab, 0x00, 0x05, 0x00, 0x15, 0x00, 0x00, 0x00,
    0xc3, 0x01, 0x00, 0x00, 0xc2, 0x01, 0x00, 0x00, 0x0e, 0x00, 0x00, 0x00, 0xf7, 0x00, 0x03, 0x00,
    0xc4, 0x01, 0x00, 0x00, 0x00, 0x00, 0x00, 0x00, 0xfa, 0x00, 0x04, 0x00, 0xc3, 0x01, 0x00, 0x00,
    0xc5, 0x01, 0x00, 0x00, 0xc4, 0x01, 0x00, 0x00, 0xf8, 0x00, 0x02, 0x00, 0xc5, 0x01, 0x00, 0x00,
    0xc2, 0x00, 0x05, 0x00, 0x09, 0x00, 0x00, 0x00, 0xc6, 0x01, 0x00, 0x00, 0xc2, 0x01, 0x00, 0x00,
    0x26, 0x00, 0x00, 0x00, 0xc7, 0x00, 0x05, 0x00, 0x09, 0x00, 0x00, 0x00, 0xc7, 0x01, 0x00, 0x00,
    0xbb, 0x01, 0x00, 0x00, 0x27, 0x00, 0x00, 0x00, 0x7c, 0x00, 0x04, 0x00, 0x0c, 0x00, 0x00, 0x00,
    0xc8, 0x01, 0x00, 0x00, 0xc7, 0x01, 0x00, 0x00, 0x82, 0x00, 0x05, 0x00, 0x09, 0x00, 0x00, 0x00,
    0xc9, 0x01, 0x00, 0x00, 0x0e, 0x00, 0x00, 0x00, 0xbc, 0x01, 0x00, 0x00, 0xc7, 0x00, 0x05, 0x00,
    0x09, 0x00, 0x00, 0x00, 0xca, 0x01, 0x00, 0x00, 0xc9, 0x01, 0x00, 0x00, 0x27, 0x00, 0x00, 0x00,
    0x7c, 0x00, 0x04, 0x00, 0x0c, 0x00, 0x00, 0x00, 0xcb, 0x01, 0x00, 0x00, 0xca, 0x01, 0x00, 0x00,
    0xc7, 0x00, 0x05, 0x00, 0x09, 0x00, 0x00, 0x00, 0xcc, 0x01, 0x00, 0x00, 0xc9, 0x01, 0x00, 0x00,
    0x28, 0x00, 0x00, 0x00, 0xab, 0x00, 0x05, 0x00, 0x15, 0x00, 0x00, 0x00, 0xcd, 0x01, 0x00, 0x00,
    0xcc, 0x01, 0x00, 0x00, 0x0e, 0x00, 0x00, 0x00, 0xa9, 0x00, 0x06, 0x00, 0x09, 0x00, 0x00, 0x00,
    0xce, 0x01, 0x00, 0x00, 0xcd, 0x01, 0x00, 0x00, 0x0f, 0x00, 0x00, 0x00, 0x3e, 0x00, 0x00, 0x00,
    0xc7, 0x00, 0x05, 0x00, 0x09, 0x00, 0x00, 0x00, 0xcf, 0x01, 0x00, 0x00, 0xb8, 0x01, 0x00, 0x00,
    0x24, 0x00, 0x00, 0x00, 0xab, 0x00, 0x05, 0x00, 0x15, 0x00, 0x00, 0x00, 0xd0, 0x01, 0x00, 0x00,
    0xcf, 0x01, 0x00, 0x00, 0x0e, 0x00, 0x00, 0x00, 0xf7, 0x00, 0x03, 0x00, 0xd1, 0x01, 0x00, 0x00,
    0x00, 0x00, 0x00, 0x00, 0xfa, 0x00, 0x04, 0x00, 0xd0, 0x01, 0x00, 0x00, 0xd2, 0x01, 0x00, 0x00,
    0xd3, 0x01, 0x00, 0x00, 0xf8, 0x00, 0x02, 0x00, 0xd3, 0x01, 0x00, 0x00, 0xc7, 0x00, 0x05, 0x00,
    0x09, 0x00, 0x00, 0x00, 0xd4, 0x01, 0x00, 0x00, 0xb8, 0x01, 0x00, 0x00, 0x27, 0x00, 0x00, 0x00,
    0x7c, 0x00, 0x04, 0x00, 0x0c, 0x00, 0x00, 0x00, 0xd5, 0x01, 0x00, 0x00, 0xd4, 0x01, 0x00, 0x00,
    0x7e, 0x00, 0x04, 0x00, 0x0c, 0x00, 0x00, 0x00, 0xd6, 0x01, 0x00, 0x00, 0xd5, 0x01, 0x00, 0x00,
    0xaa, 0x00, 0x05, 0x00, 0x15, 0x00, 0x00, 0x00, 0xd7, 0x01, 0x00, 0x00, 0xc6, 0x01, 0x00, 0x00,
    0x12, 0x00, 0x00, 0x00, 0xf7, 0x00, 0x03, 0x00, 0xd8, 0x01, 0x00, 0x00, 0x00, 0x00, 0x00, 0x00,
    0xfa, 0x00, 0x04, 0x00, 0xd7, 0x01, 0x00, 0x00, 0xd9, 0x01, 0x00, 0x00, 0xda, 0x01, 0x00, 0x00,
    0xf8, 0x00, 0x02, 0x00, 0xda, 0x01, 0x00, 0x00, 0xc7, 0x00, 0x05, 0x00, 0x09, 0x00, 0x00, 0x00,
    0xdb, 0x01, 0x00, 0x00, 0xb8, 0x01, 0x00, 0x00, 0x28, 0x00, 0x00, 0x00, 0xab, 0x00, 0x05, 0x00,
    0x15, 0x00, 0x00, 0x00, 0xdc, 0x01, 0x00, 0x00, 0xdb, 0x01, 0x00, 0x00, 0x0e, 0x00, 0x00, 0x00,
    0xa9, 0x00, 0x06, 0x00, 0x09, 0x00, 0x00, 0x00, 0xdd, 0x01, 0x00, 0x00, 0xdc, 0x01, 0x00, 0x00,
    0x0f, 0x00, 0x00, 0x00, 0x3e, 0x00, 0x00, 0x00, 0xb1, 0x00, 0x05, 0x00, 0x15, 0x00, 0x00, 0x00,
    0xde, 0x01, 0x00, 0x00, 0x6a, 0x00, 0x00, 0x00, 0xd5, 0x01, 0x00, 0x00, 0xf7, 0x00, 0x03, 0x00,
    0xdf, 0x01, 0x00, 0x00, 0x00, 0x00, 0x00, 0x00, 0xfa, 0x00, 0x04, 0x00, 0xde, 0x01, 0x00, 0x00,
    0xe0, 0x01, 0x00, 0x00, 0xe1, 0x01, 0x00, 0x00, 0xf8, 0x00, 0x02, 0x00, 0xe1, 0x01, 0x00, 0x00,
    0x53, 0x00, 0x04, 0x00, 0x09, 0x00, 0x00, 0x00, 0xe2, 0x01, 0x00, 0x00, 0x3e, 0x00, 0x00, 0x00,
    0x53, 0x00, 0x04, 0x00, 0x09, 0x00, 0x00, 0x00, 0xe3, 0x01, 0x00, 0x00, 0x0f, 0x00, 0x00, 0x00,
    0xa9, 0x00, 0x06, 0x00, 0x09, 0x00, 0x00, 0x00, 0xe4, 0x01, 0x00, 0x00, 0xdc, 0x01, 0x00, 0x00,
    0x3e, 0x00, 0x00, 0x00, 0x0f, 0x00, 0x00, 0x00, 0xf9, 0x00, 0x02, 0x00, 0xdf, 0x01, 0x00, 0x00,
    0xf8, 0x00, 0x02, 0x00, 0xe0, 0x01, 0x00, 0x00, 0xf9, 0x00, 0x02, 0x00, 0xdf, 0x01, 0x00, 0x00,
    0xf8, 0x00, 0x02, 0x00, 0xdf, 0x01, 0x00, 0x00, 0xf5, 0x00, 0x07, 0x00, 0x09, 0x00, 0x00, 0x00,
    0xe5, 0x01, 0x00, 0x00, 0xdd, 0x01, 0x00, 0x00, 0xe0, 0x01, 0x00, 0x00, 0xe4, 0x01, 0x00, 0x00,
    0xe1, 0x01, 0x00, 0x00, 0xf9, 0x00, 0x02, 0x00, 0xd8, 0x01, 0x00, 0x00, 0xf8, 0x00, 0x02, 0x00,
    0xd9, 0x01, 0x00, 0x00, 0xb1, 0x00, 0x05, 0x00, 0x15, 0x00, 0x00, 0x00, 0xe6, 0x01, 0x00, 0x00,
    0x5b, 0x00, 0x00, 0x00, 0xcb, 0x01, 0x00, 0x00, 0xf7, 0x00, 0x03, 0x00, 0xe7, 0x01, 0x00, 0x00,
    0x00, 0x00, 0x00, 0x00, 0xfa, 0x00, 0x04, 0x00, 0xe6, 0x01, 0x00, 0x00, 0xe8, 0x01, 0x00, 0x00,
    0xe9, 0x01, 0x00, 0x00, 0xf8, 0x00, 0x02, 0x00, 0xe9, 0x01, 0x00, 0x00, 0x53, 0x00, 0x04, 0x00,
    0x09, 0x00, 0x00, 0x00, 0xea, 0x01, 0x00, 0x00, 0x3e, 0x00, 0x00, 0x00, 0x53, 0x00, 0x04, 0x00,
    0x09, 0x00, 0x00, 0x00, 0xeb, 0x01, 0x00, 0x00, 0x0f, 0x00, 0x00, 0x00, 0xa9, 0x00, 0x06, 0x00,
    0x09, 0x00, 0x00, 0x00, 0xec, 0x01, 0x00, 0x00, 0xcd, 0x01, 0x00, 0x00, 0x3e, 0x00, 0x00, 0x00,
    0x0f, 0x00, 0x00, 0x00, 0xf9, 0x00, 0x02, 0x00, 0xe7, 0x01, 0x00, 0x00, 0xf8, 0x00, 0x02, 0x00,
    0xe8, 0x01, 0x00, 0x00, 0xf9, 0x00, 0x02, 0x00, 0xe7, 0x01, 0x00, 0x00, 0xf8, 0x00, 0x02, 0x00,
    0xe7, 0x01, 0x00, 0x00, 0xf5, 0x00, 0x07, 0x00, 0x09, 0x00, 0x00, 0x00, 0xed, 0x01, 0x00, 0x00,
    0xce, 0x01, 0x00, 0x00, 0xe8, 0x01, 0x00, 0x00, 0xec, 0x01, 0x00, 0x00, 0xe9, 0x01, 0x00, 0x00,
    0xf9, 0x00, 0x02, 0x00, 0xd8, 0x01, 0x00, 0x00, 0xf8, 0x00, 0x02, 0x00, 0xd8, 0x01, 0x00, 0x00,
    0xf5, 0x00, 0x07, 0x00, 0x09, 0x00, 0x00, 0x00, 0xee, 0x01, 0x00, 0x00, 0xed, 0x01, 0x00, 0x00,
    0xe7, 0x01, 0x00, 0x00, 0xe5, 0x01, 0x00, 0x00, 0xdf, 0x01, 0x00, 0x00, 0xf9, 0x00, 0x02, 0x00,
    0xd1, 0x01, 0x00, 0x00, 0xf8, 0x00, 0x02, 0x00, 0xd2, 0x01, 0x00, 0x00, 0x7c, 0x00, 0x04, 0x00,
    0x09, 0x00, 0x00, 0x00, 0xef, 0x01, 0x00, 0x00, 0x5b, 0x00, 0x00, 0x00, 0x80, 0x00, 0x05, 0x00,
    0x09, 0x00, 0x00, 0x00, 0xf0, 0x01, 0x00, 0x00, 0xef, 0x01, 0x00, 0x00, 0x3f, 0x00, 0x00, 0x00,
    0xc2, 0x00, 0x05, 0x00, 0x09, 0x00, 0x00, 0x00, 0xf1, 0x01, 0x00, 0x00, 0xf0, 0x01, 0x00, 0x00,
    0x12, 0x00, 0x00, 0x00, 0x80, 0x00, 0x05, 0x00, 0x09, 0x00, 0x00, 0x00, 0xf2, 0x01, 0x00, 0x00,
    0x0b, 0x00, 0x00, 0x00, 0xf1, 0x01, 0x00, 0x00, 0x41, 0x00, 0x06, 0x00, 0x38, 0x00, 0x00, 0x00,
    0xf3, 0x01, 0x00, 0x00, 0x07, 0x00, 0x00, 0x00, 0x11, 0x00, 0x00, 0x00, 0xf2, 0x01, 0x00, 0x00,
    0x3d, 0x00, 0x04, 0x00, 0x09, 0x00, 0x00, 0x00, 0xf4, 0x01, 0x00, 0x00, 0xf3, 0x01, 0x00, 0x00,
    0xc7, 0x00, 0x05, 0x00, 0x09, 0x00, 0x00, 0x00, 0xf5, 0x01, 0x00, 0x00, 0xef, 0x01, 0x00, 0x00,
    0x12, 0x00, 0x00, 0x00, 0xab, 0x00, 0x05, 0x00, 0x15, 0x00, 0x00, 0x00, 0xf6, 0x01, 0x00, 0x00,
    0xf5, 0x01, 0x00, 0x00, 0x0e, 0x00, 0x00, 0x00, 0xf7, 0x00, 0x03, 0x00, 0xf7, 0x01, 0x00, 0x00,
    0x00, 0x00, 0x00, 0x00, 0xfa, 0x00, 0x04, 0x00, 0xf6, 0x01, 0x00, 0x00, 0xf8, 0x01, 0x00, 0x00,
    0xf9, 0x01, 0x00, 0x00, 0xf8, 0x00, 0x02, 0x00, 0xf9, 0x01, 0x00, 0x00, 0xc7, 0x00, 0x05, 0x00,
    0x09, 0x00, 0x00, 0x00, 0xfa, 0x01, 0x00, 0x00, 0xf4, 0x01, 0x00, 0x00, 0x30, 0x00, 0x00, 0x00,
    0xf9, 0x00, 0x02, 0x00, 0xf7, 0x01, 0x00, 0x00, 0xf8, 0x00, 0x02, 0x00, 0xf8, 0x01, 0x00, 0x00,
    0xc2, 0x00, 0x05, 0x00, 0x09, 0x00, 0x00, 0x00, 0xfb, 0x01, 0x00, 0x00, 0xf4, 0x01, 0x00, 0x00,
    0x0a, 0x00, 0x00, 0x00, 0xf9, 0x00, 0x02, 0x00, 0xf7, 0x01, 0x00, 0x00, 0xf8, 0x00, 0x02, 0x00,
    0xf7, 0x01, 0x00, 0x00, 0xf5, 0x00, 0x07, 0x00, 0x09, 0x00, 0x00, 0x00, 0xfc, 0x01, 0x00, 0x00,
    0xfb, 0x01, 0x00, 0x00, 0xf8, 0x01, 0x00, 0x00, 0xfa, 0x01, 0x00, 0x00, 0xf9, 0x01, 0x00, 0x00,
    0xc7, 0x00, 0x05, 0x00, 0x09, 0x00, 0x00, 0x00, 0xfd, 0x01, 0x00, 0x00, 0xfc, 0x01, 0x00, 0x00,
    0x27, 0x00, 0x00, 0x00, 0x7c, 0x00, 0x04, 0x00, 0x0c, 0x00, 0x00, 0x00, 0xfe, 0x01, 0x00, 0x00,
    0xfd, 0x01, 0x00, 0x00, 0x7e, 0x00, 0x04, 0x00, 0x0c, 0x00, 0x00, 0x00, 0xff, 0x01, 0x00, 0x00,
    0xfe, 0x01, 0x00, 0x00, 0xaa, 0x00, 0x05, 0x00, 0x15, 0x00, 0x00, 0x00, 0x00, 0x02, 0x00, 0x00,
    0xc6, 0x01, 0x00, 0x00, 0x12, 0x00, 0x00, 0x00, 0xf7, 0x00, 0x03, 0x00, 0x01, 0x02, 0x00, 0x00,
    0x00, 0x00, 0x00, 0x00, 0xfa, 0x00, 0x04, 0x00, 0x00, 0x02, 0x00, 0x00, 0x02, 0x02, 0x00, 0x00,
    0x03, 0x02, 0x00, 0x00, 0xf8, 0x00, 0x02, 0x00, 0x03, 0x02, 0x00, 0x00, 0xc7, 0x00, 0x05, 0x00,
    0x09, 0x00, 0x00, 0x00, 0x04, 0x02, 0x00, 0x00, 0xfc, 0x01, 0x00, 0x00, 0x28, 0x00, 0x00, 0x00,
    0xab, 0x00, 0x05, 0x00, 0x15, 0x00, 0x00, 0x00, 0x05, 0x02, 0x00, 0x00, 0x04, 0x02, 0x00, 0x00,
    0x0e, 0x00, 0x00, 0x00, 0xa9, 0x00, 0x06, 0x00, 0x09, 0x00, 0x00, 0x00, 0x06, 0x02, 0x00, 0x00,
    0x05, 0x02, 0x00, 0x00, 0x0f, 0x00, 0x00, 0x00, 0x3e, 0x00, 0x00, 0x00, 0x82, 0x00, 0x05, 0x00,
    0x0c, 0x00, 0x00, 0x00, 0x07, 0x02, 0x00, 0x00, 0xfe, 0x01, 0x00, 0x00, 0x14, 0x00, 0x00, 0x00,
    0xb3, 0x00, 0x05, 0x00, 0x15, 0x00, 0x00, 0x00, 0x08, 0x02, 0x00, 0x00, 0x6a, 0x00, 0x00, 0x00,
    0x07, 0x02, 0x00, 0x00, 0xf7, 0x00, 0x03, 0x00, 0x09, 0x02, 0x00, 0x00, 0x00, 0x00, 0x00, 0x00,
    0xfa, 0x00, 0x04, 0x00, 0x08, 0x02, 0x00, 0x00, 0x0a, 0x02, 0x00, 0x00, 0x0b, 0x02, 0x00, 0x00,
    0xf8, 0x00, 0x02, 0x00, 0x0b, 0x02, 0x00, 0x00, 0x53, 0x00, 0x04, 0x00, 0x09, 0x00, 0x00, 0x00,
    0x0c, 0x02, 0x00, 0x00, 0x3e, 0x00, 0x00, 0x00, 0x53, 0x00, 0x04, 0x00, 0x09, 0x00, 0x00, 0x00,
    0x0d, 0x02, 0x00, 0x00, 0x0f, 0x00, 0x00, 0x00, 0xa9, 0x00, 0x06, 0x00, 0x09, 0x00, 0x00, 0x00,
    0x0e, 0x02, 0x00, 0x00, 0x05, 0x02, 0x00, 0x00, 0x3e, 0x00, 0x00, 0x00, 0x0f, 0x00, 0x00, 0x00,
    0xf9, 0x00, 0x02, 0x00, 0x09, 0x02, 0x00, 0x00, 0xf8, 0x00, 0x02, 0x00, 0x0a, 0x02, 0x00, 0x00,
    0xf9, 0x00, 0x02, 0x00, 0x09, 0x02, 0x00, 0x00, 0xf8, 0x00, 0x02, 0x00, 0x09, 0x02, 0x00, 0x00,
    0xf5, 0x00, 0x07, 0x00, 0x09, 0x00, 0x00, 0x00, 0x0f, 0x02, 0x00, 0x00, 0x06, 0x02, 0x00, 0x00,
    0x0a, 0x02, 0x00, 0x00, 0x0e, 0x02, 0x00, 0x00, 0x0b, 0x02, 0x00, 0x00, 0xf9, 0x00, 0x02, 0x00,
    0x01, 0x02, 0x00, 0x00, 0xf8, 0x00, 0x02, 0x00, 0x02, 0x02, 0x00, 0x00, 0xaf, 0x00, 0x05, 0x00,
    0x15, 0x00, 0x00, 0x00, 0x10, 0x02, 0x00, 0x00, 0x5b, 0x00, 0x00, 0x00, 0xcb, 0x01, 0x00, 0x00,
    0xf7, 0x00, 0x03, 0x00, 0x11, 0x02, 0x00, 0x00, 0x00, 0x00, 0x00, 0x00, 0xfa, 0x00, 0x04, 0x00,
    0x10, 0x02, 0x00, 0x00, 0x12, 0x02, 0x00, 0x00, 0x13, 0x02, 0x00, 0x00, 0xf8, 0x00, 0x02, 0x00,
    0x13, 0x02, 0x00, 0x00, 0xf9, 0x00, 0x02, 0x00, 0x11, 0x02, 0x00, 0x00, 0xf8, 0x00, 0x02, 0x00,
    0x12, 0x02, 0x00, 0x00, 0x53, 0x00, 0x04, 0x00, 0x09, 0x00, 0x00, 0x00, 0x14, 0x02, 0x00, 0x00,
    0x3e, 0x00, 0x00, 0x00, 0x53, 0x00, 0x04, 0x00, 0x09, 0x00, 0x00, 0x00, 0x15, 0x02, 0x00, 0x00,
    0x0f, 0x00, 0x00, 0x00, 0xa9, 0x00, 0x06, 0x00, 0x09, 0x00, 0x00, 0x00, 0x16, 0x02, 0x00, 0x00,
    0xcd, 0x01, 0x00, 0x00, 0x3e, 0x00, 0x00, 0x00, 0x0f, 0x00, 0x00, 0x00, 0xf9, 0x00, 0x02, 0x00,
    0x11, 0x02, 0x00, 0x00, 0xf8, 0x00, 0x02, 0x00, 0x11, 0x02, 0x00, 0x00, 0xf5, 0x00, 0x07, 0x00,
    0x09, 0x00, 0x00, 0x00, 0x17, 0x02, 0x00, 0x00, 0x16, 0x02, 0x00, 0x00, 0x12, 0x02, 0x00, 0x00,
    0xce, 0x01, 0x00, 0x00, 0x13, 0x02, 0x00, 0x00, 0xf9, 0x00, 0x02, 0x00, 0x01, 0x02, 0x00, 0x00,
    0xf8, 0x00, 0x02, 0x00, 0x01, 0x02, 0x00, 0x00, 0xf5, 0x00, 0x07, 0x00, 0x09, 0x00, 0x00, 0x00,
    0x18, 0x02, 0x00, 0x00, 0x17, 0x02, 0x00, 0x00, 0x11, 0x02, 0x00, 0x00, 0x0f, 0x02, 0x00, 0x00,
    0x09, 0x02, 0x00, 0x00, 0xf9, 0x00, 0x02, 0x00, 0xd1, 0x01, 0x00, 0x00, 0xf8, 0x00, 0x02, 0x00,
    0xd1, 0x01, 0x00, 0x00, 0xf5, 0x00, 0x07, 0x00, 0x0c, 0x00, 0x00, 0x00, 0x19, 0x02, 0x00, 0x00,
    0xff, 0x01, 0x00, 0x00, 0x01, 0x02, 0x00, 0x00, 0xd6, 0x01, 0x00, 0x00, 0xd8, 0x01, 0x00, 0x00,
    0xf5, 0x00, 0x07, 0x00, 0x09, 0x00, 0x00, 0x00, 0x1a, 0x02, 0x00, 0x00, 0x18, 0x02, 0x00, 0x00,
    0x01, 0x02, 0x00, 0x00, 0xee, 0x01, 0x00, 0x00, 0xd8, 0x01, 0x00, 0x00, 0x80, 0x00, 0x05, 0x00,
    0x0c, 0x00, 0x00, 0x00, 0x1b, 0x02, 0x00, 0x00, 0x6a, 0x00, 0x00, 0x00, 0x19, 0x02, 0x00, 0x00,
    0x80, 0x00, 0x05, 0x00, 0x0c, 0x00, 0x00, 0x00, 0x1c, 0x02, 0x00, 0x00, 0x5b, 0x00, 0x00, 0x00,
    0xc8, 0x01, 0x00, 0x00, 0x84, 0x00, 0x05, 0x00, 0x09, 0x00, 0x00, 0x00, 0x1d, 0x02, 0x00, 0x00,
    0x1a, 0x02, 0x00, 0x00, 0x31, 0x00, 0x00, 0x00, 0xc7, 0x00, 0x05, 0x00, 0x0c, 0x00, 0x00, 0x00,
    0x1e, 0x02, 0x00, 0x00, 0x1c, 0x02, 0x00, 0x00, 0x32, 0x00, 0x00, 0x00, 0x7c, 0x00, 0x04, 0x00,
    0x09, 0x00, 0x00, 0x00, 0x1f, 0x02, 0x00, 0x00, 0x1e, 0x02, 0x00, 0x00, 0x84, 0x00, 0x05, 0x00,
    0x09, 0x00, 0x00, 0x00, 0x20, 0x02, 0x00, 0x00, 0x1f, 0x02, 0x00, 0x00, 0x28, 0x00, 0x00, 0x00,
    0x80, 0x00, 0x05, 0x00, 0x09, 0x00, 0x00, 0x00, 0x21, 0x02, 0x00, 0x00, 0x1d, 0x02, 0x00, 0x00,
    0x20, 0x02, 0x00, 0x00, 0xc7, 0x00, 0x05, 0x00, 0x0c, 0x00, 0x00, 0x00, 0x22, 0x02, 0x00, 0x00,
    0x1b, 0x02, 0x00, 0x00, 0x32, 0x00, 0x00, 0x00, 0x7c, 0x00, 0x04, 0x00, 0x09, 0x00, 0x00, 0x00,
    0x23, 0x02, 0x00, 0x00, 0x22, 0x02, 0x00, 0x00, 0x80, 0x00, 0x05, 0x00, 0x09, 0x00, 0x00, 0x00,
    0x24, 0x02, 0x00, 0x00, 0x21, 0x02, 0x00, 0x00, 0x23, 0x02, 0x00, 0x00, 0xc2, 0x00, 0x05, 0x00,
    0x09, 0x00, 0x00, 0x00, 0x25, 0x02, 0x00, 0x00, 0x24, 0x02, 0x00, 0x00, 0x12, 0x00, 0x00, 0x00,
    0x41, 0x00, 0x06, 0x00, 0x38, 0x00, 0x00, 0x00, 0x26, 0x02, 0x00, 0x00, 0x06, 0x00, 0x00, 0x00,
    0x11, 0x00, 0x00, 0x00, 0x25, 0x02, 0x00, 0x00, 0x3d, 0x00, 0x04, 0x00, 0x09, 0x00, 0x00, 0x00,
    0x27, 0x02, 0x00, 0x00, 0x26, 0x02, 0x00, 0x00, 0xc7, 0x00, 0x05, 0x00, 0x09, 0x00, 0x00, 0x00,
    0x28, 0x02, 0x00, 0x00, 0x24, 0x02, 0x00, 0x00, 0x12, 0x00, 0x00, 0x00, 0xab, 0x00, 0x05, 0x00,
    0x15, 0x00, 0x00, 0x00, 0x29, 0x02, 0x00, 0x00, 0x28, 0x02, 0x00, 0x00, 0x0e, 0x00, 0x00, 0x00,
    0xf7, 0x00, 0x03, 0x00, 0x2a, 0x02, 0x00, 0x00, 0x00, 0x00, 0x00, 0x00, 0xfa, 0x00, 0x04, 0x00,
    0x29, 0x02, 0x00, 0x00, 0x2b, 0x02, 0x00, 0x00, 0x2c, 0x02, 0x00, 0x00, 0xf8, 0x00, 0x02, 0x00,
    0x2c, 0x02, 0x00, 0x00, 0xc7, 0x00, 0x05, 0x00, 0x09, 0x00, 0x00, 0x00, 0x2d, 0x02, 0x00, 0x00,
    0x27, 0x02, 0x00, 0x00, 0x30, 0x00, 0x00, 0x00, 0xf9, 0x00, 0x02, 0x00, 0x2a, 0x02, 0x00, 0x00,
    0xf8, 0x00, 0x02, 0x00, 0x2b, 0x02, 0x00, 0x00, 0xc2, 0x00, 0x05, 0x00, 0x09, 0x00, 0x00, 0x00,
    0x2e, 0x02, 0x00, 0x00, 0x27, 0x02, 0x00, 0x00, 0x0a, 0x00, 0x00, 0x00, 0xf9, 0x00, 0x02, 0x00,
    0x2a, 0x02, 0x00, 0x00, 0xf8, 0x00, 0x02, 0x00, 0x2a, 0x02, 0x00, 0x00, 0xf5, 0x00, 0x07, 0x00,
    0x09, 0x00, 0x00, 0x00, 0x2f, 0x02, 0x00, 0x00, 0x2e, 0x02, 0x00, 0x00, 0x2b, 0x02, 0x00, 0x00,
    0x2d, 0x02, 0x00, 0x00, 0x2c, 0x02, 0x00, 0x00, 0xc2, 0x00, 0x05, 0x00, 0x09, 0x00, 0x00, 0x00,
    0x30, 0x02, 0x00, 0x00, 0x2f, 0x02, 0x00, 0x00, 0x2a, 0x00, 0x00, 0x00, 0xaa, 0x00, 0x05, 0x00,
    0x15, 0x00, 0x00, 0x00, 0x31, 0x02, 0x00, 0x00, 0x30, 0x02, 0x00, 0x00, 0x0e, 0x00, 0x00, 0x00,
    0xab, 0x00, 0x05, 0x00, 0x15, 0x00, 0x00, 0x00, 0x32, 0x02, 0x00, 0x00, 0x30, 0x02, 0x00, 0x00,
    0x0e, 0x00, 0x00, 0x00, 0xf7, 0x00, 0x03, 0x00, 0x33, 0x02, 0x00, 0x00, 0x00, 0x00, 0x00, 0x00,
    0xfa, 0x00, 0x04, 0x00, 0x32, 0x02, 0x00, 0x00, 0x34, 0x02, 0x00, 0x00, 0x33, 0x02, 0x00, 0x00,
    0xf8, 0x00, 0x02, 0x00, 0x34, 0x02, 0x00, 0x00, 0xf9, 0x00, 0x02, 0x00, 0xb5, 0x01, 0x00, 0x00,
    0xf8, 0x00, 0x02, 0x00, 0x33, 0x02, 0x00, 0x00, 0xc7, 0x00, 0x05, 0x00, 0x09, 0x00, 0x00, 0x00,
    0x35, 0x02, 0x00, 0x00, 0x2f, 0x02, 0x00, 0x00, 0x2b, 0x00, 0x00, 0x00, 0xf9, 0x00, 0x02, 0x00,
    0xb5, 0x01, 0x00, 0x00, 0xf8, 0x00, 0x02, 0x00, 0xc4, 0x01, 0x00, 0x00, 0x7c, 0x00, 0x04, 0x00,
    0x09, 0x00, 0x00, 0x00, 0x36, 0x02, 0x00, 0x00, 0x5b, 0x00, 0x00, 0x00, 0x84, 0x00, 0x05, 0x00,
    0x09, 0x00, 0x00, 0x00, 0x37, 0x02, 0x00, 0x00, 0x36, 0x02, 0x00, 0x00, 0x21, 0x00, 0x00, 0x00,
    0x80, 0x00, 0x05, 0x00, 0x09, 0x00, 0x00, 0x00, 0x38, 0x02, 0x00, 0x00, 0x2c, 0x00, 0x00, 0x00,
    0x37, 0x02, 0x00, 0x00, 0xc3, 0x00, 0x05, 0x00, 0x0c, 0x00, 0x00, 0x00, 0x39, 0x02, 0x00, 0x00,
    0x6a, 0x00, 0x00, 0x00, 0x2d, 0x00, 0x00, 0x00, 0x7c, 0x00, 0x04, 0x00, 0x09, 0x00, 0x00, 0x00,
    0x3a, 0x02, 0x00, 0x00, 0x39, 0x02, 0x00, 0x00, 0x80, 0x00, 0x05, 0x00, 0x09, 0x00, 0x00, 0x00,
    0x3b, 0x02, 0x00, 0x00, 0x38, 0x02, 0x00, 0x00, 0x3a, 0x02, 0x00, 0x00, 0x82, 0x00, 0x05, 0x00,
    0x09, 0x00, 0x00, 0x00, 0x3c, 0x02, 0x00, 0x00, 0x3b, 0x02, 0x00, 0x00, 0x29, 0x00, 0x00, 0x00,
    0xc2, 0x00, 0x05, 0x00, 0x09, 0x00, 0x00, 0x00, 0x3d, 0x02, 0x00, 0x00, 0x3c, 0x02, 0x00, 0x00,
    0x12, 0x00, 0x00, 0x00, 0x80, 0x00, 0x05, 0x00, 0x09, 0x00, 0x00, 0x00, 0x3e, 0x02, 0x00, 0x00,
    0x0b, 0x00, 0x00, 0x00, 0x3d, 0x02, 0x00, 0x00, 0x41, 0x00, 0x06, 0x00, 0x38, 0x00, 0x00, 0x00,
    0x3f, 0x02, 0x00, 0x00, 0x07, 0x00, 0x00, 0x00, 0x11, 0x00, 0x00, 0x00, 0x3e, 0x02, 0x00, 0x00,
    0x3d, 0x00, 0x04, 0x00, 0x09, 0x00, 0x00, 0x00, 0x40, 0x02, 0x00, 0x00, 0x3f, 0x02, 0x00, 0x00,
    0xc7, 0x00, 0x05, 0x00, 0x09, 0x00, 0x00, 0x00, 0x41, 0x02, 0x00, 0x00, 0x3b, 0x02, 0x00, 0x00,
    0x12, 0x00, 0x00, 0x00, 0xab, 0x00, 0x05, 0x00, 0x15, 0x00, 0x00, 0x00, 0x42, 0x02, 0x00, 0x00,
    0x41, 0x02, 0x00, 0x00, 0x0e, 0x00, 0x00, 0x00, 0xf7, 0x00, 0x03, 0x00, 0x43, 0x02, 0x00, 0x00,
    0x00, 0x00, 0x00, 0x00, 0xfa, 0x00, 0x04, 0x00, 0x42, 0x02, 0x00, 0x00, 0x44, 0x02, 0x00, 0x00,
    0x45, 0x02, 0x00, 0x00, 0xf8, 0x00, 0x02, 0x00, 0x45, 0x02, 0x00, 0x00, 0xc7, 0x00, 0x05, 0x00,
    0x09, 0x00, 0x00, 0x00, 0x46, 0x02, 0x00, 0x00, 0x40, 0x02, 0x00, 0x00, 0x30, 0x00, 0x00, 0x00,
    0xf9, 0x00, 0x02, 0x00, 0x43, 0x02, 0x00, 0x00, 0xf8, 0x00, 0x02, 0x00, 0x44, 0x02, 0x00, 0x00,
    0xc2, 0x00, 0x05, 0x00, 0x09, 0x00, 0x00, 0x00, 0x47, 0x02, 0x00, 0x00, 0x40, 0x02, 0x00, 0x00,
    0x0a, 0x00, 0x00, 0x00, 0xf9, 0x00, 0x02, 0x00, 0x43, 0x02, 0x00, 0x00, 0xf8, 0x00, 0x02, 0x00,
    0x43, 0x02, 0x00, 0x00, 0xf5, 0x00, 0x07, 0x00, 0x09, 0x00, 0x00, 0x00, 0x48, 0x02, 0x00, 0x00,
    0x47, 0x02, 0x00, 0x00, 0x44, 0x02, 0x00, 0x00, 0x46, 0x02, 0x00, 0x00, 0x45, 0x02, 0x00, 0x00,
    0xc3, 0x00, 0x05, 0x00, 0x0c, 0x00, 0x00, 0x00, 0x49, 0x02, 0x00, 0x00, 0x6a, 0x00, 0x00, 0x00,
    0x2e, 0x00, 0x00, 0x00, 0xc7, 0x00, 0x05, 0x00, 0x0c, 0x00, 0x00, 0x00, 0x4a, 0x02, 0x00, 0x00,
    0x49, 0x02, 0x00, 0x00, 0x2f, 0x00, 0x00, 0x00, 0x7c, 0x00, 0x04, 0x00, 0x09, 0x00, 0x00, 0x00,
    0x4b, 0x02, 0x00, 0x00, 0x4a, 0x02, 0x00, 0x00, 0xc7, 0x00, 0x05, 0x00, 0x09, 0x00, 0x00, 0x00,
    0x4c, 0x02, 0x00, 0x00, 0x4b, 0x02, 0x00, 0x00, 0x1d, 0x00, 0x00, 0x00, 0xc2, 0x00, 0x05, 0x00,
    0x09, 0x00, 0x00, 0x00, 0x4d, 0x02, 0x00, 0x00, 0x24, 0x00, 0x00, 0x00, 0x4c, 0x02, 0x00, 0x00,
    0xc7, 0x00, 0x05, 0x00, 0x09, 0x00, 0x00, 0x00, 0x4e, 0x02, 0x00, 0x00, 0x48, 0x02, 0x00, 0x00,
    0x4d, 0x02, 0x00, 0x00, 0xab, 0x00, 0x05, 0x00, 0x15, 0x00, 0x00, 0x00, 0x4f, 0x02, 0x00, 0x00,
    0x4e, 0x02, 0x00, 0x00, 0x0e, 0x00, 0x00, 0x00, 0xf7, 0x00, 0x03, 0x00, 0x50, 0x02, 0x00, 0x00,
    0x00, 0x00, 0x00, 0x00, 0xfa, 0x00, 0x04, 0x00, 0x4f, 0x02, 0x00, 0x00, 0x51, 0x02, 0x00, 0x00,
    0x50, 0x02, 0x00, 0x00, 0xf8, 0x00, 0x02, 0x00, 0x51, 0x02, 0x00, 0x00, 0xf9, 0x00, 0x02, 0x00,
    0xb5, 0x01, 0x00, 0x00, 0xf8, 0x00, 0x02, 0x00, 0x50, 0x02, 0x00, 0x00, 0xc7, 0x00, 0x05, 0x00,
    0x09, 0x00, 0x00, 0x00, 0x52, 0x02, 0x00, 0x00, 0xb8, 0x01, 0x00, 0x00, 0x24, 0x00, 0x00, 0x00,
    0xab, 0x00, 0x05, 0x00, 0x15, 0x00, 0x00, 0x00, 0x53, 0x02, 0x00, 0x00, 0x52, 0x02, 0x00, 0x00,
    0x0e, 0x00, 0x00, 0x00, 0xf7, 0x00, 0x03, 0x00, 0x54, 0x02, 0x00, 0x00, 0x00, 0x00, 0x00, 0x00,
    0xfa, 0x00, 0x04, 0x00, 0x53, 0x02, 0x00, 0x00, 0x55, 0x02, 0x00, 0x00, 0x56, 0x02, 0x00, 0x00,
    0xf8, 0x00, 0x02, 0x00, 0x56, 0x02, 0x00, 0x00, 0x82, 0x00, 0x05, 0x00, 0x09, 0x00, 0x00, 0x00,
    0x57, 0x02, 0x00, 0x00, 0x0e, 0x00, 0x00, 0x00, 0xb9, 0x01, 0x00, 0x00, 0xc7, 0x00, 0x05, 0x00,
    0x09, 0x00, 0x00, 0x00, 0x58, 0x02, 0x00, 0x00, 0x57, 0x02, 0x00, 0x00, 0x27, 0x00, 0x00, 0x00,
    0x7c, 0x00, 0x04, 0x00, 0x0c, 0x00, 0x00, 0x00, 0x59, 0x02, 0x00, 0x00, 0x58, 0x02, 0x00, 0x00,
    0xf9, 0x00, 0x02, 0x00, 0x54, 0x02, 0x00, 0x00, 0xf8, 0x00, 0x02, 0x00, 0x55, 0x02, 0x00, 0x00,
    0x80, 0x00, 0x05, 0x00, 0x09, 0x00, 0x00, 0x00, 0x5a, 0x02, 0x00, 0x00, 0x36, 0x02, 0x00, 0x00,
    0x3f, 0x00, 0x00, 0x00, 0xc2, 0x00, 0x05, 0x00, 0x09, 0x00, 0x00, 0x00, 0x5b, 0x02, 0x00, 0x00,
    0x5a, 0x02, 0x00, 0x00, 0x12, 0x00, 0x00, 0x00, 0x80, 0x00, 0x05, 0x00, 0x09, 0x00, 0x00, 0x00,
    0x5c, 0x02, 0x00, 0x00, 0x0b, 0x00, 0x00, 0x00, 0x5b, 0x02, 0x00, 0x00, 0x41, 0x00, 0x06, 0x00,
    0x38, 0x00, 0x00, 0x00, 0x5d, 0x02, 0x00, 0x00, 0x07, 0x00, 0x00, 0x00, 0x11, 0x00, 0x00, 0x00,
    0x5c, 0x02, 0x00, 0x00, 0x3d, 0x00, 0x04, 0x00, 0x09, 0x00, 0x00, 0x00, 0x5e, 0x02, 0x00, 0x00,
    0x5d, 0x02, 0x00, 0x00, 0xc7, 0x00, 0x05, 0x00, 0x09, 0x00, 0x00, 0x00, 0x5f, 0x02, 0x00, 0x00,
    0x36, 0x02, 0x00, 0x00, 0x12, 0x00, 0x00, 0x00, 0xab, 0x00, 0x05, 0x00, 0x15, 0x00, 0x00, 0x00,
    0x60, 0x02, 0x00, 0x00, 0x5f, 0x02, 0x00, 0x00, 0x0e, 0x00, 0x00, 0x00, 0xf7, 0x00, 0x03, 0x00,
    0x61, 0x02, 0x00, 0x00, 0x00, 0x00, 0x00, 0x00, 0xfa, 0x00, 0x04, 0x00, 0x60, 0x02, 0x00, 0x00,
    0x62, 0x02, 0x00, 0x00, 0x63, 0x02, 0x00, 0x00, 0xf8, 0x00, 0x02, 0x00, 0x63, 0x02, 0x00, 0x00,
    0xc7, 0x00, 0x05, 0x00, 0x09, 0x00, 0x00, 0x00, 0x64, 0x02, 0x00, 0x00, 0x5e, 0x02, 0x00, 0x00,
    0x30, 0x00, 0x00, 0x00, 0xf9, 0x00, 0x02, 0x00, 0x61, 0x02, 0x00, 0x00, 0xf8, 0x00, 0x02, 0x00,
    0x62, 0x02, 0x00, 0x00, 0xc2, 0x00, 0x05, 0x00, 0x09, 0x00, 0x00, 0x00, 0x65, 0x02, 0x00, 0x00,
    0x5e, 0x02, 0x00, 0x00, 0x0a, 0x00, 0x00, 0x00, 0xf9, 0x00, 0x02, 0x00, 0x61, 0x02, 0x00, 0x00,
    0xf8, 0x00, 0x02, 0x00, 0x61, 0x02, 0x00, 0x00, 0xf5, 0x00, 0x07, 0x00, 0x09, 0x00, 0x00, 0x00,
    0x66, 0x02, 0x00, 0x00, 0x65, 0x02, 0x00, 0x00, 0x62, 0x02, 0x00, 0x00, 0x64, 0x02, 0x00, 0x00,
    0x63, 0x02, 0x00, 0x00, 0x82, 0x00, 0x05, 0x00, 0x09, 0x00, 0x00, 0x00, 0x67, 0x02, 0x00, 0x00,
    0x0e, 0x00, 0x00, 0x00, 0x66, 0x02, 0x00, 0x00, 0xc7, 0x00, 0x05, 0x00, 0x09, 0x00, 0x00, 0x00,
    0x68, 0x02, 0x00, 0x00, 0x67, 0x02, 0x00, 0x00, 0x27, 0x00, 0x00, 0x00, 0x7c, 0x00, 0x04, 0x00,
    0x0c, 0x00, 0x00, 0x00, 0x69, 0x02, 0x00, 0x00, 0x68, 0x02, 0x00, 0x00, 0xf9, 0x00, 0x02, 0x00,
    0x54, 0x02, 0x00, 0x00, 0xf8, 0x00, 0x02, 0x00, 0x54, 0x02, 0x00, 0x00, 0xf5, 0x00, 0x07, 0x00,
    0x0c, 0x00, 0x00, 0x00, 0x6a, 0x02, 0x00, 0x00, 0x69, 0x02, 0x00, 0x00, 0x61, 0x02, 0x00, 0x00,
    0x59, 0x02, 0x00, 0x00, 0x56, 0x02, 0x00, 0x00, 0x80, 0x00, 0x05, 0x00, 0x0c, 0x00, 0x00, 0x00,
    0x6b, 0x02, 0x00, 0x00, 0x6a, 0x00, 0x00, 0x00, 0x6a, 0x02, 0x00, 0x00, 0xc7, 0x00, 0x05, 0x00,
    0x09, 0x00, 0x00, 0x00, 0x6c, 0x02, 0x00, 0x00, 0xbb, 0x01, 0x00, 0x00, 0x27, 0x00, 0x00, 0x00,
    0x7c, 0x00, 0x04, 0x00, 0x0c, 0x00, 0x00, 0x00, 0x6d, 0x02, 0x00, 0x00, 0x6c, 0x02, 0x00, 0x00,
    0x80, 0x00, 0x05, 0x00, 0x0c, 0x00, 0x00, 0x00, 0x6e, 0x02, 0x00, 0x00, 0x6d, 0x02, 0x00, 0x00,
    0x5b, 0x00, 0x00, 0x00, 0xc7, 0x00, 0x05, 0x00, 0x0c, 0x00, 0x00, 0x00, 0x6f, 0x02, 0x00, 0x00,
    0x6e, 0x02, 0x00, 0x00, 0x32, 0x00, 0x00, 0x00, 0x7c, 0x00, 0x04, 0x00, 0x09, 0x00, 0x00, 0x00,
    0x70, 0x02, 0x00, 0x00, 0x6f, 0x02, 0x00, 0x00, 0x84, 0x00, 0x05, 0x00, 0x09, 0x00, 0x00, 0x00,
    0x71, 0x02, 0x00, 0x00, 0x70, 0x02, 0x00, 0x00, 0x28, 0x00, 0x00, 0x00, 0x80, 0x00, 0x05, 0x00,
    0x09, 0x00, 0x00, 0x00, 0x72, 0x02, 0x00, 0x00, 0x40, 0x00, 0x00, 0x00, 0x71, 0x02, 0x00, 0x00,
    0xc7, 0x00, 0x05, 0x00, 0x0c, 0x00, 0x00, 0x00, 0x73, 0x02, 0x00, 0x00, 0x6b, 0x02, 0x00, 0x00,
    0x32, 0x00, 0x00, 0x00, 0x7c, 0x00, 0x04, 0x00, 0x09, 0x00, 0x00, 0x00, 0x74, 0x02, 0x00, 0x00,
    0x73, 0x02, 0x00, 0x00, 0x80, 0x00, 0x05, 0x00, 0x09, 0x00, 0x00, 0x00, 0x75, 0x02, 0x00, 0x00,
    0x72, 0x02, 0x00, 0x00, 0x74, 0x02, 0x00, 0x00, 0xc2, 0x00, 0x05, 0x00, 0x09, 0x00, 0x00, 0x00,
    0x76, 0x02, 0x00, 0x00, 0x75, 0x02, 0x00, 0x00, 0x12, 0x00, 0x00, 0x00, 0x41, 0x00, 0x06, 0x00,
    0x38, 0x00, 0x00, 0x00, 0x77, 0x02, 0x00, 0x00, 0x06, 0x00, 0x00, 0x00, 0x11, 0x00, 0x00, 0x00,
    0x76, 0x02, 0x00, 0x00, 0x3d, 0x00, 0x04, 0x00, 0x09, 0x00, 0x00, 0x00, 0x78, 0x02, 0x00, 0x00,
    0x77, 0x02, 0x00, 0x00, 0xc7, 0x00, 0x05, 0x00, 0x09, 0x00, 0x00, 0x00, 0x79, 0x02, 0x00, 0x00,
    0x75, 0x02, 0x00, 0x00, 0x12, 0x00, 0x00, 0x00, 0xab, 0x00, 0x05, 0x00, 0x15, 0x00, 0x00, 0x00,
    0x7a, 0x02, 0x00, 0x00, 0x79, 0x02, 0x00, 0x00, 0x0e, 0x00, 0x00, 0x00, 0xf7, 0x00, 0x03, 0x00,
    0x7b, 0x02, 0x00, 0x00, 0x00, 0x00, 0x00, 0x00, 0xfa, 0x00, 0x04, 0x00, 0x7a, 0x02, 0x00, 0x00,
    0x7c, 0x02, 0x00, 0x00, 0x7d, 0x02, 0x00, 0x00, 0xf8, 0x00, 0x02, 0x00, 0x7d, 0x02, 0x00, 0x00,
    0xc7, 0x00, 0x05, 0x00, 0x09, 0x00, 0x00, 0x00, 0x7e, 0x02, 0x00, 0x00, 0x78, 0x02, 0x00, 0x00,
    0x30, 0x00, 0x00, 0x00, 0xf9, 0x00, 0x02, 0x00, 0x7b, 0x02, 0x00, 0x00, 0xf8, 0x00, 0x02, 0x00,
    0x7c, 0x02, 0x00, 0x00, 0xc2, 0x00, 0x05, 0x00, 0x09, 0x00, 0x00, 0x00, 0x7f, 0x02, 0x00, 0x00,
    0x78, 0x02, 0x00, 0x00, 0x0a, 0x00, 0x00, 0x00, 0xf9, 0x00, 0x02, 0x00, 0x7b, 0x02, 0x00, 0x00,
    0xf8, 0x00, 0x02, 0x00, 0x7b, 0x02, 0x00, 0x00, 0xf5, 0x00, 0x07, 0x00, 0x09, 0x00, 0x00, 0x00,
    0x80, 0x02, 0x00, 0x00, 0x7f, 0x02, 0x00, 0x00, 0x7c, 0x02, 0x00, 0x00, 0x7e, 0x02, 0x00, 0x00,
    0x7d, 0x02, 0x00, 0x00, 0xc7, 0x00, 0x05, 0x00, 0x09, 0x00, 0x00, 0x00, 0x81, 0x02, 0x00, 0x00,
    0x80, 0x02, 0x00, 0x00, 0x2b, 0x00, 0x00, 0x00, 0xf9, 0x00, 0x02, 0x00, 0xb5, 0x01, 0x00, 0x00,
    0xf8, 0x00, 0x02, 0x00, 0xb5, 0x01, 0x00, 0x00, 0xf5, 0x00, 0x0d, 0x00, 0x09, 0x00, 0x00, 0x00,
    0x82, 0x02, 0x00, 0x00, 0x0e, 0x00, 0x00, 0x00, 0xc1, 0x01, 0x00, 0x00, 0x0e, 0x00, 0x00, 0x00,
    0x34, 0x02, 0x00, 0x00, 0x35, 0x02, 0x00, 0x00, 0x33, 0x02, 0x00, 0x00, 0x0e, 0x00, 0x00, 0x00,
    0x51, 0x02, 0x00, 0x00, 0x81, 0x02, 0x00, 0x00, 0x7b, 0x02, 0x00, 0x00, 0xf5, 0x00, 0x0d, 0x00,
    0x15, 0x00, 0x00, 0x00, 0x83, 0x02, 0x00, 0x00, 0x16, 0x00, 0x00, 0x00, 0xc1, 0x01, 0x00, 0x00,
    0x16, 0x00, 0x00, 0x00, 0x34, 0x02, 0x00, 0x00, 0x20, 0x00, 0x00, 0x00, 0x33, 0x02, 0x00, 0x00,
    0x16, 0x00, 0x00, 0x00, 0x51, 0x02, 0x00, 0x00, 0x20, 0x00, 0x00, 0x00, 0x7b, 0x02, 0x00, 0x00,
    0xf7, 0x00, 0x03, 0x00, 0x84, 0x02, 0x00, 0x00, 0x00, 0x00, 0x00, 0x00, 0xfa, 0x00, 0x04, 0x00,
    0x83, 0x02, 0x00, 0x00, 0x85, 0x02, 0x00, 0x00, 0x84, 0x02, 0x00, 0x00, 0xf8, 0x00, 0x02, 0x00,
    0x85, 0x02, 0x00, 0x00, 0xf9, 0x00, 0x02, 0x00, 0x6f, 0x00, 0x00, 0x00, 0xf8, 0x00, 0x02, 0x00,
    0x84, 0x02, 0x00, 0x00, 0xf7, 0x00, 0x03, 0x00, 0x86, 0x02, 0x00, 0x00, 0x00, 0x00, 0x00, 0x00,
    0xfb, 0x00, 0x03, 0x00, 0x0e, 0x00, 0x00, 0x00, 0x87, 0x02, 0x00, 0x00, 0xf8, 0x00, 0x02, 0x00,
    0x87, 0x02, 0x00, 0x00, 0x3d, 0x00, 0x04, 0x00, 0x09, 0x00, 0x00, 0x00, 0x88, 0x02, 0x00, 0x00,
    0xb7, 0x01, 0x00, 0x00, 0xc2, 0x00, 0x05, 0x00, 0x09, 0x00, 0x00, 0x00, 0x89, 0x02, 0x00, 0x00,
    0x88, 0x02, 0x00, 0x00, 0x0a, 0x00, 0x00, 0x00, 0x3d, 0x00, 0x04, 0x00, 0x09, 0x00, 0x00, 0x00,
    0x8a, 0x02, 0x00, 0x00, 0xba, 0x01, 0x00, 0x00, 0xc2, 0x00, 0x05, 0x00, 0x09, 0x00, 0x00, 0x00,
    0x8b, 0x02, 0x00, 0x00, 0x8a, 0x02, 0x00, 0x00, 0x0a, 0x00, 0x00, 0x00, 0x3d, 0x00, 0x04, 0x00,
    0x09, 0x00, 0x00, 0x00, 0x8c, 0x02, 0x00, 0x00, 0xba, 0x01, 0x00, 0x00, 0xc7, 0x00, 0x05, 0x00,
    0x09, 0x00, 0x00, 0x00, 0x8d, 0x02, 0x00, 0x00, 0x8b, 0x02, 0x00, 0x00, 0x24, 0x00, 0x00, 0x00,
    0xab, 0x00, 0x05, 0x00, 0x15, 0x00, 0x00, 0x00, 0x8e, 0x02, 0x00, 0x00, 0x8d, 0x02, 0x00, 0x00,
    0x0e, 0x00, 0x00, 0x00, 0xf7, 0x00, 0x03, 0x00, 0x8f, 0x02, 0x00, 0x00, 0x00, 0x00, 0x00, 0x00,
    0xfa, 0x00, 0x04, 0x00, 0x8e, 0x02, 0x00, 0x00, 0x90, 0x02, 0x00, 0x00, 0x8f, 0x02, 0x00, 0x00,
    0xf8, 0x00, 0x02, 0x00, 0x90, 0x02, 0x00, 0x00, 0xf9, 0x00, 0x02, 0x00, 0x86, 0x02, 0x00, 0x00,
    0xf8, 0x00, 0x02, 0x00, 0x8f, 0x02, 0x00, 0x00, 0xc7, 0x00, 0x05, 0x00, 0x09, 0x00, 0x00, 0x00,
    0x91, 0x02, 0x00, 0x00, 0x8c, 0x02, 0x00, 0x00, 0x25, 0x00, 0x00, 0x00, 0xab, 0x00, 0x05, 0x00,
    0x15, 0x00, 0x00, 0x00, 0x92, 0x02, 0x00, 0x00, 0x91, 0x02, 0x00, 0x00, 0x0e, 0x00, 0x00, 0x00,
    0xf7, 0x00, 0x03, 0x00, 0x93, 0x02, 0x00, 0x00, 0x00, 0x00, 0x00, 0x00, 0xfa, 0x00, 0x04, 0x00,
    0x92, 0x02, 0x00, 0x00, 0x94, 0x02, 0x00, 0x00, 0x93, 0x02, 0x00, 0x00, 0xf8, 0x00, 0x02, 0x00,
    0x94, 0x02, 0x00, 0x00, 0xf9, 0x00, 0x02, 0x00, 0x86, 0x02, 0x00, 0x00, 0xf8, 0x00, 0x02, 0x00,
    0x93, 0x02, 0x00, 0x00, 0x7c, 0x00, 0x04, 0x00, 0x09, 0x00, 0x00, 0x00, 0x95, 0x02, 0x00, 0x00,
    0x5b, 0x00, 0x00, 0x00, 0x84, 0x00, 0x05, 0x00, 0x09, 0x00, 0x00, 0x00, 0x96, 0x02, 0x00, 0x00,
    0x95, 0x02, 0x00, 0x00, 0x21, 0x00, 0x00, 0x00, 0x80, 0x00, 0x05, 0x00, 0x09, 0x00, 0x00, 0x00,
    0x97, 0x02, 0x00, 0x00, 0x2c, 0x00, 0x00, 0x00, 0x96, 0x02, 0x00, 0x00, 0xc3, 0x00, 0x05, 0x00,
    0x0c, 0x00, 0x00, 0x00, 0x98, 0x02, 0x00, 0x00, 0x6a, 0x00, 0x00, 0x00, 0x2d, 0x00, 0x00, 0x00,
    0x7c, 0x00, 0x04, 0x00, 0x09, 0x00, 0x00, 0x00, 0x99, 0x02, 0x00, 0x00, 0x98, 0x02, 0x00, 0x00,
    0x80, 0x00, 0x05, 0x00, 0x09, 0x00, 0x00, 0x00, 0x9a, 0x02, 0x00, 0x00, 0x97, 0x02, 0x00, 0x00,
    0x99, 0x02, 0x00, 0x00, 0x82, 0x00, 0x05, 0x00, 0x09, 0x00, 0x00, 0x00, 0x9b, 0x02, 0x00, 0x00,
    0x9a, 0x02, 0x00, 0x00, 0x29, 0x00, 0x00, 0x00, 0xc2, 0x00, 0x05, 0x00, 0x09, 0x00, 0x00, 0x00,
    0x9c, 0x02, 0x00, 0x00, 0x9b, 0x02, 0x00, 0x00, 0x12, 0x00, 0x00, 0x00, 0x80, 0x00, 0x05, 0x00,
    0x09, 0x00, 0x00, 0x00, 0x9d, 0x02, 0x00, 0x00, 0x0b, 0x00, 0x00, 0x00, 0x9c, 0x02, 0x00, 0x00,
    0x41, 0x00, 0x06, 0x00, 0x38, 0x00, 0x00, 0x00, 0x9e, 0x02, 0x00, 0x00, 0x07, 0x00, 0x00, 0x00,
    0x11, 0x00, 0x00, 0x00, 0x9d, 0x02, 0x00, 0x00, 0x3d, 0x00, 0x04, 0x00, 0x09, 0x00, 0x00, 0x00,
    0x9f, 0x02, 0x00, 0x00, 0x9e, 0x02, 0x00, 0x00, 0xc7, 0x00, 0x05, 0x00, 0x09, 0x00, 0x00, 0x00,
    0xa0, 0x02, 0x00, 0x00, 0x9a, 0x02, 0x00, 0x00, 0x12, 0x00, 0x00, 0x00, 0xab, 0x00, 0x05, 0x00,
    0x15, 0x00, 0x00, 0x00, 0xa1, 0x02, 0x00, 0x00, 0xa0, 0x02, 0x00, 0x00, 0x0e, 0x00, 0x00, 0x00,
    0xf7, 0x00, 0x03, 0x00, 0xa2, 0x02, 0x00, 0x00, 0x00, 0x00, 0x00, 0x00, 0xfa, 0x00, 0x04, 0x00,
    0xa1, 0x02, 0x00, 0x00, 0xa3, 0x02, 0x00, 0x00, 0xa4, 0x02, 0x00, 0x00, 0xf8, 0x00, 0x02, 0x00,
    0xa4, 0x02, 0x00, 0x00, 0xc7, 0x00, 0x05, 0x00, 0x09, 0x00, 0x00, 0x00, 0xa5, 0x02, 0x00, 0x00,
    0x9f, 0x02, 0x00, 0x00, 0x30, 0x00, 0x00, 0x00, 0xf9, 0x00, 0x02, 0x00, 0xa2, 0x02, 0x00, 0x00,
    0xf8, 0x00, 0x02, 0x00, 0xa3, 0x02, 0x00, 0x00, 0xc2, 0x00, 0x05, 0x00, 0x09, 0x00, 0x00, 0x00,
    0xa6, 0x02, 0x00, 0x00, 0x9f, 0x02, 0x00, 0x00, 0x0a, 0x00, 0x00, 0x00, 0xf9, 0x00, 0x02, 0x00,
    0xa2, 0x02, 0x00, 0x00, 0xf8, 0x00, 0x02, 0x00, 0xa2, 0x02, 0x00, 0x00, 0xf5, 0x00, 0x07, 0x00,
    0x09, 0x00, 0x00, 0x00, 0xa7, 0x02, 0x00, 0x00, 0xa6, 0x02, 0x00, 0x00, 0xa3, 0x02, 0x00, 0x00,
    0xa5, 0x02, 0x00, 0x00, 0xa4, 0x02, 0x00, 0x00, 0xc8, 0x00, 0x04, 0x00, 0x09, 0x00, 0x00, 0x00,
    0xa8, 0x02, 0x00, 0x00, 0xa7, 0x02, 0x00, 0x00, 0xc3, 0x00, 0x05, 0x00, 0x0c, 0x00, 0x00, 0x00,
    0xa9, 0x02, 0x00, 0x00, 0x6a, 0x00, 0x00, 0x00, 0x2e, 0x00, 0x00, 0x00, 0xc7, 0x00, 0x05, 0x00,
    0x0c, 0x00, 0x00, 0x00, 0xaa, 0x02, 0x00, 0x00, 0xa9, 0x02, 0x00, 0x00, 0x2f, 0x00, 0x00, 0x00,
    0x7c, 0x00, 0x04, 0x00, 0x09, 0x00, 0x00, 0x00, 0xab, 0x02, 0x00, 0x00, 0xaa, 0x02, 0x00, 0x00,
    0xc7, 0x00, 0x05, 0x00, 0x09, 0x00, 0x00, 0x00, 0xac, 0x02, 0x00, 0x00, 0xab, 0x02, 0x00, 0x00,
    0x1d, 0x00, 0x00, 0x00, 0xc2, 0x00, 0x05, 0x00, 0x09, 0x00, 0x00, 0x00, 0xad, 0x02, 0x00, 0x00,
    0x24, 0x00, 0x00, 0x00, 0xac, 0x02, 0x00, 0x00, 0xc7, 0x00, 0x05, 0x00, 0x09, 0x00, 0x00, 0x00,
    0xae, 0x02, 0x00, 0x00, 0xa8, 0x02, 0x00, 0x00, 0xad, 0x02, 0x00, 0x00, 0xab, 0x00, 0x05, 0x00,
    0x15, 0x00, 0x00, 0x00, 0xaf, 0x02, 0x00, 0x00, 0xae, 0x02, 0x00, 0x00, 0x0e, 0x00, 0x00, 0x00,
    0xf7, 0x00, 0x03, 0x00, 0xb0, 0x02, 0x00, 0x00, 0x00, 0x00, 0x00, 0x00, 0xfa, 0x00, 0x04, 0x00,
    0xaf, 0x02, 0x00, 0x00, 0xb1, 0x02, 0x00, 0x00, 0xb0, 0x02, 0x00, 0x00, 0xf8, 0x00, 0x02, 0x00,
    0xb1, 0x02, 0x00, 0x00, 0xf9, 0x00, 0x02, 0x00, 0x86, 0x02, 0x00, 0x00, 0xf8, 0x00, 0x02, 0x00,
    0xb0, 0x02, 0x00, 0x00, 0xc7, 0x00, 0x05, 0x00, 0x09, 0x00, 0x00, 0x00, 0xb2, 0x02, 0x00, 0x00,
    0x89, 0x02, 0x00, 0x00, 0x24, 0x00, 0x00, 0x00, 0xab, 0x00, 0x05, 0x00, 0x15, 0x00, 0x00, 0x00,
    0xb3, 0x02, 0x00, 0x00, 0xb2, 0x02, 0x00, 0x00, 0x0e, 0x00, 0x00, 0x00, 0xf7, 0x00, 0x03, 0x00,
    0xb4, 0x02, 0x00, 0x00, 0x00, 0x00, 0x00, 0x00, 0xfa, 0x00, 0x04, 0x00, 0xb3, 0x02, 0x00, 0x00,
    0xb5, 0x02, 0x00, 0x00, 0xb6, 0x02, 0x00, 0x00, 0xf8, 0x00, 0x02, 0x00, 0xb6, 0x02, 0x00, 0x00,
    0x82, 0x00, 0x05, 0x00, 0x09, 0x00, 0x00, 0x00, 0xb7, 0x02, 0x00, 0x00, 0x0e, 0x00, 0x00, 0x00,
    0x89, 0x02, 0x00, 0x00, 0xc7, 0x00, 0x05, 0x00, 0x09, 0x00, 0x00, 0x00, 0xb8, 0x02, 0x00, 0x00,
    0xb7, 0x02, 0x00, 0x00, 0x27, 0x00, 0x00, 0x00, 0x7c, 0x00, 0x04, 0x00, 0x0c, 0x00, 0x00, 0x00,
    0xb9, 0x02, 0x00, 0x00, 0xb8, 0x02, 0x00, 0x00, 0xf9, 0x00, 0x02, 0x00, 0xb4, 0x02, 0x00, 0x00,
    0xf8, 0x00, 0x02, 0x00, 0xb5, 0x02, 0x00, 0x00, 0x80, 0x00, 0x05, 0x00, 0x09, 0x00, 0x00, 0x00,
    0xba, 0x02, 0x00, 0x00, 0x95, 0x02, 0x00, 0x00, 0x41, 0x00, 0x00, 0x00, 0xc2, 0x00, 0x05, 0x00,
    0x09, 0x00, 0x00, 0x00, 0xbb, 0x02, 0x00, 0x00, 0xba, 0x02, 0x00, 0x00, 0x12, 0x00, 0x00, 0x00,
    0x80, 0x00, 0x05, 0x00, 0x09, 0x00, 0x00, 0x00, 0xbc, 0x02, 0x00, 0x00, 0x0b, 0x00, 0x00, 0x00,
    0xbb, 0x02, 0x00, 0x00, 0x41, 0x00, 0x06, 0x00, 0x38, 0x00, 0x00, 0x00, 0xbd, 0x02, 0x00, 0x00,
    0x07, 0x00, 0x00, 0x00, 0x11, 0x00, 0x00, 0x00, 0xbc, 0x02, 0x00, 0x00, 0x3d, 0x00, 0x04, 0x00,
    0x09, 0x00, 0x00, 0x00, 0xbe, 0x02, 0x00, 0x00, 0xbd, 0x02, 0x00, 0x00, 0xc7, 0x00, 0x05, 0x00,
    0x09, 0x00, 0x00, 0x00, 0xbf, 0x02, 0x00, 0x00, 0x95, 0x02, 0x00, 0x00, 0x12, 0x00, 0x00, 0x00,
    0xab, 0x00, 0x05, 0x00, 0x15, 0x00, 0x00, 0x00, 0xc0, 0x02, 0x00, 0x00, 0xbf, 0x02, 0x00, 0x00,
    0x0e, 0x00, 0x00, 0x00, 0xf7, 0x00, 0x03, 0x00, 0xc1, 0x02, 0x00, 0x00, 0x00, 0x00, 0x00, 0x00,
    0xfa, 0x00, 0x04, 0x00, 0xc0, 0x02, 0x00, 0x00, 0xc2, 0x02, 0x00, 0x00, 0xc3, 0x02, 0x00, 0x00,
    0xf8, 0x00, 0x02, 0x00, 0xc3, 0x02, 0x00, 0x00, 0xc7, 0x00, 0x05, 0x00, 0x09, 0x00, 0x00, 0x00,
    0xc4, 0x02, 0x00, 0x00, 0xbe, 0x02, 0x00, 0x00, 0x30, 0x00, 0x00, 0x00, 0xf9, 0x00, 0x02, 0x00,
    0xc1, 0x02, 0x00, 0x00, 0xf8, 0x00, 0x02, 0x00, 0xc2, 0x02, 0x00, 0x00, 0xc2, 0x00, 0x05, 0x00,
    0x09, 0x00, 0x00, 0x00, 0xc5, 0x02, 0x00, 0x00, 0xbe, 0x02, 0x00, 0x00, 0x0a, 0x00, 0x00, 0x00,
    0xf9, 0x00, 0x02, 0x00, 0xc1, 0x02, 0x00, 0x00, 0xf8, 0x00, 0x02, 0x00, 0xc1, 0x02, 0x00, 0x00,
    0xf5, 0x00, 0x07, 0x00, 0x09, 0x00, 0x00, 0x00, 0xc6, 0x02, 0x00, 0x00, 0xc5, 0x02, 0x00, 0x00,
    0xc2, 0x02, 0x00, 0x00, 0xc4, 0x02, 0x00, 0x00, 0xc3, 0x02, 0x00, 0x00, 0x82, 0x00, 0x05, 0x00,
    0x09, 0x00, 0x00, 0x00, 0xc7, 0x02, 0x00, 0x00, 0x0e, 0x00, 0x00, 0x00, 0xc6, 0x02, 0x00, 0x00,
    0xc7, 0x00, 0x05, 0x00, 0x09, 0x00, 0x00, 0x00, 0xc8, 0x02, 0x00, 0x00, 0xc7, 0x02, 0x00, 0x00,
    0x27, 0x00, 0x00, 0x00, 0x7c, 0x00, 0x04, 0x00, 0x0c, 0x00, 0x00, 0x00, 0xc9, 0x02, 0x00, 0x00,
    0xc8, 0x02, 0x00, 0x00, 0xf9, 0x00, 0x02, 0x00, 0xb4, 0x02, 0x00, 0x00, 0xf8, 0x00, 0x02, 0x00,
    0xb4, 0x02, 0x00, 0x00, 0xf5, 0x00, 0x07, 0x00, 0x0c, 0x00, 0x00, 0x00, 0xca, 0x02, 0x00, 0x00,
    0xc9, 0x02, 0x00, 0x00, 0xc1, 0x02, 0x00, 0x00, 0xb9, 0x02, 0x00, 0x00, 0xb6, 0x02, 0x00, 0x00,
    0x80, 0x00, 0x05, 0x00, 0x0c, 0x00, 0x00, 0x00, 0xcb, 0x02, 0x00, 0x00, 0x6a, 0x00, 0x00, 0x00,
    0xca, 0x02, 0x00, 0x00, 0xc7, 0x00, 0x05, 0x00, 0x09, 0x00, 0x00, 0x00, 0xcc, 0x02, 0x00, 0x00,
    0x8b, 0x02, 0x00, 0x00, 0x27, 0x00, 0x00, 0x00, 0x7c, 0x00, 0x04, 0x00, 0x0c, 0x00, 0x00, 0x00,
    0xcd, 0x02, 0x00, 0x00, 0xcc, 0x02, 0x00, 0x00, 0x80, 0x00, 0x05, 0x00, 0x0c, 0x00, 0x00, 0x00,
    0xce, 0x02, 0x00, 0x00, 0xcd, 0x02, 0x00, 0x00, 0x5b, 0x00, 0x00, 0x00, 0xc7, 0x00, 0x05, 0x00,
    0x0c, 0x00, 0x00, 0x00, 0xcf, 0x02, 0x00, 0x00, 0xce, 0x02, 0x00, 0x00, 0x32, 0x00, 0x00, 0x00,
    0x7c, 0x00, 0x04, 0x00, 0x09, 0x00, 0x00, 0x00, 0xd0, 0x02, 0x00, 0x00, 0xcf, 0x02, 0x00, 0x00,
    0x84, 0x00, 0x05, 0x00, 0x09, 0x00, 0x00, 0x00, 0xd1, 0x02, 0x00, 0x00, 0xd0, 0x02, 0x00, 0x00,
    0x28, 0x00, 0x00, 0x00, 0x80, 0x00, 0x05, 0x00, 0x09, 0x00, 0x00, 0x00, 0xd2, 0x02, 0x00, 0x00,
    0x42, 0x00, 0x00, 0x00, 0xd1, 0x02, 0x00, 0x00, 0xc7, 0x00, 0x05, 0x00, 0x0c, 0x00, 0x00, 0x00,
    0xd3, 0x02, 0x00, 0x00, 0xcb, 0x02, 0x00, 0x00, 0x32, 0x00, 0x00, 0x00, 0x7c, 0x00, 0x04, 0x00,
    0x09, 0x00, 0x00, 0x00, 0xd4, 0x02, 0x00, 0x00, 0xd3, 0x02, 0x00, 0x00, 0x80, 0x00, 0x05, 0x00,
    0x09, 0x00, 0x00, 0x00, 0xd5, 0x02, 0x00, 0x00, 0xd2, 0x02, 0x00, 0x00, 0xd4, 0x02, 0x00, 0x00,
    0xc2, 0x00, 0x05, 0x00, 0x09, 0x00, 0x00, 0x00, 0xd6, 0x02, 0x00, 0x00, 0xd5, 0x02, 0x00, 0x00,
    0x12, 0x00, 0x00, 0x00, 0x41, 0x00, 0x06, 0x00, 0x38, 0x00, 0x00, 0x00, 0xd7, 0x02, 0x00, 0x00,
    0x06, 0x00, 0x00, 0x00, 0x11, 0x00, 0x00, 0x00, 0xd6, 0x02, 0x00, 0x00, 0x3d, 0x00, 0x04, 0x00,
    0x09, 0x00, 0x00, 0x00, 0xd8, 0x02, 0x00, 0x00, 0xd7, 0x02, 0x00, 0x00, 0xc7, 0x00, 0x05, 0x00,
    0x09, 0x00, 0x00, 0x00, 0xd9, 0x02, 0x00, 0x00, 0xd5, 0x02, 0x00, 0x00, 0x12, 0x00, 0x00, 0x00,
    0xab, 0x00, 0x05, 0x00, 0x15, 0x00, 0x00, 0x00, 0xda, 0x02, 0x00, 0x00, 0xd9, 0x02, 0x00, 0x00,
    0x0e, 0x00, 0x00, 0x00, 0xf7, 0x00, 0x03, 0x00, 0xdb, 0x02, 0x00, 0x00, 0x00, 0x00, 0x00, 0x00,
    0xfa, 0x00, 0x04, 0x00, 0xda, 0x02, 0x00, 0x00, 0xdc, 0x02, 0x00, 0x00, 0xdd, 0x02, 0x00, 0x00,
    0xf8, 0x00, 0x02, 0x00, 0xdd, 0x02, 0x00, 0x00, 0xc7, 0x00, 0x05, 0x00, 0x09, 0x00, 0x00, 0x00,
    0xde, 0x02, 0x00, 0x00, 0xd8, 0x02, 0x00, 0x00, 0x30, 0x00, 0x00, 0x00, 0xf9, 0x00, 0x02, 0x00,
    0xdb, 0x02, 0x00, 0x00, 0xf8, 0x00, 0x02, 0x00, 0xdc, 0x02, 0x00, 0x00, 0xc2, 0x00, 0x05, 0x00,
    0x09, 0x00, 0x00, 0x00, 0xdf, 0x02, 0x00, 0x00, 0xd8, 0x02, 0x00, 0x00, 0x0a, 0x00, 0x00, 0x00,
    0xf9, 0x00, 0x02, 0x00, 0xdb, 0x02, 0x00, 0x00, 0xf8, 0x00, 0x02, 0x00, 0xdb, 0x02, 0x00, 0x00,
    0xf5, 0x00, 0x07, 0x00, 0x09, 0x00, 0x00, 0x00, 0xe0, 0x02, 0x00, 0x00, 0xdf, 0x02, 0x00, 0x00,
    0xdc, 0x02, 0x00, 0x00, 0xde, 0x02, 0x00, 0x00, 0xdd, 0x02, 0x00, 0x00, 0xc7, 0x00, 0x05, 0x00,
    0x09, 0x00, 0x00, 0x00, 0xe1, 0x02, 0x00, 0x00, 0xe0, 0x02, 0x00, 0x00, 0x2b, 0x00, 0x00, 0x00,
    0xf9, 0x00, 0x02, 0x00, 0x86, 0x02, 0x00, 0x00, 0xf8, 0x00, 0x02, 0x00, 0x86, 0x02, 0x00, 0x00,
    0xf5, 0x00, 0x0b, 0x00, 0x09, 0x00, 0x00, 0x00, 0xe2, 0x02, 0x00, 0x00, 0x0e, 0x00, 0x00, 0x00,
    0x90, 0x02, 0x00, 0x00, 0x0e, 0x00, 0x00, 0x00, 0x94, 0x02, 0x00, 0x00, 0x0e, 0x00, 0x00, 0x00,
    0xb1, 0x02, 0x00, 0x00, 0xe1, 0x02, 0x00, 0x00, 0xdb, 0x02, 0x00, 0x00, 0xf5, 0x00, 0x0b, 0x00,
    0x15, 0x00, 0x00, 0x00, 0xe3, 0x02, 0x00, 0x00, 0x16, 0x00, 0x00, 0x00, 0x90, 0x02, 0x00, 0x00,
    0x16, 0x00, 0x00, 0x00, 0x94, 0x02, 0x00, 0x00, 0x16, 0x00, 0x00, 0x00, 0xb1, 0x02, 0x00, 0x00,
    0x20, 0x00, 0x00, 0x00, 0xdb, 0x02, 0x00, 0x00, 0xf7, 0x00, 0x03, 0x00, 0xe4, 0x02, 0x00, 0x00,
    0x00, 0x00, 0x00, 0x00, 0xfa, 0x00, 0x04, 0x00, 0xe3, 0x02, 0x00, 0x00, 0xe5, 0x02, 0x00, 0x00,
    0xe4, 0x02, 0x00, 0x00, 0xf8, 0x00, 0x02, 0x00, 0xe5, 0x02, 0x00, 0x00, 0xf9, 0x00, 0x02, 0x00,
    0x6f, 0x00, 0x00, 0x00, 0xf8, 0x00, 0x02, 0x00, 0xe4, 0x02, 0x00, 0x00, 0xf9, 0x00, 0x02, 0x00,
    0x6f, 0x00, 0x00, 0x00, 0xf8, 0x00, 0x02, 0x00, 0x6f, 0x00, 0x00, 0x00, 0xf5, 0x00, 0x0d, 0x00,
    0x09, 0x00, 0x00, 0x00, 0xe6, 0x02, 0x00, 0x00, 0x48, 0x01, 0x00, 0x00, 0x4b, 0x01, 0x00, 0x00,
    0xb1, 0x01, 0x00, 0x00, 0xb4, 0x01, 0x00, 0x00, 0x82, 0x02, 0x00, 0x00, 0x85, 0x02, 0x00, 0x00,
    0xe2, 0x02, 0x00, 0x00, 0xe5, 0x02, 0x00, 0x00, 0x0e, 0x00, 0x00, 0x00, 0xe4, 0x02, 0x00, 0x00,
    0x80, 0x00, 0x05, 0x00, 0x09, 0x00, 0x00, 0x00, 0xe7, 0x02, 0x00, 0x00, 0x0a, 0x00, 0x00, 0x00,
    0xe6, 0x02, 0x00, 0x00, 0x41, 0x00, 0x06, 0x00, 0x38, 0x00, 0x00, 0x00, 0xe8, 0x02, 0x00, 0x00,
    0x07, 0x00, 0x00, 0x00, 0x11, 0x00, 0x00, 0x00, 0xe7, 0x02, 0x00, 0x00, 0x3d, 0x00, 0x04, 0x00,
    0x09, 0x00, 0x00, 0x00, 0xe9, 0x02, 0x00, 0x00, 0xe8, 0x02, 0x00, 0x00, 0xf7, 0x00, 0x03, 0x00,
    0xea, 0x02, 0x00, 0x00, 0x00, 0x00, 0x00, 0x00, 0xfb, 0x00, 0x03, 0x00, 0x0e, 0x00, 0x00, 0x00,
    0xeb, 0x02, 0x00, 0x00, 0xf8, 0x00, 0x02, 0x00, 0xeb, 0x02, 0x00, 0x00, 0xf7, 0x00, 0x03, 0x00,
    0xec, 0x02, 0x00, 0x00, 0x00, 0x00, 0x00, 0x00, 0xfb, 0x00, 0x03, 0x00, 0x0e, 0x00, 0x00, 0x00,
    0xed, 0x02, 0x00, 0x00, 0xf8, 0x00, 0x02, 0x00, 0xed, 0x02, 0x00, 0x00, 0x3d, 0x00, 0x04, 0x00,
    0x09, 0x00, 0x00, 0x00, 0xee, 0x02, 0x00, 0x00, 0x73, 0x00, 0x00, 0x00, 0xc7, 0x00, 0x05, 0x00,
    0x09, 0x00, 0x00, 0x00, 0xef, 0x02, 0x00, 0x00, 0xee, 0x02, 0x00, 0x00, 0x30, 0x00, 0x00, 0x00,
    0x3d, 0x00, 0x04, 0x00, 0x09, 0x00, 0x00, 0x00, 0xf0, 0x02, 0x00, 0x00, 0x76, 0x00, 0x00, 0x00,
    0xc7, 0x00, 0x05, 0x00, 0x09, 0x00, 0x00, 0x00, 0xf1, 0x02, 0x00, 0x00, 0xf0, 0x02, 0x00, 0x00,
    0x30, 0x00, 0x00, 0x00, 0x3d, 0x00, 0x04, 0x00, 0x09, 0x00, 0x00, 0x00, 0xf2, 0x02, 0x00, 0x00,
    0x76, 0x00, 0x00, 0x00, 0xc7, 0x00, 0x05, 0x00, 0x09, 0x00, 0x00, 0x00, 0xf3, 0x02, 0x00, 0x00,
    0xf0, 0x02, 0x00, 0x00, 0x24, 0x00, 0x00, 0x00, 0xab, 0x00, 0x05, 0x00, 0x15, 0x00, 0x00, 0x00,
    0xf4, 0x02, 0x00, 0x00, 0xf3, 0x02, 0x00, 0x00, 0x0e, 0x00, 0x00, 0x00, 0xf7, 0x00, 0x03, 0x00,
    0xf5, 0x02, 0x00, 0x00, 0x00, 0x00, 0x00, 0x00, 0xfa, 0x00, 0x04, 0x00, 0xf4, 0x02, 0x00, 0x00,
    0xf6, 0x02, 0x00, 0x00, 0xf5, 0x02, 0x00, 0x00, 0xf8, 0x00, 0x02, 0x00, 0xf6, 0x02, 0x00, 0x00,
    0xf9, 0x00, 0x02, 0x00, 0xec, 0x02, 0x00, 0x00, 0xf8, 0x00, 0x02, 0x00, 0xf5, 0x02, 0x00, 0x00,
    0xc7, 0x00, 0x05, 0x00, 0x09, 0x00, 0x00, 0x00, 0xf7, 0x02, 0x00, 0x00, 0xf2, 0x02, 0x00, 0x00,
    0x25, 0x00, 0x00, 0x00, 0xab, 0x00, 0x05, 0x00, 0x15, 0x00, 0x00, 0x00, 0xf8, 0x02, 0x00, 0x00,
    0xf7, 0x02, 0x00, 0x00, 0x0e, 0x00, 0x00, 0x00, 0xf7, 0x00, 0x03, 0x00, 0xf9, 0x02, 0x00, 0x00,
    0x00, 0x00, 0x00, 0x00, 0xfa, 0x00, 0x04, 0x00, 0xf8, 0x02, 0x00, 0x00, 0xfa, 0x02, 0x00, 0x00,
    0xf9, 0x02, 0x00, 0x00, 0xf8, 0x00, 0x02, 0x00, 0xfa, 0x02, 0x00, 0x00, 0xc2, 0x00, 0x05, 0x00,
    0x09, 0x00, 0x00, 0x00, 0xfb, 0x02, 0x00, 0x00, 0xf7, 0x02, 0x00, 0x00, 0x26, 0x00, 0x00, 0x00,
    0xc7, 0x00, 0x05, 0x00, 0x09, 0x00, 0x00, 0x00, 0xfc, 0x02, 0x00, 0x00, 0xf0, 0x02, 0x00, 0x00,
    0x27, 0x00, 0x00, 0x00, 0x7c, 0x00, 0x04, 0x00, 0x0c, 0x00, 0x00, 0x00, 0xfd, 0x02, 0x00, 0x00,
    0xfc, 0x02, 0x00, 0x00, 0x82, 0x00, 0x05, 0x00, 0x09, 0x00, 0x00, 0x00, 0xfe, 0x02, 0x00, 0x00,
    0x0e, 0x00, 0x00, 0x00, 0xf1, 0x02, 0x00, 0x00, 0xc7, 0x00, 0x05, 0x00, 0x09, 0x00, 0x00, 0x00,
    0xff, 0x02, 0x00, 0x00, 0xfe, 0x02, 0x00, 0x00, 0x27, 0x00, 0x00, 0x00, 0x7c, 0x00, 0x04, 0x00,
    0x0c, 0x00, 0x00, 0x00, 0x00, 0x03, 0x00, 0x00, 0xff, 0x02, 0x00, 0x00, 0xc7, 0x00, 0x05, 0x00,
    0x09, 0x00, 0x00, 0x00, 0x01, 0x03, 0x00, 0x00, 0xfe, 0x02, 0x00, 0x00, 0x28, 0x00, 0x00, 0x00,
    0xab, 0x00, 0x05, 0x00, 0x15, 0x00, 0x00, 0x00, 0x02, 0x03, 0x00, 0x00, 0x01, 0x03, 0x00, 0x00,
    0x0e, 0x00, 0x00, 0x00, 0xa9, 0x00, 0x06, 0x00, 0x09, 0x00, 0x00, 0x00, 0x03, 0x03, 0x00, 0x00,
    0x02, 0x03, 0x00, 0x00, 0x0e, 0x00, 0x00, 0x00, 0x12, 0x00, 0x00, 0x00, 0xc7, 0x00, 0x05, 0x00,
    0x09, 0x00, 0x00, 0x00, 0x04, 0x03, 0x00, 0x00, 0xee, 0x02, 0x00, 0x00, 0x24, 0x00, 0x00, 0x00,
    0xab, 0x00, 0x05, 0x00, 0x15, 0x00, 0x00, 0x00, 0x05, 0x03, 0x00, 0x00, 0x04, 0x03, 0x00, 0x00,
    0x0e, 0x00, 0x00, 0x00, 0xf7, 0x00, 0x03, 0x00, 0x06, 0x03, 0x00, 0x00, 0x00, 0x00, 0x00, 0x00,
    0xfa, 0x00, 0x04, 0x00, 0x05, 0x03, 0x00, 0x00, 0x07, 0x03, 0x00, 0x00, 0x08, 0x03, 0x00, 0x00,
    0xf8, 0x00, 0x02, 0x00, 0x08, 0x03, 0x00, 0x00, 0xc7, 0x00, 0x05, 0x00, 0x09, 0x00, 0x00, 0x00,
    0x09, 0x03, 0x00, 0x00, 0xee, 0x02, 0x00, 0x00, 0x27, 0x00, 0x00, 0x00, 0x7c, 0x00, 0x04, 0x00,
    0x0c, 0x00, 0x00, 0x00, 0x0a, 0x03, 0x00, 0x00, 0x09, 0x03, 0x00, 0x00, 0x7e, 0x00, 0x04, 0x00,
    0x0c, 0x00, 0x00, 0x00, 0x0b, 0x03, 0x00, 0x00, 0x0a, 0x03, 0x00, 0x00, 0xaa, 0x00, 0x05, 0x00,
    0x15, 0x00, 0x00, 0x00, 0x0c, 0x03, 0x00, 0x00, 0xfb, 0x02, 0x00, 0x00, 0x12, 0x00, 0x00, 0x00,
    0xf7, 0x00, 0x03, 0x00, 0x0d, 0x03, 0x00, 0x00, 0x00, 0x00, 0x00, 0x00, 0xfa, 0x00, 0x04, 0x00,
    0x0c, 0x03, 0x00, 0x00, 0x0e, 0x03, 0x00, 0x00, 0x0f, 0x03, 0x00, 0x00, 0xf8, 0x00, 0x02, 0x00,
    0x0f, 0x03, 0x00, 0x00, 0xc7, 0x00, 0x05, 0x00, 0x09, 0x00, 0x00, 0x00, 0x10, 0x03, 0x00, 0x00,
    0xee, 0x02, 0x00, 0x00, 0x28, 0x00, 0x00, 0x00, 0xab, 0x00, 0x05, 0x00, 0x15, 0x00, 0x00, 0x00,
    0x11, 0x03, 0x00, 0x00, 0x10, 0x03, 0x00, 0x00, 0x0e, 0x00, 0x00, 0x00, 0xa9, 0x00, 0x06, 0x00,
    0x09, 0x00, 0x00, 0x00, 0x12, 0x03, 0x00, 0x00, 0x11, 0x03, 0x00, 0x00, 0x0e, 0x00, 0x00, 0x00,
    0x12, 0x00, 0x00, 0x00, 0xb1, 0x00, 0x05, 0x00, 0x15, 0x00, 0x00, 0x00, 0x13, 0x03, 0x00, 0x00,
    0x6c, 0x00, 0x00, 0x00, 0x0a, 0x03, 0x00, 0x00, 0xf7, 0x00, 0x03, 0x00, 0x14, 0x03, 0x00, 0x00,
    0x00, 0x00, 0x00, 0x00, 0xfa, 0x00, 0x04, 0x00, 0x13, 0x03, 0x00, 0x00, 0x15, 0x03, 0x00, 0x00,
    0x16, 0x03, 0x00, 0x00, 0xf8, 0x00, 0x02, 0x00, 0x16, 0x03, 0x00, 0x00, 0x53, 0x00, 0x04, 0x00,
    0x09, 0x00, 0x00, 0x00, 0x17, 0x03, 0x00, 0x00, 0x12, 0x00, 0x00, 0x00, 0x53, 0x00, 0x04, 0x00,
    0x09, 0x00, 0x00, 0x00, 0x18, 0x03, 0x00, 0x00, 0x0e, 0x00, 0x00, 0x00, 0xa9, 0x00, 0x06, 0x00,
    0x09, 0x00, 0x00, 0x00, 0x19, 0x03, 0x00, 0x00, 0x11, 0x03, 0x00, 0x00, 0x12, 0x00, 0x00, 0x00,
    0x0e, 0x00, 0x00, 0x00, 0xf9, 0x00, 0x02, 0x00, 0x14, 0x03, 0x00, 0x00, 0xf8, 0x00, 0x02, 0x00,
    0x15, 0x03, 0x00, 0x00, 0xf9, 0x00, 0x02, 0x00, 0x14, 0x03, 0x00, 0x00, 0xf8, 0x00, 0x02, 0x00,
    0x14, 0x03, 0x00, 0x00, 0xf5, 0x00, 0x07, 0x00, 0x09, 0x00, 0x00, 0x00, 0x1a, 0x03, 0x00, 0x00,
    0x12, 0x03, 0x00, 0x00, 0x15, 0x03, 0x00, 0x00, 0x19, 0x03, 0x00, 0x00, 0x16, 0x03, 0x00, 0x00,
    0xf9, 0x00, 0x02, 0x00, 0x0d, 0x03, 0x00, 0x00, 0xf8, 0x00, 0x02, 0x00, 0x0e, 0x03, 0x00, 0x00,
    0xb1, 0x00, 0x05, 0x00, 0x15, 0x00, 0x00, 0x00, 0x1b, 0x03, 0x00, 0x00, 0x5b, 0x00, 0x00, 0x00,
    0x00, 0x03, 0x00, 0x00, 0xf7, 0x00, 0x03, 0x00, 0x1c, 0x03, 0x00, 0x00, 0x00, 0x00, 0x00, 0x00,
    0xfa, 0x00, 0x04, 0x00, 0x1b, 0x03, 0x00, 0x00, 0x1d, 0x03, 0x00, 0x00, 0x1e, 0x03, 0x00, 0x00,
    0xf8, 0x00, 0x02, 0x00, 0x1e, 0x03, 0x00, 0x00, 0x53, 0x00, 0x04, 0x00, 0x09, 0x00, 0x00, 0x00,
    0x1f, 0x03, 0x00, 0x00, 0x12, 0x00, 0x00, 0x00, 0x53, 0x00, 0x04, 0x00, 0x09, 0x00, 0x00, 0x00,
    0x20, 0x03, 0x00, 0x00, 0x0e, 0x00, 0x00, 0x00, 0xa9, 0x00, 0x06, 0x00, 0x09, 0x00, 0x00, 0x00,
    0x21, 0x03, 0x00, 0x00, 0x02, 0x03, 0x00, 0x00, 0x12, 0x00, 0x00, 0x00, 0x0e, 0x00, 0x00, 0x00,
    0xf9, 0x00, 0x02, 0x00, 0x1c, 0x03, 0x00, 0x00, 0xf8, 0x00, 0x02, 0x00, 0x1d, 0x03, 0x00, 0x00,
    0xf9, 0x00, 0x02, 0x00, 0x1c, 0x03, 0x00, 0x00, 0xf8, 0x00, 0x02, 0x00, 0x1c, 0x03, 0x00, 0x00,
    0xf5, 0x00, 0x07, 0x00, 0x09, 0x00, 0x00, 0x00, 0x22, 0x03, 0x00, 0x00, 0x03, 0x03, 0x00, 0x00,
    0x1d, 0x03, 0x00, 0x00, 0x21, 0x03, 0x00, 0x00, 0x1e, 0x03, 0x00, 0x00, 0xf9, 0x00, 0x02, 0x00,
    0x0d, 0x03, 0x00, 0x00, 0xf8, 0x00, 0x02, 0x00, 0x0d, 0x03, 0x00, 0x00, 0xf5, 0x00, 0x07, 0x00,
    0x09, 0x00, 0x00, 0x00, 0x23, 0x03, 0x00, 0x00, 0x22, 0x03, 0x00, 0x00, 0x1c, 0x03, 0x00, 0x00,
    0x1a, 0x03, 0x00, 0x00, 0x14, 0x03, 0x00, 0x00, 0xf9, 0x00, 0x02, 0x00, 0x06, 0x03, 0x00, 0x00,
    0xf8, 0x00, 0x02, 0x00, 0x07, 0x03, 0x00, 0x00, 0x7c, 0x00, 0x04, 0x00, 0x09, 0x00, 0x00, 0x00,
    0x24, 0x03, 0x00, 0x00, 0x5b, 0x00, 0x00, 0x00, 0xc2, 0x00, 0x05, 0x00, 0x09, 0x00, 0x00, 0x00,
    0x25, 0x03, 0x00, 0x00, 0x24, 0x03, 0x00, 0x00, 0x12, 0x00, 0x00, 0x00, 0x80, 0x00, 0x05, 0x00,
    0x09, 0x00, 0x00, 0x00, 0x26, 0x03, 0x00, 0x00, 0x0b, 0x00, 0x00, 0x00, 0x25, 0x03, 0x00, 0x00,
    0x41, 0x00, 0x06, 0x00, 0x38, 0x00, 0x00, 0x00, 0x27, 0x03, 0x00, 0x00, 0x07, 0x00, 0x00, 0x00,
    0x11, 0x00, 0x00, 0x00, 0x26, 0x03, 0x00, 0x00, 0x3d, 0x00, 0x04, 0x00, 0x09, 0x00, 0x00, 0x00,
    0x28, 0x03, 0x00, 0x00, 0x27, 0x03, 0x00, 0x00, 0xc7, 0x00, 0x05, 0x00, 0x09, 0x00, 0x00, 0x00,
    0x29, 0x03, 0x00, 0x00, 0x24, 0x03, 0x00, 0x00, 0x12, 0x00, 0x00, 0x00, 0xab, 0x00, 0x05, 0x00,
    0x15, 0x00, 0x00, 0x00, 0x2a, 0x03, 0x00, 0x00, 0x29, 0x03, 0x00, 0x00, 0x0e, 0x00, 0x00, 0x00,
    0xf7, 0x00, 0x03, 0x00, 0x2b, 0x03, 0x00, 0x00, 0x00, 0x00, 0x00, 0x00, 0xfa, 0x00, 0x04, 0x00,
    0x2a, 0x03, 0x00, 0x00, 0x2c, 0x03, 0x00, 0x00, 0x2d, 0x03, 0x00, 0x00, 0xf8, 0x00, 0x02, 0x00,
    0x2d, 0x03, 0x00, 0x00, 0xc7, 0x00, 0x05, 0x00, 0x09, 0x00, 0x00, 0x00, 0x2e, 0x03, 0x00, 0x00,
    0x28, 0x03, 0x00, 0x00, 0x30, 0x00, 0x00, 0x00, 0xf9, 0x00, 0x02, 0x00, 0x2b, 0x03, 0x00, 0x00,
    0xf8, 0x00, 0x02, 0x00, 0x2c, 0x03, 0x00, 0x00, 0xc2, 0x00, 0x05, 0x00, 0x09, 0x00, 0x00, 0x00,
    0x2f, 0x03, 0x00, 0x00, 0x28, 0x03, 0x00, 0x00, 0x0a, 0x00, 0x00, 0x00, 0xf9, 0x00, 0x02, 0x00,
    0x2b, 0x03, 0x00, 0x00, 0xf8, 0x00, 0x02, 0x00, 0x2b, 0x03, 0x00, 0x00, 0xf5, 0x00, 0x07, 0x00,
    0x09, 0x00, 0x00, 0x00, 0x30, 0x03, 0x00, 0x00, 0x2f, 0x03, 0x00, 0x00, 0x2c, 0x03, 0x00, 0x00,
    0x2e, 0x03, 0x00, 0x00, 0x2d, 0x03, 0x00, 0x00, 0xc7, 0x00, 0x05, 0x00, 0x09, 0x00, 0x00, 0x00,
    0x31, 0x03, 0x00, 0x00, 0x30, 0x03, 0x00, 0x00, 0x27, 0x00, 0x00, 0x00, 0x7c, 0x00, 0x04, 0x00,
    0x0c, 0x00, 0x00, 0x00, 0x32, 0x03, 0x00, 0x00, 0x31, 0x03, 0x00, 0x00, 0x7e, 0x00, 0x04, 0x00,
    0x0c, 0x00, 0x00, 0x00, 0x33, 0x03, 0x00, 0x00, 0x32, 0x03, 0x00, 0x00, 0xaa, 0x00, 0x05, 0x00,
    0x15, 0x00, 0x00, 0x00, 0x34, 0x03, 0x00, 0x00, 0xfb, 0x02, 0x00, 0x00, 0x12, 0x00, 0x00, 0x00,
    0xf7, 0x00, 0x03, 0x00, 0x35, 0x03, 0x00, 0x00, 0x00, 0x00, 0x00, 0x00, 0xfa, 0x00, 0x04, 0x00,
    0x34, 0x03, 0x00, 0x00, 0x36, 0x03, 0x00, 0x00, 0x37, 0x03, 0x00, 0x00, 0xf8, 0x00, 0x02, 0x00,
    0x37, 0x03, 0x00, 0x00, 0xc7, 0x00, 0x05, 0x00, 0x09, 0x00, 0x00, 0x00, 0x38, 0x03, 0x00, 0x00,
    0x30, 0x03, 0x00, 0x00, 0x28, 0x00, 0x00, 0x00, 0xab, 0x00, 0x05, 0x00, 0x15, 0x00, 0x00, 0x00,
    0x39, 0x03, 0x00, 0x00, 0x38, 0x03, 0x00, 0x00, 0x0e, 0x00, 0x00, 0x00, 0xa9, 0x00, 0x06, 0x00,
    0x09, 0x00, 0x00, 0x00, 0x3a, 0x03, 0x00, 0x00, 0x39, 0x03, 0x00, 0x00, 0x0e, 0x00, 0x00, 0x00,
    0x12, 0x00, 0x00, 0x00, 0x82, 0x00, 0x05, 0x00, 0x0c, 0x00, 0x00, 0x00, 0x3b, 0x03, 0x00, 0x00,
    0x32, 0x03, 0x00, 0x00, 0x14, 0x00, 0x00, 0x00, 0xb3, 0x00, 0x05, 0x00, 0x15, 0x00, 0x00, 0x00,
    0x3c, 0x03, 0x00, 0x00, 0x6c, 0x00, 0x00, 0x00, 0x3b, 0x03, 0x00, 0x00, 0xf7, 0x00, 0x03, 0x00,
    0x3d, 0x03, 0x00, 0x00, 0x00, 0x00, 0x00, 0x00, 0xfa, 0x00, 0x04, 0x00, 0x3c, 0x03, 0x00, 0x00,
    0x3e, 0x03, 0x00, 0x00, 0x3f, 0x03, 0x00, 0x00, 0xf8, 0x00, 0x02, 0x00, 0x3f, 0x03, 0x00, 0x00,
    0x53, 0x00, 0x04, 0x00, 0x09, 0x00, 0x00, 0x00, 0x40, 0x03, 0x00, 0x00, 0x12, 0x00, 0x00, 0x00,
    0x53, 0x00, 0x04, 0x00, 0x09, 0x00, 0x00, 0x00, 0x41, 0x03, 0x00, 0x00, 0x0e, 0x00, 0x00, 0x00,
    0xa9, 0x00, 0x06, 0x00, 0x09, 0x00, 0x00, 0x00, 0x42, 0x03, 0x00, 0x00, 0x39, 0x03, 0x00, 0x00,
    0x12, 0x00, 0x00, 0x00, 0x0e, 0x00, 0x00, 0x00, 0xf9, 0x00, 0x02, 0x00, 0x3d, 0x03, 0x00, 0x00,
    0xf8, 0x00, 0x02, 0x00, 0x3e, 0x03, 0x00, 0x00, 0xf9, 0x00, 0x02, 0x00, 0x3d, 0x03, 0x00, 0x00,
    0xf8, 0x00, 0x02, 0x00, 0x3d, 0x03, 0x00, 0x00, 0xf5, 0x00, 0x07, 0x00, 0x09, 0x00, 0x00, 0x00,
    0x43, 0x03, 0x00, 0x00, 0x3a, 0x03, 0x00, 0x00, 0x3e, 0x03, 0x00, 0x00, 0x42, 0x03, 0x00, 0x00,
    0x3f, 0x03, 0x00, 0x00, 0xf9, 0x00, 0x02, 0x00, 0x35, 0x03, 0x00, 0x00, 0xf8, 0x00, 0x02, 0x00,
    0x36, 0x03, 0x00, 0x00, 0xaf, 0x00, 0x05, 0x00, 0x15, 0x00, 0x00, 0x00, 0x44, 0x03, 0x00, 0x00,
    0x5b, 0x00, 0x00, 0x00, 0x00, 0x03, 0x00, 0x00, 0xf7, 0x00, 0x03, 0x00, 0x45, 0x03, 0x00, 0x00,
    0x00, 0x00, 0x00, 0x00, 0xfa, 0x00, 0x04, 0x00, 0x44, 0x03, 0x00, 0x00, 0x46, 0x03, 0x00, 0x00,
    0x47, 0x03, 0x00, 0x00, 0xf8, 0x00, 0x02, 0x00, 0x47, 0x03, 0x00, 0x00, 0xf9, 0x00, 0x02, 0x00,
    0x45, 0x03, 0x00, 0x00, 0xf8, 0x00, 0x02, 0x00, 0x46, 0x03, 0x00, 0x00, 0x53, 0x00, 0x04, 0x00,
    0x09, 0x00, 0x00, 0x00, 0x48, 0x03, 0x00, 0x00, 0x12, 0x00, 0x00, 0x00, 0x53, 0x00, 0x04, 0x00,
    0x09, 0x00, 0x00, 0x00, 0x49, 0x03, 0x00, 0x00, 0x0e, 0x00, 0x00, 0x00, 0xa9, 0x00, 0x06, 0x00,
    0x09, 0x00, 0x00, 0x00, 0x4a, 0x03, 0x00, 0x00, 0x02, 0x03, 0x00, 0x00, 0x12, 0x00, 0x00, 0x00,
    0x0e, 0x00, 0x00, 0x00, 0xf9, 0x00, 0x02, 0x00, 0x45, 0x03, 0x00, 0x00, 0xf8, 0x00, 0x02, 0x00,
    0x45, 0x03, 0x00, 0x00, 0xf5, 0x00, 0x07, 0x00, 0x09, 0x00, 0x00, 0x00, 0x4b, 0x03, 0x00, 0x00,
    0x4a, 0x03, 0x00, 0x00, 0x46, 0x03, 0x00, 0x00, 0x03, 0x03, 0x00, 0x00, 0x47, 0x03, 0x00, 0x00,
    0xf9, 0x00, 0x02, 0x00, 0x35, 0x03, 0x00, 0x00, 0xf8, 0x00, 0x02, 0x00, 0x35, 0x03, 0x00, 0x00,
    0xf5, 0x00, 0x07, 0x00, 0x09, 0x00, 0x00, 0x00, 0x4c, 0x03, 0x00, 0x00, 0x4b, 0x03, 0x00, 0x00,
    0x45, 0x03, 0x00, 0x00, 0x43, 0x03, 0x00, 0x00, 0x3d, 0x03, 0x00, 0x00, 0xf9, 0x00, 0x02, 0x00,
    0x06, 0x03, 0x00, 0x00, 0xf8, 0x00, 0x02, 0x00, 0x06, 0x03, 0x00, 0x00, 0xf5, 0x00, 0x07, 0x00,
    0x0c, 0x00, 0x00, 0x00, 0x4d, 0x03, 0x00, 0x00, 0x33, 0x03, 0x00, 0x00, 0x35, 0x03, 0x00, 0x00,
    0x0b, 0x03, 0x00, 0x00, 0x0d, 0x03, 0x00, 0x00, 0xf5, 0x00, 0x07, 0x00, 0x09, 0x00, 0x00, 0x00,
    0x4e, 0x03, 0x00, 0x00, 0x4c, 0x03, 0x00, 0x00, 0x35, 0x03, 0x00, 0x00, 0x23, 0x03, 0x00, 0x00,
    0x0d, 0x03, 0x00, 0x00, 0x80, 0x00, 0x05, 0x00, 0x0c, 0x00, 0x00, 0x00, 0x4f, 0x03, 0x00, 0x00,
    0x6c, 0x00, 0x00, 0x00, 0x4d, 0x03, 0x00, 0x00, 0x80, 0x00, 0x05, 0x00, 0x0c, 0x00, 0x00, 0x00,
    0x50, 0x03, 0x00, 0x00, 0x5b, 0x00, 0x00, 0x00, 0xfd, 0x02, 0x00, 0x00, 0x84, 0x00, 0x05, 0x00,
    0x09, 0x00, 0x00, 0x00, 0x51, 0x03, 0x00, 0x00, 0x4e, 0x03, 0x00, 0x00, 0x31, 0x00, 0x00, 0x00,
    0xc7, 0x00, 0x05, 0x00, 0x0c, 0x00, 0x00, 0x00, 0x52, 0x03, 0x00, 0x00, 0x50, 0x03, 0x00, 0x00,
    0x32, 0x00, 0x00, 0x00, 0x7c, 0x00, 0x04, 0x00, 0x09, 0x00, 0x00, 0x00, 0x53, 0x03, 0x00, 0x00,
    0x52, 0x03, 0x00, 0x00, 0x84, 0x00, 0x05, 0x00, 0x09, 0x00, 0x00, 0x00, 0x54, 0x03, 0x00, 0x00,
    0x53, 0x03, 0x00, 0x00, 0x28, 0x00, 0x00, 0x00, 0x80, 0x00, 0x05, 0x00, 0x09, 0x00, 0x00, 0x00,
    0x55, 0x03, 0x00, 0x00, 0x51, 0x03, 0x00, 0x00, 0x54, 0x03, 0x00, 0x00, 0xc7, 0x00, 0x05, 0x00,
    0x0c, 0x00, 0x00, 0x00, 0x56, 0x03, 0x00, 0x00, 0x4f, 0x03, 0x00, 0x00, 0x32, 0x00, 0x00, 0x00,
    0x7c, 0x00, 0x04, 0x00, 0x09, 0x00, 0x00, 0x00, 0x57, 0x03, 0x00, 0x00, 0x56, 0x03, 0x00, 0x00,
    0x80, 0x00, 0x05, 0x00, 0x09, 0x00, 0x00, 0x00, 0x58, 0x03, 0x00, 0x00, 0x55, 0x03, 0x00, 0x00,
    0x57, 0x03, 0x00, 0x00, 0xc2, 0x00, 0x05, 0x00, 0x09, 0x00, 0x00, 0x00, 0x59, 0x03, 0x00, 0x00,
    0x58, 0x03, 0x00, 0x00, 0x12, 0x00, 0x00, 0x00, 0x41, 0x00, 0x06, 0x00, 0x38, 0x00, 0x00, 0x00,
    0x5a, 0x03, 0x00, 0x00, 0x06, 0x00, 0x00, 0x00, 0x11, 0x00, 0x00, 0x00, 0x59, 0x03, 0x00, 0x00,
    0x3d, 0x00, 0x04, 0x00, 0x09, 0x00, 0x00, 0x00, 0x5b, 0x03, 0x00, 0x00, 0x5a, 0x03, 0x00, 0x00,
    0xc7, 0x00, 0x05, 0x00, 0x09, 0x00, 0x00, 0x00, 0x5c, 0x03, 0x00, 0x00, 0x58, 0x03, 0x00, 0x00,
    0x12, 0x00, 0x00, 0x00, 0xab, 0x00, 0x05, 0x00, 0x15, 0x00, 0x00, 0x00, 0x5d, 0x03, 0x00, 0x00,
    0x5c, 0x03, 0x00, 0x00, 0x0e, 0x00, 0x00, 0x00, 0xf7, 0x00, 0x03, 0x00, 0x5e, 0x03, 0x00, 0x00,
    0x00, 0x00, 0x00, 0x00, 0xfa, 0x00, 0x04, 0x00, 0x5d, 0x03, 0x00, 0x00, 0x5f, 0x03, 0x00, 0x00,
    0x60, 0x03, 0x00, 0x00, 0xf8, 0x00, 0x02, 0x00, 0x60, 0x03, 0x00, 0x00, 0xc7, 0x00, 0x05, 0x00,
    0x09, 0x00, 0x00, 0x00, 0x61, 0x03, 0x00, 0x00, 0x5b, 0x03, 0x00, 0x00, 0x30, 0x00, 0x00, 0x00,
    0xf9, 0x00, 0x02, 0x00, 0x5e, 0x03, 0x00, 0x00, 0xf8, 0x00, 0x02, 0x00, 0x5f, 0x03, 0x00, 0x00,
    0xc2, 0x00, 0x05, 0x00, 0x09, 0x00, 0x00, 0x00, 0x62, 0x03, 0x00, 0x00, 0x5b, 0x03, 0x00, 0x00,
    0x0a, 0x00, 0x00, 0x00, 0xf9, 0x00, 0x02, 0x00, 0x5e, 0x03, 0x00, 0x00, 0xf8, 0x00, 0x02, 0x00,
    0x5e, 0x03, 0x00, 0x00, 0xf5, 0x00, 0x07, 0x00, 0x09, 0x00, 0x00, 0x00, 0x63, 0x03, 0x00, 0x00,
    0x62, 0x03, 0x00, 0x00, 0x5f, 0x03, 0x00, 0x00, 0x61, 0x03, 0x00, 0x00, 0x60, 0x03, 0x00, 0x00,
    0xc2, 0x00, 0x05, 0x00, 0x09, 0x00, 0x00, 0x00, 0x64, 0x03, 0x00, 0x00, 0x63, 0x03, 0x00, 0x00,
    0x2a, 0x00, 0x00, 0x00, 0xaa, 0x00, 0x05, 0x00, 0x15, 0x00, 0x00, 0x00, 0x65, 0x03, 0x00, 0x00,
    0x64, 0x03, 0x00, 0x00, 0x0e, 0x00, 0x00, 0x00, 0xf7, 0x00, 0x03, 0x00, 0x66, 0x03, 0x00, 0x00,
    0x00, 0x00, 0x00, 0x00, 0xfa, 0x00, 0x04, 0x00, 0x65, 0x03, 0x00, 0x00, 0x67, 0x03, 0x00, 0x00,
    0x66, 0x03, 0x00, 0x00, 0xf8, 0x00, 0x02, 0x00, 0x67, 0x03, 0x00, 0x00, 0xc7, 0x00, 0x05, 0x00,
    0x09, 0x00, 0x00, 0x00, 0x68, 0x03, 0x00, 0x00, 0x63, 0x03, 0x00, 0x00, 0x2a, 0x00, 0x00, 0x00,
    0xaa, 0x00, 0x05, 0x00, 0x15, 0x00, 0x00, 0x00, 0x69, 0x03, 0x00, 0x00, 0x68, 0x03, 0x00, 0x00,
    0x0e, 0x00, 0x00, 0x00, 0xf9, 0x00, 0x02, 0x00, 0x66, 0x03, 0x00, 0x00, 0xf8, 0x00, 0x02, 0x00,
    0x66, 0x03, 0x00, 0x00, 0xf5, 0x00, 0x07, 0x00, 0x15, 0x00, 0x00, 0x00, 0x6a, 0x03, 0x00, 0x00,
    0x20, 0x00, 0x00, 0x00, 0x5e, 0x03, 0x00, 0x00, 0x69, 0x03, 0x00, 0x00, 0x67, 0x03, 0x00, 0x00,
    0xf7, 0x00, 0x03, 0x00, 0x6b, 0x03, 0x00, 0x00, 0x00, 0x00, 0x00, 0x00, 0xfa, 0x00, 0x04, 0x00,
    0x6a, 0x03, 0x00, 0x00, 0x6c, 0x03, 0x00, 0x00, 0x6b, 0x03, 0x00, 0x00, 0xf8, 0x00, 0x02, 0x00,
    0x6c, 0x03, 0x00, 0x00, 0xf9, 0x00, 0x02, 0x00, 0xec, 0x02, 0x00, 0x00, 0xf8, 0x00, 0x02, 0x00,
    0x6b, 0x03, 0x00, 0x00, 0xc7, 0x00, 0x05, 0x00, 0x09, 0x00, 0x00, 0x00, 0x6d, 0x03, 0x00, 0x00,
    0x63, 0x03, 0x00, 0x00, 0x2b, 0x00, 0x00, 0x00, 0xf9, 0x00, 0x02, 0x00, 0xec, 0x02, 0x00, 0x00,
    0xf8, 0x00, 0x02, 0x00, 0xf9, 0x02, 0x00, 0x00, 0x7c, 0x00, 0x04, 0x00, 0x09, 0x00, 0x00, 0x00,
    0x6e, 0x03, 0x00, 0x00, 0x5b, 0x00, 0x00, 0x00, 0x84, 0x00, 0x05, 0x00, 0x09, 0x00, 0x00, 0x00,
    0x6f, 0x03, 0x00, 0x00, 0x6e, 0x03, 0x00, 0x00, 0x21, 0x00, 0x00, 0x00, 0x80, 0x00, 0x05, 0x00,
    0x09, 0x00, 0x00, 0x00, 0x70, 0x03, 0x00, 0x00, 0x25, 0x00, 0x00, 0x00, 0x6f, 0x03, 0x00, 0x00,
    0xc3, 0x00, 0x05, 0x00, 0x0c, 0x00, 0x00, 0x00, 0x71, 0x03, 0x00, 0x00, 0x6c, 0x00, 0x00, 0x00,
    0x2d, 0x00, 0x00, 0x00, 0x7c, 0x00, 0x04, 0x00, 0x09, 0x00, 0x00, 0x00, 0x72, 0x03, 0x00, 0x00,
    0x71, 0x03, 0x00, 0x00, 0x80, 0x00, 0x05, 0x00, 0x09, 0x00, 0x00, 0x00, 0x73, 0x03, 0x00, 0x00,
    0x70, 0x03, 0x00, 0x00, 0x72, 0x03, 0x00, 0x00, 0x82, 0x00, 0x05, 0x00, 0x09, 0x00, 0x00, 0x00,
    0x74, 0x03, 0x00, 0x00, 0x73, 0x03, 0x00, 0x00, 0x29, 0x00, 0x00, 0x00, 0xc2, 0x00, 0x05, 0x00,
    0x09, 0x00, 0x00, 0x00, 0x75, 0x03, 0x00, 0x00, 0x74, 0x03, 0x00, 0x00, 0x12, 0x00, 0x00, 0x00,
    0x80, 0x00, 0x05, 0x00, 0x09, 0x00, 0x00, 0x00, 0x76, 0x03, 0x00, 0x00, 0x0b, 0x00, 0x00, 0x00,
    0x75, 0x03, 0x00, 0x00, 0x41, 0x00, 0x06, 0x00, 0x38, 0x00, 0x00, 0x00, 0x77, 0x03, 0x00, 0x00,
    0x07, 0x00, 0x00, 0x00, 0x11, 0x00, 0x00, 0x00, 0x76, 0x03, 0x00, 0x00, 0x3d, 0x00, 0x04, 0x00,
    0x09, 0x00, 0x00, 0x00, 0x78, 0x03, 0x00, 0x00, 0x77, 0x03, 0x00, 0x00, 0xc7, 0x00, 0x05, 0x00,
    0x09, 0x00, 0x00, 0x00, 0x79, 0x03, 0x00, 0x00, 0x73, 0x03, 0x00, 0x00, 0x12, 0x00, 0x00, 0x00,
    0xab, 0x00, 0x05, 0x00, 0x15, 0x00, 0x00, 0x00, 0x7a, 0x03, 0x00, 0x00, 0x79, 0x03, 0x00, 0x00,
    0x0e, 0x00, 0x00, 0x00, 0xf7, 0x00, 0x03, 0x00, 0x7b, 0x03, 0x00, 0x00, 0x00, 0x00, 0x00, 0x00,
    0xfa, 0x00, 0x04, 0x00, 0x7a, 0x03, 0x00, 0x00, 0x7c, 0x03, 0x00, 0x00, 0x7d, 0x03, 0x00, 0x00,
    0xf8, 0x00, 0x02, 0x00, 0x7d, 0x03, 0x00, 0x00, 0xc7, 0x00, 0x05, 0x00, 0x09, 0x00, 0x00, 0x00,
    0x7e, 0x03, 0x00, 0x00, 0x78, 0x03, 0x00, 0x00, 0x30, 0x00, 0x00, 0x00, 0xf9, 0x00, 0x02, 0x00,
    0x7b, 0x03, 0x00, 0x00, 0xf8, 0x00, 0x02, 0x00, 0x7c, 0x03, 0x00, 0x00, 0xc2, 0x00, 0x05, 0x00,
    0x09, 0x00, 0x00, 0x00, 0x7f, 0x03, 0x00, 0x00, 0x78, 0x03, 0x00, 0x00, 0x0a, 0x00, 0x00, 0x00,
    0xf9, 0x00, 0x02, 0x00, 0x7b, 0x03, 0x00, 0x00, 0xf8, 0x00, 0x02, 0x00, 0x7b, 0x03, 0x00, 0x00,
    0xf5, 0x00, 0x07, 0x00, 0x09, 0x00, 0x00, 0x00, 0x80, 0x03, 0x00, 0x00, 0x7f, 0x03, 0x00, 0x00,
    0x7c, 0x03, 0x00, 0x00, 0x7e, 0x03, 0x00, 0x00, 0x7d, 0x03, 0x00, 0x00, 0xc3, 0x00, 0x05, 0x00,
    0x0c, 0x00, 0x00, 0x00, 0x81, 0x03, 0x00, 0x00, 0x6c, 0x00, 0x00, 0x00, 0x2e, 0x00, 0x00, 0x00,
    0xc7, 0x00, 0x05, 0x00, 0x0c, 0x00, 0x00, 0x00, 0x82, 0x03, 0x00, 0x00, 0x81, 0x03, 0x00, 0x00,
    0x2f, 0x00, 0x00, 0x00, 0x7c, 0x00, 0x04, 0x00, 0x09, 0x00, 0x00, 0x00, 0x83, 0x03, 0x00, 0x00,
    0x82, 0x03, 0x00, 0x00, 0xc7, 0x00, 0x05, 0x00, 0x09, 0x00, 0x00, 0x00, 0x84, 0x03, 0x00, 0x00,
    0x83, 0x03, 0x00, 0x00, 0x1d, 0x00, 0x00, 0x00, 0xc2, 0x00, 0x05, 0x00, 0x09, 0x00, 0x00, 0x00,
    0x85, 0x03, 0x00, 0x00, 0x24, 0x00, 0x00, 0x00, 0x84, 0x03, 0x00, 0x00, 0xc7, 0x00, 0x05, 0x00,
    0x09, 0x00, 0x00, 0x00, 0x86, 0x03, 0x00, 0x00, 0x80, 0x03, 0x00, 0x00, 0x85, 0x03, 0x00, 0x00,
    0xab, 0x00, 0x05, 0x00, 0x15, 0x00, 0x00, 0x00, 0x87, 0x03, 0x00, 0x00, 0x86, 0x03, 0x00, 0x00,
    0x0e, 0x00, 0x00, 0x00, 0xf7, 0x00, 0x03, 0x00, 0x88, 0x03, 0x00, 0x00, 0x00, 0x00, 0x00, 0x00,
    0xfa, 0x00, 0x04, 0x00, 0x87, 0x03, 0x00, 0x00, 0x89, 0x03, 0x00, 0x00, 0x88, 0x03, 0x00, 0x00,
    0xf8, 0x00, 0x02, 0x00, 0x89, 0x03, 0x00, 0x00, 0xf9, 0x00, 0x02, 0x00, 0xec, 0x02, 0x00, 0x00,
    0xf8, 0x00, 0x02, 0x00, 0x88, 0x03, 0x00, 0x00, 0xc7, 0x00, 0x05, 0x00, 0x09, 0x00, 0x00, 0x00,
    0x8a, 0x03, 0x00, 0x00, 0xee, 0x02, 0x00, 0x00, 0x24, 0x00, 0x00, 0x00, 0xab, 0x00, 0x05, 0x00,
    0x15, 0x00, 0x00, 0x00, 0x8b, 0x03, 0x00, 0x00, 0x8a, 0x03, 0x00, 0x00, 0x0e, 0x00, 0x00, 0x00,
    0xf7, 0x00, 0x03, 0x00, 0x8c, 0x03, 0x00, 0x00, 0x00, 0x00, 0x00, 0x00, 0xfa, 0x00, 0x04, 0x00,
    0x8b, 0x03, 0x00, 0x00, 0x8d, 0x03, 0x00, 0x00, 0x8e, 0x03, 0x00, 0x00, 0xf8, 0x00, 0x02, 0x00,
    0x8e, 0x03, 0x00, 0x00, 0x82, 0x00, 0x05, 0x00, 0x09, 0x00, 0x00, 0x00, 0x8f, 0x03, 0x00, 0x00,
    0x0e, 0x00, 0x00, 0x00, 0xef, 0x02, 0x00, 0x00, 0xc7, 0x00, 0x05, 0x00, 0x09, 0x00, 0x00, 0x00,
    0x90, 0x03, 0x00, 0x00, 0x8f, 0x03, 0x00, 0x00, 0x27, 0x00, 0x00, 0x00, 0x7c, 0x00, 0x04, 0x00,
    0x0c, 0x00, 0x00, 0x00, 0x91, 0x03, 0x00, 0x00, 0x90, 0x03, 0x00, 0x00, 0xf9, 0x00, 0x02, 0x00,
    0x8c, 0x03, 0x00, 0x00, 0xf8, 0x00, 0x02, 0x00, 0x8d, 0x03, 0x00, 0x00, 0xc2, 0x00, 0x05, 0x00,
    0x09, 0x00, 0x00, 0x00, 0x92, 0x03, 0x00, 0x00, 0x6e, 0x03, 0x00, 0x00, 0x12, 0x00, 0x00, 0x00,
    0x80, 0x00, 0x05, 0x00, 0x09, 0x00, 0x00, 0x00, 0x93, 0x03, 0x00, 0x00, 0x0b, 0x00, 0x00, 0x00,
    0x92, 0x03, 0x00, 0x00, 0x41, 0x00, 0x06, 0x00, 0x38, 0x00, 0x00, 0x00, 0x94, 0x03, 0x00, 0x00,
    0x07, 0x00, 0x00, 0x00, 0x11, 0x00, 0x00, 0x00, 0x93, 0x03, 0x00, 0x00, 0x3d, 0x00, 0x04, 0x00,
    0x09, 0x00, 0x00, 0x00, 0x95, 0x03, 0x00, 0x00, 0x94, 0x03, 0x00, 0x00, 0xc7, 0x00, 0x05, 0x00,
    0x09, 0x00, 0x00, 0x00, 0x96, 0x03, 0x00, 0x00, 0x6e, 0x03, 0x00, 0x00, 0x12, 0x00, 0x00, 0x00,
    0xab, 0x00, 0x05, 0x00, 0x15, 0x00, 0x00, 0x00, 0x97, 0x03, 0x00, 0x00, 0x96, 0x03, 0x00, 0x00,
    0x0e, 0x00, 0x00, 0x00, 0xf7, 0x00, 0x03, 0x00, 0x98, 0x03, 0x00, 0x00, 0x00, 0x00, 0x00, 0x00,
    0xfa, 0x00, 0x04, 0x00, 0x97, 0x03, 0x00, 0x00, 0x99, 0x03, 0x00, 0x00, 0x9a, 0x03, 0x00, 0x00,
    0xf8, 0x00, 0x02, 0x00, 0x9a, 0x03, 0x00, 0x00, 0xc7, 0x00, 0x05, 0x00, 0x09, 0x00, 0x00, 0x00,
    0x9b, 0x03, 0x00, 0x00, 0x95, 0x03, 0x00, 0x00, 0x30, 0x00, 0x00, 0x00, 0xf9, 0x00, 0x02, 0x00,
    0x98, 0x03, 0x00, 0x00, 0xf8, 0x00, 0x02, 0x00, 0x99, 0x03, 0x00, 0x00, 0xc2, 0x00, 0x05, 0x00,
    0x09, 0x00, 0x00, 0x00, 0x9c, 0x03, 0x00, 0x00, 0x95, 0x03, 0x00, 0x00, 0x0a, 0x00, 0x00, 0x00,
    0xf9, 0x00, 0x02, 0x00, 0x98, 0x03, 0x00, 0x00, 0xf8, 0x00, 0x02, 0x00, 0x98, 0x03, 0x00, 0x00,
    0xf5, 0x00, 0x07, 0x00, 0x09, 0x00, 0x00, 0x00, 0x9d, 0x03, 0x00, 0x00, 0x9c, 0x03, 0x00, 0x00,
    0x99, 0x03, 0x00, 0x00, 0x9b, 0x03, 0x00, 0x00, 0x9a, 0x03, 0x00, 0x00, 0x82, 0x00, 0x05, 0x00,
    0x09, 0x00, 0x00, 0x00, 0x9e, 0x03, 0x00, 0x00, 0x0e, 0x00, 0x00, 0x00, 0x9d, 0x03, 0x00, 0x00,
    0xc7, 0x00, 0x05, 0x00, 0x09, 0x00, 0x00, 0x00, 0x9f, 0x03, 0x00, 0x00, 0x9e, 0x03, 0x00, 0x00,
    0x27, 0x00, 0x00, 0x00, 0x7c, 0x00, 0x04, 0x00, 0x0c, 0x00, 0x00, 0x00, 0xa0, 0x03, 0x00, 0x00,
    0x9f, 0x03, 0x00, 0x00, 0xf9, 0x00, 0x02, 0x00, 0x8c, 0x03, 0x00, 0x00, 0xf8, 0x00, 0x02, 0x00,
    0x8c, 0x03, 0x00, 0x00, 0xf5, 0x00, 0x07, 0x00, 0x0c, 0x00, 0x00, 0x00, 0xa1, 0x03, 0x00, 0x00,
    0xa0, 0x03, 0x00, 0x00, 0x98, 0x03, 0x00, 0x00, 0x91, 0x03, 0x00, 0x00, 0x8e, 0x03, 0x00, 0x00,
    0x80, 0x00, 0x05, 0x00, 0x0c, 0x00, 0x00, 0x00, 0xa2, 0x03, 0x00, 0x00, 0x6c, 0x00, 0x00, 0x00,
    0xa1, 0x03, 0x00, 0x00, 0xc7, 0x00, 0x05, 0x00, 0x09, 0x00, 0x00, 0x00, 0xa3, 0x03, 0x00, 0x00,
    0xf0, 0x02, 0x00, 0x00, 0x27, 0x00, 0x00, 0x00, 0x7c, 0x00, 0x04, 0x00, 0x0c, 0x00, 0x00, 0x00,
    0xa4, 0x03, 0x00, 0x00, 0xa3, 0x03, 0x00, 0x00, 0x80, 0x00, 0x05, 0x00, 0x0c, 0x00, 0x00, 0x00,
    0xa5, 0x03, 0x00, 0x00, 0xa4, 0x03, 0x00, 0x00, 0x5b, 0x00, 0x00, 0x00, 0xc7, 0x00, 0x05, 0x00,
    0x0c, 0x00, 0x00, 0x00, 0xa6, 0x03, 0x00, 0x00, 0xa5, 0x03, 0x00, 0x00, 0x32, 0x00, 0x00, 0x00,
    0x7c, 0x00, 0x04, 0x00, 0x09, 0x00, 0x00, 0x00, 0xa7, 0x03, 0x00, 0x00, 0xa6, 0x03, 0x00, 0x00,
    0x84, 0x00, 0x05, 0x00, 0x09, 0x00, 0x00, 0x00, 0xa8, 0x03, 0x00, 0x00, 0xa7, 0x03, 0x00, 0x00,
    0x28, 0x00, 0x00, 0x00, 0xc7, 0x00, 0x05, 0x00, 0x0c, 0x00, 0x00, 0x00, 0xa9, 0x03, 0x00, 0x00,
    0xa2, 0x03, 0x00, 0x00, 0x32, 0x00, 0x00, 0x00, 0x7c, 0x00, 0x04, 0x00, 0x09, 0x00, 0x00, 0x00,
    0xaa, 0x03, 0x00, 0x00, 0xa9, 0x03, 0x00, 0x00, 0x80, 0x00, 0x05, 0x00, 0x09, 0x00, 0x00, 0x00,
    0xab, 0x03, 0x00, 0x00, 0xa8, 0x03, 0x00, 0x00, 0xaa, 0x03, 0x00, 0x00, 0xc2, 0x00, 0x05, 0x00,
    0x09, 0x00, 0x00, 0x00, 0xac, 0x03, 0x00, 0x00, 0xab, 0x03, 0x00, 0x00, 0x12, 0x00, 0x00, 0x00,
    0x41, 0x00, 0x06, 0x00, 0x38, 0x00, 0x00, 0x00, 0xad, 0x03, 0x00, 0x00, 0x06, 0x00, 0x00, 0x00,
    0x11, 0x00, 0x00, 0x00, 0xac, 0x03, 0x00, 0x00, 0x3d, 0x00, 0x04, 0x00, 0x09, 0x00, 0x00, 0x00,
    0xae, 0x03, 0x00, 0x00, 0xad, 0x03, 0x00, 0x00, 0xc7, 0x00, 0x05, 0x00, 0x09, 0x00, 0x00, 0x00,
    0xaf, 0x03, 0x00, 0x00, 0xab, 0x03, 0x00, 0x00, 0x12, 0x00, 0x00, 0x00, 0xab, 0x00, 0x05, 0x00,
    0x15, 0x00, 0x00, 0x00, 0xb0, 0x03, 0x00, 0x00, 0xaf, 0x03, 0x00, 0x00, 0x0e, 0x00, 0x00, 0x00,
    0xf7, 0x00, 0x03, 0x00, 0xb1, 0x03, 0x00, 0x00, 0x00, 0x00, 0x00, 0x00, 0xfa, 0x00, 0x04, 0x00,
    0xb0, 0x03, 0x00, 0x00, 0xb2, 0x03, 0x00, 0x00, 0xb3, 0x03, 0x00, 0x00, 0xf8, 0x00, 0x02, 0x00,
    0xb3, 0x03, 0x00, 0x00, 0xc7, 0x00, 0x05, 0x00, 0x09, 0x00, 0x00, 0x00, 0xb4, 0x03, 0x00, 0x00,
    0xae, 0x03, 0x00, 0x00, 0x30, 0x00, 0x00, 0x00, 0xf9, 0x00, 0x02, 0x00, 0xb1, 0x03, 0x00, 0x00,
    0xf8, 0x00, 0x02, 0x00, 0xb2, 0x03, 0x00, 0x00, 0xc2, 0x00, 0x05, 0x00, 0x09, 0x00, 0x00, 0x00,
    0xb5, 0x03, 0x00, 0x00, 0xae, 0x03, 0x00, 0x00, 0x0a, 0x00, 0x00, 0x00, 0xf9, 0x00, 0x02, 0x00,
    0xb1, 0x03, 0x00, 0x00, 0xf8, 0x00, 0x02, 0x00, 0xb1, 0x03, 0x00, 0x00, 0xf5, 0x00, 0x07, 0x00,
    0x09, 0x00, 0x00, 0x00, 0xb6, 0x03, 0x00, 0x00, 0xb5, 0x03, 0x00, 0x00, 0xb2, 0x03, 0x00, 0x00,
    0xb4, 0x03, 0x00, 0x00, 0xb3, 0x03, 0x00, 0x00, 0xc2, 0x00, 0x05, 0x00, 0x09, 0x00, 0x00, 0x00,
    0xb7, 0x03, 0x00, 0x00, 0xb6, 0x03, 0x00, 0x00, 0x2a, 0x00, 0x00, 0x00, 0xaa, 0x00, 0x05, 0x00,
    0x15, 0x00, 0x00, 0x00, 0xb8, 0x03, 0x00, 0x00, 0xb7, 0x03, 0x00, 0x00, 0x0e, 0x00, 0x00, 0x00,
    0xf7, 0x00, 0x03, 0x00, 0xb9, 0x03, 0x00, 0x00, 0x00, 0x00, 0x00, 0x00, 0xfa, 0x00, 0x04, 0x00,
    0xb8, 0x03, 0x00, 0x00, 0xba, 0x03, 0x00, 0x00, 0xb9, 0x03, 0x00, 0x00, 0xf8, 0x00, 0x02, 0x00,
    0xba, 0x03, 0x00, 0x00, 0xc7, 0x00, 0x05, 0x00, 0x09, 0x00, 0x00, 0x00, 0xbb, 0x03, 0x00, 0x00,
    0xb6, 0x03, 0x00, 0x00, 0x2a, 0x00, 0x00, 0x00, 0xaa, 0x00, 0x05, 0x00, 0x15, 0x00, 0x00, 0x00,
    0xbc, 0x03, 0x00, 0x00, 0xbb, 0x03, 0x00, 0x00, 0x0e, 0x00, 0x00, 0x00, 0xf9, 0x00, 0x02, 0x00,
    0xb9, 0x03, 0x00, 0x00, 0xf8, 0x00, 0x02, 0x00, 0xb9, 0x03, 0x00, 0x00, 0xf5, 0x00, 0x07, 0x00,
    0x15, 0x00, 0x00, 0x00, 0xbd, 0x03, 0x00, 0x00, 0x20, 0x00, 0x00, 0x00, 0xb1, 0x03, 0x00, 0x00,
    0xbc, 0x03, 0x00, 0x00, 0xba, 0x03, 0x00, 0x00, 0xf7, 0x00, 0x03, 0x00, 0xbe, 0x03, 0x00, 0x00,
    0x00, 0x00, 0x00, 0x00, 0xfa, 0x00, 0x04, 0x00, 0xbd, 0x03, 0x00, 0x00, 0xbf, 0x03, 0x00, 0x00,
    0xbe, 0x03, 0x00, 0x00, 0xf8, 0x00, 0x02, 0x00, 0xbf, 0x03, 0x00, 0x00, 0xf9, 0x00, 0x02, 0x00,
    0xec, 0x02, 0x00, 0x00, 0xf8, 0x00, 0x02, 0x00, 0xbe, 0x03, 0x00, 0x00, 0xc7, 0x00, 0x05, 0x00,
    0x09, 0x00, 0x00, 0x00, 0xc0, 0x03, 0x00, 0x00, 0xb6, 0x03, 0x00, 0x00, 0x2b, 0x00, 0x00, 0x00,
    0xf9, 0x00, 0x02, 0x00, 0xec, 0x02, 0x00, 0x00, 0xf8, 0x00, 0x02, 0x00, 0xec, 0x02, 0x00, 0x00,
    0xf5, 0x00, 0x0f, 0x00, 0x09, 0x00, 0x00, 0x00, 0xc1, 0x03, 0x00, 0x00, 0x0e, 0x00, 0x00, 0x00,
    0xf6, 0x02, 0x00, 0x00, 0x0e, 0x00, 0x00, 0x00, 0x6c, 0x03, 0x00, 0x00, 0x6d, 0x03, 0x00, 0x00,
    0x6b, 0x03, 0x00, 0x00, 0x0e, 0x00, 0x00, 0x00, 0x89, 0x03, 0x00, 0x00, 0x0e, 0x00, 0x00, 0x00,
    0xbf, 0x03, 0x00, 0x00, 0xc0, 0x03, 0x00, 0x00, 0xbe, 0x03, 0x00, 0x00, 0xf5, 0x00, 0x0f, 0x00,
    0x15, 0x00, 0x00, 0x00, 0xc2, 0x03, 0x00, 0x00, 0x16, 0x00, 0x00, 0x00, 0xf6, 0x02, 0x00, 0x00,
    0x16, 0x00, 0x00, 0x00, 0x6c, 0x03, 0x00, 0x00, 0x20, 0x00, 0x00, 0x00, 0x6b, 0x03, 0x00, 0x00,
    0x16, 0x00, 0x00, 0x00, 0x89, 0x03, 0x00, 0x00, 0x16, 0x00, 0x00, 0x00, 0xbf, 0x03, 0x00, 0x00,
    0x20, 0x00, 0x00, 0x00, 0xbe, 0x03, 0x00, 0x00, 0xf7, 0x00, 0x03, 0x00, 0xc3, 0x03, 0x00, 0x00,
    0x00, 0x00, 0x00, 0x00, 0xfa, 0x00, 0x04, 0x00, 0xc2, 0x03, 0x00, 0x00, 0xc4, 0x03, 0x00, 0x00,
    0xc3, 0x03, 0x00, 0x00, 0xf8, 0x00, 0x02, 0x00, 0xc4, 0x03, 0x00, 0x00, 0xf9, 0x00, 0x02, 0x00,
    0xea, 0x02, 0x00, 0x00, 0xf8, 0x00, 0x02, 0x00, 0xc3, 0x03, 0x00, 0x00, 0xf7, 0x00, 0x03, 0x00,
    0xc5, 0x03, 0x00, 0x00, 0x00, 0x00, 0x00, 0x00, 0xfb, 0x00, 0x03, 0x00, 0x0e, 0x00, 0x00, 0x00,
    0xc6, 0x03, 0x00, 0x00, 0xf8, 0x00, 0x02, 0x00, 0xc6, 0x03, 0x00, 0x00, 0x3d, 0x00, 0x04, 0x00,
    0x09, 0x00, 0x00, 0x00, 0xc7, 0x03, 0x00, 0x00, 0x73, 0x00, 0x00, 0x00, 0xc2, 0x00, 0x05, 0x00,
    0x09, 0x00, 0x00, 0x00, 0xc8, 0x03, 0x00, 0x00, 0xc7, 0x03, 0x00, 0x00, 0x0a, 0x00, 0x00, 0x00,
    0x3d, 0x00, 0x04, 0x00, 0x09, 0x00, 0x00, 0x00, 0xc9, 0x03, 0x00, 0x00, 0x76, 0x00, 0x00, 0x00,
    0xc2, 0x00, 0x05, 0x00, 0x09, 0x00, 0x00, 0x00, 0xca, 0x03, 0x00, 0x00, 0xc9, 0x03, 0x00, 0x00,
    0x0a, 0x00, 0x00, 0x00, 0x3d, 0x00, 0x04, 0x00, 0x09, 0x00, 0x00, 0x00, 0xcb, 0x03, 0x00, 0x00,
    0x76, 0x00, 0x00, 0x00, 0xc7, 0x00, 0x05, 0x00, 0x09, 0x00, 0x00, 0x00, 0xcc, 0x03, 0x00, 0x00,
    0xca, 0x03, 0x00, 0x00, 0x24, 0x00, 0x00, 0x00, 0xab, 0x00, 0x05, 0x00, 0x15, 0x00, 0x00, 0x00,
    0xcd, 0x03, 0x00, 0x00, 0xcc, 0x03, 0x00, 0x00, 0x0e, 0x00, 0x00, 0x00, 0xf7, 0x00, 0x03, 0x00,
    0xce, 0x03, 0x00, 0x00, 0x00, 0x00, 0x00, 0x00, 0xfa, 0x00, 0x04, 0x00, 0xcd, 0x03, 0x00, 0x00,
    0xcf, 0x03, 0x00, 0x00, 0xce, 0x03, 0x00, 0x00, 0xf8, 0x00, 0x02, 0x00, 0xcf, 0x03, 0x00, 0x00,
    0xf9, 0x00, 0x02, 0x00, 0xc5, 0x03, 0x00, 0x00, 0xf8, 0x00, 0x02, 0x00, 0xce, 0x03, 0x00, 0x00,
    0xc7, 0x00, 0x05, 0x00, 0x09, 0x00, 0x00, 0x00, 0xd0, 0x03, 0x00, 0x00, 0xcb, 0x03, 0x00, 0x00,
    0x25, 0x00, 0x00, 0x00, 0xab, 0x00, 0x05, 0x00, 0x15, 0x00, 0x00, 0x00, 0xd1, 0x03, 0x00, 0x00,
    0xd0, 0x03, 0x00, 0x00, 0x0e, 0x00, 0x00, 0x00, 0xf7, 0x00, 0x03, 0x00, 0xd2, 0x03, 0x00, 0x00,
    0x00, 0x00, 0x00, 0x00, 0xfa, 0x00, 0x04, 0x00, 0xd1, 0x03, 0x00, 0x00, 0xd3, 0x03, 0x00, 0x00,
    0xd2, 0x03, 0x00, 0x00, 0xf8, 0x00, 0x02, 0x00, 0xd3, 0x03, 0x00, 0x00, 0xf9, 0x00, 0x02, 0x00,
    0xc5, 0x03, 0x00, 0x00, 0xf8, 0x00, 0x02, 0x00, 0xd2, 0x03, 0x00, 0x00, 0x7c, 0x00, 0x04, 0x00,
    0x09, 0x00, 0x00, 0x00, 0xd4, 0x03, 0x00, 0x00, 0x5b, 0x00, 0x00, 0x00, 0x84, 0x00, 0x05, 0x00,
    0x09, 0x00, 0x00, 0x00, 0xd5, 0x03, 0x00, 0x00, 0xd4, 0x03, 0x00, 0x00, 0x21, 0x00, 0x00, 0x00,
    0x80, 0x00, 0x05, 0x00, 0x09, 0x00, 0x00, 0x00, 0xd6, 0x03, 0x00, 0x00, 0x25, 0x00, 0x00, 0x00,
    0xd5, 0x03, 0x00, 0x00, 0xc3, 0x00, 0x05, 0x00, 0x0c, 0x00, 0x00, 0x00, 0xd7, 0x03, 0x00, 0x00,
    0x6c, 0x00, 0x00, 0x00, 0x2d, 0x00, 0x00, 0x00, 0x7c, 0x00, 0x04, 0x00, 0x09, 0x00, 0x00, 0x00,
    0xd8, 0x03, 0x00, 0x00, 0xd7, 0x03, 0x00, 0x00, 0x80, 0x00, 0x05, 0x00, 0x09, 0x00, 0x00, 0x00,
    0xd9, 0x03, 0x00, 0x00, 0xd6, 0x03, 0x00, 0x00, 0xd8, 0x03, 0x00, 0x00, 0x82, 0x00, 0x05, 0x00,
    0x09, 0x00, 0x00, 0x00, 0xda, 0x03, 0x00, 0x00, 0xd9, 0x03, 0x00, 0x00, 0x29, 0x00, 0x00, 0x00,
    0xc2, 0x00, 0x05, 0x00, 0x09, 0x00, 0x00, 0x00, 0xdb, 0x03, 0x00, 0x00, 0xda, 0x03, 0x00, 0x00,
    0x12, 0x00, 0x00, 0x00, 0x80, 0x00, 0x05, 0x00, 0x09, 0x00, 0x00, 0x00, 0xdc, 0x03, 0x00, 0x00,
    0x0b, 0x00, 0x00, 0x00, 0xdb, 0x03, 0x00, 0x00, 0x41, 0x00, 0x06, 0x00, 0x38, 0x00, 0x00, 0x00,
    0xdd, 0x03, 0x00, 0x00, 0x07, 0x00, 0x00, 0x00, 0x11, 0x00, 0x00, 0x00, 0xdc, 0x03, 0x00, 0x00,
    0x3d, 0x00, 0x04, 0x00, 0x09, 0x00, 0x00, 0x00, 0xde, 0x03, 0x00, 0x00, 0xdd, 0x03, 0x00, 0x00,
    0xc7, 0x00, 0x05, 0x00, 0x09, 0x00, 0x00, 0x00, 0xdf, 0x03, 0x00, 0x00, 0xd9, 0x03, 0x00, 0x00,
    0x12, 0x00, 0x00, 0x00, 0xab, 0x00, 0x05, 0x00, 0x15, 0x00, 0x00, 0x00, 0xe0, 0x03, 0x00, 0x00,
    0xdf, 0x03, 0x00, 0x00, 0x0e, 0x00, 0x00, 0x00, 0xf7, 0x00, 0x03, 0x00, 0xe1, 0x03, 0x00, 0x00,
    0x00, 0x00, 0x00, 0x00, 0xfa, 0x00, 0x04, 0x00, 0xe0, 0x03, 0x00, 0x00, 0xe2, 0x03, 0x00, 0x00,
    0xe3, 0x03, 0x00, 0x00, 0xf8, 0x00, 0x02, 0x00, 0xe3, 0x03, 0x00, 0x00, 0xc7, 0x00, 0x05, 0x00,
    0x09, 0x00, 0x00, 0x00, 0xe4, 0x03, 0x00, 0x00, 0xde, 0x03, 0x00, 0x00, 0x30, 0x00, 0x00, 0x00,
    0xf9, 0x00, 0x02, 0x00, 0xe1, 0x03, 0x00, 0x00, 0xf8, 0x00, 0x02, 0x00, 0xe2, 0x03, 0x00, 0x00,
    0xc2, 0x00, 0x05, 0x00, 0x09, 0x00, 0x00, 0x00, 0xe5, 0x03, 0x00, 0x00, 0xde, 0x03, 0x00, 0x00,
    0x0a, 0x00, 0x00, 0x00, 0xf9, 0x00, 0x02, 0x00, 0xe1, 0x03, 0x00, 0x00, 0xf8, 0x00, 0x02, 0x00,
    0xe1, 0x03, 0x00, 0x00, 0xf5, 0x00, 0x07, 0x00, 0x09, 0x00, 0x00, 0x00, 0xe6, 0x03, 0x00, 0x00,
    0xe5, 0x03, 0x00, 0x00, 0xe2, 0x03, 0x00, 0x00, 0xe4, 0x03, 0x00, 0x00, 0xe3, 0x03, 0x00, 0x00,
    0xc8, 0x00, 0x04, 0x00, 0x09, 0x00, 0x00, 0x00, 0xe7, 0x03, 0x00, 0x00, 0xe6, 0x03, 0x00, 0x00,
    0xc3, 0x00, 0x05, 0x00, 0x0c, 0x00, 0x00, 0x00, 0xe8, 0x03, 0x00, 0x00, 0x6c, 0x00, 0x00, 0x00,
    0x2e, 0x00, 0x00, 0x00, 0xc7, 0x00, 0x05, 0x00, 0x0c, 0x00, 0x00, 0x00, 0xe9, 0x03, 0x00, 0x00,
    0xe8, 0x03, 0x00, 0x00, 0x2f, 0x00, 0x00, 0x00, 0x7c, 0x00, 0x04, 0x00, 0x09, 0x00, 0x00, 0x00,
    0xea, 0x03, 0x00, 0x00, 0xe9, 0x03, 0x00, 0x00, 0xc7, 0x00, 0x05, 0x00, 0x09, 0x00, 0x00, 0x00,
    0xeb, 0x03, 0x00, 0x00, 0xea, 0x03, 0x00, 0x00, 0x1d, 0x00, 0x00, 0x00, 0xc2, 0x00, 0x05, 0x00,
    0x09, 0x00, 0x00, 0x00, 0xec, 0x03, 0x00, 0x00, 0x24, 0x00, 0x00, 0x00, 0xeb, 0x03, 0x00, 0x00,
    0xc7, 0x00, 0x05, 0x00, 0x09, 0x00, 0x00, 0x00, 0xed, 0x03, 0x00, 0x00, 0xe7, 0x03, 0x00, 0x00,
    0xec, 0x03, 0x00, 0x00, 0xab, 0x00, 0x05, 0x00, 0x15, 0x00, 0x00, 0x00, 0xee, 0x03, 0x00, 0x00,
    0xed, 0x03, 0x00, 0x00, 0x0e, 0x00, 0x00, 0x00, 0xf7, 0x00, 0x03, 0x00, 0xef, 0x03, 0x00, 0x00,
    0x00, 0x00, 0x00, 0x00, 0xfa, 0x00, 0x04, 0x00, 0xee, 0x03, 0x00, 0x00, 0xf0, 0x03, 0x00, 0x00,
    0xef, 0x03, 0x00, 0x00, 0xf8, 0x00, 0x02, 0x00, 0xf0, 0x03, 0x00, 0x00, 0xf9, 0x00, 0x02, 0x00,
    0xc5, 0x03, 0x00, 0x00, 0xf8, 0x00, 0x02, 0x00, 0xef, 0x03, 0x00, 0x00, 0xc7, 0x00, 0x05, 0x00,
    0x09, 0x00, 0x00, 0x00, 0xf1, 0x03, 0x00, 0x00, 0xc8, 0x03, 0x00, 0x00, 0x24, 0x00, 0x00, 0x00,
    0xab, 0x00, 0x05, 0x00, 0x15, 0x00, 0x00, 0x00, 0xf2, 0x03, 0x00, 0x00, 0xf1, 0x03, 0x00, 0x00,
    0x0e, 0x00, 0x00, 0x00, 0xf7, 0x00, 0x03, 0x00, 0xf3, 0x03, 0x00, 0x00, 0x00, 0x00, 0x00, 0x00,
    0xfa, 0x00, 0x04, 0x00, 0xf2, 0x03, 0x00, 0x00, 0xf4, 0x03, 0x00, 0x00, 0xf5, 0x03, 0x00, 0x00,
    0xf8, 0x00, 0x02, 0x00, 0xf5, 0x03, 0x00, 0x00, 0x82, 0x00, 0x05, 0x00, 0x09, 0x00, 0x00, 0x00,
    0xf6, 0x03, 0x00, 0x00, 0x0e, 0x00, 0x00, 0x00, 0xc8, 0x03, 0x00, 0x00, 0xc7, 0x00, 0x05, 0x00,
    0x09, 0x00, 0x00, 0x00, 0xf7, 0x03, 0x00, 0x00, 0xf6, 0x03, 0x00, 0x00, 0x27, 0x00, 0x00, 0x00,
    0x7c, 0x00, 0x04, 0x00, 0x0c, 0x00, 0x00, 0x00, 0xf8, 0x03, 0x00, 0x00, 0xf7, 0x03, 0x00, 0x00,
    0xf9, 0x00, 0x02, 0x00, 0xf3, 0x03, 0x00, 0x00, 0xf8, 0x00, 0x02, 0x00, 0xf4, 0x03, 0x00, 0x00,
    0x80, 0x00, 0x05, 0x00, 0x09, 0x00, 0x00, 0x00, 0xf9, 0x03, 0x00, 0x00, 0xd4, 0x03, 0x00, 0x00,
    0x28, 0x00, 0x00, 0x00, 0xc2, 0x00, 0x05, 0x00, 0x09, 0x00, 0x00, 0x00, 0xfa, 0x03, 0x00, 0x00,
    0xf9, 0x03, 0x00, 0x00, 0x12, 0x00, 0x00, 0x00, 0x80, 0x00, 0x05, 0x00, 0x09, 0x00, 0x00, 0x00,
    0xfb, 0x03, 0x00, 0x00, 0x0b, 0x00, 0x00, 0x00, 0xfa, 0x03, 0x00, 0x00, 0x41, 0x00, 0x06, 0x00,
    0x38, 0x00, 0x00, 0x00, 0xfc, 0x03, 0x00, 0x00, 0x07, 0x00, 0x00, 0x00, 0x11, 0x00, 0x00, 0x00,
    0xfb, 0x03, 0x00, 0x00, 0x3d, 0x00, 0x04, 0x00, 0x09, 0x00, 0x00, 0x00, 0xfd, 0x03, 0x00, 0x00,
    0xfc, 0x03, 0x00, 0x00, 0xc7, 0x00, 0x05, 0x00, 0x09, 0x00, 0x00, 0x00, 0xfe, 0x03, 0x00, 0x00,
    0xd4, 0x03, 0x00, 0x00, 0x12, 0x00, 0x00, 0x00, 0xab, 0x00, 0x05, 0x00, 0x15, 0x00, 0x00, 0x00,
    0xff, 0x03, 0x00, 0x00, 0xfe, 0x03, 0x00, 0x00, 0x0e, 0x00, 0x00, 0x00, 0xf7, 0x00, 0x03, 0x00,
    0x00, 0x04, 0x00, 0x00, 0x00, 0x00, 0x00, 0x00, 0xfa, 0x00, 0x04, 0x00, 0xff, 0x03, 0x00, 0x00,
    0x01, 0x04, 0x00, 0x00, 0x02, 0x04, 0x00, 0x00, 0xf8, 0x00, 0x02, 0x00, 0x02, 0x04, 0x00, 0x00,
    0xc7, 0x00, 0x05, 0x00, 0x09, 0x00, 0x00, 0x00, 0x03, 0x04, 0x00, 0x00, 0xfd, 0x03, 0x00, 0x00,
    0x30, 0x00, 0x00, 0x00, 0xf9, 0x00, 0x02, 0x00, 0x00, 0x04, 0x00, 0x00, 0xf8, 0x00, 0x02, 0x00,
    0x01, 0x04, 0x00, 0x00, 0xc2, 0x00, 0x05, 0x00, 0x09, 0x00, 0x00, 0x00, 0x04, 0x04, 0x00, 0x00,
    0xfd, 0x03, 0x00, 0x00, 0x0a, 0x00, 0x00, 0x00, 0xf9, 0x00, 0x02, 0x00, 0x00, 0x04, 0x00, 0x00,
    0xf8, 0x00, 0x02, 0x00, 0x00, 0x04, 0x00, 0x00, 0xf5, 0x00, 0x07, 0x00, 0x09, 0x00, 0x00, 0x00,
    0x05, 0x04, 0x00, 0x00, 0x04, 0x04, 0x00, 0x00, 0x01, 0x04, 0x00, 0x00, 0x03, 0x04, 0x00, 0x00,
    0x02, 0x04, 0x00, 0x00, 0x82, 0x00, 0x05, 0x00, 0x09, 0x00, 0x00, 0x00, 0x06, 0x04, 0x00, 0x00,
    0x0e, 0x00, 0x00, 0x00, 0x05, 0x04, 0x00, 0x00, 0xc7, 0x00, 0x05, 0x00, 0x09, 0x00, 0x00, 0x00,
    0x07, 0x04, 0x00, 0x00, 0x06, 0x04, 0x00, 0x00, 0x27, 0x00, 0x00, 0x00, 0x7c, 0x00, 0x04, 0x00,
    0x0c, 0x00, 0x00, 0x00, 0x08, 0x04, 0x00, 0x00, 0x07, 0x04, 0x00, 0x00, 0xf9, 0x00, 0x02, 0x00,
    0xf3, 0x03, 0x00, 0x00, 0xf8, 0x00, 0x02, 0x00, 0xf3, 0x03, 0x00, 0x00, 0xf5, 0x00, 0x07, 0x00,
    0x0c, 0x00, 0x00, 0x00, 0x09, 0x04, 0x00, 0x00, 0x08, 0x04, 0x00, 0x00, 0x00, 0x04, 0x00, 0x00,
    0xf8, 0x03, 0x00, 0x00, 0xf5, 0x03, 0x00, 0x00, 0x80, 0x00, 0x05, 0x00, 0x0c, 0x00, 0x00, 0x00,
    0x0a, 0x04, 0x00, 0x00, 0x6c, 0x00, 0x00, 0x00, 0x09, 0x04, 0x00, 0x00, 0xc7, 0x00, 0x05, 0x00,
    0x09, 0x00, 0x00, 0x00, 0x0b, 0x04, 0x00, 0x00, 0xca, 0x03, 0x00, 0x00, 0x27, 0x00, 0x00, 0x00,
    0x7c, 0x00, 0x04, 0x00, 0x0c, 0x00, 0x00, 0x00, 0x0c, 0x04, 0x00, 0x00, 0x0b, 0x04, 0x00, 0x00,
    0x80, 0x00, 0x05, 0x00, 0x0c, 0x00, 0x00, 0x00, 0x0d, 0x04, 0x00, 0x00, 0x0c, 0x04, 0x00, 0x00,
    0x5b, 0x00, 0x00, 0x00, 0xc7, 0x00, 0x05, 0x00, 0x0c, 0x00, 0x00, 0x00, 0x0e, 0x04, 0x00, 0x00,
    0x0d, 0x04, 0x00, 0x00, 0x32, 0x00, 0x00, 0x00, 0x7c, 0x00, 0x04, 0x00, 0x09, 0x00, 0x00, 0x00,
    0x0f, 0x04, 0x00, 0x00, 0x0e, 0x04, 0x00, 0x00, 0x84, 0x00, 0x05, 0x00, 0x09, 0x00, 0x00, 0x00,
    0x10, 0x04, 0x00, 0x00, 0x0f, 0x04, 0x00, 0x00, 0x28, 0x00, 0x00, 0x00, 0x80, 0x00, 0x05, 0x00,
    0x09, 0x00, 0x00, 0x00, 0x11, 0x04, 0x00, 0x00, 0x31, 0x00, 0x00, 0x00, 0x10, 0x04, 0x00, 0x00,
    0xc7, 0x00, 0x05, 0x00, 0x0c, 0x00, 0x00, 0x00, 0x12, 0x04, 0x00, 0x00, 0x0a, 0x04, 0x00, 0x00,
    0x32, 0x00, 0x00, 0x00, 0x7c, 0x00, 0x04, 0x00, 0x09, 0x00, 0x00, 0x00, 0x13, 0x04, 0x00, 0x00,
    0x12, 0x04, 0x00, 0x00, 0x80, 0x00, 0x05, 0x00, 0x09, 0x00, 0x00, 0x00, 0x14, 0x04, 0x00, 0x00,
    0x11, 0x04, 0x00, 0x00, 0x13, 0x04, 0x00, 0x00, 0xc2, 0x00, 0x05, 0x00, 0x09, 0x00, 0x00, 0x00,
    0x15, 0x04, 0x00, 0x00, 0x14, 0x04, 0x00, 0x00, 0x12, 0x00, 0x00, 0x00, 0x41, 0x00, 0x06, 0x00,
    0x38, 0x00, 0x00, 0x00, 0x16, 0x04, 0x00, 0x00, 0x06, 0x00, 0x00, 0x00, 0x11, 0x00, 0x00, 0x00,
    0x15, 0x04, 0x00, 0x00, 0x3d, 0x00, 0x04, 0x00, 0x09, 0x00, 0x00, 0x00, 0x17, 0x04, 0x00, 0x00,
    0x16, 0x04, 0x00, 0x00, 0xc7, 0x00, 0x05, 0x00, 0x09, 0x00, 0x00, 0x00, 0x18, 0x04, 0x00, 0x00,
    0x14, 0x04, 0x00, 0x00, 0x12, 0x00, 0x00, 0x00, 0xab, 0x00, 0x05, 0x00, 0x15, 0x00, 0x00, 0x00,
    0x19, 0x04, 0x00, 0x00, 0x18, 0x04, 0x00, 0x00, 0x0e, 0x00, 0x00, 0x00, 0xf7, 0x00, 0x03, 0x00,
    0x1a, 0x04, 0x00, 0x00, 0x00, 0x00, 0x00, 0x00, 0xfa, 0x00, 0x04, 0x00, 0x19, 0x04, 0x00, 0x00,
    0x1b, 0x04, 0x00, 0x00, 0x1c, 0x04, 0x00, 0x00, 0xf8, 0x00, 0x02, 0x00, 0x1c, 0x04, 0x00, 0x00,
    0xc7, 0x00, 0x05, 0x00, 0x09, 0x00, 0x00, 0x00, 0x1d, 0x04, 0x00, 0x00, 0x17, 0x04, 0x00, 0x00,
    0x30, 0x00, 0x00, 0x00, 0xf9, 0x00, 0x02, 0x00, 0x1a, 0x04, 0x00, 0x00, 0xf8, 0x00, 0x02, 0x00,
    0x1b, 0x04, 0x00, 0x00, 0xc2, 0x00, 0x05, 0x00, 0x09, 0x00, 0x00, 0x00, 0x1e, 0x04, 0x00, 0x00,
    0x17, 0x04, 0x00, 0x00, 0x0a, 0x00, 0x00, 0x00, 0xf9, 0x00, 0x02, 0x00, 0x1a, 0x04, 0x00, 0x00,
    0xf8, 0x00, 0x02, 0x00, 0x1a, 0x04, 0x00, 0x00, 0xf5, 0x00, 0x07, 0x00, 0x09, 0x00, 0x00, 0x00,
    0x1f, 0x04, 0x00, 0x00, 0x1e, 0x04, 0x00, 0x00, 0x1b, 0x04, 0x00, 0x00, 0x1d, 0x04, 0x00, 0x00,
    0x1c, 0x04, 0x00, 0x00, 0xc2, 0x00, 0x05, 0x00, 0x09, 0x00, 0x00, 0x00, 0x20, 0x04, 0x00, 0x00,
    0x1f, 0x04, 0x00, 0x00, 0x2a, 0x00, 0x00, 0x00, 0xaa, 0x00, 0x05, 0x00, 0x15, 0x00, 0x00, 0x00,
    0x21, 0x04, 0x00, 0x00, 0x20, 0x04, 0x00, 0x00, 0x0e, 0x00, 0x00, 0x00, 0xf7, 0x00, 0x03, 0x00,
    0x22, 0x04, 0x00, 0x00, 0x00, 0x00, 0x00, 0x00, 0xfa, 0x00, 0x04, 0x00, 0x21, 0x04, 0x00, 0x00,
    0x23, 0x04, 0x00, 0x00, 0x22, 0x04, 0x00, 0x00, 0xf8, 0x00, 0x02, 0x00, 0x23, 0x04, 0x00, 0x00,
    0xc7, 0x00, 0x05, 0x00, 0x09, 0x00, 0x00, 0x00, 0x24, 0x04, 0x00, 0x00, 0x1f, 0x04, 0x00, 0x00,
    0x2a, 0x00, 0x00, 0x00, 0xaa, 0x00, 0x05, 0x00, 0x15, 0x00, 0x00, 0x00, 0x25, 0x04, 0x00, 0x00,
    0x24, 0x04, 0x00, 0x00, 0x0e, 0x00, 0x00, 0x00, 0xf9, 0x00, 0x02, 0x00, 0x22, 0x04, 0x00, 0x00,
    0xf8, 0x00, 0x02, 0x00, 0x22, 0x04, 0x00, 0x00, 0xf5, 0x00, 0x07, 0x00, 0x15, 0x00, 0x00, 0x00,
    0x26, 0x04, 0x00, 0x00, 0x20, 0x00, 0x00, 0x00, 0x1a, 0x04, 0x00, 0x00, 0x25, 0x04, 0x00, 0x00,
    0x23, 0x04, 0x00, 0x00, 0xf7, 0x00, 0x03, 0x00, 0x27, 0x04, 0x00, 0x00, 0x00, 0x00, 0x00, 0x00,
    0xfa, 0x00, 0x04, 0x00, 0x26, 0x04, 0x00, 0x00, 0x28, 0x04, 0x00, 0x00, 0x27, 0x04, 0x00, 0x00,
    0xf8, 0x00, 0x02, 0x00, 0x28, 0x04, 0x00, 0x00, 0xf9, 0x00, 0x02, 0x00, 0xc5, 0x03, 0x00, 0x00,
    0xf8, 0x00, 0x02, 0x00, 0x27, 0x04, 0x00, 0x00, 0xc7, 0x00, 0x05, 0x00, 0x09, 0x00, 0x00, 0x00,
    0x29, 0x04, 0x00, 0x00, 0x1f, 0x04, 0x00, 0x00, 0x2b, 0x00, 0x00, 0x00, 0xf9, 0x00, 0x02, 0x00,
    0xc5, 0x03, 0x00, 0x00, 0xf8, 0x00, 0x02, 0x00, 0xc5, 0x03, 0x00, 0x00, 0xf5, 0x00, 0x0d, 0x00,
    0x09, 0x00, 0x00, 0x00, 0x2a, 0x04, 0x00, 0x00, 0x0e, 0x00, 0x00, 0x00, 0xcf, 0x03, 0x00, 0x00,
    0x0e, 0x00, 0x00, 0x00, 0xd3, 0x03, 0x00, 0x00, 0x0e, 0x00, 0x00, 0x00, 0xf0, 0x03, 0x00, 0x00,
    0x0e, 0x00, 0x00, 0x00, 0x28, 0x04, 0x00, 0x00, 0x29, 0x04, 0x00, 0x00, 0x27, 0x04, 0x00, 0x00,
    0xf5, 0x00, 0x0d, 0x00, 0x15, 0x00, 0x00, 0x00, 0x2b, 0x04, 0x00, 0x00, 0x16, 0x00, 0x00, 0x00,
    0xcf, 0x03, 0x00, 0x00, 0x16, 0x00, 0x00, 0x00, 0xd3, 0x03, 0x00, 0x00, 0x16, 0x00, 0x00, 0x00,
    0xf0, 0x03, 0x00, 0x00, 0x16, 0x00, 0x00, 0x00, 0x28, 0x04, 0x00, 0x00, 0x20, 0x00, 0x00, 0x00,
    0x27, 0x04, 0x00, 0x00, 0xf7, 0x00, 0x03, 0x00, 0x2c, 0x04, 0x00, 0x00, 0x00, 0x00, 0x00, 0x00,
    0xfa, 0x00, 0x04, 0x00, 0x2b, 0x04, 0x00, 0x00, 0x2d, 0x04, 0x00, 0x00, 0x2c, 0x04, 0x00, 0x00,
    0xf8, 0x00, 0x02, 0x00, 0x2d, 0x04, 0x00, 0x00, 0xf9, 0x00, 0x02, 0x00, 0xea, 0x02, 0x00, 0x00,
    0xf8, 0x00, 0x02, 0x00, 0x2c, 0x04, 0x00, 0x00, 0xf7, 0x00, 0x03, 0x00, 0x2e, 0x04, 0x00, 0x00,
    0x00, 0x00, 0x00, 0x00, 0xfb, 0x00, 0x03, 0x00, 0x0e, 0x00, 0x00, 0x00, 0x2f, 0x04, 0x00, 0x00,
    0xf8, 0x00, 0x02, 0x00, 0x2f, 0x04, 0x00, 0x00, 0x41, 0x00, 0x06, 0x00, 0x38, 0x00, 0x00, 0x00,
    0x30, 0x04, 0x00, 0x00, 0x07, 0x00, 0x00, 0x00, 0x11, 0x00, 0x00, 0x00, 0x3c, 0x00, 0x00, 0x00,
    0x3d, 0x00, 0x04, 0x00, 0x09, 0x00, 0x00, 0x00, 0x31, 0x04, 0x00, 0x00, 0x30, 0x04, 0x00, 0x00,
    0xc7, 0x00, 0x05, 0x00, 0x09, 0x00, 0x00, 0x00, 0x32, 0x04, 0x00, 0x00, 0x31, 0x04, 0x00, 0x00,
    0x30, 0x00, 0x00, 0x00, 0x41, 0x00, 0x06, 0x00, 0x38, 0x00, 0x00, 0x00, 0x33, 0x04, 0x00, 0x00,
    0x07, 0x00, 0x00, 0x00, 0x11, 0x00, 0x00, 0x00, 0x3d, 0x00, 0x00, 0x00, 0x3d, 0x00, 0x04, 0x00,
    0x09, 0x00, 0x00, 0x00, 0x34, 0x04, 0x00, 0x00, 0x33, 0x04, 0x00, 0x00, 0xc7, 0x00, 0x05, 0x00,
    0x09, 0x00, 0x00, 0x00, 0x35, 0x04, 0x00, 0x00, 0x34, 0x04, 0x00, 0x00, 0x30, 0x00, 0x00, 0x00,
    0x3d, 0x00, 0x04, 0x00, 0x09, 0x00, 0x00, 0x00, 0x36, 0x04, 0x00, 0x00, 0x33, 0x04, 0x00, 0x00,
    0xc7, 0x00, 0x05, 0x00, 0x09, 0x00, 0x00, 0x00, 0x37, 0x04, 0x00, 0x00, 0x34, 0x04, 0x00, 0x00,
    0x24, 0x00, 0x00, 0x00, 0xab, 0x00, 0x05, 0x00, 0x15, 0x00, 0x00, 0x00, 0x38, 0x04, 0x00, 0x00,
    0x37, 0x04, 0x00, 0x00, 0x0e, 0x00, 0x00, 0x00, 0xf7, 0x00, 0x03, 0x00, 0x39, 0x04, 0x00, 0x00,
    0x00, 0x00, 0x00, 0x00, 0xfa, 0x00, 0x04, 0x00, 0x38, 0x04, 0x00, 0x00, 0x3a, 0x04, 0x00, 0x00,
    0x39, 0x04, 0x00, 0x00, 0xf8, 0x00, 0x02, 0x00, 0x3a, 0x04, 0x00, 0x00, 0xf9, 0x00, 0x02, 0x00,
    0x2e, 0x04, 0x00, 0x00, 0xf8, 0x00, 0x02, 0x00, 0x39, 0x04, 0x00, 0x00, 0xc7, 0x00, 0x05, 0x00,
    0x09, 0x00, 0x00, 0x00, 0x3b, 0x04, 0x00, 0x00, 0x36, 0x04, 0x00, 0x00, 0x25, 0x00, 0x00, 0x00,
    0xab, 0x00, 0x05, 0x00, 0x15, 0x00, 0x00, 0x00, 0x3c, 0x04, 0x00, 0x00, 0x3b, 0x04, 0x00, 0x00,
    0x0e, 0x00, 0x00, 0x00, 0xf7, 0x00, 0x03, 0x00, 0x3d, 0x04, 0x00, 0x00, 0x00, 0x00, 0x00, 0x00,
    0xfa, 0x00, 0x04, 0x00, 0x3c, 0x04, 0x00, 0x00, 0x3e, 0x04, 0x00, 0x00, 0x3d, 0x04, 0x00, 0x00,
    0xf8, 0x00, 0x02, 0x00, 0x3e, 0x04, 0x00, 0x00, 0xc2, 0x00, 0x05, 0x00, 0x09, 0x00, 0x00, 0x00,
    0x3f, 0x04, 0x00, 0x00, 0x3b, 0x04, 0x00, 0x00, 0x26, 0x00, 0x00, 0x00, 0xc7, 0x00, 0x05, 0x00,
    0x09, 0x00, 0x00, 0x00, 0x40, 0x04, 0x00, 0x00, 0x34, 0x04, 0x00, 0x00, 0x27, 0x00, 0x00, 0x00,
    0x7c, 0x00, 0x04, 0x00, 0x0c, 0x00, 0x00, 0x00, 0x41, 0x04, 0x00, 0x00, 0x40, 0x04, 0x00, 0x00,
    0x82, 0x00, 0x05, 0x00, 0x09, 0x00, 0x00, 0x00, 0x42, 0x04, 0x00, 0x00, 0x0e, 0x00, 0x00, 0x00,
    0x35, 0x04, 0x00, 0x00, 0xc7, 0x00, 0x05, 0x00, 0x09, 0x00, 0x00, 0x00, 0x43, 0x04, 0x00, 0x00,
    0x42, 0x04, 0x00, 0x00, 0x27, 0x00, 0x00, 0x00, 0x7c, 0x00, 0x04, 0x00, 0x0c, 0x00, 0x00, 0x00,
    0x44, 0x04, 0x00, 0x00, 0x43, 0x04, 0x00, 0x00, 0xc7, 0x00, 0x05, 0x00, 0x09, 0x00, 0x00, 0x00,
    0x45, 0x04, 0x00, 0x00, 0x42, 0x04, 0x00, 0x00, 0x28, 0x00, 0x00, 0x00, 0xab, 0x00, 0x05, 0x00,
    0x15, 0x00, 0x00, 0x00, 0x46, 0x04, 0x00, 0x00, 0x45, 0x04, 0x00, 0x00, 0x0e, 0x00, 0x00, 0x00,
    0xa9, 0x00, 0x06, 0x00, 0x09, 0x00, 0x00, 0x00, 0x47, 0x04, 0x00, 0x00, 0x46, 0x04, 0x00, 0x00,
    0x0f, 0x00, 0x00, 0x00, 0x3e, 0x00, 0x00, 0x00, 0xc7, 0x00, 0x05, 0x00, 0x09, 0x00, 0x00, 0x00,
    0x48, 0x04, 0x00, 0x00, 0x31, 0x04, 0x00, 0x00, 0x24, 0x00, 0x00, 0x00, 0xab, 0x00, 0x05, 0x00,
    0x15, 0x00, 0x00, 0x00, 0x49, 0x04, 0x00, 0x00, 0x48, 0x04, 0x00, 0x00, 0x0e, 0x00, 0x00, 0x00,
    0xf7, 0x00, 0x03, 0x00, 0x4a, 0x04, 0x00, 0x00, 0x00, 0x00, 0x00, 0x00, 0xfa, 0x00, 0x04, 0x00,
    0x49, 0x04, 0x00, 0x00, 0x4b, 0x04, 0x00, 0x00, 0x4c, 0x04, 0x00, 0x00, 0xf8, 0x00, 0x02, 0x00,
    0x4c, 0x04, 0x00, 0x00, 0xc7, 0x00, 0x05, 0x00, 0x09, 0x00, 0x00, 0x00, 0x4d, 0x04, 0x00, 0x00,
    0x31, 0x04, 0x00, 0x00, 0x27, 0x00, 0x00, 0x00, 0x7c, 0x00, 0x04, 0x00, 0x0c, 0x00, 0x00, 0x00,
    0x4e, 0x04, 0x00, 0x00, 0x4d, 0x04, 0x00, 0x00, 0x7e, 0x00, 0x04, 0x00, 0x0c, 0x00, 0x00, 0x00,
    0x4f, 0x04, 0x00, 0x00, 0x4e, 0x04, 0x00, 0x00, 0xaa, 0x00, 0x05, 0x00, 0x15, 0x00, 0x00, 0x00,
    0x50, 0x04, 0x00, 0x00, 0x3f, 0x04, 0x00, 0x00, 0x12, 0x00, 0x00, 0x00, 0xf7, 0x00, 0x03, 0x00,
    0x51, 0x04, 0x00, 0x00, 0x00, 0x00, 0x00, 0x00, 0xfa, 0x00, 0x04, 0x00, 0x50, 0x04, 0x00, 0x00,
    0x52, 0x04, 0x00, 0x00, 0x53, 0x04, 0x00, 0x00, 0xf8, 0x00, 0x02, 0x00, 0x53, 0x04, 0x00, 0x00,
    0xc7, 0x00, 0x05, 0x00, 0x09, 0x00, 0x00, 0x00, 0x54, 0x04, 0x00, 0x00, 0x31, 0x04, 0x00, 0x00,
    0x28, 0x00, 0x00, 0x00, 0xab, 0x00, 0x05, 0x00, 0x15, 0x00, 0x00, 0x00, 0x55, 0x04, 0x00, 0x00,
    0x54, 0x04, 0x00, 0x00, 0x0e, 0x00, 0x00, 0x00, 0xa9, 0x00, 0x06, 0x00, 0x09, 0x00, 0x00, 0x00,
    0x56, 0x04, 0x00, 0x00, 0x55, 0x04, 0x00, 0x00, 0x0f, 0x00, 0x00, 0x00, 0x3e, 0x00, 0x00, 0x00,
    0xb1, 0x00, 0x05, 0x00, 0x15, 0x00, 0x00, 0x00, 0x57, 0x04, 0x00, 0x00, 0x6c, 0x00, 0x00, 0x00,
    0x4e, 0x04, 0x00, 0x00, 0xf7, 0x00, 0x03, 0x00, 0x58, 0x04, 0x00, 0x00, 0x00, 0x00, 0x00, 0x00,
    0xfa, 0x00, 0x04, 0x00, 0x57, 0x04, 0x00, 0x00, 0x59, 0x04, 0x00, 0x00, 0x5a, 0x04, 0x00, 0x00,
    0xf8, 0x00, 0x02, 0x00, 0x5a, 0x04, 0x00, 0x00, 0x53, 0x00, 0x04, 0x00, 0x09, 0x00, 0x00, 0x00,
    0x5b, 0x04, 0x00, 0x00, 0x3e, 0x00, 0x00, 0x00, 0x53, 0x00, 0x04, 0x00, 0x09, 0x00, 0x00, 0x00,
    0x5c, 0x04, 0x00, 0x00, 0x0f, 0x00, 0x00, 0x00, 0xa9, 0x00, 0x06, 0x00, 0x09, 0x00, 0x00, 0x00,
    0x5d, 0x04, 0x00, 0x00, 0x55, 0x04, 0x00, 0x00, 0x3e, 0x00, 0x00, 0x00, 0x0f, 0x00, 0x00, 0x00,
    0xf9, 0x00, 0x02, 0x00, 0x58, 0x04, 0x00, 0x00, 0xf8, 0x00, 0x02, 0x00, 0x59, 0x04, 0x00, 0x00,
    0xf9, 0x00, 0x02, 0x00, 0x58, 0x04, 0x00, 0x00, 0xf8, 0x00, 0x02, 0x00, 0x58, 0x04, 0x00, 0x00,
    0xf5, 0x00, 0x07, 0x00, 0x09, 0x00, 0x00, 0x00, 0x5e, 0x04, 0x00, 0x00, 0x56, 0x04, 0x00, 0x00,
    0x59, 0x04, 0x00, 0x00, 0x5d, 0x04, 0x00, 0x00, 0x5a, 0x04, 0x00, 0x00, 0xf9, 0x00, 0x02, 0x00,
    0x51, 0x04, 0x00, 0x00, 0xf8, 0x00, 0x02, 0x00, 0x52, 0x04, 0x00, 0x00, 0xb1, 0x00, 0x05, 0x00,
    0x15, 0x00, 0x00, 0x00, 0x5f, 0x04, 0x00, 0x00, 0x5b, 0x00, 0x00, 0x00, 0x44, 0x04, 0x00, 0x00,
    0xf7, 0x00, 0x03, 0x00, 0x60, 0x04, 0x00, 0x00, 0x00, 0x00, 0x00, 0x00, 0xfa, 0x00, 0x04, 0x00,
    0x5f, 0x04, 0x00, 0x00, 0x61, 0x04, 0x00, 0x00, 0x62, 0x04, 0x00, 0x00, 0xf8, 0x00, 0x02, 0x00,
    0x62, 0x04, 0x00, 0x00, 0x53, 0x00, 0x04, 0x00, 0x09, 0x00, 0x00, 0x00, 0x63, 0x04, 0x00, 0x00,
    0x3e, 0x00, 0x00, 0x00, 0x53, 0x00, 0x04, 0x00, 0x09, 0x00, 0x00, 0x00, 0x64, 0x04, 0x00, 0x00,
    0x0f, 0x00, 0x00, 0x00, 0xa9, 0x00, 0x06, 0x00, 0x09, 0x00, 0x00, 0x00, 0x65, 0x04, 0x00, 0x00,
    0x46, 0x04, 0x00, 0x00, 0x3e, 0x00, 0x00, 0x00, 0x0f, 0x00, 0x00, 0x00, 0xf9, 0x00, 0x02, 0x00,
    0x60, 0x04, 0x00, 0x00, 0xf8, 0x00, 0x02, 0x00, 0x61, 0x04, 0x00, 0x00, 0xf9, 0x00, 0x02, 0x00,
    0x60, 0x04, 0x00, 0x00, 0xf8, 0x00, 0x02, 0x00, 0x60, 0x04, 0x00, 0x00, 0xf5, 0x00, 0x07, 0x00,
    0x09, 0x00, 0x00, 0x00, 0x66, 0x04, 0x00, 0x00, 0x47, 0x04, 0x00, 0x00, 0x61, 0x04, 0x00, 0x00,
    0x65, 0x04, 0x00, 0x00, 0x62, 0x04, 0x00, 0x00, 0xf9, 0x00, 0x02, 0x00, 0x51, 0x04, 0x00, 0x00,
    0xf8, 0x00, 0x02, 0x00, 0x51, 0x04, 0x00, 0x00, 0xf5, 0x00, 0x07, 0x00, 0x09, 0x00, 0x00, 0x00,
    0x67, 0x04, 0x00, 0x00, 0x66, 0x04, 0x00, 0x00, 0x60, 0x04, 0x00, 0x00, 0x5e, 0x04, 0x00, 0x00,
    0x58, 0x04, 0x00, 0x00, 0xf9, 0x00, 0x02, 0x00, 0x4a, 0x04, 0x00, 0x00, 0xf8, 0x00, 0x02, 0x00,
    0x4b, 0x04, 0x00, 0x00, 0x7c, 0x00, 0x04, 0x00, 0x09, 0x00, 0x00, 0x00, 0x68, 0x04, 0x00, 0x00,
    0x5b, 0x00, 0x00, 0x00, 0x80, 0x00, 0x05, 0x00, 0x09, 0x00, 0x00, 0x00, 0x69, 0x04, 0x00, 0x00,
    0x68, 0x04, 0x00, 0x00, 0x3f, 0x00, 0x00, 0x00, 0xc2, 0x00, 0x05, 0x00, 0x09, 0x00, 0x00, 0x00,
    0x6a, 0x04, 0x00, 0x00, 0x69, 0x04, 0x00, 0x00, 0x12, 0x00, 0x00, 0x00, 0x80, 0x00, 0x05, 0x00,
    0x09, 0x00, 0x00, 0x00, 0x6b, 0x04, 0x00, 0x00, 0x0b, 0x00, 0x00, 0x00, 0x6a, 0x04, 0x00, 0x00,
    0x41, 0x00, 0x06, 0x00, 0x38, 0x00, 0x00, 0x00, 0x6c, 0x04, 0x00, 0x00, 0x07, 0x00, 0x00, 0x00,
    0x11, 0x00, 0x00, 0x00, 0x6b, 0x04, 0x00, 0x00, 0x3d, 0x00, 0x04, 0x00, 0x09, 0x00, 0x00, 0x00,
    0x6d, 0x04, 0x00, 0x00, 0x6c, 0x04, 0x00, 0x00, 0xc7, 0x00, 0x05, 0x00, 0x09, 0x00, 0x00, 0x00,
    0x6e, 0x04, 0x00, 0x00, 0x68, 0x04, 0x00, 0x00, 0x12, 0x00, 0x00, 0x00, 0xab, 0x00, 0x05, 0x00,
    0x15, 0x00, 0x00, 0x00, 0x6f, 0x04, 0x00, 0x00, 0x6e, 0x04, 0x00, 0x00, 0x0e, 0x00, 0x00, 0x00,
    0xf7, 0x00, 0x03, 0x00, 0x70, 0x04, 0x00, 0x00, 0x00, 0x00, 0x00, 0x00, 0xfa, 0x00, 0x04, 0x00,
    0x6f, 0x04, 0x00, 0x00, 0x71, 0x04, 0x00, 0x00, 0x72, 0x04, 0x00, 0x00, 0xf8, 0x00, 0x02, 0x00,
    0x72, 0x04, 0x00, 0x00, 0xc7, 0x00, 0x05, 0x00, 0x09, 0x00, 0x00, 0x00, 0x73, 0x04, 0x00, 0x00,
    0x6d, 0x04, 0x00, 0x00, 0x30, 0x00, 0x00, 0x00, 0xf9, 0x00, 0x02, 0x00, 0x70, 0x04, 0x00, 0x00,
    0xf8, 0x00, 0x02, 0x00, 0x71, 0x04, 0x00, 0x00, 0xc2, 0x00, 0x05, 0x00, 0x09, 0x00, 0x00, 0x00,
    0x74, 0x04, 0x00, 0x00, 0x6d, 0x04, 0x00, 0x00, 0x0a, 0x00, 0x00, 0x00, 0xf9, 0x00, 0x02, 0x00,
    0x70, 0x04, 0x00, 0x00, 0xf8, 0x00, 0x02, 0x00, 0x70, 0x04, 0x00, 0x00, 0xf5, 0x00, 0x07, 0x00,
    0x09, 0x00, 0x00, 0x00, 0x75, 0x04, 0x00, 0x00, 0x74, 0x04, 0x00, 0x00, 0x71, 0x04, 0x00, 0x00,
    0x73, 0x04, 0x00, 0x00, 0x72, 0x04, 0x00, 0x00, 0xc7, 0x00, 0x05, 0x00, 0x09, 0x00, 0x00, 0x00,
    0x76, 0x04, 0x00, 0x00, 0x75, 0x04, 0x00, 0x00, 0x27, 0x00, 0x00, 0x00, 0x7c, 0x00, 0x04, 0x00,
    0x0c, 0x00, 0x00, 0x00, 0x77, 0x04, 0x00, 0x00, 0x76, 0x04, 0x00, 0x00, 0x7e, 0x00, 0x04, 0x00,
    0x0c, 0x00, 0x00, 0x00, 0x78, 0x04, 0x00, 0x00, 0x77, 0x04, 0x00, 0x00, 0xaa, 0x00, 0x05, 0x00,
    0x15, 0x00, 0x00, 0x00, 0x79, 0x04, 0x00, 0x00, 0x3f, 0x04, 0x00, 0x00, 0x12, 0x00, 0x00, 0x00,
    0xf7, 0x00, 0x03, 0x00, 0x7a, 0x04, 0x00, 0x00, 0x00, 0x00, 0x00, 0x00, 0xfa, 0x00, 0x04, 0x00,
    0x79, 0x04, 0x00, 0x00, 0x7b, 0x04, 0x00, 0x00, 0x7c, 0x04, 0x00, 0x00, 0xf8, 0x00, 0x02, 0x00,
    0x7c, 0x04, 0x00, 0x00, 0xc7, 0x00, 0x05, 0x00, 0x09, 0x00, 0x00, 0x00, 0x7d, 0x04, 0x00, 0x00,
    0x75, 0x04, 0x00, 0x00, 0x28, 0x00, 0x00, 0x00, 0xab, 0x00, 0x05, 0x00, 0x15, 0x00, 0x00, 0x00,
    0x7e, 0x04, 0x00, 0x00, 0x7d, 0x04, 0x00, 0x00, 0x0e, 0x00, 0x00, 0x00, 0xa9, 0x00, 0x06, 0x00,
    0x09, 0x00, 0x00, 0x00, 0x7f, 0x04, 0x00, 0x00, 0x7e, 0x04, 0x00, 0x00, 0x0f, 0x00, 0x00, 0x00,
    0x3e, 0x00, 0x00, 0x00, 0x82, 0x00, 0x05, 0x00, 0x0c, 0x00, 0x00, 0x00, 0x80, 0x04, 0x00, 0x00,
    0x77, 0x04, 0x00, 0x00, 0x14, 0x00, 0x00, 0x00, 0xb3, 0x00, 0x05, 0x00, 0x15, 0x00, 0x00, 0x00,
    0x81, 0x04, 0x00, 0x00, 0x6c, 0x00, 0x00, 0x00, 0x80, 0x04, 0x00, 0x00, 0xf7, 0x00, 0x03, 0x00,
    0x82, 0x04, 0x00, 0x00, 0x00, 0x00, 0x00, 0x00, 0xfa, 0x00, 0x04, 0x00, 0x81, 0x04, 0x00, 0x00,
    0x83, 0x04, 0x00, 0x00, 0x84, 0x04, 0x00, 0x00, 0xf8, 0x00, 0x02, 0x00, 0x84, 0x04, 0x00, 0x00,
    0x53, 0x00, 0x04, 0x00, 0x09, 0x00, 0x00, 0x00, 0x85, 0x04, 0x00, 0x00, 0x3e, 0x00, 0x00, 0x00,
    0x53, 0x00, 0x04, 0x00, 0x09, 0x00, 0x00, 0x00, 0x86, 0x04, 0x00, 0x00, 0x0f, 0x00, 0x00, 0x00,
    0xa9, 0x00, 0x06, 0x00, 0x09, 0x00, 0x00, 0x00, 0x87, 0x04, 0x00, 0x00, 0x7e, 0x04, 0x00, 0x00,
    0x3e, 0x00, 0x00, 0x00, 0x0f, 0x00, 0x00, 0x00, 0xf9, 0x00, 0x02, 0x00, 0x82, 0x04, 0x00, 0x00,
    0xf8, 0x00, 0x02, 0x00, 0x83, 0x04, 0x00, 0x00, 0xf9, 0x00, 0x02, 0x00, 0x82, 0x04, 0x00, 0x00,
    0xf8, 0x00, 0x02, 0x00, 0x82, 0x04, 0x00, 0x00, 0xf5, 0x00, 0x07, 0x00, 0x09, 0x00, 0x00, 0x00,
    0x88, 0x04, 0x00, 0x00, 0x7f, 0x04, 0x00, 0x00, 0x83, 0x04, 0x00, 0x00, 0x87, 0x04, 0x00, 0x00,
    0x84, 0x04, 0x00, 0x00, 0xf9, 0x00, 0x02, 0x00, 0x7a, 0x04, 0x00, 0x00, 0xf8, 0x00, 0x02, 0x00,
    0x7b, 0x04, 0x00, 0x00, 0xaf, 0x00, 0x05, 0x00, 0x15, 0x00, 0x00, 0x00, 0x89, 0x04, 0x00, 0x00,
    0x5b, 0x00, 0x00, 0x00, 0x44, 0x04, 0x00, 0x00, 0xf7, 0x00, 0x03, 0x00, 0x8a, 0x04, 0x00, 0x00,
    0x00, 0x00, 0x00, 0x00, 0xfa, 0x00, 0x04, 0x00, 0x89, 0x04, 0x00, 0x00, 0x8b, 0x04, 0x00, 0x00,
    0x8c, 0x04, 0x00, 0x00, 0xf8, 0x00, 0x02, 0x00, 0x8c, 0x04, 0x00, 0x00, 0xf9, 0x00, 0x02, 0x00,
    0x8a, 0x04, 0x00, 0x00, 0xf8, 0x00, 0x02, 0x00, 0x8b, 0x04, 0x00, 0x00, 0x53, 0x00, 0x04, 0x00,
    0x09, 0x00, 0x00, 0x00, 0x8d, 0x04, 0x00, 0x00, 0x3e, 0x00, 0x00, 0x00, 0x53, 0x00, 0x04, 0x00,
    0x09, 0x00, 0x00, 0x00, 0x8e, 0x04, 0x00, 0x00, 0x0f, 0x00, 0x00, 0x00, 0xa9, 0x00, 0x06, 0x00,
    0x09, 0x00, 0x00, 0x00, 0x8f, 0x04, 0x00, 0x00, 0x46, 0x04, 0x00, 0x00, 0x3e, 0x00, 0x00, 0x00,
    0x0f, 0x00, 0x00, 0x00, 0xf9, 0x00, 0x02, 0x00, 0x8a, 0x04, 0x00, 0x00, 0xf8, 0x00, 0x02, 0x00,
    0x8a, 0x04, 0x00, 0x00, 0xf5, 0x00, 0x07, 0x00, 0x09, 0x00, 0x00, 0x00, 0x90, 0x04, 0x00, 0x00,
    0x8f, 0x04, 0x00, 0x00, 0x8b, 0x04, 0x00, 0x00, 0x47, 0x04, 0x00, 0x00, 0x8c, 0x04, 0x00, 0x00,
    0xf9, 0x00, 0x02, 0x00, 0x7a, 0x04, 0x00, 0x00, 0xf8, 0x00, 0x02, 0x00, 0x7a, 0x04, 0x00, 0x00,
    0xf5, 0x00, 0x07, 0x00, 0x09, 0x00, 0x00, 0x00, 0x91, 0x04, 0x00, 0x00, 0x90, 0x04, 0x00, 0x00,
    0x8a, 0x04, 0x00, 0x00, 0x88, 0x04, 0x00, 0x00, 0x82, 0x04, 0x00, 0x00, 0xf9, 0x00, 0x02, 0x00,
    0x4a, 0x04, 0x00, 0x00, 0xf8, 0x00, 0x02, 0x00, 0x4a, 0x04, 0x00, 0x00, 0xf5, 0x00, 0x07, 0x00,
    0x0c, 0x00, 0x00, 0x00, 0x92, 0x04, 0x00, 0x00, 0x78, 0x04, 0x00, 0x00, 0x7a, 0x04, 0x00, 0x00,
    0x4f, 0x04, 0x00, 0x00, 0x51, 0x04, 0x00, 0x00, 0xf5, 0x00, 0x07, 0x00, 0x09, 0x00, 0x00, 0x00,
    0x93, 0x04, 0x00, 0x00, 0x91, 0x04, 0x00, 0x00, 0x7a, 0x04, 0x00, 0x00, 0x67, 0x04, 0x00, 0x00,
    0x51, 0x04, 0x00, 0x00, 0x80, 0x00, 0x05, 0x00, 0x0c, 0x00, 0x00, 0x00, 0x94, 0x04, 0x00, 0x00,
    0x6c, 0x00, 0x00, 0x00, 0x92, 0x04, 0x00, 0x00, 0x80, 0x00, 0x05, 0x00, 0x0c, 0x00, 0x00, 0x00,
    0x95, 0x04, 0x00, 0x00, 0x5b, 0x00, 0x00, 0x00, 0x41, 0x04, 0x00, 0x00, 0x84, 0x00, 0x05, 0x00,
    0x09, 0x00, 0x00, 0x00, 0x96, 0x04, 0x00, 0x00, 0x93, 0x04, 0x00, 0x00, 0x31, 0x00, 0x00, 0x00,
    0xc7, 0x00, 0x05, 0x00, 0x0c, 0x00, 0x00, 0x00, 0x97, 0x04, 0x00, 0x00, 0x95, 0x04, 0x00, 0x00,
    0x32, 0x00, 0x00, 0x00, 0x7c, 0x00, 0x04, 0x00, 0x09, 0x00, 0x00, 0x00, 0x98, 0x04, 0x00, 0x00,
    0x97, 0x04, 0x00, 0x00, 0x84, 0x00, 0x05, 0x00, 0x09, 0x00, 0x00, 0x00, 0x99, 0x04, 0x00, 0x00,
    0x98, 0x04, 0x00, 0x00, 0x28, 0x00, 0x00, 0x00, 0x80, 0x00, 0x05, 0x00, 0x09, 0x00, 0x00, 0x00,
    0x9a, 0x04, 0x00, 0x00, 0x96, 0x04, 0x00, 0x00, 0x99, 0x04, 0x00, 0x00, 0xc7, 0x00, 0x05, 0x00,
    0x0c, 0x00, 0x00, 0x00, 0x9b, 0x04, 0x00, 0x00, 0x94, 0x04, 0x00, 0x00, 0x32, 0x00, 0x00, 0x00,
    0x7c, 0x00, 0x04, 0x00, 0x09, 0x00, 0x00, 0x00, 0x9c, 0x04, 0x00, 0x00, 0x9b, 0x04, 0x00, 0x00,
    0x80, 0x00, 0x05, 0x00, 0x09, 0x00, 0x00, 0x00, 0x9d, 0x04, 0x00, 0x00, 0x9a, 0x04, 0x00, 0x00,
    0x9c, 0x04, 0x00, 0x00, 0xc2, 0x00, 0x05, 0x00, 0x09, 0x00, 0x00, 0x00, 0x9e, 0x04, 0x00, 0x00,
    0x9d, 0x04, 0x00, 0x00, 0x12, 0x00, 0x00, 0x00, 0x41, 0x00, 0x06, 0x00, 0x38, 0x00, 0x00, 0x00,
    0x9f, 0x04, 0x00, 0x00, 0x06, 0x00, 0x00, 0x00, 0x11, 0x00, 0x00, 0x00, 0x9e, 0x04, 0x00, 0x00,
    0x3d, 0x00, 0x04, 0x00, 0x09, 0x00, 0x00, 0x00, 0xa0, 0x04, 0x00, 0x00, 0x9f, 0x04, 0x00, 0x00,
    0xc7, 0x00, 0x05, 0x00, 0x09, 0x00, 0x00, 0x00, 0xa1, 0x04, 0x00, 0x00, 0x9d, 0x04, 0x00, 0x00,
    0x12, 0x00, 0x00, 0x00, 0xab, 0x00, 0x05, 0x00, 0x15, 0x00, 0x00, 0x00, 0xa2, 0x04, 0x00, 0x00,
    0xa1, 0x04, 0x00, 0x00, 0x0e, 0x00, 0x00, 0x00, 0xf7, 0x00, 0x03, 0x00, 0xa3, 0x04, 0x00, 0x00,
    0x00, 0x00, 0x00, 0x00, 0xfa, 0x00, 0x04, 0x00, 0xa2, 0x04, 0x00, 0x00, 0xa4, 0x04, 0x00, 0x00,
    0xa5, 0x04, 0x00, 0x00, 0xf8, 0x00, 0x02, 0x00, 0xa5, 0x04, 0x00, 0x00, 0xc7, 0x00, 0x05, 0x00,
    0x09, 0x00, 0x00, 0x00, 0xa6, 0x04, 0x00, 0x00, 0xa0, 0x04, 0x00, 0x00, 0x30, 0x00, 0x00, 0x00,
    0xf9, 0x00, 0x02, 0x00, 0xa3, 0x04, 0x00, 0x00, 0xf8, 0x00, 0x02, 0x00, 0xa4, 0x04, 0x00, 0x00,
    0xc2, 0x00, 0x05, 0x00, 0x09, 0x00, 0x00, 0x00, 0xa7, 0x04, 0x00, 0x00, 0xa0, 0x04, 0x00, 0x00,
    0x0a, 0x00, 0x00, 0x00, 0xf9, 0x00, 0x02, 0x00, 0xa3, 0x04, 0x00, 0x00, 0xf8, 0x00, 0x02, 0x00,
    0xa3, 0x04, 0x00, 0x00, 0xf5, 0x00, 0x07, 0x00, 0x09, 0x00, 0x00, 0x00, 0xa8, 0x04, 0x00, 0x00,
    0xa7, 0x04, 0x00, 0x00, 0xa4, 0x04, 0x00, 0x00, 0xa6, 0x04, 0x00, 0x00, 0xa5, 0x04, 0x00, 0x00,
    0xc2, 0x00, 0x05, 0x00, 0x09, 0x00, 0x00, 0x00, 0xa9, 0x04, 0x00, 0x00, 0xa8, 0x04, 0x00, 0x00,
    0x2a, 0x00, 0x00, 0x00, 0xaa, 0x00, 0x05, 0x00, 0x15, 0x00, 0x00, 0x00, 0xaa, 0x04, 0x00, 0x00,
    0xa9, 0x04, 0x00, 0x00, 0x0e, 0x00, 0x00, 0x00, 0xab, 0x00, 0x05, 0x00, 0x15, 0x00, 0x00, 0x00,
    0xab, 0x04, 0x00, 0x00, 0xa9, 0x04, 0x00, 0x00, 0x0e, 0x00, 0x00, 0x00, 0xf7, 0x00, 0x03, 0x00,
    0xac, 0x04, 0x00, 0x00, 0x00, 0x00, 0x00, 0x00, 0xfa, 0x00, 0x04, 0x00, 0xab, 0x04, 0x00, 0x00,
    0xad, 0x04, 0x00, 0x00, 0xac, 0x04, 0x00, 0x00, 0xf8, 0x00, 0x02, 0x00, 0xad, 0x04, 0x00, 0x00,
    0xf9, 0x00, 0x02, 0x00, 0x2e, 0x04, 0x00, 0x00, 0xf8, 0x00, 0x02, 0x00, 0xac, 0x04, 0x00, 0x00,
    0xc7, 0x00, 0x05, 0x00, 0x09, 0x00, 0x00, 0x00, 0xae, 0x04, 0x00, 0x00, 0xa8, 0x04, 0x00, 0x00,
    0x2b, 0x00, 0x00, 0x00, 0xf9, 0x00, 0x02, 0x00, 0x2e, 0x04, 0x00, 0x00, 0xf8, 0x00, 0x02, 0x00,
    0x3d, 0x04, 0x00, 0x00, 0x7c, 0x00, 0x04, 0x00, 0x09, 0x00, 0x00, 0x00, 0xaf, 0x04, 0x00, 0x00,
    0x5b, 0x00, 0x00, 0x00, 0x84, 0x00, 0x05, 0x00, 0x09, 0x00, 0x00, 0x00, 0xb0, 0x04, 0x00, 0x00,
    0xaf, 0x04, 0x00, 0x00, 0x21, 0x00, 0x00, 0x00, 0x80, 0x00, 0x05, 0x00, 0x09, 0x00, 0x00, 0x00,
    0xb1, 0x04, 0x00, 0x00, 0x2c, 0x00, 0x00, 0x00, 0xb0, 0x04, 0x00, 0x00, 0xc3, 0x00, 0x05, 0x00,
    0x0c, 0x00, 0x00, 0x00, 0xb2, 0x04, 0x00, 0x00, 0x6c, 0x00, 0x00, 0x00, 0x2d, 0x00, 0x00, 0x00,
    0x7c, 0x00, 0x04, 0x00, 0x09, 0x00, 0x00, 0x00, 0xb3, 0x04, 0x00, 0x00, 0xb2, 0x04, 0x00, 0x00,
    0x80, 0x00, 0x05, 0x00, 0x09, 0x00, 0x00, 0x00, 0xb4, 0x04, 0x00, 0x00, 0xb1, 0x04, 0x00, 0x00,
    0xb3, 0x04, 0x00, 0x00, 0x82, 0x00, 0x05, 0x00, 0x09, 0x00, 0x00, 0x00, 0xb5, 0x04, 0x00, 0x00,
    0xb4, 0x04, 0x00, 0x00, 0x29, 0x00, 0x00, 0x00, 0xc2, 0x00, 0x05, 0x00, 0x09, 0x00, 0x00, 0x00,
    0xb6, 0x04, 0x00, 0x00, 0xb5, 0x04, 0x00, 0x00, 0x12, 0x00, 0x00, 0x00, 0x80, 0x00, 0x05, 0x00,
    0x09, 0x00, 0x00, 0x00, 0xb7, 0x04, 0x00, 0x00, 0x0b, 0x00, 0x00, 0x00, 0xb6, 0x04, 0x00, 0x00,
    0x41, 0x00, 0x06, 0x00, 0x38, 0x00, 0x00, 0x00, 0xb8, 0x04, 0x00, 0x00, 0x07, 0x00, 0x00, 0x00,
    0x11, 0x00, 0x00, 0x00, 0xb7, 0x04, 0x00, 0x00, 0x3d, 0x00, 0x04, 0x00, 0x09, 0x00, 0x00, 0x00,
    0xb9, 0x04, 0x00, 0x00, 0xb8, 0x04, 0x00, 0x00, 0xc7, 0x00, 0x05, 0x00, 0x09, 0x00, 0x00, 0x00,
    0xba, 0x04, 0x00, 0x00, 0xb4, 0x04, 0x00, 0x00, 0x12, 0x00, 0x00, 0x00, 0xab, 0x00, 0x05, 0x00,
    0x15, 0x00, 0x00, 0x00, 0xbb, 0x04, 0x00, 0x00, 0xba, 0x04, 0x00, 0x00, 0x0e, 0x00, 0x00, 0x00,
    0xf7, 0x00, 0x03, 0x00, 0xbc, 0x04, 0x00, 0x00, 0x00, 0x00, 0x00, 0x00, 0xfa, 0x00, 0x04, 0x00,
    0xbb, 0x04, 0x00, 0x00, 0xbd, 0x04, 0x00, 0x00, 0xbe, 0x04, 0x00, 0x00, 0xf8, 0x00, 0x02, 0x00,
    0xbe, 0x04, 0x00, 0x00, 0xc7, 0x00, 0x05, 0x00, 0x09, 0x00, 0x00, 0x00, 0xbf, 0x04, 0x00, 0x00,
    0xb9, 0x04, 0x00, 0x00, 0x30, 0x00, 0x00, 0x00, 0xf9, 0x00, 0x02, 0x00, 0xbc, 0x04, 0x00, 0x00,
    0xf8, 0x00, 0x02, 0x00, 0xbd, 0x04, 0x00, 0x00, 0xc2, 0x00, 0x05, 0x00, 0x09, 0x00, 0x00, 0x00,
    0xc0, 0x04, 0x00, 0x00, 0xb9, 0x04, 0x00, 0x00, 0x0a, 0x00, 0x00, 0x00, 0xf9, 0x00, 0x02, 0x00,
    0xbc, 0x04, 0x00, 0x00, 0xf8, 0x00, 0x02, 0x00, 0xbc, 0x04, 0x00, 0x00, 0xf5, 0x00, 0x07, 0x00,
    0x09, 0x00, 0x00, 0x00, 0xc1, 0x04, 0x00, 0x00, 0xc0, 0x04, 0x00, 0x00, 0xbd, 0x04, 0x00, 0x00,
    0xbf, 0x04, 0x00, 0x00, 0xbe, 0x04, 0x00, 0x00, 0xc3, 0x00, 0x05, 0x00, 0x0c, 0x00, 0x00, 0x00,
    0xc2, 0x04, 0x00, 0x00, 0x6c, 0x00, 0x00, 0x00, 0x2e, 0x00, 0x00, 0x00, 0xc7, 0x00, 0x05, 0x00,
    0x0c, 0x00, 0x00, 0x00, 0xc3, 0x04, 0x00, 0x00, 0xc2, 0x04, 0x00, 0x00, 0x2f, 0x00, 0x00, 0x00,
    0x7c, 0x00, 0x04, 0x00, 0x09, 0x00, 0x00, 0x00, 0xc4, 0x04, 0x00, 0x00, 0xc3, 0x04, 0x00, 0x00,
    0xc7, 0x00, 0x05, 0x00, 0x09, 0x00, 0x00, 0x00, 0xc5, 0x04, 0x00, 0x00, 0xc4, 0x04, 0x00, 0x00,
    0x1d, 0x00, 0x00, 0x00, 0xc2, 0x00, 0x05, 0x00, 0x09, 0x00, 0x00, 0x00, 0xc6, 0x04, 0x00, 0x00,
    0x24, 0x00, 0x00, 0x00, 0xc5, 0x04, 0x00, 0x00, 0xc7, 0x00, 0x05, 0x00, 0x09, 0x00, 0x00, 0x00,
    0xc7, 0x04, 0x00, 0x00, 0xc1, 0x04, 0x00, 0x00, 0xc6, 0x04, 0x00, 0x00, 0xab, 0x00, 0x05, 0x00,
    0x15, 0x00, 0x00, 0x00, 0xc8, 0x04, 0x00, 0x00, 0xc7, 0x04, 0x00, 0x00, 0x0e, 0x00, 0x00, 0x00,
    0xf7, 0x00, 0x03, 0x00, 0xc9, 0x04, 0x00, 0x00, 0x00, 0x00, 0x00, 0x00, 0xfa, 0x00, 0x04, 0x00,
    0xc8, 0x04, 0x00, 0x00, 0xca, 0x04, 0x00, 0x00, 0xc9, 0x04, 0x00, 0x00, 0xf8, 0x00, 0x02, 0x00,
    0xca, 0x04, 0x00, 0x00, 0xf9, 0x00, 0x02, 0x00, 0x2e, 0x04, 0x00, 0x00, 0xf8, 0x00, 0x02, 0x00,
    0xc9, 0x04, 0x00, 0x00, 0xc7, 0x00, 0x05, 0x00, 0x09, 0x00, 0x00, 0x00, 0xcb, 0x04, 0x00, 0x00,
    0x31, 0x04, 0x00, 0x00, 0x24, 0x00, 0x00, 0x00, 0xab, 0x00, 0x05, 0x00, 0x15, 0x00, 0x00, 0x00,
    0xcc, 0x04, 0x00, 0x00, 0xcb, 0x04, 0x00, 0x00, 0x0e, 0x00, 0x00, 0x00, 0xf7, 0x00, 0x03, 0x00,
    0xcd, 0x04, 0x00, 0x00, 0x00, 0x00, 0x00, 0x00, 0xfa, 0x00, 0x04, 0x00, 0xcc, 0x04, 0x00, 0x00,
    0xce, 0x04, 0x00, 0x00, 0xcf, 0x04, 0x00, 0x00, 0xf8, 0x00, 0x02, 0x00, 0xcf, 0x04, 0x00, 0x00,
    0x82, 0x00, 0x05, 0x00, 0x09, 0x00, 0x00, 0x00, 0xd0, 0x04, 0x00, 0x00, 0x0e, 0x00, 0x00, 0x00,
    0x32, 0x04, 0x00, 0x00, 0xc7, 0x00, 0x05, 0x00, 0x09, 0x00, 0x00, 0x00, 0xd1, 0x04, 0x00, 0x00,
    0xd0, 0x04, 0x00, 0x00, 0x27, 0x00, 0x00, 0x00, 0x7c, 0x00, 0x04, 0x00, 0x0c, 0x00, 0x00, 0x00,
    0xd2, 0x04, 0x00, 0x00, 0xd1, 0x04, 0x00, 0x00, 0xf9, 0x00, 0x02, 0x00, 0xcd, 0x04, 0x00, 0x00,
    0xf8, 0x00, 0x02, 0x00, 0xce, 0x04, 0x00, 0x00, 0x80, 0x00, 0x05, 0x00, 0x09, 0x00, 0x00, 0x00,
    0xd3, 0x04, 0x00, 0x00, 0xaf, 0x04, 0x00, 0x00, 0x3f, 0x00, 0x00, 0x00, 0xc2, 0x00, 0x05, 0x00,
    0x09, 0x00, 0x00, 0x00, 0xd4, 0x04, 0x00, 0x00, 0xd3, 0x04, 0x00, 0x00, 0x12, 0x00, 0x00, 0x00,
    0x80, 0x00, 0x05, 0x00, 0x09, 0x00, 0x00, 0x00, 0xd5, 0x04, 0x00, 0x00, 0x0b, 0x00, 0x00, 0x00,
    0xd4, 0x04, 0x00, 0x00, 0x41, 0x00, 0x06, 0x00, 0x38, 0x00, 0x00, 0x00, 0xd6, 0x04, 0x00, 0x00,
    0x07, 0x00, 0x00, 0x00, 0x11, 0x00, 0x00, 0x00, 0xd5, 0x04, 0x00, 0x00, 0x3d, 0x00, 0x04, 0x00,
    0x09, 0x00, 0x00, 0x00, 0xd7, 0x04, 0x00, 0x00, 0xd6, 0x04, 0x00, 0x00, 0xc7, 0x00, 0x05, 0x00,
    0x09, 0x00, 0x00, 0x00, 0xd8, 0x04, 0x00, 0x00, 0xaf, 0x04, 0x00, 0x00, 0x12, 0x00, 0x00, 0x00,
    0xab, 0x00, 0x05, 0x00, 0x15, 0x00, 0x00, 0x00, 0xd9, 0x04, 0x00, 0x00, 0xd8, 0x04, 0x00, 0x00,
    0x0e, 0x00, 0x00, 0x00, 0xf7, 0x00, 0x03, 0x00, 0xda, 0x04, 0x00, 0x00, 0x00, 0x00, 0x00, 0x00,
    0xfa, 0x00, 0x04, 0x00, 0xd9, 0x04, 0x00, 0x00, 0xdb, 0x04, 0x00, 0x00, 0xdc, 0x04, 0x00, 0x00,
    0xf8, 0x00, 0x02, 0x00, 0xdc, 0x04, 0x00, 0x00, 0xc7, 0x00, 0x05, 0x00, 0x09, 0x00, 0x00, 0x00,
    0xdd, 0x04, 0x00, 0x00, 0xd7, 0x04, 0x00, 0x00, 0x30, 0x00, 0x00, 0x00, 0xf9, 0x00, 0x02, 0x00,
    0xda, 0x04, 0x00, 0x00, 0xf8, 0x00, 0x02, 0x00, 0xdb, 0x04, 0x00, 0x00, 0xc2, 0x00, 0x05, 0x00,
    0x09, 0x00, 0x00, 0x00, 0xde, 0x04, 0x00, 0x00, 0xd7, 0x04, 0x00, 0x00, 0x0a, 0x00, 0x00, 0x00,
    0xf9, 0x00, 0x02, 0x00, 0xda, 0x04, 0x00, 0x00, 0xf8, 0x00, 0x02, 0x00, 0xda, 0x04, 0x00, 0x00,
    0xf5, 0x00, 0x07, 0x00, 0x09, 0x00, 0x00, 0x00, 0xdf, 0x04, 0x00, 0x00, 0xde, 0x04, 0x00, 0x00,
    0xdb, 0x04, 0x00, 0x00, 0xdd, 0x04, 0x00, 0x00, 0xdc, 0x04, 0x00, 0x00, 0x82, 0x00, 0x05, 0x00,
    0x09, 0x00, 0x00, 0x00, 0xe0, 0x04, 0x00, 0x00, 0x0e, 0x00, 0x00, 0x00, 0xdf, 0x04, 0x00, 0x00,
    0xc7, 0x00, 0x05, 0x00, 0x09, 0x00, 0x00, 0x00, 0xe1, 0x04, 0x00, 0x00, 0xe0, 0x04, 0x00, 0x00,
    0x27, 0x00, 0x00, 0x00, 0x7c, 0x00, 0x04, 0x00, 0x0c, 0x00, 0x00, 0x00, 0xe2, 0x04, 0x00, 0x00,
    0xe1, 0x04, 0x00, 0x00, 0xf9, 0x00, 0x02, 0x00, 0xcd, 0x04, 0x00, 0x00, 0xf8, 0x00, 0x02, 0x00,
    0xcd, 0x04, 0x00, 0x00, 0xf5, 0x00, 0x07, 0x00, 0x0c, 0x00, 0x00, 0x00, 0xe3, 0x04, 0x00, 0x00,
    0xe2, 0x04, 0x00, 0x00, 0xda, 0x04, 0x00, 0x00, 0xd2, 0x04, 0x00, 0x00, 0xcf, 0x04, 0x00, 0x00,
    0x80, 0x00, 0x05, 0x00, 0x0c, 0x00, 0x00, 0x00, 0xe4, 0x04, 0x00, 0x00, 0x6c, 0x00, 0x00, 0x00,
    0xe3, 0x04, 0x00, 0x00, 0xc7, 0x00, 0x05, 0x00, 0x09, 0x00, 0x00, 0x00, 0xe5, 0x04, 0x00, 0x00,
    0x34, 0x04, 0x00, 0x00, 0x27, 0x00, 0x00, 0x00, 0x7c, 0x00, 0x04, 0x00, 0x0c, 0x00, 0x00, 0x00,
    0xe6, 0x04, 0x00, 0x00, 0xe5, 0x04, 0x00, 0x00, 0x80, 0x00, 0x05, 0x00, 0x0c, 0x00, 0x00, 0x00,
    0xe7, 0x04, 0x00, 0x00, 0xe6, 0x04, 0x00, 0x00, 0x5b, 0x00, 0x00, 0x00, 0xc7, 0x00, 0x05, 0x00,
    0x0c, 0x00, 0x00, 0x00, 0xe8, 0x04, 0x00, 0x00, 0xe7, 0x04, 0x00, 0x00, 0x32, 0x00, 0x00, 0x00,
    0x7c, 0x00, 0x04, 0x00, 0x09, 0x00, 0x00, 0x00, 0xe9, 0x04, 0x00, 0x00, 0xe8, 0x04, 0x00, 0x00,
    0x84, 0x00, 0x05, 0x00, 0x09, 0x00, 0x00, 0x00, 0xea, 0x04, 0x00, 0x00, 0xe9, 0x04, 0x00, 0x00,
    0x28, 0x00, 0x00, 0x00, 0x80, 0x00, 0x05, 0x00, 0x09, 0x00, 0x00, 0x00, 0xeb, 0x04, 0x00, 0x00,
    0x40, 0x00, 0x00, 0x00, 0xea, 0x04, 0x00, 0x00, 0xc7, 0x00, 0x05, 0x00, 0x0c, 0x00, 0x00, 0x00,
    0xec, 0x04, 0x00, 0x00, 0xe4, 0x04, 0x00, 0x00, 0x32, 0x00, 0x00, 0x00, 0x7c, 0x00, 0x04, 0x00,
    0x09, 0x00, 0x00, 0x00, 0xed, 0x04, 0x00, 0x00, 0xec, 0x04, 0x00, 0x00, 0x80, 0x00, 0x05, 0x00,
    0x09, 0x00, 0x00, 0x00, 0xee, 0x04, 0x00, 0x00, 0xeb, 0x04, 0x00, 0x00, 0xed, 0x04, 0x00, 0x00,
    0xc2, 0x00, 0x05, 0x00, 0x09, 0x00, 0x00, 0x00, 0xef, 0x04, 0x00, 0x00, 0xee, 0x04, 0x00, 0x00,
    0x12, 0x00, 0x00, 0x00, 0x41, 0x00, 0x06, 0x00, 0x38, 0x00, 0x00, 0x00, 0xf0, 0x04, 0x00, 0x00,
    0x06, 0x00, 0x00, 0x00, 0x11, 0x00, 0x00, 0x00, 0xef, 0x04, 0x00, 0x00, 0x3d, 0x00, 0x04, 0x00,
    0x09, 0x00, 0x00, 0x00, 0xf1, 0x04, 0x00, 0x00, 0xf0, 0x04, 0x00, 0x00, 0xc7, 0x00, 0x05, 0x00,
    0x09, 0x00, 0x00, 0x00, 0xf2, 0x04, 0x00, 0x00, 0xee, 0x04, 0x00, 0x00, 0x12, 0x00, 0x00, 0x00,
    0xab, 0x00, 0x05, 0x00, 0x15, 0x00, 0x00, 0x00, 0xf3, 0x04, 0x00, 0x00, 0xf2, 0x04, 0x00, 0x00,
    0x0e, 0x00, 0x00, 0x00, 0xf7, 0x00, 0x03, 0x00, 0xf4, 0x04, 0x00, 0x00, 0x00, 0x00, 0x00, 0x00,
    0xfa, 0x00, 0x04, 0x00, 0xf3, 0x04, 0x00, 0x00, 0xf5, 0x04, 0x00, 0x00, 0xf6, 0x04, 0x00, 0x00,
    0xf8, 0x00, 0x02, 0x00, 0xf6, 0x04, 0x00, 0x00, 0xc7, 0x00, 0x05, 0x00, 0x09, 0x00, 0x00, 0x00,
    0xf7, 0x04, 0x00, 0x00, 0xf1, 0x04, 0x00, 0x00, 0x30, 0x00, 0x00, 0x00, 0xf9, 0x00, 0x02, 0x00,
    0xf4, 0x04, 0x00, 0x00, 0xf8, 0x00, 0x02, 0x00, 0xf5, 0x04, 0x00, 0x00, 0xc2, 0x00, 0x05, 0x00,
    0x09, 0x00, 0x00, 0x00, 0xf8, 0x04, 0x00, 0x00, 0xf1, 0x04, 0x00, 0x00, 0x0a, 0x00, 0x00, 0x00,
    0xf9, 0x00, 0x02, 0x00, 0xf4, 0x04, 0x00, 0x00, 0xf8, 0x00, 0x02, 0x00, 0xf4, 0x04, 0x00, 0x00,
    0xf5, 0x00, 0x07, 0x00, 0x09, 0x00, 0x00, 0x00, 0xf9, 0x04, 0x00, 0x00, 0xf8, 0x04, 0x00, 0x00,
    0xf5, 0x04, 0x00, 0x00, 0xf7, 0x04, 0x00, 0x00, 0xf6, 0x04, 0x00, 0x00, 0xc7, 0x00, 0x05, 0x00,
    0x09, 0x00, 0x00, 0x00, 0xfa, 0x04, 0x00, 0x00, 0xf9, 0x04, 0x00, 0x00, 0x2b, 0x00, 0x00, 0x00,
    0xf9, 0x00, 0x02, 0x00, 0x2e, 0x04, 0x00, 0x00, 0xf8, 0x00, 0x02, 0x00, 0x2e, 0x04, 0x00, 0x00,
    0xf5, 0x00, 0x0d, 0x00, 0x09, 0x00, 0x00, 0x00, 0xfb, 0x04, 0x00, 0x00, 0x0e, 0x00, 0x00, 0x00,
    0x3a, 0x04, 0x00, 0x00, 0x0e, 0x00, 0x00, 0x00, 0xad, 0x04, 0x00, 0x00, 0xae, 0x04, 0x00, 0x00,
    0xac, 0x04, 0x00, 0x00, 0x0e, 0x00, 0x00, 0x00, 0xca, 0x04, 0x00, 0x00, 0xfa, 0x04, 0x00, 0x00,
    0xf4, 0x04, 0x00, 0x00, 0xf5, 0x00, 0x0d, 0x00, 0x15, 0x00, 0x00, 0x00, 0xfc, 0x04, 0x00, 0x00,
    0x16, 0x00, 0x00, 0x00, 0x3a, 0x04, 0x00, 0x00, 0x16, 0x00, 0x00, 0x00, 0xad, 0x04, 0x00, 0x00,
    0x20, 0x00, 0x00, 0x00, 0xac, 0x04, 0x00, 0x00, 0x16, 0x00, 0x00, 0x00, 0xca, 0x04, 0x00, 0x00,
    0x20, 0x00, 0x00, 0x00, 0xf4, 0x04, 0x00, 0x00, 0xf7, 0x00, 0x03, 0x00, 0xfd, 0x04, 0x00, 0x00,
    0x00, 0x00, 0x00, 0x00, 0xfa, 0x00, 0x04, 0x00, 0xfc, 0x04, 0x00, 0x00, 0xfe, 0x04, 0x00, 0x00,
    0xfd, 0x04, 0x00, 0x00, 0xf8, 0x00, 0x02, 0x00, 0xfe, 0x04, 0x00, 0x00, 0xf9, 0x00, 0x02, 0x00,
    0xea, 0x02, 0x00, 0x00, 0xf8, 0x00, 0x02, 0x00, 0xfd, 0x04, 0x00, 0x00, 0xf7, 0x00, 0x03, 0x00,
    0xff, 0x04, 0x00, 0x00, 0x00, 0x00, 0x00, 0x00, 0xfb, 0x00, 0x03, 0x00, 0x0e, 0x00, 0x00, 0x00,
    0x00, 0x05, 0x00, 0x00, 0xf8, 0x00, 0x02, 0x00, 0x00, 0x05, 0x00, 0x00, 0x3d, 0x00, 0x04, 0x00,
    0x09, 0x00, 0x00, 0x00, 0x01, 0x05, 0x00, 0x00, 0x30, 0x04, 0x00, 0x00, 0xc2, 0x00, 0x05, 0x00,
    0x09, 0x00, 0x00, 0x00, 0x02, 0x05, 0x00, 0x00, 0x01, 0x05, 0x00, 0x00, 0x0a, 0x00, 0x00, 0x00,
    0x3d, 0x00, 0x04, 0x00, 0x09, 0x00, 0x00, 0x00, 0x03, 0x05, 0x00, 0x00, 0x33, 0x04, 0x00, 0x00,
    0xc2, 0x00, 0x05, 0x00, 0x09, 0x00, 0x00, 0x00, 0x04, 0x05, 0x00, 0x00, 0x03, 0x05, 0x00, 0x00,
    0x0a, 0x00, 0x00, 0x00, 0x3d, 0x00, 0x04, 0x00, 0x09, 0x00, 0x00, 0x00, 0x05, 0x05, 0x00, 0x00,
    0x33, 0x04, 0x00, 0x00, 0xc7, 0x00, 0x05, 0x00, 0x09, 0x00, 0x00, 0x00, 0x06, 0x05, 0x00, 0x00,
    0x04, 0x05, 0x00, 0x00, 0x24, 0x00, 0x00, 0x00, 0xab, 0x00, 0x05, 0x00, 0x15, 0x00, 0x00, 0x00,
    0x07, 0x05, 0x00, 0x00, 0x06, 0x05, 0x00, 0x00, 0x0e, 0x00, 0x00, 0x00, 0xf7, 0x00, 0x03, 0x00,
    0x08, 0x05, 0x00, 0x00, 0x00, 0x00, 0x00, 0x00, 0xfa, 0x00, 0x04, 0x00, 0x07, 0x05, 0x00, 0x00,
    0x09, 0x05, 0x00, 0x00, 0x08, 0x05, 0x00, 0x00, 0xf8, 0x00, 0x02, 0x00, 0x09, 0x05, 0x00, 0x00,
    0xf9, 0x00, 0x02, 0x00, 0xff, 0x04, 0x00, 0x00, 0xf8, 0x00, 0x02, 0x00, 0x08, 0x05, 0x00, 0x00,
    0xc7, 0x00, 0x05, 0x00, 0x09, 0x00, 0x00, 0x00, 0x0a, 0x05, 0x00, 0x00, 0x05, 0x05, 0x00, 0x00,
    0x25, 0x00, 0x00, 0x00, 0xab, 0x00, 0x05, 0x00, 0x15, 0x00, 0x00, 0x00, 0x0b, 0x05, 0x00, 0x00,
    0x0a, 0x05, 0x00, 0x00, 0x0e, 0x00, 0x00, 0x00, 0xf7, 0x00, 0x03, 0x00, 0x0c, 0x05, 0x00, 0x00,
    0x00, 0x00, 0x00, 0x00, 0xfa, 0x00, 0x04, 0x00, 0x0b, 0x05, 0x00, 0x00, 0x0d, 0x05, 0x00, 0x00,
    0x0c, 0x05, 0x00, 0x00, 0xf8, 0x00, 0x02, 0x00, 0x0d, 0x05, 0x00, 0x00, 0xf9, 0x00, 0x02, 0x00,
    0xff, 0x04, 0x00, 0x00, 0xf8, 0x00, 0x02, 0x00, 0x0c, 0x05, 0x00, 0x00, 0x7c, 0x00, 0x04, 0x00,
    0x09, 0x00, 0x00, 0x00, 0x0e, 0x05, 0x00, 0x00, 0x5b, 0x00, 0x00, 0x00, 0x84, 0x00, 0x05, 0x00,
    0x09, 0x00, 0x00, 0x00, 0x0f, 0x05, 0x00, 0x00, 0x0e, 0x05, 0x00, 0x00, 0x21, 0x00, 0x00, 0x00,
    0x80, 0x00, 0x05, 0x00, 0x09, 0x00, 0x00, 0x00, 0x10, 0x05, 0x00, 0x00, 0x2c, 0x00, 0x00, 0x00,
    0x0f, 0x05, 0x00, 0x00, 0xc3, 0x00, 0x05, 0x00, 0x0c, 0x00, 0x00, 0x00, 0x11, 0x05, 0x00, 0x00,
    0x6c, 0x00, 0x00, 0x00, 0x2d, 0x00, 0x00, 0x00, 0x7c, 0x00, 0x04, 0x00, 0x09, 0x00, 0x00, 0x00,
    0x12, 0x05, 0x00, 0x00, 0x11, 0x05, 0x00, 0x00, 0x80, 0x00, 0x05, 0x00, 0x09, 0x00, 0x00, 0x00,
    0x13, 0x05, 0x00, 0x00, 0x10, 0x05, 0x00, 0x00, 0x12, 0x05, 0x00, 0x00, 0x82, 0x00, 0x05, 0x00,
    0x09, 0x00, 0x00, 0x00, 0x14, 0x05, 0x00, 0x00, 0x13, 0x05, 0x00, 0x00, 0x29, 0x00, 0x00, 0x00,
    0xc2, 0x00, 0x05, 0x00, 0x09, 0x00, 0x00, 0x00, 0x15, 0x05, 0x00, 0x00, 0x14, 0x05, 0x00, 0x00,
    0x12, 0x00, 0x00, 0x00, 0x80, 0x00, 0x05, 0x00, 0x09, 0x00, 0x00, 0x00, 0x16, 0x05, 0x00, 0x00,
    0x0b, 0x00, 0x00, 0x00, 0x15, 0x05, 0x00, 0x00, 0x41, 0x00, 0x06, 0x00, 0x38, 0x00, 0x00, 0x00,
    0x17, 0x05, 0x00, 0x00, 0x07, 0x00, 0x00, 0x00, 0x11, 0x00, 0x00, 0x00, 0x16, 0x05, 0x00, 0x00,
    0x3d, 0x00, 0x04, 0x00, 0x09, 0x00, 0x00, 0x00, 0x18, 0x05, 0x00, 0x00, 0x17, 0x05, 0x00, 0x00,
    0xc7, 0x00, 0x05, 0x00, 0x09, 0x00, 0x00, 0x00, 0x19, 0x05, 0x00, 0x00, 0x13, 0x05, 0x00, 0x00,
    0x12, 0x00, 0x00, 0x00, 0xab, 0x00, 0x05, 0x00, 0x15, 0x00, 0x00, 0x00, 0x1a, 0x05, 0x00, 0x00,
    0x19, 0x05, 0x00, 0x00, 0x0e, 0x00, 0x00, 0x00, 0xf7, 0x00, 0x03, 0x00, 0x1b, 0x05, 0x00, 0x00,
    0x00, 0x00, 0x00, 0x00, 0xfa, 0x00, 0x04, 0x00, 0x1a, 0x05, 0x00, 0x00, 0x1c, 0x05, 0x00, 0x00,
    0x1d, 0x05, 0x00, 0x00, 0xf8, 0x00, 0x02, 0x00, 0x1d, 0x05, 0x00, 0x00, 0xc7, 0x00, 0x05, 0x00,
    0x09, 0x00, 0x00, 0x00, 0x1e, 0x05, 0x00, 0x00, 0x18, 0x05, 0x00, 0x00, 0x30, 0x00, 0x00, 0x00,
    0xf9, 0x00, 0x02, 0x00, 0x1b, 0x05, 0x00, 0x00, 0xf8, 0x00, 0x02, 0x00, 0x1c, 0x05, 0x00, 0x00,
    0xc2, 0x00, 0x05, 0x00, 0x09, 0x00, 0x00, 0x00, 0x1f, 0x05, 0x00, 0x00, 0x18, 0x05, 0x00, 0x00,
    0x0a, 0x00, 0x00, 0x00, 0xf9, 0x00, 0x02, 0x00, 0x1b, 0x05, 0x00, 0x00, 0xf8, 0x00, 0x02, 0x00,
    0x1b, 0x05, 0x00, 0x00, 0xf5, 0x00, 0x07, 0x00, 0x09, 0x00, 0x00, 0x00, 0x20, 0x05, 0x00, 0x00,
    0x1f, 0x05, 0x00, 0x00, 0x1c, 0x05, 0x00, 0x00, 0x1e, 0x05, 0x00, 0x00, 0x1d, 0x05, 0x00, 0x00,
    0xc8, 0x00, 0x04, 0x00, 0x09, 0x00, 0x00, 0x00, 0x21, 0x05, 0x00, 0x00, 0x20, 0x05, 0x00, 0x00,
    0xc3, 0x00, 0x05, 0x00, 0x0c, 0x00, 0x00, 0x00, 0x22, 0x05, 0x00, 0x00, 0x6c, 0x00, 0x00, 0x00,
    0x2e, 0x00, 0x00, 0x00, 0xc7, 0x00, 0x05, 0x00, 0x0c, 0x00, 0x00, 0x00, 0x23, 0x05, 0x00, 0x00,
    0x22, 0x05, 0x00, 0x00, 0x2f, 0x00, 0x00, 0x00, 0x7c, 0x00, 0x04, 0x00, 0x09, 0x00, 0x00, 0x00,
    0x24, 0x05, 0x00, 0x00, 0x23, 0x05, 0x00, 0x00, 0xc7, 0x00, 0x05, 0x00, 0x09, 0x00, 0x00, 0x00,
    0x25, 0x05, 0x00, 0x00, 0x24, 0x05, 0x00, 0x00, 0x1d, 0x00, 0x00, 0x00, 0xc2, 0x00, 0x05, 0x00,
    0x09, 0x00, 0x00, 0x00, 0x26, 0x05, 0x00, 0x00, 0x24, 0x00, 0x00, 0x00, 0x25, 0x05, 0x00, 0x00,
    0xc7, 0x00, 0x05, 0x00, 0x09, 0x00, 0x00, 0x00, 0x27, 0x05, 0x00, 0x00, 0x21, 0x05, 0x00, 0x00,
    0x26, 0x05, 0x00, 0x00, 0xab, 0x00, 0x05, 0x00, 0x15, 0x00, 0x00, 0x00, 0x28, 0x05, 0x00, 0x00,
    0x27, 0x05, 0x00, 0x00, 0x0e, 0x00, 0x00, 0x00, 0xf7, 0x00, 0x03, 0x00, 0x29, 0x05, 0x00, 0x00,
    0x00, 0x00, 0x00, 0x00, 0xfa, 0x00, 0x04, 0x00, 0x28, 0x05, 0x00, 0x00, 0x2a, 0x05, 0x00, 0x00,
    0x29, 0x05, 0x00, 0x00, 0xf8, 0x00, 0x02, 0x00, 0x2a, 0x05, 0x00, 0x00, 0xf9, 0x00, 0x02, 0x00,
    0xff, 0x04, 0x00, 0x00, 0xf8, 0x00, 0x02, 0x00, 0x29, 0x05, 0x00, 0x00, 0xc7, 0x00, 0x05, 0x00,
    0x09, 0x00, 0x00, 0x00, 0x2b, 0x05, 0x00, 0x00, 0x02, 0x05, 0x00, 0x00, 0x24, 0x00, 0x00, 0x00,
    0xab, 0x00, 0x05, 0x00, 0x15, 0x00, 0x00, 0x00, 0x2c, 0x05, 0x00, 0x00, 0x2b, 0x05, 0x00, 0x00,
    0x0e, 0x00, 0x00, 0x00, 0xf7, 0x00, 0x03, 0x00, 0x2d, 0x05, 0x00, 0x00, 0x00, 0x00, 0x00, 0x00,
    0xfa, 0x00, 0x04, 0x00, 0x2c, 0x05, 0x00, 0x00, 0x2e, 0x05, 0x00, 0x00, 0x2f, 0x05, 0x00, 0x00,
    0xf8, 0x00, 0x02, 0x00, 0x2f, 0x05, 0x00, 0x00, 0x82, 0x00, 0x05, 0x00, 0x09, 0x00, 0x00, 0x00,
    0x30, 0x05, 0x00, 0x00, 0x0e, 0x00, 0x00, 0x00, 0x02, 0x05, 0x00, 0x00, 0xc7, 0x00, 0x05, 0x00,
    0x09, 0x00, 0x00, 0x00, 0x31, 0x05, 0x00, 0x00, 0x30, 0x05, 0x00, 0x00, 0x27, 0x00, 0x00, 0x00,
    0x7c, 0x00, 0x04, 0x00, 0x0c, 0x00, 0x00, 0x00, 0x32, 0x05, 0x00, 0x00, 0x31, 0x05, 0x00, 0x00,
    0xf9, 0x00, 0x02, 0x00, 0x2d, 0x05, 0x00, 0x00, 0xf8, 0x00, 0x02, 0x00, 0x2e, 0x05, 0x00, 0x00,
    0x80, 0x00, 0x05, 0x00, 0x09, 0x00, 0x00, 0x00, 0x33, 0x05, 0x00, 0x00, 0x0e, 0x05, 0x00, 0x00,
    0x41, 0x00, 0x00, 0x00, 0xc2, 0x00, 0x05, 0x00, 0x09, 0x00, 0x00, 0x00, 0x34, 0x05, 0x00, 0x00,
    0x33, 0x05, 0x00, 0x00, 0x12, 0x00, 0x00, 0x00, 0x80, 0x00, 0x05, 0x00, 0x09, 0x00, 0x00, 0x00,
    0x35, 0x05, 0x00, 0x00, 0x0b, 0x00, 0x00, 0x00, 0x34, 0x05, 0x00, 0x00, 0x41, 0x00, 0x06, 0x00,
    0x38, 0x00, 0x00, 0x00, 0x36, 0x05, 0x00, 0x00, 0x07, 0x00, 0x00, 0x00, 0x11, 0x00, 0x00, 0x00,
    0x35, 0x05, 0x00, 0x00, 0x3d, 0x00, 0x04, 0x00, 0x09, 0x00, 0x00, 0x00, 0x37, 0x05, 0x00, 0x00,
    0x36, 0x05, 0x00, 0x00, 0xc7, 0x00, 0x05, 0x00, 0x09, 0x00, 0x00, 0x00, 0x38, 0x05, 0x00, 0x00,
    0x0e, 0x05, 0x00, 0x00, 0x12, 0x00, 0x00, 0x00, 0xab, 0x00, 0x05, 0x00, 0x15, 0x00, 0x00, 0x00,
    0x39, 0x05, 0x00, 0x00, 0x38, 0x05, 0x00, 0x00, 0x0e, 0x00, 0x00, 0x00, 0xf7, 0x00, 0x03, 0x00,
    0x3a, 0x05, 0x00, 0x00, 0x00, 0x00, 0x00, 0x00, 0xfa, 0x00, 0x04, 0x00, 0x39, 0x05, 0x00, 0x00,
    0x3b, 0x05, 0x00, 0x00, 0x3c, 0x05, 0x00, 0x00, 0xf8, 0x00, 0x02, 0x00, 0x3c, 0x05, 0x00, 0x00,
    0xc7, 0x00, 0x05, 0x00, 0x09, 0x00, 0x00, 0x00, 0x3d, 0x05, 0x00, 0x00, 0x37, 0x05, 0x00, 0x00,
    0x30, 0x00, 0x00, 0x00, 0xf9, 0x00, 0x02, 0x00, 0x3a, 0x05, 0x00, 0x00, 0xf8, 0x00, 0x02, 0x00,
    0x3b, 0x05, 0x00, 0x00, 0xc2, 0x00, 0x05, 0x00, 0x09, 0x00, 0x00, 0x00, 0x3e, 0x05, 0x00, 0x00,
    0x37, 0x05, 0x00, 0x00, 0x0a, 0x00, 0x00, 0x00, 0xf9, 0x00, 0x02, 0x00, 0x3a, 0x05, 0x00, 0x00,
    0xf8, 0x00, 0x02, 0x00, 0x3a, 0x05, 0x00, 0x00, 0xf5, 0x00, 0x07, 0x00, 0x09, 0x00, 0x00, 0x00,
    0x3f, 0x05, 0x00, 0x00, 0x3e, 0x05, 0x00, 0x00, 0x3b, 0x05, 0x00, 0x00, 0x3d, 0x05, 0x00, 0x00,
    0x3c, 0x05, 0x00, 0x00, 0x82, 0x00, 0x05, 0x00, 0x09, 0x00, 0x00, 0x00, 0x40, 0x05, 0x00, 0x00,
    0x0e, 0x00, 0x00, 0x00, 0x3f, 0x05, 0x00, 0x00, 0xc7, 0x00, 0x05, 0x00, 0x09, 0x00, 0x00, 0x00,
    0x41, 0x05, 0x00, 0x00, 0x40, 0x05, 0x00, 0x00, 0x27, 0x00, 0x00, 0x00, 0x7c, 0x00, 0x04, 0x00,
    0x0c, 0x00, 0x00, 0x00, 0x42, 0x05, 0x00, 0x00, 0x41, 0x05, 0x00, 0x00, 0xf9, 0x00, 0x02, 0x00,
    0x2d, 0x05, 0x00, 0x00, 0xf8, 0x00, 0x02, 0x00, 0x2d, 0x05, 0x00, 0x00, 0xf5, 0x00, 0x07, 0x00,
    0x0c, 0x00, 0x00, 0x00, 0x43, 0x05, 0x00, 0x00, 0x42, 0x05, 0x00, 0x00, 0x3a, 0x05, 0x00, 0x00,
    0x32, 0x05, 0x00, 0x00, 0x2f, 0x05, 0x00, 0x00, 0x80, 0x00, 0x05, 0x00, 0x0c, 0x00, 0x00, 0x00,
    0x44, 0x05, 0x00, 0x00, 0x6c, 0x00, 0x00, 0x00, 0x43, 0x05, 0x00, 0x00, 0xc7, 0x00, 0x05, 0x00,
    0x09, 0x00, 0x00, 0x00, 0x45, 0x05, 0x00, 0x00, 0x04, 0x05, 0x00, 0x00, 0x27, 0x00, 0x00, 0x00,
    0x7c, 0x00, 0x04, 0x00, 0x0c, 0x00, 0x00, 0x00, 0x46, 0x05, 0x00, 0x00, 0x45, 0x05, 0x00, 0x00,
    0x80, 0x00, 0x05, 0x00, 0x0c, 0x00, 0x00, 0x00, 0x47, 0x05, 0x00, 0x00, 0x46, 0x05, 0x00, 0x00,
    0x5b, 0x00, 0x00, 0x00, 0xc7, 0x00, 0x05, 0x00, 0x0c, 0x00, 0x00, 0x00, 0x48, 0x05, 0x00, 0x00,
    0x47, 0x05, 0x00, 0x00, 0x32, 0x00, 0x00, 0x00, 0x7c, 0x00, 0x04, 0x00, 0x09, 0x00, 0x00, 0x00,
    0x49, 0x05, 0x00, 0x00, 0x48, 0x05, 0x00, 0x00, 0x84, 0x00, 0x05, 0x00, 0x09, 0x00, 0x00, 0x00,
    0x4a, 0x05, 0x00, 0x00, 0x49, 0x05, 0x00, 0x00, 0x28, 0x00, 0x00, 0x00, 0x80, 0x00, 0x05, 0x00,
    0x09, 0x00, 0x00, 0x00, 0x4b, 0x05, 0x00, 0x00, 0x42, 0x00, 0x00, 0x00, 0x4a, 0x05, 0x00, 0x00,
    0xc7, 0x00, 0x05, 0x00, 0x0c, 0x00, 0x00, 0x00, 0x4c, 0x05, 0x00, 0x00, 0x44, 0x05, 0x00, 0x00,
    0x32, 0x00, 0x00, 0x00, 0x7c, 0x00, 0x04, 0x00, 0x09, 0x00, 0x00, 0x00, 0x4d, 0x05, 0x00, 0x00,
    0x4c, 0x05, 0x00, 0x00, 0x80, 0x00, 0x05, 0x00, 0x09, 0x00, 0x00, 0x00, 0x4e, 0x05, 0x00, 0x00,
    0x4b, 0x05, 0x00, 0x00, 0x4d, 0x05, 0x00, 0x00, 0xc2, 0x00, 0x05, 0x00, 0x09, 0x00, 0x00, 0x00,
    0x4f, 0x05, 0x00, 0x00, 0x4e, 0x05, 0x00, 0x00, 0x12, 0x00, 0x00, 0x00, 0x41, 0x00, 0x06, 0x00,
    0x38, 0x00, 0x00, 0x00, 0x50, 0x05, 0x00, 0x00, 0x06, 0x00, 0x00, 0x00, 0x11, 0x00, 0x00, 0x00,
    0x4f, 0x05, 0x00, 0x00, 0x3d, 0x00, 0x04, 0x00, 0x09, 0x00, 0x00, 0x00, 0x51, 0x05, 0x00, 0x00,
    0x50, 0x05, 0x00, 0x00, 0xc7, 0x00, 0x05, 0x00, 0x09, 0x00, 0x00, 0x00, 0x52, 0x05, 0x00, 0x00,
    0x4e, 0x05, 0x00, 0x00, 0x12, 0x00, 0x00, 0x00, 0xab, 0x00, 0x05, 0x00, 0x15, 0x00, 0x00, 0x00,
    0x53, 0x05, 0x00, 0x00, 0x52, 0x05, 0x00, 0x00, 0x0e, 0x00, 0x00, 0x00, 0xf7, 0x00, 0x03, 0x00,
    0x54, 0x05, 0x00, 0x00, 0x00, 0x00, 0x00, 0x00, 0xfa, 0x00, 0x04, 0x00, 0x53, 0x05, 0x00, 0x00,
    0x55, 0x05, 0x00, 0x00, 0x56, 0x05, 0x00, 0x00, 0xf8, 0x00, 0x02, 0x00, 0x56, 0x05, 0x00, 0x00,
    0xc7, 0x00, 0x05, 0x00, 0x09, 0x00, 0x00, 0x00, 0x57, 0x05, 0x00, 0x00, 0x51, 0x05, 0x00, 0x00,
    0x30, 0x00, 0x00, 0x00, 0xf9, 0x00, 0x02, 0x00, 0x54, 0x05, 0x00, 0x00, 0xf8, 0x00, 0x02, 0x00,
    0x55, 0x05, 0x00, 0x00, 0xc2, 0x00, 0x05, 0x00, 0x09, 0x00, 0x00, 0x00, 0x58, 0x05, 0x00, 0x00,
    0x51, 0x05, 0x00, 0x00, 0x0a, 0x00, 0x00, 0x00, 0xf9, 0x00, 0x02, 0x00, 0x54, 0x05, 0x00, 0x00,
    0xf8, 0x00, 0x02, 0x00, 0x54, 0x05, 0x00, 0x00, 0xf5, 0x00, 0x07, 0x00, 0x09, 0x00, 0x00, 0x00,
    0x59, 0x05, 0x00, 0x00, 0x58, 0x05, 0x00, 0x00, 0x55, 0x05, 0x00, 0x00, 0x57, 0x05, 0x00, 0x00,
    0x56, 0x05, 0x00, 0x00, 0xc7, 0x00, 0x05, 0x00, 0x09, 0x00, 0x00, 0x00, 0x5a, 0x05, 0x00, 0x00,
    0x59, 0x05, 0x00, 0x00, 0x2b, 0x00, 0x00, 0x00, 0xf9, 0x00, 0x02, 0x00, 0xff, 0x04, 0x00, 0x00,
    0xf8, 0x00, 0x02, 0x00, 0xff, 0x04, 0x00, 0x00, 0xf5, 0x00, 0x0b, 0x00, 0x09, 0x00, 0x00, 0x00,
    0x5b, 0x05, 0x00, 0x00, 0x0e, 0x00, 0x00, 0x00, 0x09, 0x05, 0x00, 0x00, 0x0e, 0x00, 0x00, 0x00,
    0x0d, 0x05, 0x00, 0x00, 0x0e, 0x00, 0x00, 0x00, 0x2a, 0x05, 0x00, 0x00, 0x5a, 0x05, 0x00, 0x00,
    0x54, 0x05, 0x00, 0x00, 0xf5, 0x00, 0x0b, 0x00, 0x15, 0x00, 0x00, 0x00, 0x5c, 0x05, 0x00, 0x00,
    0x16, 0x00, 0x00, 0x00, 0x09, 0x05, 0x00, 0x00, 0x16, 0x00, 0x00, 0x00, 0x0d, 0x05, 0x00, 0x00,
    0x16, 0x00, 0x00, 0x00, 0x2a, 0x05, 0x00, 0x00, 0x20, 0x00, 0x00, 0x00, 0x54, 0x05, 0x00, 0x00,
    0xf7, 0x00, 0x03, 0x00, 0x5d, 0x05, 0x00, 0x00, 0x00, 0x00, 0x00, 0x00, 0xfa, 0x00, 0x04, 0x00,
    0x5c, 0x05, 0x00, 0x00, 0x5e, 0x05, 0x00, 0x00, 0x5d, 0x05, 0x00, 0x00, 0xf8, 0x00, 0x02, 0x00,
    0x5e, 0x05, 0x00, 0x00, 0xf9, 0x00, 0x02, 0x00, 0xea, 0x02, 0x00, 0x00, 0xf8, 0x00, 0x02, 0x00,
    0x5d, 0x05, 0x00, 0x00, 0xf9, 0x00, 0x02, 0x00, 0xea, 0x02, 0x00, 0x00, 0xf8, 0x00, 0x02, 0x00,
    0xea, 0x02, 0x00, 0x00, 0xf5, 0x00, 0x0d, 0x00, 0x09, 0x00, 0x00, 0x00, 0x5f, 0x05, 0x00, 0x00,
    0xc1, 0x03, 0x00, 0x00, 0xc4, 0x03, 0x00, 0x00, 0x2a, 0x04, 0x00, 0x00, 0x2d, 0x04, 0x00, 0x00,
    0xfb, 0x04, 0x00, 0x00, 0xfe, 0x04, 0x00, 0x00, 0x5b, 0x05, 0x00, 0x00, 0x5e, 0x05, 0x00, 0x00,
    0x0e, 0x00, 0x00, 0x00, 0x5d, 0x05, 0x00, 0x00, 0x80, 0x00, 0x05, 0x00, 0x09, 0x00, 0x00, 0x00,
    0x60, 0x05, 0x00, 0x00, 0x0a, 0x00, 0x00, 0x00, 0x5f, 0x05, 0x00, 0x00, 0x41, 0x00, 0x06, 0x00,
    0x38, 0x00, 0x00, 0x00, 0x61, 0x05, 0x00, 0x00, 0x07, 0x00, 0x00, 0x00, 0x11, 0x00, 0x00, 0x00,
    0x60, 0x05, 0x00, 0x00, 0x3d, 0x00, 0x04, 0x00, 0x09, 0x00, 0x00, 0x00, 0x62, 0x05, 0x00, 0x00,
    0x61, 0x05, 0x00, 0x00, 0xf9, 0x00, 0x02, 0x00, 0x63, 0x05, 0x00, 0x00, 0xf8, 0x00, 0x02, 0x00,
    0x63, 0x05, 0x00, 0x00, 0xf5, 0x00, 0x07, 0x00, 0x09, 0x00, 0x00, 0x00, 0x64, 0x05, 0x00, 0x00,
    0x0e, 0x00, 0x00, 0x00, 0xea, 0x02, 0x00, 0x00, 0x65, 0x05, 0x00, 0x00, 0x66, 0x05, 0x00, 0x00,
    0xf5, 0x00, 0x07, 0x00, 0x09, 0x00, 0x00, 0x00, 0x67, 0x05, 0x00, 0x00, 0x0e, 0x00, 0x00, 0x00,
    0xea, 0x02, 0x00, 0x00, 0x68, 0x05, 0x00, 0x00, 0x66, 0x05, 0x00, 0x00, 0xb0, 0x00, 0x05, 0x00,
    0x15, 0x00, 0x00, 0x00, 0x69, 0x05, 0x00, 0x00, 0x67, 0x05, 0x00, 0x00, 0x1c, 0x00, 0x00, 0x00,
    0xf6, 0x00, 0x04, 0x00, 0x6a, 0x05, 0x00, 0x00, 0x66, 0x05, 0x00, 0x00, 0x00, 0x00, 0x00, 0x00,
    0xfa, 0x00, 0x04, 0x00, 0x69, 0x05, 0x00, 0x00, 0x66, 0x05, 0x00, 0x00, 0x6a, 0x05, 0x00, 0x00,
    0xf8, 0x00, 0x02, 0x00, 0x66, 0x05, 0x00, 0x00, 0xc7, 0x00, 0x05, 0x00, 0x09, 0x00, 0x00, 0x00,
    0x6b, 0x05, 0x00, 0x00, 0x67, 0x05, 0x00, 0x00, 0x1d, 0x00, 0x00, 0x00, 0xc2, 0x00, 0x05, 0x00,
    0x09, 0x00, 0x00, 0x00, 0x6c, 0x05, 0x00, 0x00, 0xe9, 0x02, 0x00, 0x00, 0x6b, 0x05, 0x00, 0x00,
    0xc7, 0x00, 0x05, 0x00, 0x09, 0x00, 0x00, 0x00, 0x6d, 0x05, 0x00, 0x00, 0x6c, 0x05, 0x00, 0x00,
    0x1e, 0x00, 0x00, 0x00, 0x70, 0x00, 0x04, 0x00, 0x17, 0x00, 0x00, 0x00, 0x6e, 0x05, 0x00, 0x00,
    0x6d, 0x05, 0x00, 0x00, 0x83, 0x00, 0x05, 0x00, 0x17, 0x00, 0x00, 0x00, 0x6f, 0x05, 0x00, 0x00,
    0x1f, 0x00, 0x00, 0x00, 0x6e, 0x00, 0x00, 0x00, 0x85, 0x00, 0x05, 0x00, 0x17, 0x00, 0x00, 0x00,
    0x70, 0x05, 0x00, 0x00, 0x6e, 0x05, 0x00, 0x00, 0x6f, 0x05, 0x00, 0x00, 0xc2, 0x00, 0x05, 0x00,
    0x09, 0x00, 0x00, 0x00, 0x71, 0x05, 0x00, 0x00, 0x62, 0x05, 0x00, 0x00, 0x6b, 0x05, 0x00, 0x00,
    0xc7, 0x00, 0x05, 0x00, 0x09, 0x00, 0x00, 0x00, 0x72, 0x05, 0x00, 0x00, 0x71, 0x05, 0x00, 0x00,
    0x1e, 0x00, 0x00, 0x00, 0x70, 0x00, 0x04, 0x00, 0x17, 0x00, 0x00, 0x00, 0x73, 0x05, 0x00, 0x00,
    0x72, 0x05, 0x00, 0x00, 0x85, 0x00, 0x05, 0x00, 0x17, 0x00, 0x00, 0x00, 0x74, 0x05, 0x00, 0x00,
    0x73, 0x05, 0x00, 0x00, 0x6e, 0x00, 0x00, 0x00, 0x81, 0x00, 0x05, 0x00, 0x17, 0x00, 0x00, 0x00,
    0x75, 0x05, 0x00, 0x00, 0x70, 0x05, 0x00, 0x00, 0x74, 0x05, 0x00, 0x00, 0x81, 0x00, 0x05, 0x00,
    0x17, 0x00, 0x00, 0x00, 0x76, 0x05, 0x00, 0x00, 0x75, 0x05, 0x00, 0x00, 0x18, 0x00, 0x00, 0x00,
    0x6d, 0x00, 0x04, 0x00, 0x09, 0x00, 0x00, 0x00, 0x77, 0x05, 0x00, 0x00, 0x76, 0x05, 0x00, 0x00,
    0xc4, 0x00, 0x05, 0x00, 0x09, 0x00, 0x00, 0x00, 0x78, 0x05, 0x00, 0x00, 0x77, 0x05, 0x00, 0x00,
    0x6b, 0x05, 0x00, 0x00, 0xc5, 0x00, 0x05, 0x00, 0x09, 0x00, 0x00, 0x00, 0x65, 0x05, 0x00, 0x00,
    0x64, 0x05, 0x00, 0x00, 0x78, 0x05, 0x00, 0x00, 0x80, 0x00, 0x05, 0x00, 0x09, 0x00, 0x00, 0x00,
    0x68, 0x05, 0x00, 0x00, 0x67, 0x05, 0x00, 0x00, 0x10, 0x00, 0x00, 0x00, 0xf9, 0x00, 0x02, 0x00,
    0x63, 0x05, 0x00, 0x00, 0xf8, 0x00, 0x02, 0x00, 0x6a, 0x05, 0x00, 0x00, 0xc2, 0x00, 0x05, 0x00,
    0x09, 0x00, 0x00, 0x00, 0x79, 0x05, 0x00, 0x00, 0x64, 0x05, 0x00, 0x00, 0x0a, 0x00, 0x00, 0x00,
    0xc7, 0x00, 0x05, 0x00, 0x09, 0x00, 0x00, 0x00, 0x7a, 0x05, 0x00, 0x00, 0x79, 0x05, 0x00, 0x00,
    0x1e, 0x00, 0x00, 0x00, 0x70, 0x00, 0x04, 0x00, 0x17, 0x00, 0x00, 0x00, 0x7b, 0x05, 0x00, 0x00,
    0x7a, 0x05, 0x00, 0x00, 0xc2, 0x00, 0x05, 0x00, 0x09, 0x00, 0x00, 0x00, 0x7c, 0x05, 0x00, 0x00,
    0x64, 0x05, 0x00, 0x00, 0x10, 0x00, 0x00, 0x00, 0xc7, 0x00, 0x05, 0x00, 0x09, 0x00, 0x00, 0x00,
    0x7d, 0x05, 0x00, 0x00, 0x7c, 0x05, 0x00, 0x00, 0x1e, 0x00, 0x00, 0x00, 0x70, 0x00, 0x04, 0x00,
    0x17, 0x00, 0x00, 0x00, 0x7e, 0x05, 0x00, 0x00, 0x7d, 0x05, 0x00, 0x00, 0xc7, 0x00, 0x05, 0x00,
    0x09, 0x00, 0x00, 0x00, 0x7f, 0x05, 0x00, 0x00, 0x64, 0x05, 0x00, 0x00, 0x1e, 0x00, 0x00, 0x00,
    0x70, 0x00, 0x04, 0x00, 0x17, 0x00, 0x00, 0x00, 0x80, 0x05, 0x00, 0x00, 0x7f, 0x05, 0x00, 0x00,
    0x50, 0x00, 0x07, 0x00, 0x23, 0x00, 0x00, 0x00, 0x81, 0x05, 0x00, 0x00, 0x7b, 0x05, 0x00, 0x00,
    0x7e, 0x05, 0x00, 0x00, 0x80, 0x05, 0x00, 0x00, 0x22, 0x00, 0x00, 0x00, 0x85, 0x00, 0x05, 0x00,
    0x23, 0x00, 0x00, 0x00, 0x82, 0x05, 0x00, 0x00, 0x81, 0x05, 0x00, 0x00, 0x44, 0x00, 0x00, 0x00,
    0xf9, 0x00, 0x02, 0x00, 0x47, 0x00, 0x00, 0x00, 0xf8, 0x00, 0x02, 0x00, 0x61, 0x00, 0x00, 0x00,
    0xaf, 0x00, 0x05, 0x00, 0x15, 0x00, 0x00, 0x00, 0x83, 0x05, 0x00, 0x00, 0x57, 0x00, 0x00, 0x00,
    0x11, 0x00, 0x00, 0x00, 0xf7, 0x00, 0x03, 0x00, 0x84, 0x05, 0x00, 0x00, 0x00, 0x00, 0x00, 0x00,
    0xfa, 0x00, 0x04, 0x00, 0x83, 0x05, 0x00, 0x00, 0x85, 0x05, 0x00, 0x00, 0x84, 0x05, 0x00, 0x00,
    0xf8, 0x00, 0x02, 0x00, 0x85, 0x05, 0x00, 0x00, 0xaf, 0x00, 0x05, 0x00, 0x15, 0x00, 0x00, 0x00,
    0x86, 0x05, 0x00, 0x00, 0x57, 0x00, 0x00, 0x00, 0x0d, 0x00, 0x00, 0x00, 0xf9, 0x00, 0x02, 0x00,
    0x84, 0x05, 0x00, 0x00, 0xf8, 0x00, 0x02, 0x00, 0x84, 0x05, 0x00, 0x00, 0xf5, 0x00, 0x07, 0x00,
    0x15, 0x00, 0x00, 0x00, 0x87, 0x05, 0x00, 0x00, 0x20, 0x00, 0x00, 0x00, 0x61, 0x00, 0x00, 0x00,
    0x86, 0x05, 0x00, 0x00, 0x85, 0x05, 0x00, 0x00, 0xf7, 0x00, 0x03, 0x00, 0x88, 0x05, 0x00, 0x00,
    0x00, 0x00, 0x00, 0x00, 0xfa, 0x00, 0x04, 0x00, 0x87, 0x05, 0x00, 0x00, 0x89, 0x05, 0x00, 0x00,
    0x88, 0x05, 0x00, 0x00, 0xf8, 0x00, 0x02, 0x00, 0x89, 0x05, 0x00, 0x00, 0xaa, 0x00, 0x05, 0x00,
    0x15, 0x00, 0x00, 0x00, 0x8a, 0x05, 0x00, 0x00, 0x4d, 0x00, 0x00, 0x00, 0x12, 0x00, 0x00, 0x00,
    0xf7, 0x00, 0x03, 0x00, 0x8b, 0x05, 0x00, 0x00, 0x00, 0x00, 0x00, 0x00, 0xfa, 0x00, 0x04, 0x00,
    0x8a, 0x05, 0x00, 0x00, 0x8c, 0x05, 0x00, 0x00, 0x8d, 0x05, 0x00, 0x00, 0xf8, 0x00, 0x02, 0x00,
    0x8d, 0x05, 0x00, 0x00, 0xb1, 0x00, 0x05, 0x00, 0x15, 0x00, 0x00, 0x00, 0x8e, 0x05, 0x00, 0x00,
    0x57, 0x00, 0x00, 0x00, 0x11, 0x00, 0x00, 0x00, 0xa9, 0x00, 0x06, 0x00, 0x0c, 0x00, 0x00, 0x00,
    0x8f, 0x05, 0x00, 0x00, 0x8e, 0x05, 0x00, 0x00, 0x11, 0x00, 0x00, 0x00, 0x39, 0x00, 0x00, 0x00,
    0xf9, 0x00, 0x02, 0x00, 0x8b, 0x05, 0x00, 0x00, 0xf8, 0x00, 0x02, 0x00, 0x8c, 0x05, 0x00, 0x00,
    0xf9, 0x00, 0x02, 0x00, 0x8b, 0x05, 0x00, 0x00, 0xf8, 0x00, 0x02, 0x00, 0x8b, 0x05, 0x00, 0x00,
    0xf5, 0x00, 0x07, 0x00, 0x0c, 0x00, 0x00, 0x00, 0x90, 0x05, 0x00, 0x00, 0x11, 0x00, 0x00, 0x00,
    0x8c, 0x05, 0x00, 0x00, 0x8f, 0x05, 0x00, 0x00, 0x8d, 0x05, 0x00, 0x00, 0xa9, 0x00, 0x06, 0x00,
    0x0c, 0x00, 0x00, 0x00, 0x91, 0x05, 0x00, 0x00, 0x8a, 0x05, 0x00, 0x00, 0x11, 0x00, 0x00, 0x00,
    0x5b, 0x00, 0x00, 0x00, 0xf9, 0x00, 0x02, 0x00, 0x88, 0x05, 0x00, 0x00, 0xf8, 0x00, 0x02, 0x00,
    0x88, 0x05, 0x00, 0x00, 0xf5, 0x00, 0x07, 0x00, 0x0c, 0x00, 0x00, 0x00, 0x92, 0x05, 0x00, 0x00,
    0x5b, 0x00, 0x00, 0x00, 0x84, 0x05, 0x00, 0x00, 0x91, 0x05, 0x00, 0x00, 0x8b, 0x05, 0x00, 0x00,
    0xf5, 0x00, 0x07, 0x00, 0x0c, 0x00, 0x00, 0x00, 0x93, 0x05, 0x00, 0x00, 0x57, 0x00, 0x00, 0x00,
    0x84, 0x05, 0x00, 0x00, 0x90, 0x05, 0x00, 0x00, 0x8b, 0x05, 0x00, 0x00, 0xf7, 0x00, 0x03, 0x00,
    0x94, 0x05, 0x00, 0x00, 0x00, 0x00, 0x00, 0x00, 0xfb, 0x00, 0x03, 0x00, 0x0e, 0x00, 0x00, 0x00,
    0x95, 0x05, 0x00, 0x00, 0xf8, 0x00, 0x02, 0x00, 0x95, 0x05, 0x00, 0x00, 0xf7, 0x00, 0x03, 0x00,
    0x96, 0x05, 0x00, 0x00, 0x00, 0x00, 0x00, 0x00, 0xfb, 0x00, 0x03, 0x00, 0x0e, 0x00, 0x00, 0x00,
    0x97, 0x05, 0x00, 0x00, 0xf8, 0x00, 0x02, 0x00, 0x97, 0x05, 0x00, 0x00, 0x41, 0x00, 0x06, 0x00,
    0x38, 0x00, 0x00, 0x00, 0x98, 0x05, 0x00, 0x00, 0x07, 0x00, 0x00, 0x00, 0x11, 0x00, 0x00, 0x00,
    0x3a, 0x00, 0x00, 0x00, 0x3d, 0x00, 0x04, 0x00, 0x09, 0x00, 0x00, 0x00, 0x99, 0x05, 0x00, 0x00,
    0x98, 0x05, 0x00, 0x00, 0xc7, 0x00, 0x05, 0x00, 0x09, 0x00, 0x00, 0x00, 0x9a, 0x05, 0x00, 0x00,
    0x99, 0x05, 0x00, 0x00, 0x30, 0x00, 0x00, 0x00, 0x41, 0x00, 0x06, 0x00, 0x38, 0x00, 0x00, 0x00,
    0x9b, 0x05, 0x00, 0x00, 0x07, 0x00, 0x00, 0x00, 0x11, 0x00, 0x00, 0x00, 0x3b, 0x00, 0x00, 0x00,
    0x3d, 0x00, 0x04, 0x00, 0x09, 0x00, 0x00, 0x00, 0x9c, 0x05, 0x00, 0x00, 0x9b, 0x05, 0x00, 0x00,
    0xc7, 0x00, 0x05, 0x00, 0x09, 0x00, 0x00, 0x00, 0x9d, 0x05, 0x00, 0x00, 0x9c, 0x05, 0x00, 0x00,
    0x30, 0x00, 0x00, 0x00, 0x3d, 0x00, 0x04, 0x00, 0x09, 0x00, 0x00, 0x00, 0x9e, 0x05, 0x00, 0x00,
    0x9b, 0x05, 0x00, 0x00, 0xc7, 0x00, 0x05, 0x00, 0x09, 0x00, 0x00, 0x00, 0x9f, 0x05, 0x00, 0x00,
    0x9c, 0x05, 0x00, 0x00, 0x24, 0x00, 0x00, 0x00, 0xab, 0x00, 0x05, 0x00, 0x15, 0x00, 0x00, 0x00,
    0xa0, 0x05, 0x00, 0x00, 0x9f, 0x05, 0x00, 0x00, 0x0e, 0x00, 0x00, 0x00, 0xf7, 0x00, 0x03, 0x00,
    0xa1, 0x05, 0x00, 0x00, 0x00, 0x00, 0x00, 0x00, 0xfa, 0x00, 0x04, 0x00, 0xa0, 0x05, 0x00, 0x00,
    0xa2, 0x05, 0x00, 0x00, 0xa1, 0x05, 0x00, 0x00, 0xf8, 0x00, 0x02, 0x00, 0xa2, 0x05, 0x00, 0x00,
    0xf9, 0x00, 0x02, 0x00, 0x96, 0x05, 0x00, 0x00, 0xf8, 0x00, 0x02, 0x00, 0xa1, 0x05, 0x00, 0x00,
    0xc7, 0x00, 0x05, 0x00, 0x09, 0x00, 0x00, 0x00, 0xa3, 0x05, 0x00, 0x00, 0x9e, 0x05, 0x00, 0x00,
    0x25, 0x00, 0x00, 0x00, 0xab, 0x00, 0x05, 0x00, 0x15, 0x00, 0x00, 0x00, 0xa4, 0x05, 0x00, 0x00,
    0xa3, 0x05, 0x00, 0x00, 0x0e, 0x00, 0x00, 0x00, 0xf7, 0x00, 0x03, 0x00, 0xa5, 0x05, 0x00, 0x00,
    0x00, 0x00, 0x00, 0x00, 0xfa, 0x00, 0x04, 0x00, 0xa4, 0x05, 0x00, 0x00, 0xa6, 0x05, 0x00, 0x00,
    0xa5, 0x05, 0x00, 0x00, 0xf8, 0x00, 0x02, 0x00, 0xa6, 0x05, 0x00, 0x00, 0xc2, 0x00, 0x05, 0x00,
    0x09, 0x00, 0x00, 0x00, 0xa7, 0x05, 0x00, 0x00, 0xa3, 0x05, 0x00, 0x00, 0x26, 0x00, 0x00, 0x00,
    0xc7, 0x00, 0x05, 0x00, 0x09, 0x00, 0x00, 0x00, 0xa8, 0x05, 0x00, 0x00, 0x9c, 0x05, 0x00, 0x00,
    0x27, 0x00, 0x00, 0x00, 0x7c, 0x00, 0x04, 0x00, 0x0c, 0x00, 0x00, 0x00, 0xa9, 0x05, 0x00, 0x00,
    0xa8, 0x05, 0x00, 0x00, 0x82, 0x00, 0x05, 0x00, 0x09, 0x00, 0x00, 0x00, 0xaa, 0x05, 0x00, 0x00,
    0x0e, 0x00, 0x00, 0x00, 0x9d, 0x05, 0x00, 0x00, 0xc7, 0x00, 0x05, 0x00, 0x09, 0x00, 0x00, 0x00,
    0xab, 0x05, 0x00, 0x00, 0xaa, 0x05, 0x00, 0x00, 0x27, 0x00, 0x00, 0x00, 0x7c, 0x00, 0x04, 0x00,
    0x0c, 0x00, 0x00, 0x00, 0xac, 0x05, 0x00, 0x00, 0xab, 0x05, 0x00, 0x00, 0xc7, 0x00, 0x05, 0x00,
    0x09, 0x00, 0x00, 0x00, 0xad, 0x05, 0x00, 0x00, 0xaa, 0x05, 0x00, 0x00, 0x28, 0x00, 0x00, 0x00,
    0xab, 0x00, 0x05, 0x00, 0x15, 0x00, 0x00, 0x00, 0xae, 0x05, 0x00, 0x00, 0xad, 0x05, 0x00, 0x00,
    0x0e, 0x00, 0x00, 0x00, 0xa9, 0x00, 0x06, 0x00, 0x09, 0x00, 0x00, 0x00, 0xaf, 0x05, 0x00, 0x00,
    0xae, 0x05, 0x00, 0x00, 0x0e, 0x00, 0x00, 0x00, 0x12, 0x00, 0x00, 0x00, 0xc7, 0x00, 0x05, 0x00,
    0x09, 0x00, 0x00, 0x00, 0xb0, 0x05, 0x00, 0x00, 0x99, 0x05, 0x00, 0x00, 0x24, 0x00, 0x00, 0x00,
    0xab, 0x00, 0x05, 0x00, 0x15, 0x00, 0x00, 0x00, 0xb1, 0x05, 0x00, 0x00, 0xb0, 0x05, 0x00, 0x00,
    0x0e, 0x00, 0x00, 0x00, 0xf7, 0x00, 0x03, 0x00, 0xb2, 0x05, 0x00, 0x00, 0x00, 0x00, 0x00, 0x00,
    0xfa, 0x00, 0x04, 0x00, 0xb1, 0x05, 0x00, 0x00, 0xb3, 0x05, 0x00, 0x00, 0xb4, 0x05, 0x00, 0x00,
    0xf8, 0x00, 0x02, 0x00, 0xb4, 0x05, 0x00, 0x00, 0xc7, 0x00, 0x05, 0x00, 0x09, 0x00, 0x00, 0x00,
    0xb5, 0x05, 0x00, 0x00, 0x99, 0x05, 0x00, 0x00, 0x27, 0x00, 0x00, 0x00, 0x7c, 0x00, 0x04, 0x00,
    0x0c, 0x00, 0x00, 0x00, 0xb6, 0x05, 0x00, 0x00, 0xb5, 0x05, 0x00, 0x00, 0x7e, 0x00, 0x04, 0x00,
    0x0c, 0x00, 0x00, 0x00, 0xb7, 0x05, 0x00, 0x00, 0xb6, 0x05, 0x00, 0x00, 0xaa, 0x00, 0x05, 0x00,
    0x15, 0x00, 0x00, 0x00, 0xb8, 0x05, 0x00, 0x00, 0xa7, 0x05, 0x00, 0x00, 0x12, 0x00, 0x00, 0x00,
    0xf7, 0x00, 0x03, 0x00, 0xb9, 0x05, 0x00, 0x00, 0x00, 0x00, 0x00, 0x00, 0xfa, 0x00, 0x04, 0x00,
    0xb8, 0x05, 0x00, 0x00, 0xba, 0x05, 0x00, 0x00, 0xbb, 0x05, 0x00, 0x00, 0xf8, 0x00, 0x02, 0x00,
    0xbb, 0x05, 0x00, 0x00, 0xc7, 0x00, 0x05, 0x00, 0x09, 0x00, 0x00, 0x00, 0xbc, 0x05, 0x00, 0x00,
    0x99, 0x05, 0x00, 0x00, 0x28, 0x00, 0x00, 0x00, 0xab, 0x00, 0x05, 0x00, 0x15, 0x00, 0x00, 0x00,
    0xbd, 0x05, 0x00, 0x00, 0xbc, 0x05, 0x00, 0x00, 0x0e, 0x00, 0x00, 0x00, 0xa9, 0x00, 0x06, 0x00,
    0x09, 0x00, 0x00, 0x00, 0xbe, 0x05, 0x00, 0x00, 0xbd, 0x05, 0x00, 0x00, 0x0e, 0x00, 0x00, 0x00,
    0x12, 0x00, 0x00, 0x00, 0xb1, 0x00, 0x05, 0x00, 0x15, 0x00, 0x00, 0x00, 0xbf, 0x05, 0x00, 0x00,
    0x93, 0x05, 0x00, 0x00, 0xb6, 0x05, 0x00, 0x00, 0xf7, 0x00, 0x03, 0x00, 0xc0, 0x05, 0x00, 0x00,
    0x00, 0x00, 0x00, 0x00, 0xfa, 0x00, 0x04, 0x00, 0xbf, 0x05, 0x00, 0x00, 0xc1, 0x05, 0x00, 0x00,
    0xc2, 0x05, 0x00, 0x00, 0xf8, 0x00, 0x02, 0x00, 0xc2, 0x05, 0x00, 0x00, 0x53, 0x00, 0x04, 0x00,
    0x09, 0x00, 0x00, 0x00, 0xc3, 0x05, 0x00, 0x00, 0x12, 0x00, 0x00, 0x00, 0x53, 0x00, 0x04, 0x00,
    0x09, 0x00, 0x00, 0x00, 0xc4, 0x05, 0x00, 0x00, 0x0e, 0x00, 0x00, 0x00, 0xa9, 0x00, 0x06, 0x00,
    0x09, 0x00, 0x00, 0x00, 0xc5, 0x05, 0x00, 0x00, 0xbd, 0x05, 0x00, 0x00, 0x12, 0x00, 0x00, 0x00,
    0x0e, 0x00, 0x00, 0x00, 0xf9, 0x00, 0x02, 0x00, 0xc0, 0x05, 0x00, 0x00, 0xf8, 0x00, 0x02, 0x00,
    0xc1, 0x05, 0x00, 0x00, 0xf9, 0x00, 0x02, 0x00, 0xc0, 0x05, 0x00, 0x00, 0xf8, 0x00, 0x02, 0x00,
    0xc0, 0x05, 0x00, 0x00, 0xf5, 0x00, 0x07, 0x00, 0x09, 0x00, 0x00, 0x00, 0xc6, 0x05, 0x00, 0x00,
    0xbe, 0x05, 0x00, 0x00, 0xc1, 0x05, 0x00, 0x00, 0xc5, 0x05, 0x00, 0x00, 0xc2, 0x05, 0x00, 0x00,
    0xf9, 0x00, 0x02, 0x00, 0xb9, 0x05, 0x00, 0x00, 0xf8, 0x00, 0x02, 0x00, 0xba, 0x05, 0x00, 0x00,
    0xb1, 0x00, 0x05, 0x00, 0x15, 0x00, 0x00, 0x00, 0xc7, 0x05, 0x00, 0x00, 0x92, 0x05, 0x00, 0x00,
    0xac, 0x05, 0x00, 0x00, 0xf7, 0x00, 0x03, 0x00, 0xc8, 0x05, 0x00, 0x00, 0x00, 0x00, 0x00, 0x00,
    0xfa, 0x00, 0x04, 0x00, 0xc7, 0x05, 0x00, 0x00, 0xc9, 0x05, 0x00, 0x00, 0xca, 0x05, 0x00, 0x00,
    0xf8, 0x00, 0x02, 0x00, 0xca, 0x05, 0x00, 0x00, 0x53, 0x00, 0x04, 0x00, 0x09, 0x00, 0x00, 0x00,
    0xcb, 0x05, 0x00, 0x00, 0x12, 0x00, 0x00, 0x00, 0x53, 0x00, 0x04, 0x00, 0x09, 0x00, 0x00, 0x00,
    0xcc, 0x05, 0x00, 0x00, 0x0e, 0x00, 0x00, 0x00, 0xa9, 0x00, 0x06, 0x00, 0x09, 0x00, 0x00, 0x00,
    0xcd, 0x05, 0x00, 0x00, 0xae, 0x05, 0x00, 0x00, 0x12, 0x00, 0x00, 0x00, 0x0e, 0x00, 0x00, 0x00,
    0xf9, 0x00, 0x02, 0x00, 0xc8, 0x05, 0x00, 0x00, 0xf8, 0x00, 0x02, 0x00, 0xc9, 0x05, 0x00, 0x00,
    0xf9, 0x00, 0x02, 0x00, 0xc8, 0x05, 0x00, 0x00, 0xf8, 0x00, 0x02, 0x00, 0xc8, 0x05, 0x00, 0x00,
    0xf5, 0x00, 0x07, 0x00, 0x09, 0x00, 0x00, 0x00, 0xce, 0x05, 0x00, 0x00, 0xaf, 0x05, 0x00, 0x00,
    0xc9, 0x05, 0x00, 0x00, 0xcd, 0x05, 0x00, 0x00, 0xca, 0x05, 0x00, 0x00, 0xf9, 0x00, 0x02, 0x00,
    0xb9, 0x05, 0x00, 0x00, 0xf8, 0x00, 0x02, 0x00, 0xb9, 0x05, 0x00, 0x00, 0xf5, 0x00, 0x07, 0x00,
    0x09, 0x00, 0x00, 0x00, 0xcf, 0x05, 0x00, 0x00, 0xce, 0x05, 0x00, 0x00, 0xc8, 0x05, 0x00, 0x00,
    0xc6, 0x05, 0x00, 0x00, 0xc0, 0x05, 0x00, 0x00, 0xf9, 0x00, 0x02, 0x00, 0xb2, 0x05, 0x00, 0x00,
    0xf8, 0x00, 0x02, 0x00, 0xb3, 0x05, 0x00, 0x00, 0x7c, 0x00, 0x04, 0x00, 0x09, 0x00, 0x00, 0x00,
    0xd0, 0x05, 0x00, 0x00, 0x92, 0x05, 0x00, 0x00, 0xc2, 0x00, 0x05, 0x00, 0x09, 0x00, 0x00, 0x00,
    0xd1, 0x05, 0x00, 0x00, 0xd0, 0x05, 0x00, 0x00, 0x12, 0x00, 0x00, 0x00, 0x80, 0x00, 0x05, 0x00,
    0x09, 0x00, 0x00, 0x00, 0xd2, 0x05, 0x00, 0x00, 0x0b, 0x00, 0x00, 0x00, 0xd1, 0x05, 0x00, 0x00,
    0x41, 0x00, 0x06, 0x00, 0x38, 0x00, 0x00, 0x00, 0xd3, 0x05, 0x00, 0x00, 0x07, 0x00, 0x00, 0x00,
    0x11, 0x00, 0x00, 0x00, 0xd2, 0x05, 0x00, 0x00, 0x3d, 0x00, 0x04, 0x00, 0x09, 0x00, 0x00, 0x00,
    0xd4, 0x05, 0x00, 0x00, 0xd3, 0x05, 0x00, 0x00, 0xc7, 0x00, 0x05, 0x00, 0x09, 0x00, 0x00, 0x00,
    0xd5, 0x05, 0x00, 0x00, 0xd0, 0x05, 0x00, 0x00, 0x12, 0x00, 0x00, 0x00, 0xab, 0x00, 0x05, 0x00,
    0x15, 0x00, 0x00, 0x00, 0xd6, 0x05, 0x00, 0x00, 0xd5, 0x05, 0x00, 0x00, 0x0e, 0x00, 0x00, 0x00,
    0xf7, 0x00, 0x03, 0x00, 0xd7, 0x05, 0x00, 0x00, 0x00, 0x00, 0x00, 0x00, 0xfa, 0x00, 0x04, 0x00,
    0xd6, 0x05, 0x00, 0x00, 0xd8, 0x05, 0x00, 0x00, 0xd9, 0x05, 0x00, 0x00, 0xf8, 0x00, 0x02, 0x00,
    0xd9, 0x05, 0x00, 0x00, 0xc7, 0x00, 0x05, 0x00, 0x09, 0x00, 0x00, 0x00, 0xda, 0x05, 0x00, 0x00,
    0xd4, 0x05, 0x00, 0x00, 0x30, 0x00, 0x00, 0x00, 0xf9, 0x00, 0x02, 0x00, 0xd7, 0x05, 0x00, 0x00,
    0xf8, 0x00, 0x02, 0x00, 0xd8, 0x05, 0x00, 0x00, 0xc2, 0x00, 0x05, 0x00, 0x09, 0x00, 0x00, 0x00,
    0xdb, 0x05, 0x00, 0x00, 0xd4, 0x05, 0x00, 0x00, 0x0a, 0x00, 0x00, 0x00, 0xf9, 0x00, 0x02, 0x00,
    0xd7, 0x05, 0x00, 0x00, 0xf8, 0x00, 0x02, 0x00, 0xd7, 0x05, 0x00, 0x00, 0xf5, 0x00, 0x07, 0x00,
    0x09, 0x00, 0x00, 0x00, 0xdc, 0x05, 0x00, 0x00, 0xdb, 0x05, 0x00, 0x00, 0xd8, 0x05, 0x00, 0x00,
    0xda, 0x05, 0x00, 0x00, 0xd9, 0x05, 0x00, 0x00, 0xc7, 0x00, 0x05, 0x00, 0x09, 0x00, 0x00, 0x00,
    0xdd, 0x05, 0x00, 0x00, 0xdc, 0x05, 0x00, 0x00, 0x27, 0x00, 0x00, 0x00, 0x7c, 0x00, 0x04, 0x00,
    0x0c, 0x00, 0x00, 0x00, 0xde, 0x05, 0x00, 0x00, 0xdd, 0x05, 0x00, 0x00, 0x7e, 0x00, 0x04, 0x00,
    0x0c, 0x00, 0x00, 0x00, 0xdf, 0x05, 0x00, 0x00, 0xde, 0x05, 0x00, 0x00, 0xaa, 0x00, 0x05, 0x00,
    0x15, 0x00, 0x00, 0x00, 0xe0, 0x05, 0x00, 0x00, 0xa7, 0x05, 0x00, 0x00, 0x12, 0x00, 0x00, 0x00,
    0xf7, 0x00, 0x03, 0x00, 0xe1, 0x05, 0x00, 0x00, 0x00, 0x00, 0x00, 0x00, 0xfa, 0x00, 0x04, 0x00,
    0xe0, 0x05, 0x00, 0x00, 0xe2, 0x05, 0x00, 0x00, 0xe3, 0x05, 0x00, 0x00, 0xf8, 0x00, 0x02, 0x00,
    0xe3, 0x05, 0x00, 0x00, 0xc7, 0x00, 0x05, 0x00, 0x09, 0x00, 0x00, 0x00, 0xe4, 0x05, 0x00, 0x00,
    0xdc, 0x05, 0x00, 0x00, 0x28, 0x00, 0x00, 0x00, 0xab, 0x00, 0x05, 0x00, 0x15, 0x00, 0x00, 0x00,
    0xe5, 0x05, 0x00, 0x00, 0xe4, 0x05, 0x00, 0x00, 0x0e, 0x00, 0x00, 0x00, 0xa9, 0x00, 0x06, 0x00,
    0x09, 0x00, 0x00, 0x00, 0xe6, 0x05, 0x00, 0x00, 0xe5, 0x05, 0x00, 0x00, 0x0e, 0x00, 0x00, 0x00,
    0x12, 0x00, 0x00, 0x00, 0x82, 0x00, 0x05, 0x00, 0x0c, 0x00, 0x00, 0x00, 0xe7, 0x05, 0x00, 0x00,
    0xde, 0x05, 0x00, 0x00, 0x14, 0x00, 0x00, 0x00, 0xb3, 0x00, 0x05, 0x00, 0x15, 0x00, 0x00, 0x00,
    0xe8, 0x05, 0x00, 0x00, 0x93, 0x05, 0x00, 0x00, 0xe7, 0x05, 0x00, 0x00, 0xf7, 0x00, 0x03, 0x00,
    0xe9, 0x05, 0x00, 0x00, 0x00, 0x00, 0x00, 0x00, 0xfa, 0x00, 0x04, 0x00, 0xe8, 0x05, 0x00, 0x00,
    0xea, 0x05, 0x00, 0x00, 0xeb, 0x05, 0x00, 0x00, 0xf8, 0x00, 0x02, 0x00, 0xeb, 0x05, 0x00, 0x00,
    0x53, 0x00, 0x04, 0x00, 0x09, 0x00, 0x00, 0x00, 0xec, 0x05, 0x00, 0x00, 0x12, 0x00, 0x00, 0x00,
    0x53, 0x00, 0x04, 0x00, 0x09, 0x00, 0x00, 0x00, 0xed, 0x05, 0x00, 0x00, 0x0e, 0x00, 0x00, 0x00,
    0xa9, 0x00, 0x06, 0x00, 0x09, 0x00, 0x00, 0x00, 0xee, 0x05, 0x00, 0x00, 0xe5, 0x05, 0x00, 0x00,
    0x12, 0x00, 0x00, 0x00, 0x0e, 0x00, 0x00, 0x00, 0xf9, 0x00, 0x02, 0x00, 0xe9, 0x05, 0x00, 0x00,
    0xf8, 0x00, 0x02, 0x00, 0xea, 0x05, 0x00, 0x00, 0xf9, 0x00, 0x02, 0x00, 0xe9, 0x05, 0x00, 0x00,
    0xf8, 0x00, 0x02, 0x00, 0xe9, 0x05, 0x00, 0x00, 0xf5, 0x00, 0x07, 0x00, 0x09, 0x00, 0x00, 0x00,
    0xef, 0x05, 0x00, 0x00, 0xe6, 0x05, 0x00, 0x00, 0xea, 0x05, 0x00, 0x00, 0xee, 0x05, 0x00, 0x00,
    0xeb, 0x05, 0x00, 0x00, 0xf9, 0x00, 0x02, 0x00, 0xe1, 0x05, 0x00, 0x00, 0xf8, 0x00, 0x02, 0x00,
    0xe2, 0x05, 0x00, 0x00, 0xaf, 0x00, 0x05, 0x00, 0x15, 0x00, 0x00, 0x00, 0xf0, 0x05, 0x00, 0x00,
    0x92, 0x05, 0x00, 0x00, 0xac, 0x05, 0x00, 0x00, 0xf7, 0x00, 0x03, 0x00, 0xf1, 0x05, 0x00, 0x00,
    0x00, 0x00, 0x00, 0x00, 0xfa, 0x00, 0x04, 0x00, 0xf0, 0x05, 0x00, 0x00, 0xf2, 0x05, 0x00, 0x00,
    0xf3, 0x05, 0x00, 0x00, 0xf8, 0x00, 0x02, 0x00, 0xf3, 0x05, 0x00, 0x00, 0xf9, 0x00, 0x02, 0x00,
    0xf1, 0x05, 0x00, 0x00, 0xf8, 0x00, 0x02, 0x00, 0xf2, 0x05, 0x00, 0x00, 0x53, 0x00, 0x04, 0x00,
    0x09, 0x00, 0x00, 0x00, 0xf4, 0x05, 0x00, 0x00, 0x12, 0x00, 0x00, 0x00, 0x53, 0x00, 0x04, 0x00,
    0x09, 0x00, 0x00, 0x00, 0xf5, 0x05, 0x00, 0x00, 0x0e, 0x00, 0x00, 0x00, 0xa9, 0x00, 0x06, 0x00,
    0x09, 0x00, 0x00, 0x00, 0xf6, 0x05, 0x00, 0x00, 0xae, 0x05, 0x00, 0x00, 0x12, 0x00, 0x00, 0x00,
    0x0e, 0x00, 0x00, 0x00, 0xf9, 0x00, 0x02, 0x00, 0xf1, 0x05, 0x00, 0x00, 0xf8, 0x00, 0x02, 0x00,
    0xf1, 0x05, 0x00, 0x00, 0xf5, 0x00, 0x07, 0x00, 0x09, 0x00, 0x00, 0x00, 0xf7, 0x05, 0x00, 0x00,
    0xf6, 0x05, 0x00, 0x00, 0xf2, 0x05, 0x00, 0x00, 0xaf, 0x05, 0x00, 0x00, 0xf3, 0x05, 0x00, 0x00,
    0xf9, 0x00, 0x02, 0x00, 0xe1, 0x05, 0x00, 0x00, 0xf8, 0x00, 0x02, 0x00, 0xe1, 0x05, 0x00, 0x00,
    0xf5, 0x00, 0x07, 0x00, 0x09, 0x00, 0x00, 0x00, 0xf8, 0x05, 0x00, 0x00, 0xf7, 0x05, 0x00, 0x00,
    0xf1, 0x05, 0x00, 0x00, 0xef, 0x05, 0x00, 0x00, 0xe9, 0x05, 0x00, 0x00, 0xf9, 0x00, 0x02, 0x00,
    0xb2, 0x05, 0x00, 0x00, 0xf8, 0x00, 0x02, 0x00, 0xb2, 0x05, 0x00, 0x00, 0xf5, 0x00, 0x07, 0x00,
    0x0c, 0x00, 0x00, 0x00, 0xf9, 0x05, 0x00, 0x00, 0xdf, 0x05, 0x00, 0x00, 0xe1, 0x05, 0x00, 0x00,
    0xb7, 0x05, 0x00, 0x00, 0xb9, 0x05, 0x00, 0x00, 0xf5, 0x00, 0x07, 0x00, 0x09, 0x00, 0x00, 0x00,
    0xfa, 0x05, 0x00, 0x00, 0xf8, 0x05, 0x00, 0x00, 0xe1, 0x05, 0x00, 0x00, 0xcf, 0x05, 0x00, 0x00,
    0xb9, 0x05, 0x00, 0x00, 0x80, 0x00, 0x05, 0x00, 0x0c, 0x00, 0x00, 0x00, 0xfb, 0x05, 0x00, 0x00,
    0x93, 0x05, 0x00, 0x00, 0xf9, 0x05, 0x00, 0x00, 0x80, 0x00, 0x05, 0x00, 0x0c, 0x00, 0x00, 0x00,
    0xfc, 0x05, 0x00, 0x00, 0x92, 0x05, 0x00, 0x00, 0xa9, 0x05, 0x00, 0x00, 0x84, 0x00, 0x05, 0x00,
    0x09, 0x00, 0x00, 0x00, 0xfd, 0x05, 0x00, 0x00, 0xfa, 0x05, 0x00, 0x00, 0x31, 0x00, 0x00, 0x00,
    0xc7, 0x00, 0x05, 0x00, 0x0c, 0x00, 0x00, 0x00, 0xfe, 0x05, 0x00, 0x00, 0xfc, 0x05, 0x00, 0x00,
    0x32, 0x00, 0x00, 0x00, 0x7c, 0x00, 0x04, 0x00, 0x09, 0x00, 0x00, 0x00, 0xff, 0x05, 0x00, 0x00,
    0xfe, 0x05, 0x00, 0x00, 0x84, 0x00, 0x05, 0x00, 0x09, 0x00, 0x00, 0x00, 0x00, 0x06, 0x00, 0x00,
    0xff, 0x05, 0x00, 0x00, 0x28, 0x00, 0x00, 0x00, 0x80, 0x00, 0x05, 0x00, 0x09, 0x00, 0x00, 0x00,
    0x01, 0x06, 0x00, 0x00, 0xfd, 0x05, 0x00, 0x00, 0x00, 0x06, 0x00, 0x00, 0xc7, 0x00, 0x05, 0x00,
    0x0c, 0x00, 0x00, 0x00, 0x02, 0x06, 0x00, 0x00, 0xfb, 0x05, 0x00, 0x00, 0x32, 0x00, 0x00, 0x00,
    0x7c, 0x00, 0x04, 0x00, 0x09, 0x00, 0x00, 0x00, 0x03, 0x06, 0x00, 0x00, 0x02, 0x06, 0x00, 0x00,
    0x80, 0x00, 0x05, 0x00, 0x09, 0x00, 0x00, 0x00, 0x04, 0x06, 0x00, 0x00, 0x01, 0x06, 0x00, 0x00,
    0x03, 0x06, 0x00, 0x00, 0xc2, 0x00, 0x05, 0x00, 0x09, 0x00, 0x00, 0x00, 0x05, 0x06, 0x00, 0x00,
    0x04, 0x06, 0x00, 0x00, 0x12, 0x00, 0x00, 0x00, 0x41, 0x00, 0x06, 0x00, 0x38, 0x00, 0x00, 0x00,
    0x06, 0x06, 0x00, 0x00, 0x06, 0x00, 0x00, 0x00, 0x11, 0x00, 0x00, 0x00, 0x05, 0x06, 0x00, 0x00,
    0x3d, 0x00, 0x04, 0x00, 0x09, 0x00, 0x00, 0x00, 0x07, 0x06, 0x00, 0x00, 0x06, 0x06, 0x00, 0x00,
    0xc7, 0x00, 0x05, 0x00, 0x09, 0x00, 0x00, 0x00, 0x08, 0x06, 0x00, 0x00, 0x04, 0x06, 0x00, 0x00,
    0x12, 0x00, 0x00, 0x00, 0xab, 0x00, 0x05, 0x00, 0x15, 0x00, 0x00, 0x00, 0x09, 0x06, 0x00, 0x00,
    0x08, 0x06, 0x00, 0x00, 0x0e, 0x00, 0x00, 0x00, 0xf7, 0x00, 0x03, 0x00, 0x0a, 0x06, 0x00, 0x00,
    0x00, 0x00, 0x00, 0x00, 0xfa, 0x00, 0x04, 0x00, 0x09, 0x06, 0x00, 0x00, 0x0b, 0x06, 0x00, 0x00,
    0x0c, 0x06, 0x00, 0x00, 0xf8, 0x00, 0x02, 0x00, 0x0c, 0x06, 0x00, 0x00, 0xc7, 0x00, 0x05, 0x00,
    0x09, 0x00, 0x00, 0x00, 0x0d, 0x06, 0x00, 0x00, 0x07, 0x06, 0x00, 0x00, 0x30, 0x00, 0x00, 0x00,
    0xf9, 0x00, 0x02, 0x00, 0x0a, 0x06, 0x00, 0x00, 0xf8, 0x00, 0x02, 0x00, 0x0b, 0x06, 0x00, 0x00,
    0xc2, 0x00, 0x05, 0x00, 0x09, 0x00, 0x00, 0x00, 0x0e, 0x06, 0x00, 0x00, 0x07, 0x06, 0x00, 0x00,
    0x0a, 0x00, 0x00, 0x00, 0xf9, 0x00, 0x02, 0x00, 0x0a, 0x06, 0x00, 0x00, 0xf8, 0x00, 0x02, 0x00,
    0x0a, 0x06, 0x00, 0x00, 0xf5, 0x00, 0x07, 0x00, 0x09, 0x00, 0x00, 0x00, 0x0f, 0x06, 0x00, 0x00,
    0x0e, 0x06, 0x00, 0x00, 0x0b, 0x06, 0x00, 0x00, 0x0d, 0x06, 0x00, 0x00, 0x0c, 0x06, 0x00, 0x00,
    0xc2, 0x00, 0x05, 0x00, 0x09, 0x00, 0x00, 0x00, 0x10, 0x06, 0x00, 0x00, 0x0f, 0x06, 0x00, 0x00,
    0x2a, 0x00, 0x00, 0x00, 0xaa, 0x00, 0x05, 0x00, 0x15, 0x00, 0x00, 0x00, 0x11, 0x06, 0x00, 0x00,
    0x10, 0x06, 0x00, 0x00, 0x0e, 0x00, 0x00, 0x00, 0xf7, 0x00, 0x03, 0x00, 0x12, 0x06, 0x00, 0x00,
    0x00, 0x00, 0x00, 0x00, 0xfa, 0x00, 0x04, 0x00, 0x11, 0x06, 0x00, 0x00, 0x13, 0x06, 0x00, 0x00,
    0x12, 0x06, 0x00, 0x00, 0xf8, 0x00, 0x02, 0x00, 0x13, 0x06, 0x00, 0x00, 0xc7, 0x00, 0x05, 0x00,
    0x09, 0x00, 0x00, 0x00, 0x14, 0x06, 0x00, 0x00, 0x0f, 0x06, 0x00, 0x00, 0x2a, 0x00, 0x00, 0x00,
    0xaa, 0x00, 0x05, 0x00, 0x15, 0x00, 0x00, 0x00, 0x15, 0x06, 0x00, 0x00, 0x14, 0x06, 0x00, 0x00,
    0x0e, 0x00, 0x00, 0x00, 0xf9, 0x00, 0x02, 0x00, 0x12, 0x06, 0x00, 0x00, 0xf8, 0x00, 0x02, 0x00,
    0x12, 0x06, 0x00, 0x00, 0xf5, 0x00, 0x07, 0x00, 0x15, 0x00, 0x00, 0x00, 0x16, 0x06, 0x00, 0x00,
    0x20, 0x00, 0x00, 0x00, 0x0a, 0x06, 0x00, 0x00, 0x15, 0x06, 0x00, 0x00, 0x13, 0x06, 0x00, 0x00,
    0xf7, 0x00, 0x03, 0x00, 0x17, 0x06, 0x00, 0x00, 0x00, 0x00, 0x00, 0x00, 0xfa, 0x00, 0x04, 0x00,
    0x16, 0x06, 0x00, 0x00, 0x18, 0x06, 0x00, 0x00, 0x17, 0x06, 0x00, 0x00, 0xf8, 0x00, 0x02, 0x00,
    0x18, 0x06, 0x00, 0x00, 0xf9, 0x00, 0x02, 0x00, 0x96, 0x05, 0x00, 0x00, 0xf8, 0x00, 0x02, 0x00,
    0x17, 0x06, 0x00, 0x00, 0xc7, 0x00, 0x05, 0x00, 0x09, 0x00, 0x00, 0x00, 0x19, 0x06, 0x00, 0x00,
    0x0f, 0x06, 0x00, 0x00, 0x2b, 0x00, 0x00, 0x00, 0xf9, 0x00, 0x02, 0x00, 0x96, 0x05, 0x00, 0x00,
    0xf8, 0x00, 0x02, 0x00, 0xa5, 0x05, 0x00, 0x00, 0x7c, 0x00, 0x04, 0x00, 0x09, 0x00, 0x00, 0x00,
    0x1a, 0x06, 0x00, 0x00, 0x92, 0x05, 0x00, 0x00, 0x84, 0x00, 0x05, 0x00, 0x09, 0x00, 0x00, 0x00,
    0x1b, 0x06, 0x00, 0x00, 0x1a, 0x06, 0x00, 0x00, 0x21, 0x00, 0x00, 0x00, 0x80, 0x00, 0x05, 0x00,
    0x09, 0x00, 0x00, 0x00, 0x1c, 0x06, 0x00, 0x00, 0x25, 0x00, 0x00, 0x00, 0x1b, 0x06, 0x00, 0x00,
    0xc3, 0x00, 0x05, 0x00, 0x0c, 0x00, 0x00, 0x00, 0x1d, 0x06, 0x00, 0x00, 0x93, 0x05, 0x00, 0x00,
    0x2d, 0x00, 0x00, 0x00, 0x7c, 0x00, 0x04, 0x00, 0x09, 0x00, 0x00, 0x00, 0x1e, 0x06, 0x00, 0x00,
    0x1d, 0x06, 0x00, 0x00, 0x80, 0x00, 0x05, 0x00, 0x09, 0x00, 0x00, 0x00, 0x1f, 0x06, 0x00, 0x00,
    0x1c, 0x06, 0x00, 0x00, 0x1e, 0x06, 0x00, 0x00, 0x82, 0x00, 0x05, 0x00, 0x09, 0x00, 0x00, 0x00,
    0x20, 0x06, 0x00, 0x00, 0x1f, 0x06, 0x00, 0x00, 0x29, 0x00, 0x00, 0x00, 0xc2, 0x00, 0x05, 0x00,
    0x09, 0x00, 0x00, 0x00, 0x21, 0x06, 0x00, 0x00, 0x20, 0x06, 0x00, 0x00, 0x12, 0x00, 0x00, 0x00,
    0x80, 0x00, 0x05, 0x00, 0x09, 0x00, 0x00, 0x00, 0x22, 0x06, 0x00, 0x00, 0x0b, 0x00, 0x00, 0x00,
    0x21, 0x06, 0x00, 0x00, 0x41, 0x00, 0x06, 0x00, 0x38, 0x00, 0x00, 0x00, 0x23, 0x06, 0x00, 0x00,
    0x07, 0x00, 0x00, 0x00, 0x11, 0x00, 0x00, 0x00, 0x22, 0x06, 0x00, 0x00, 0x3d, 0x00, 0x04, 0x00,
    0x09, 0x00, 0x00, 0x00, 0x24, 0x06, 0x00, 0x00, 0x23, 0x06, 0x00, 0x00, 0xc7, 0x00, 0x05, 0x00,
    0x09, 0x00, 0x00, 0x00, 0x25, 0x06, 0x00, 0x00, 0x1f, 0x06, 0x00, 0x00, 0x12, 0x00, 0x00, 0x00,
    0xab, 0x00, 0x05, 0x00, 0x15, 0x00, 0x00, 0x00, 0x26, 0x06, 0x00, 0x00, 0x25, 0x06, 0x00, 0x00,
    0x0e, 0x00, 0x00, 0x00, 0xf7, 0x00, 0x03, 0x00, 0x27, 0x06, 0x00, 0x00, 0x00, 0x00, 0x00, 0x00,
    0xfa, 0x00, 0x04, 0x00, 0x26, 0x06, 0x00, 0x00, 0x28, 0x06, 0x00, 0x00, 0x29, 0x06, 0x00, 0x00,
    0xf8, 0x00, 0x02, 0x00, 0x29, 0x06, 0x00, 0x00, 0xc7, 0x00, 0x05, 0x00, 0x09, 0x00, 0x00, 0x00,
    0x2a, 0x06, 0x00, 0x00, 0x24, 0x06, 0x00, 0x00, 0x30, 0x00, 0x00, 0x00, 0xf9, 0x00, 0x02, 0x00,
    0x27, 0x06, 0x00, 0x00, 0xf8, 0x00, 0x02, 0x00, 0x28, 0x06, 0x00, 0x00, 0xc2, 0x00, 0x05, 0x00,
    0x09, 0x00, 0x00, 0x00, 0x2b, 0x06, 0x00, 0x00, 0x24, 0x06, 0x00, 0x00, 0x0a, 0x00, 0x00, 0x00,
    0xf9, 0x00, 0x02, 0x00, 0x27, 0x06, 0x00, 0x00, 0xf8, 0x00, 0x02, 0x00, 0x27, 0x06, 0x00, 0x00,
    0xf5, 0x00, 0x07, 0x00, 0x09, 0x00, 0x00, 0x00, 0x2c, 0x06, 0x00, 0x00, 0x2b, 0x06, 0x00, 0x00,
    0x28, 0x06, 0x00, 0x00, 0x2a, 0x06, 0x00, 0x00, 0x29, 0x06, 0x00, 0x00, 0xc3, 0x00, 0x05, 0x00,
    0x0c, 0x00, 0x00, 0x00, 0x2d, 0x06, 0x00, 0x00, 0x93, 0x05, 0x00, 0x00, 0x2e, 0x00, 0x00, 0x00,
    0xc7, 0x00, 0x05, 0x00, 0x0c, 0x00, 0x00, 0x00, 0x2e, 0x06, 0x00, 0x00, 0x2d, 0x06, 0x00, 0x00,
    0x2f, 0x00, 0x00, 0x00, 0x7c, 0x00, 0x04, 0x00, 0x09, 0x00, 0x00, 0x00, 0x2f, 0x06, 0x00, 0x00,
    0x2e, 0x06, 0x00, 0x00, 0xc7, 0x00, 0x05, 0x00, 0x09, 0x00, 0x00, 0x00, 0x30, 0x06, 0x00, 0x00,
    0x2f, 0x06, 0x00, 0x00, 0x1d, 0x00, 0x00, 0x00, 0xc2, 0x00, 0x05, 0x00, 0x09, 0x00, 0x00, 0x00,
    0x31, 0x06, 0x00, 0x00, 0x24, 0x00, 0x00, 0x00, 0x30, 0x06, 0x00, 0x00, 0xc7, 0x00, 0x05, 0x00,
    0x09, 0x00, 0x00, 0x00, 0x32, 0x06, 0x00, 0x00, 0x2c, 0x06, 0x00, 0x00, 0x31, 0x06, 0x00, 0x00,
    0xab, 0x00, 0x05, 0x00, 0x15, 0x00, 0x00, 0x00, 0x33, 0x06, 0x00, 0x00, 0x32, 0x06, 0x00, 0x00,
    0x0e, 0x00, 0x00, 0x00, 0xf7, 0x00, 0x03, 0x00, 0x34, 0x06, 0x00, 0x00, 0x00, 0x00, 0x00, 0x00,
    0xfa, 0x00, 0x04, 0x00, 0x33, 0x06, 0x00, 0x00, 0x35, 0x06, 0x00, 0x00, 0x34, 0x06, 0x00, 0x00,
    0xf8, 0x00, 0x02, 0x00, 0x35, 0x06, 0x00, 0x00, 0xf9, 0x00, 0x02, 0x00, 0x96, 0x05, 0x00, 0x00,
    0xf8, 0x00, 0x02, 0x00, 0x34, 0x06, 0x00, 0x00, 0xc7, 0x00, 0x05, 0x00, 0x09, 0x00, 0x00, 0x00,
    0x36, 0x06, 0x00, 0x00, 0x99, 0x05, 0x00, 0x00, 0x24, 0x00, 0x00, 0x00, 0xab, 0x00, 0x05, 0x00,
    0x15, 0x00, 0x00, 0x00, 0x37, 0x06, 0x00, 0x00, 0x36, 0x06, 0x00, 0x00, 0x0e, 0x00, 0x00, 0x00,
    0xf7, 0x00, 0x03, 0x00, 0x38, 0x06, 0x00, 0x00, 0x00, 0x00, 0x00, 0x00, 0xfa, 0x00, 0x04, 0x00,
    0x37, 0x06, 0x00, 0x00, 0x39, 0x06, 0x00, 0x00, 0x3a, 0x06, 0x00, 0x00, 0xf8, 0x00, 0x02, 0x00,
    0x3a, 0x06, 0x00, 0x00, 0x82, 0x00, 0x05, 0x00, 0x09, 0x00, 0x00, 0x00, 0x3b, 0x06, 0x00, 0x00,
    0x0e, 0x00, 0x00, 0x00, 0x9a, 0x05, 0x00, 0x00, 0xc7, 0x00, 0x05, 0x00, 0x09, 0x00, 0x00, 0x00,
    0x3c, 0x06, 0x00, 0x00, 0x3b, 0x06, 0x00, 0x00, 0x27, 0x00, 0x00, 0x00, 0x7c, 0x00, 0x04, 0x00,
    0x0c, 0x00, 0x00, 0x00, 0x3d, 0x06, 0x00, 0x00, 0x3c, 0x06, 0x00, 0x00, 0xf9, 0x00, 0x02, 0x00,
    0x38, 0x06, 0x00, 0x00, 0xf8, 0x00, 0x02, 0x00, 0x39, 0x06, 0x00, 0x00, 0xc2, 0x00, 0x05, 0x00,
    0x09, 0x00, 0x00, 0x00, 0x3e, 0x06, 0x00, 0x00, 0x1a, 0x06, 0x00, 0x00, 0x12, 0x00, 0x00, 0x00,
    0x80, 0x00, 0x05, 0x00, 0x09, 0x00, 0x00, 0x00, 0x3f, 0x06, 0x00, 0x00, 0x0b, 0x00, 0x00, 0x00,
    0x3e, 0x06, 0x00, 0x00, 0x41, 0x00, 0x06, 0x00, 0x38, 0x00, 0x00, 0x00, 0x40, 0x06, 0x00, 0x00,
    0x07, 0x00, 0x00, 0x00, 0x11, 0x00, 0x00, 0x00, 0x3f, 0x06, 0x00, 0x00, 0x3d, 0x00, 0x04, 0x00,
    0x09, 0x00, 0x00, 0x00, 0x41, 0x06, 0x00, 0x00, 0x40, 0x06, 0x00, 0x00, 0xc7, 0x00, 0x05, 0x00,
    0x09, 0x00, 0x00, 0x00, 0x42, 0x06, 0x00, 0x00, 0x1a, 0x06, 0x00, 0x00, 0x12, 0x00, 0x00, 0x00,
    0xab, 0x00, 0x05, 0x00, 0x15, 0x00, 0x00, 0x00, 0x43, 0x06, 0x00, 0x00, 0x42, 0x06, 0x00, 0x00,
    0x0e, 0x00, 0x00, 0x00, 0xf7, 0x00, 0x03, 0x00, 0x44, 0x06, 0x00, 0x00, 0x00, 0x00, 0x00, 0x00,
    0xfa, 0x00, 0x04, 0x00, 0x43, 0x06, 0x00, 0x00, 0x45, 0x06, 0x00, 0x00, 0x46, 0x06, 0x00, 0x00,
    0xf8, 0x00, 0x02, 0x00, 0x46, 0x06, 0x00, 0x00, 0xc7, 0x00, 0x05, 0x00, 0x09, 0x00, 0x00, 0x00,
    0x47, 0x06, 0x00, 0x00, 0x41, 0x06, 0x00, 0x00, 0x30, 0x00, 0x00, 0x00, 0xf9, 0x00, 0x02, 0x00,
    0x44, 0x06, 0x00, 0x00, 0xf8, 0x00, 0x02, 0x00, 0x45, 0x06, 0x00, 0x00, 0xc2, 0x00, 0x05, 0x00,
    0x09, 0x00, 0x00, 0x00, 0x48, 0x06, 0x00, 0x00, 0x41, 0x06, 0x00, 0x00, 0x0a, 0x00, 0x00, 0x00,
    0xf9, 0x00, 0x02, 0x00, 0x44, 0x06, 0x00, 0x00, 0xf8, 0x00, 0x02, 0x00, 0x44, 0x06, 0x00, 0x00,
    0xf5, 0x00, 0x07, 0x00, 0x09, 0x00, 0x00, 0x00, 0x49, 0x06, 0x00, 0x00, 0x48, 0x06, 0x00, 0x00,
    0x45, 0x06, 0x00, 0x00, 0x47, 0x06, 0x00, 0x00, 0x46, 0x06, 0x00, 0x00, 0x82, 0x00, 0x05, 0x00,
    0x09, 0x00, 0x00, 0x00, 0x4a, 0x06, 0x00, 0x00, 0x0e, 0x00, 0x00, 0x00, 0x49, 0x06, 0x00, 0x00,
    0xc7, 0x00, 0x05, 0x00, 0x09, 0x00, 0x00, 0x00, 0x4b, 0x06, 0x00, 0x00, 0x4a, 0x06, 0x00, 0x00,
    0x27, 0x00, 0x00, 0x00, 0x7c, 0x00, 0x04, 0x00, 0x0c, 0x00, 0x00, 0x00, 0x4c, 0x06, 0x00, 0x00,
    0x4b, 0x06, 0x00, 0x00, 0xf9, 0x00, 0x02, 0x00, 0x38, 0x06, 0x00, 0x00, 0xf8, 0x00, 0x02, 0x00,
    0x38, 0x06, 0x00, 0x00, 0xf5, 0x00, 0x07, 0x00, 0x0c, 0x00, 0x00, 0x00, 0x4d, 0x06, 0x00, 0x00,
    0x4c, 0x06, 0x00, 0x00, 0x44, 0x06, 0x00, 0x00, 0x3d, 0x06, 0x00, 0x00, 0x3a, 0x06, 0x00, 0x00,
    0x80, 0x00, 0x05, 0x00, 0x0c, 0x00, 0x00, 0x00, 0x4e, 0x06, 0x00, 0x00, 0x93, 0x05, 0x00, 0x00,
    0x4d, 0x06, 0x00, 0x00, 0xc7, 0x00, 0x05, 0x00, 0x09, 0x00, 0x00, 0x00, 0x4f, 0x06, 0x00, 0x00,
    0x9c, 0x05, 0x00, 0x00, 0x27, 0x00, 0x00, 0x00, 0x7c, 0x00, 0x04, 0x00, 0x0c, 0x00, 0x00, 0x00,
    0x50, 0x06, 0x00, 0x00, 0x4f, 0x06, 0x00, 0x00, 0x80, 0x00, 0x05, 0x00, 0x0c, 0x00, 0x00, 0x00,
    0x51, 0x06, 0x00, 0x00, 0x50, 0x06, 0x00, 0x00, 0x92, 0x05, 0x00, 0x00, 0xc7, 0x00, 0x05, 0x00,
    0x0c, 0x00, 0x00, 0x00, 0x52, 0x06, 0x00, 0x00, 0x51, 0x06, 0x00, 0x00, 0x32, 0x00, 0x00, 0x00,
    0x7c, 0x00, 0x04, 0x00, 0x09, 0x00, 0x00, 0x00, 0x53, 0x06, 0x00, 0x00, 0x52, 0x06, 0x00, 0x00,
    0x84, 0x00, 0x05, 0x00, 0x09, 0x00, 0x00, 0x00, 0x54, 0x06, 0x00, 0x00, 0x53, 0x06, 0x00, 0x00,
    0x28, 0x00, 0x00, 0x00, 0xc7, 0x00, 0x05, 0x00, 0x0c, 0x00, 0x00, 0x00, 0x55, 0x06, 0x00, 0x00,
    0x4e, 0x06, 0x00, 0x00, 0x32, 0x00, 0x00, 0x00, 0x7c, 0x00, 0x04, 0x00, 0x09, 0x00, 0x00, 0x00,
    0x56, 0x06, 0x00, 0x00, 0x55, 0x06, 0x00, 0x00, 0x80, 0x00, 0x05, 0x00, 0x09, 0x00, 0x00, 0x00,
    0x57, 0x06, 0x00, 0x00, 0x54, 0x06, 0x00, 0x00, 0x56, 0x06, 0x00, 0x00, 0xc2, 0x00, 0x05, 0x00,
    0x09, 0x00, 0x00, 0x00, 0x58, 0x06, 0x00, 0x00, 0x57, 0x06, 0x00, 0x00, 0x12, 0x00, 0x00, 0x00,
    0x41, 0x00, 0x06, 0x00, 0x38, 0x00, 0x00, 0x00, 0x59, 0x06, 0x00, 0x00, 0x06, 0x00, 0x00, 0x00,
    0x11, 0x00, 0x00, 0x00, 0x58, 0x06, 0x00, 0x00, 0x3d, 0x00, 0x04, 0x00, 0x09, 0x00, 0x00, 0x00,
    0x5a, 0x06, 0x00, 0x00, 0x59, 0x06, 0x00, 0x00, 0xc7, 0x00, 0x05, 0x00, 0x09, 0x00, 0x00, 0x00,
    0x5b, 0x06, 0x00, 0x00, 0x57, 0x06, 0x00, 0x00, 0x12, 0x00, 0x00, 0x00, 0xab, 0x00, 0x05, 0x00,
    0x15, 0x00, 0x00, 0x00, 0x5c, 0x06, 0x00, 0x00, 0x5b, 0x06, 0x00, 0x00, 0x0e, 0x00, 0x00, 0x00,
    0xf7, 0x00, 0x03, 0x00, 0x5d, 0x06, 0x00, 0x00, 0x00, 0x00, 0x00, 0x00, 0xfa, 0x00, 0x04, 0x00,
    0x5c, 0x06, 0x00, 0x00, 0x5e, 0x06, 0x00, 0x00, 0x5f, 0x06, 0x00, 0x00, 0xf8, 0x00, 0x02, 0x00,
    0x5f, 0x06, 0x00, 0x00, 0xc7, 0x00, 0x05, 0x00, 0x09, 0x00, 0x00, 0x00, 0x60, 0x06, 0x00, 0x00,
    0x5a, 0x06, 0x00, 0x00, 0x30, 0x00, 0x00, 0x00, 0xf9, 0x00, 0x02, 0x00, 0x5d, 0x06, 0x00, 0x00,
    0xf8, 0x00, 0x02, 0x00, 0x5e, 0x06, 0x00, 0x00, 0xc2, 0x00, 0x05, 0x00, 0x09, 0x00, 0x00, 0x00,
    0x61, 0x06, 0x00, 0x00, 0x5a, 0x06, 0x00, 0x00, 0x0a, 0x00, 0x00, 0x00, 0xf9, 0x00, 0x02, 0x00,
    0x5d, 0x06, 0x00, 0x00, 0xf8, 0x00, 0x02, 0x00, 0x5d, 0x06, 0x00, 0x00, 0xf5, 0x00, 0x07, 0x00,
    0x09, 0x00, 0x00, 0x00, 0x62, 0x06, 0x00, 0x00, 0x61, 0x06, 0x00, 0x00, 0x5e, 0x06, 0x00, 0x00,
    0x60, 0x06, 0x00, 0x00, 0x5f, 0x06, 0x00, 0x00, 0xc2, 0x00, 0x05, 0x00, 0x09, 0x00, 0x00, 0x00,
    0x63, 0x06, 0x00, 0x00, 0x62, 0x06, 0x00, 0x00, 0x2a, 0x00, 0x00, 0x00, 0xaa, 0x00, 0x05, 0x00,
    0x15, 0x00, 0x00, 0x00, 0x64, 0x06, 0x00, 0x00, 0x63, 0x06, 0x00, 0x00, 0x0e, 0x00, 0x00, 0x00,
    0xf7, 0x00, 0x03, 0x00, 0x65, 0x06, 0x00, 0x00, 0x00, 0x00, 0x00, 0x00, 0xfa, 0x00, 0x04, 0x00,
    0x64, 0x06, 0x00, 0x00, 0x66, 0x06, 0x00, 0x00, 0x65, 0x06, 0x00, 0x00, 0xf8, 0x00, 0x02, 0x00,
    0x66, 0x06, 0x00, 0x00, 0xc7, 0x00, 0x05, 0x00, 0x09, 0x00, 0x00, 0x00, 0x67, 0x06, 0x00, 0x00,
    0x62, 0x06, 0x00, 0x00, 0x2a, 0x00, 0x00, 0x00, 0xaa, 0x00, 0x05, 0x00, 0x15, 0x00, 0x00, 0x00,
    0x68, 0x06, 0x00, 0x00, 0x67, 0x06, 0x00, 0x00, 0x0e, 0x00, 0x00, 0x00, 0xf9, 0x00, 0x02, 0x00,
    0x65, 0x06, 0x00, 0x00, 0xf8, 0x00, 0x02, 0x00, 0x65, 0x06, 0x00, 0x00, 0xf5, 0x00, 0x07, 0x00,
    0x15, 0x00, 0x00, 0x00, 0x69, 0x06, 0x00, 0x00, 0x20, 0x00, 0x00, 0x00, 0x5d, 0x06, 0x00, 0x00,
    0x68, 0x06, 0x00, 0x00, 0x66, 0x06, 0x00, 0x00, 0xf7, 0x00, 0x03, 0x00, 0x6a, 0x06, 0x00, 0x00,
    0x00, 0x00, 0x00, 0x00, 0xfa, 0x00, 0x04, 0x00, 0x69, 0x06, 0x00, 0x00, 0x6b, 0x06, 0x00, 0x00,
    0x6a, 0x06, 0x00, 0x00, 0xf8, 0x00, 0x02, 0x00, 0x6b, 0x06, 0x00, 0x00, 0xf9, 0x00, 0x02, 0x00,
    0x96, 0x05, 0x00, 0x00, 0xf8, 0x00, 0x02, 0x00, 0x6a, 0x06, 0x00, 0x00, 0xc7, 0x00, 0x05, 0x00,
    0x09, 0x00, 0x00, 0x00, 0x6c, 0x06, 0x00, 0x00, 0x62, 0x06, 0x00, 0x00, 0x2b, 0x00, 0x00, 0x00,
    0xf9, 0x00, 0x02, 0x00, 0x96, 0x05, 0x00, 0x00, 0xf8, 0x00, 0x02, 0x00, 0x96, 0x05, 0x00, 0x00,
    0xf5, 0x00, 0x0f, 0x00, 0x09, 0x00, 0x00, 0x00, 0x6d, 0x06, 0x00, 0x00, 0x0e, 0x00, 0x00, 0x00,
    0xa2, 0x05, 0x00, 0x00, 0x0e, 0x00, 0x00, 0x00, 0x18, 0x06, 0x00, 0x00, 0x19, 0x06, 0x00, 0x00,
    0x17, 0x06, 0x00, 0x00, 0x0e, 0x00, 0x00, 0x00, 0x35, 0x06, 0x00, 0x00, 0x0e, 0x00, 0x00, 0x00,
    0x6b, 0x06, 0x00, 0x00, 0x6c, 0x06, 0x00, 0x00, 0x6a, 0x06, 0x00, 0x00, 0xf5, 0x00, 0x0f, 0x00,
    0x15, 0x00, 0x00, 0x00, 0x6e, 0x06, 0x00, 0x00, 0x16, 0x00, 0x00, 0x00, 0xa2, 0x05, 0x00, 0x00,
    0x16, 0x00, 0x00, 0x00, 0x18, 0x06, 0x00, 0x00, 0x20, 0x00, 0x00, 0x00, 0x17, 0x06, 0x00, 0x00,
    0x16, 0x00, 0x00, 0x00, 0x35, 0x06, 0x00, 0x00, 0x16, 0x00, 0x00, 0x00, 0x6b, 0x06, 0x00, 0x00,
    0x20, 0x00, 0x00, 0x00, 0x6a, 0x06, 0x00, 0x00, 0xf7, 0x00, 0x03, 0x00, 0x6f, 0x06, 0x00, 0x00,
    0x00, 0x00, 0x00, 0x00, 0xfa, 0x00, 0x04, 0x00, 0x6e, 0x06, 0x00, 0x00, 0x70, 0x06, 0x00, 0x00,
    0x6f, 0x06, 0x00, 0x00, 0xf8, 0x00, 0x02, 0x00, 0x70, 0x06, 0x00, 0x00, 0xf9, 0x00, 0x02, 0x00,
    0x94, 0x05, 0x00, 0x00, 0xf8, 0x00, 0x02, 0x00, 0x6f, 0x06, 0x00, 0x00, 0xf7, 0x00, 0x03, 0x00,
    0x71, 0x06, 0x00, 0x00, 0x00, 0x00, 0x00, 0x00, 0xfb, 0x00, 0x03, 0x00, 0x0e, 0x00, 0x00, 0x00,
    0x72, 0x06, 0x00, 0x00, 0xf8, 0x00, 0x02, 0x00, 0x72, 0x06, 0x00, 0x00, 0x3d, 0x00, 0x04, 0x00,
    0x09, 0x00, 0x00, 0x00, 0x73, 0x06, 0x00, 0x00, 0x98, 0x05, 0x00, 0x00, 0xc2, 0x00, 0x05, 0x00,
    0x09, 0x00, 0x00, 0x00, 0x74, 0x06, 0x00, 0x00, 0x73, 0x06, 0x00, 0x00, 0x0a, 0x00, 0x00, 0x00,
    0x3d, 0x00, 0x04, 0x00, 0x09, 0x00, 0x00, 0x00, 0x75, 0x06, 0x00, 0x00, 0x9b, 0x05, 0x00, 0x00,
    0xc2, 0x00, 0x05, 0x00, 0x09, 0x00, 0x00, 0x00, 0x76, 0x06, 0x00, 0x00, 0x75, 0x06, 0x00, 0x00,
    0x0a, 0x00, 0x00, 0x00, 0x3d, 0x00, 0x04, 0x00, 0x09, 0x00, 0x00, 0x00, 0x77, 0x06, 0x00, 0x00,
    0x9b, 0x05, 0x00, 0x00, 0xc7, 0x00, 0x05, 0x00, 0x09, 0x00, 0x00, 0x00, 0x78, 0x06, 0x00, 0x00,
    0x76, 0x06, 0x00, 0x00, 0x24, 0x00, 0x00, 0x00, 0xab, 0x00, 0x05, 0x00, 0x15, 0x00, 0x00, 0x00,
    0x79, 0x06, 0x00, 0x00, 0x78, 0x06, 0x00, 0x00, 0x0e, 0x00, 0x00, 0x00, 0xf7, 0x00, 0x03, 0x00,
    0x7a, 0x06, 0x00, 0x00, 0x00, 0x00, 0x00, 0x00, 0xfa, 0x00, 0x04, 0x00, 0x79, 0x06, 0x00, 0x00,
    0x7b, 0x06, 0x00, 0x00, 0x7a, 0x06, 0x00, 0x00, 0xf8, 0x00, 0x02, 0x00, 0x7b, 0x06, 0x00, 0x00,
    0xf9, 0x00, 0x02, 0x00, 0x71, 0x06, 0x00, 0x00, 0xf8, 0x00, 0x02, 0x00, 0x7a, 0x06, 0x00, 0x00,
    0xc7, 0x00, 0x05, 0x00, 0x09, 0x00, 0x00, 0x00, 0x7c, 0x06, 0x00, 0x00, 0x77, 0x06, 0x00, 0x00,
    0x25, 0x00, 0x00, 0x00, 0xab, 0x00, 0x05, 0x00, 0x15, 0x00, 0x00, 0x00, 0x7d, 0x06, 0x00, 0x00,
    0x7c, 0x06, 0x00, 0x00, 0x0e, 0x00, 0x00, 0x00, 0xf7, 0x00, 0x03, 0x00, 0x7e, 0x06, 0x00, 0x00,
    0x00, 0x00, 0x00, 0x00, 0xfa, 0x00, 0x04, 0x00, 0x7d, 0x06, 0x00, 0x00, 0x7f, 0x06, 0x00, 0x00,
    0x7e, 0x06, 0x00, 0x00, 0xf8, 0x00, 0x02, 0x00, 0x7f, 0x06, 0x00, 0x00, 0xf9, 0x00, 0x02, 0x00,
    0x71, 0x06, 0x00, 0x00, 0xf8, 0x00, 0x02, 0x00, 0x7e, 0x06, 0x00, 0x00, 0x7c, 0x00, 0x04, 0x00,
    0x09, 0x00, 0x00, 0x00, 0x80, 0x06, 0x00, 0x00, 0x92, 0x05, 0x00, 0x00, 0x84, 0x00, 0x05, 0x00,
    0x09, 0x00, 0x00, 0x00, 0x81, 0x06, 0x00, 0x00, 0x80, 0x06, 0x00, 0x00, 0x21, 0x00, 0x00, 0x00,
    0x80, 0x00, 0x05, 0x00, 0x09, 0x00, 0x00, 0x00, 0x82, 0x06, 0x00, 0x00, 0x25, 0x00, 0x00, 0x00,
    0x81, 0x06, 0x00, 0x00, 0xc3, 0x00, 0x05, 0x00, 0x0c, 0x00, 0x00, 0x00, 0x83, 0x06, 0x00, 0x00,
    0x93, 0x05, 0x00, 0x00, 0x2d, 0x00, 0x00, 0x00, 0x7c, 0x00, 0x04, 0x00, 0x09, 0x00, 0x00, 0x00,
    0x84, 0x06, 0x00, 0x00, 0x83, 0x06, 0x00, 0x00, 0x80, 0x00, 0x05, 0x00, 0x09, 0x00, 0x00, 0x00,
    0x85, 0x06, 0x00, 0x00, 0x82, 0x06, 0x00, 0x00, 0x84, 0x06, 0x00, 0x00, 0x82, 0x00, 0x05, 0x00,
    0x09, 0x00, 0x00, 0x00, 0x86, 0x06, 0x00, 0x00, 0x85, 0x06, 0x00, 0x00, 0x29, 0x00, 0x00, 0x00,
    0xc2, 0x00, 0x05, 0x00, 0x09, 0x00, 0x00, 0x00, 0x87, 0x06, 0x00, 0x00, 0x86, 0x06, 0x00, 0x00,
    0x12, 0x00, 0x00, 0x00, 0x80, 0x00, 0x05, 0x00, 0x09, 0x00, 0x00, 0x00, 0x88, 0x06, 0x00, 0x00,
    0x0b, 0x00, 0x00, 0x00, 0x87, 0x06, 0x00, 0x00, 0x41, 0x00, 0x06, 0x00, 0x38, 0x00, 0x00, 0x00,
    0x89, 0x06, 0x00, 0x00, 0x07, 0x00, 0x00, 0x00, 0x11, 0x00, 0x00, 0x00, 0x88, 0x06, 0x00, 0x00,
    0x3d, 0x00, 0x04, 0x00, 0x09, 0x00, 0x00, 0x00, 0x8a, 0x06, 0x00, 0x00, 0x89, 0x06, 0x00, 0x00,
    0xc7, 0x00, 0x05, 0x00, 0x09, 0x00, 0x00, 0x00, 0x8b, 0x06, 0x00, 0x00, 0x85, 0x06, 0x00, 0x00,
    0x12, 0x00, 0x00, 0x00, 0xab, 0x00, 0x05, 0x00, 0x15, 0x00, 0x00, 0x00, 0x8c, 0x06, 0x00, 0x00,
    0x8b, 0x06, 0x00, 0x00, 0x0e, 0x00, 0x00, 0x00, 0xf7, 0x00, 0x03, 0x00, 0x8d, 0x06, 0x00, 0x00,
    0x00, 0x00, 0x00, 0x00, 0xfa, 0x00, 0x04, 0x00, 0x8c, 0x06, 0x00, 0x00, 0x8e, 0x06, 0x00, 0x00,
    0x8f, 0x06, 0x00, 0x00, 0xf8, 0x00, 0x02, 0x00, 0x8f, 0x06, 0x00, 0x00, 0xc7, 0x00, 0x05, 0x00,
    0x09, 0x00, 0x00, 0x00, 0x90, 0x06, 0x00, 0x00, 0x8a, 0x06, 0x00, 0x00, 0x30, 0x00, 0x00, 0x00,
    0xf9, 0x00, 0x02, 0x00, 0x8d, 0x06, 0x00, 0x00, 0xf8, 0x00, 0x02, 0x00, 0x8e, 0x06, 0x00, 0x00,
    0xc2, 0x00, 0x05, 0x00, 0x09, 0x00, 0x00, 0x00, 0x91, 0x06, 0x00, 0x00, 0x8a, 0x06, 0x00, 0x00,
    0x0a, 0x00, 0x00, 0x00, 0xf9, 0x00, 0x02, 0x00, 0x8d, 0x06, 0x00, 0x00, 0xf8, 0x00, 0x02, 0x00,
    0x8d, 0x06, 0x00, 0x00, 0xf5, 0x00, 0x07, 0x00, 0x09, 0x00, 0x00, 0x00, 0x92, 0x06, 0x00, 0x00,
    0x91, 0x06, 0x00, 0x00, 0x8e, 0x06, 0x00, 0x00, 0x90, 0x06, 0x00, 0x00, 0x8f, 0x06, 0x00, 0x00,
    0xc8, 0x00, 0x04, 0x00, 0x09, 0x00, 0x00, 0x00, 0x93, 0x06, 0x00, 0x00, 0x92, 0x06, 0x00, 0x00,
    0xc3, 0x00, 0x05, 0x00, 0x0c, 0x00, 0x00, 0x00, 0x94, 0x06, 0x00, 0x00, 0x93, 0x05, 0x00, 0x00,
    0x2e, 0x00, 0x00, 0x00, 0xc7, 0x00, 0x05, 0x00, 0x0c, 0x00, 0x00, 0x00, 0x95, 0x06, 0x00, 0x00,
    0x94, 0x06, 0x00, 0x00, 0x2f, 0x00, 0x00, 0x00, 0x7c, 0x00, 0x04, 0x00, 0x09, 0x00, 0x00, 0x00,
    0x96, 0x06, 0x00, 0x00, 0x95, 0x06, 0x00, 0x00, 0xc7, 0x00, 0x05, 0x00, 0x09, 0x00, 0x00, 0x00,
    0x97, 0x06, 0x00, 0x00, 0x96, 0x06, 0x00, 0x00, 0x1d, 0x00, 0x00, 0x00, 0xc2, 0x00, 0x05, 0x00,
    0x09, 0x00, 0x00, 0x00, 0x98, 0x06, 0x00, 0x00, 0x24, 0x00, 0x00, 0x00, 0x97, 0x06, 0x00, 0x00,
    0xc7, 0x00, 0x05, 0x00, 0x09, 0x00, 0x00, 0x00, 0x99, 0x06, 0x00, 0x00, 0x93, 0x06, 0x00, 0x00,
    0x98, 0x06, 0x00, 0x00, 0xab, 0x00, 0x05, 0x00, 0x15, 0x00, 0x00, 0x00, 0x9a, 0x06, 0x00, 0x00,
    0x99, 0x06, 0x00, 0x00, 0x0e, 0x00, 0x00, 0x00, 0xf7, 0x00, 0x03, 0x00, 0x9b, 0x06, 0x00, 0x00,
    0x00, 0x00, 0x00, 0x00, 0xfa, 0x00, 0x04, 0x00, 0x9a, 0x06, 0x00, 0x00, 0x9c, 0x06, 0x00, 0x00,
    0x9b, 0x06, 0x00, 0x00, 0xf8, 0x00, 0x02, 0x00, 0x9c, 0x06, 0x00, 0x00, 0xf9, 0x00, 0x02, 0x00,
    0x71, 0x06, 0x00, 0x00, 0xf8, 0x00, 0x02, 0x00, 0x9b, 0x06, 0x00, 0x00, 0xc7, 0x00, 0x05, 0x00,
    0x09, 0x00, 0x00, 0x00, 0x9d, 0x06, 0x00, 0x00, 0x74, 0x06, 0x00, 0x00, 0x24, 0x00, 0x00, 0x00,
    0xab, 0x00, 0x05, 0x00, 0x15, 0x00, 0x00, 0x00, 0x9e, 0x06, 0x00, 0x00, 0x9d, 0x06, 0x00, 0x00,
    0x0e, 0x00, 0x00, 0x00, 0xf7, 0x00, 0x03, 0x00, 0x9f, 0x06, 0x00, 0x00, 0x00, 0x00, 0x00, 0x00,
    0xfa, 0x00, 0x04, 0x00, 0x9e, 0x06, 0x00, 0x00, 0xa0, 0x06, 0x00, 0x00, 0xa1, 0x06, 0x00, 0x00,
    0xf8, 0x00, 0x02, 0x00, 0xa1, 0x06, 0x00, 0x00, 0x82, 0x00, 0x05, 0x00, 0x09, 0x00, 0x00, 0x00,
    0xa2, 0x06, 0x00, 0x00, 0x0e, 0x00, 0x00, 0x00, 0x74, 0x06, 0x00, 0x00, 0xc7, 0x00, 0x05, 0x00,
    0x09, 0x00, 0x00, 0x00, 0xa3, 0x06, 0x00, 0x00, 0xa2, 0x06, 0x00, 0x00, 0x27, 0x00, 0x00, 0x00,
    0x7c, 0x00, 0x04, 0x00, 0x0c, 0x00, 0x00, 0x00, 0xa4, 0x06, 0x00, 0x00, 0xa3, 0x06, 0x00, 0x00,
    0xf9, 0x00, 0x02, 0x00, 0x9f, 0x06, 0x00, 0x00, 0xf8, 0x00, 0x02, 0x00, 0xa0, 0x06, 0x00, 0x00,
    0x80, 0x00, 0x05, 0x00, 0x09, 0x00, 0x00, 0x00, 0xa5, 0x06, 0x00, 0x00, 0x80, 0x06, 0x00, 0x00,
    0x28, 0x00, 0x00, 0x00, 0xc2, 0x00, 0x05, 0x00, 0x09, 0x00, 0x00, 0x00, 0xa6, 0x06, 0x00, 0x00,
    0xa5, 0x06, 0x00, 0x00, 0x12, 0x00, 0x00, 0x00, 0x80, 0x00, 0x05, 0x00, 0x09, 0x00, 0x00, 0x00,
    0xa7, 0x06, 0x00, 0x00, 0x0b, 0x00, 0x00, 0x00, 0xa6, 0x06, 0x00, 0x00, 0x41, 0x00, 0x06, 0x00,
    0x38, 0x00, 0x00, 0x00, 0xa8, 0x06, 0x00, 0x00, 0x07, 0x00, 0x00, 0x00, 0x11, 0x00, 0x00, 0x00,
    0xa7, 0x06, 0x00, 0x00, 0x3d, 0x00, 0x04, 0x00, 0x09, 0x00, 0x00, 0x00, 0xa9, 0x06, 0x00, 0x00,
    0xa8, 0x06, 0x00, 0x00, 0xc7, 0x00, 0x05, 0x00, 0x09, 0x00, 0x00, 0x00, 0xaa, 0x06, 0x00, 0x00,
    0x80, 0x06, 0x00, 0x00, 0x12, 0x00, 0x00, 0x00, 0xab, 0x00, 0x05, 0x00, 0x15, 0x00, 0x00, 0x00,
    0xab, 0x06, 0x00, 0x00, 0xaa, 0x06, 0x00, 0x00, 0x0e, 0x00, 0x00, 0x00, 0xf7, 0x00, 0x03, 0x00,
    0xac, 0x06, 0x00, 0x00, 0x00, 0x00, 0x00, 0x00, 0xfa, 0x00, 0x04, 0x00, 0xab, 0x06, 0x00, 0x00,
    0xad, 0x06, 0x00, 0x00, 0xae, 0x06, 0x00, 0x00, 0xf8, 0x00, 0x02, 0x00, 0xae, 0x06, 0x00, 0x00,
    0xc7, 0x00, 0x05, 0x00, 0x09, 0x00, 0x00, 0x00, 0xaf, 0x06, 0x00, 0x00, 0xa9, 0x06, 0x00, 0x00,
    0x30, 0x00, 0x00, 0x00, 0xf9, 0x00, 0x02, 0x00, 0xac, 0x06, 0x00, 0x00, 0xf8, 0x00, 0x02, 0x00,
    0xad, 0x06, 0x00, 0x00, 0xc2, 0x00, 0x05, 0x00, 0x09, 0x00, 0x00, 0x00, 0xb0, 0x06, 0x00, 0x00,
    0xa9, 0x06, 0x00, 0x00, 0x0a, 0x00, 0x00, 0x00, 0xf9, 0x00, 0x02, 0x00, 0xac, 0x06, 0x00, 0x00,
    0xf8, 0x00, 0x02, 0x00, 0xac, 0x06, 0x00, 0x00, 0xf5, 0x00, 0x07, 0x00, 0x09, 0x00, 0x00, 0x00,
    0xb1, 0x06, 0x00, 0x00, 0xb0, 0x06, 0x00, 0x00, 0xad, 0x06, 0x00, 0x00, 0xaf, 0x06, 0x00, 0x00,
    0xae, 0x06, 0x00, 0x00, 0x82, 0x00, 0x05, 0x00, 0x09, 0x00, 0x00, 0x00, 0xb2, 0x06, 0x00, 0x00,
    0x0e, 0x00, 0x00, 0x00, 0xb1, 0x06, 0x00, 0x00, 0xc7, 0x00, 0x05, 0x00, 0x09, 0x00, 0x00, 0x00,
    0xb3, 0x06, 0x00, 0x00, 0xb2, 0x06, 0x00, 0x00, 0x27, 0x00, 0x00, 0x00, 0x7c, 0x00, 0x04, 0x00,
    0x0c, 0x00, 0x00, 0x00, 0xb4, 0x06, 0x00, 0x00, 0xb3, 0x06, 0x00, 0x00, 0xf9, 0x00, 0x02, 0x00,
    0x9f, 0x06, 0x00, 0x00, 0xf8, 0x00, 0x02, 0x00, 0x9f, 0x06, 0x00, 0x00, 0xf5, 0x00, 0x07, 0x00,
    0x0c, 0x00, 0x00, 0x00, 0xb5, 0x06, 0x00, 0x00, 0xb4, 0x06, 0x00, 0x00, 0xac, 0x06, 0x00, 0x00,
    0xa4, 0x06, 0x00, 0x00, 0xa1, 0x06, 0x00, 0x00, 0x80, 0x00, 0x05, 0x00, 0x0c, 0x00, 0x00, 0x00,
    0xb6, 0x06, 0x00, 0x00, 0x93, 0x05, 0x00, 0x00, 0xb5, 0x06, 0x00, 0x00, 0xc7, 0x00, 0x05, 0x00,
    0x09, 0x00, 0x00, 0x00, 0xb7, 0x06, 0x00, 0x00, 0x76, 0x06, 0x00, 0x00, 0x27, 0x00, 0x00, 0x00,
    0x7c, 0x00, 0x04, 0x00, 0x0c, 0x00, 0x00, 0x00, 0xb8, 0x06, 0x00, 0x00, 0xb7, 0x06, 0x00, 0x00,
    0x80, 0x00, 0x05, 0x00, 0x0c, 0x00, 0x00, 0x00, 0xb9, 0x06, 0x00, 0x00, 0xb8, 0x06, 0x00, 0x00,
    0x92, 0x05, 0x00, 0x00, 0xc7, 0x00, 0x05, 0x00, 0x0c, 0x00, 0x00, 0x00, 0xba, 0x06, 0x00, 0x00,
    0xb9, 0x06, 0x00, 0x00, 0x32, 0x00, 0x00, 0x00, 0x7c, 0x00, 0x04, 0x00, 0x09, 0x00, 0x00, 0x00,
    0xbb, 0x06, 0x00, 0x00, 0xba, 0x06, 0x00, 0x00, 0x84, 0x00, 0x05, 0x00, 0x09, 0x00, 0x00, 0x00,
    0xbc, 0x06, 0x00, 0x00, 0xbb, 0x06, 0x00, 0x00, 0x28, 0x00, 0x00, 0x00, 0x80, 0x00, 0x05, 0x00,
    0x09, 0x00, 0x00, 0x00, 0xbd, 0x06, 0x00, 0x00, 0x31, 0x00, 0x00, 0x00, 0xbc, 0x06, 0x00, 0x00,
    0xc7, 0x00, 0x05, 0x00, 0x0c, 0x00, 0x00, 0x00, 0xbe, 0x06, 0x00, 0x00, 0xb6, 0x06, 0x00, 0x00,
    0x32, 0x00, 0x00, 0x00, 0x7c, 0x00, 0x04, 0x00, 0x09, 0x00, 0x00, 0x00, 0xbf, 0x06, 0x00, 0x00,
    0xbe, 0x06, 0x00, 0x00, 0x80, 0x00, 0x05, 0x00, 0x09, 0x00, 0x00, 0x00, 0xc0, 0x06, 0x00, 0x00,
    0xbd, 0x06, 0x00, 0x00, 0xbf, 0x06, 0x00, 0x00, 0xc2, 0x00, 0x05, 0x00, 0x09, 0x00, 0x00, 0x00,
    0xc1, 0x06, 0x00, 0x00, 0xc0, 0x06, 0x00, 0x00, 0x12, 0x00, 0x00, 0x00, 0x41, 0x00, 0x06, 0x00,
    0x38, 0x00, 0x00, 0x00, 0xc2, 0x06, 0x00, 0x00, 0x06, 0x00, 0x00, 0x00, 0x11, 0x00, 0x00, 0x00,
    0xc1, 0x06, 0x00, 0x00, 0x3d, 0x00, 0x04, 0x00, 0x09, 0x00, 0x00, 0x00, 0xc3, 0x06, 0x00, 0x00,
    0xc2, 0x06, 0x00, 0x00, 0xc7, 0x00, 0x05, 0x00, 0x09, 0x00, 0x00, 0x00, 0xc4, 0x06, 0x00, 0x00,
    0xc0, 0x06, 0x00, 0x00, 0x12, 0x00, 0x00, 0x00, 0xab, 0x00, 0x05, 0x00, 0x15, 0x00, 0x00, 0x00,
    0xc5, 0x06, 0x00, 0x00, 0xc4, 0x06, 0x00, 0x00, 0x0e, 0x00, 0x00, 0x00, 0xf7, 0x00, 0x03, 0x00,
    0xc6, 0x06, 0x00, 0x00, 0x00, 0x00, 0x00, 0x00, 0xfa, 0x00, 0x04, 0x00, 0xc5, 0x06, 0x00, 0x00,
    0xc7, 0x06, 0x00, 0x00, 0xc8, 0x06, 0x00, 0x00, 0xf8, 0x00, 0x02, 0x00, 0xc8, 0x06, 0x00, 0x00,
    0xc7, 0x00, 0x05, 0x00, 0x09, 0x00, 0x00, 0x00, 0xc9, 0x06, 0x00, 0x00, 0xc3, 0x06, 0x00, 0x00,
    0x30, 0x00, 0x00, 0x00, 0xf9, 0x00, 0x02, 0x00, 0xc6, 0x06, 0x00, 0x00, 0xf8, 0x00, 0x02, 0x00,
    0xc7, 0x06, 0x00, 0x00, 0xc2, 0x00, 0x05, 0x00, 0x09, 0x00, 0x00, 0x00, 0xca, 0x06, 0x00, 0x00,
    0xc3, 0x06, 0x00, 0x00, 0x0a, 0x00, 0x00, 0x00, 0xf9, 0x00, 0x02, 0x00, 0xc6, 0x06, 0x00, 0x00,
    0xf8, 0x00, 0x02, 0x00, 0xc6, 0x06, 0x00, 0x00, 0xf5, 0x00, 0x07, 0x00, 0x09, 0x00, 0x00, 0x00,
    0xcb, 0x06, 0x00, 0x00, 0xca, 0x06, 0x00, 0x00, 0xc7, 0x06, 0x00, 0x00, 0xc9, 0x06, 0x00, 0x00,
    0xc8, 0x06, 0x00, 0x00, 0xc2, 0x00, 0x05, 0x00, 0x09, 0x00, 0x00, 0x00, 0xcc, 0x06, 0x00, 0x00,
    0xcb, 0x06, 0x00, 0x00, 0x2a, 0x00, 0x00, 0x00, 0xaa, 0x00, 0x05, 0x00, 0x15, 0x00, 0x00, 0x00,
    0xcd, 0x06, 0x00, 0x00, 0xcc, 0x06, 0x00, 0x00, 0x0e, 0x00, 0x00, 0x00, 0xf7, 0x00, 0x03, 0x00,
    0xce, 0x06, 0x00, 0x00, 0x00, 0x00, 0x00, 0x00, 0xfa, 0x00, 0x04, 0x00, 0xcd, 0x06, 0x00, 0x00,
    0xcf, 0x06, 0x00, 0x00, 0xce, 0x06, 0x00, 0x00, 0xf8, 0x00, 0x02, 0x00, 0xcf, 0x06, 0x00, 0x00,
    0xc7, 0x00, 0x05, 0x00, 0x09, 0x00, 0x00, 0x00, 0xd0, 0x06, 0x00, 0x00, 0xcb, 0x06, 0x00, 0x00,
    0x2a, 0x00, 0x00, 0x00, 0xaa, 0x00, 0x05, 0x00, 0x15, 0x00, 0x00, 0x00, 0xd1, 0x06, 0x00, 0x00,
    0xd0, 0x06, 0x00, 0x00, 0x0e, 0x00, 0x00, 0x00, 0xf9, 0x00, 0x02, 0x00, 0xce, 0x06, 0x00, 0x00,
    0xf8, 0x00, 0x02, 0x00, 0xce, 0x06, 0x00, 0x00, 0xf5, 0x00, 0x07, 0x00, 0x15, 0x00, 0x00, 0x00,
    0xd2, 0x06, 0x00, 0x00, 0x20, 0x00, 0x00, 0x00, 0xc6, 0x06, 0x00, 0x00, 0xd1, 0x06, 0x00, 0x00,
    0xcf, 0x06, 0x00, 0x00, 0xf7, 0x00, 0x03, 0x00, 0xd3, 0x06, 0x00, 0x00, 0x00, 0x00, 0x00, 0x00,
    0xfa, 0x00, 0x04, 0x00, 0xd2, 0x06, 0x00, 0x00, 0xd4, 0x06, 0x00, 0x00, 0xd3, 0x06, 0x00, 0x00,
    0xf8, 0x00, 0x02, 0x00, 0xd4, 0x06, 0x00, 0x00, 0xf9, 0x00, 0x02, 0x00, 0x71, 0x06, 0x00, 0x00,
    0xf8, 0x00, 0x02, 0x00, 0xd3, 0x06, 0x00, 0x00, 0xc7, 0x00, 0x05, 0x00, 0x09, 0x00, 0x00, 0x00,
    0xd5, 0x06, 0x00, 0x00, 0xcb, 0x06, 0x00, 0x00, 0x2b, 0x00, 0x00, 0x00, 0xf9, 0x00, 0x02, 0x00,
    0x71, 0x06, 0x00, 0x00, 0xf8, 0x00, 0x02, 0x00, 0x71, 0x06, 0x00, 0x00, 0xf5, 0x00, 0x0d, 0x00,
    0x09, 0x00, 0x00, 0x00, 0xd6, 0x06, 0x00, 0x00, 0x0e, 0x00, 0x00, 0x00, 0x7b, 0x06, 0x00, 0x00,
    0x0e, 0x00, 0x00, 0x00, 0x7f, 0x06, 0x00, 0x00, 0x0e, 0x00, 0x00, 0x00, 0x9c, 0x06, 0x00, 0x00,
    0x0e, 0x00, 0x00, 0x00, 0xd4, 0x06, 0x00, 0x00, 0xd5, 0x06, 0x00, 0x00, 0xd3, 0x06, 0x00, 0x00,
    0xf5, 0x00, 0x0d, 0x00, 0x15, 0x00, 0x00, 0x00, 0xd7, 0x06, 0x00, 0x00, 0x16, 0x00, 0x00, 0x00,
    0x7b, 0x06, 0x00, 0x00, 0x16, 0x00, 0x00, 0x00, 0x7f, 0x06, 0x00, 0x00, 0x16, 0x00, 0x00, 0x00,
    0x9c, 0x06, 0x00, 0x00, 0x16, 0x00, 0x00, 0x00, 0xd4, 0x06, 0x00, 0x00, 0x20, 0x00, 0x00, 0x00,
    0xd3, 0x06, 0x00, 0x00, 0xf7, 0x00, 0x03, 0x00, 0xd8, 0x06, 0x00, 0x00, 0x00, 0x00, 0x00, 0x00,
    0xfa, 0x00, 0x04, 0x00, 0xd7, 0x06, 0x00, 0x00, 0xd9, 0x06, 0x00, 0x00, 0xd8, 0x06, 0x00, 0x00,
    0xf8, 0x00, 0x02, 0x00, 0xd9, 0x06, 0x00, 0x00, 0xf9, 0x00, 0x02, 0x00, 0x94, 0x05, 0x00, 0x00,
    0xf8, 0x00, 0x02, 0x00, 0xd8, 0x06, 0x00, 0x00, 0xf7, 0x00, 0x03, 0x00, 0xda, 0x06, 0x00, 0x00,
    0x00, 0x00, 0x00, 0x00, 0xfb, 0x00, 0x03, 0x00, 0x0e, 0x00, 0x00, 0x00, 0xdb, 0x06, 0x00, 0x00,
    0xf8, 0x00, 0x02, 0x00, 0xdb, 0x06, 0x00, 0x00, 0x41, 0x00, 0x06, 0x00, 0x38, 0x00, 0x00, 0x00,
    0xdc, 0x06, 0x00, 0x00, 0x07, 0x00, 0x00, 0x00, 0x11, 0x00, 0x00, 0x00, 0x3c, 0x00, 0x00, 0x00,
    0x3d, 0x00, 0x04, 0x00, 0x09, 0x00, 0x00, 0x00, 0xdd, 0x06, 0x00, 0x00, 0xdc, 0x06, 0x00, 0x00,
    0xc7, 0x00, 0x05, 0x00, 0x09, 0x00, 0x00, 0x00, 0xde, 0x06, 0x00, 0x00, 0xdd, 0x06, 0x00, 0x00,
    0x30, 0x00, 0x00, 0x00, 0x41, 0x00, 0x06, 0x00, 0x38, 0x00, 0x00, 0x00, 0xdf, 0x06, 0x00, 0x00,
    0x07, 0x00, 0x00, 0x00, 0x11, 0x00, 0x00, 0x00, 0x3d, 0x00, 0x00, 0x00, 0x3d, 0x00, 0x04, 0x00,
    0x09, 0x00, 0x00, 0x00, 0xe0, 0x06, 0x00, 0x00, 0xdf, 0x06, 0x00, 0x00, 0xc7, 0x00, 0x05, 0x00,
    0x09, 0x00, 0x00, 0x00, 0xe1, 0x06, 0x00, 0x00, 0xe0, 0x06, 0x00, 0x00, 0x30, 0x00, 0x00, 0x00,
    0x3d, 0x00, 0x04, 0x00, 0x09, 0x00, 0x00, 0x00, 0xe2, 0x06, 0x00, 0x00, 0xdf, 0x06, 0x00, 0x00,
    0xc7, 0x00, 0x05, 0x00, 0x09, 0x00, 0x00, 0x00, 0xe3, 0x06, 0x00, 0x00, 0xe0, 0x06, 0x00, 0x00,
    0x24, 0x00, 0x00, 0x00, 0xab, 0x00, 0x05, 0x00, 0x15, 0x00, 0x00, 0x00, 0xe4, 0x06, 0x00, 0x00,
    0xe3, 0x06, 0x00, 0x00, 0x0e, 0x00, 0x00, 0x00, 0xf7, 0x00, 0x03, 0x00, 0xe5, 0x06, 0x00, 0x00,
    0x00, 0x00, 0x00, 0x00, 0xfa, 0x00, 0x04, 0x00, 0xe4, 0x06, 0x00, 0x00, 0xe6, 0x06, 0x00, 0x00,
    0xe5, 0x06, 0x00, 0x00, 0xf8, 0x00, 0x02, 0x00, 0xe6, 0x06, 0x00, 0x00, 0xf9, 0x00, 0x02, 0x00,
    0xda, 0x06, 0x00, 0x00, 0xf8, 0x00, 0x02, 0x00, 0xe5, 0x06, 0x00, 0x00, 0xc7, 0x00, 0x05, 0x00,
    0x09, 0x00, 0x00, 0x00, 0xe7, 0x06, 0x00, 0x00, 0xe2, 0x06, 0x00, 0x00, 0x25, 0x00, 0x00, 0x00,
    0xab, 0x00, 0x05, 0x00, 0x15, 0x00, 0x00, 0x00, 0xe8, 0x06, 0x00, 0x00, 0xe7, 0x06, 0x00, 0x00,
    0x0e, 0x00, 0x00, 0x00, 0xf7, 0x00, 0x03, 0x00, 0xe9, 0x06, 0x00, 0x00, 0x00, 0x00, 0x00, 0x00,
    0xfa, 0x00, 0x04, 0x00, 0xe8, 0x06, 0x00, 0x00, 0xea, 0x06, 0x00, 0x00, 0xe9, 0x06, 0x00, 0x00,
    0xf8, 0x00, 0x02, 0x00, 0xea, 0x06, 0x00, 0x00, 0xc2, 0x00, 0x05, 0x00, 0x09, 0x00, 0x00, 0x00,
    0xeb, 0x06, 0x00, 0x00, 0xe7, 0x06, 0x00, 0x00, 0x26, 0x00, 0x00, 0x00, 0xc7, 0x00, 0x05, 0x00,
    0x09, 0x00, 0x00, 0x00, 0xec, 0x06, 0x00, 0x00, 0xe0, 0x06, 0x00, 0x00, 0x27, 0x00, 0x00, 0x00,
    0x7c, 0x00, 0x04, 0x00, 0x0c, 0x00, 0x00, 0x00, 0xed, 0x06, 0x00, 0x00, 0xec, 0x06, 0x00, 0x00,
    0x82, 0x00, 0x05, 0x00, 0x09, 0x00, 0x00, 0x00, 0xee, 0x06, 0x00, 0x00, 0x0e, 0x00, 0x00, 0x00,
    0xe1, 0x06, 0x00, 0x00, 0xc7, 0x00, 0x05, 0x00, 0x09, 0x00, 0x00, 0x00, 0xef, 0x06, 0x00, 0x00,
    0xee, 0x06, 0x00, 0x00, 0x27, 0x00, 0x00, 0x00, 0x7c, 0x00, 0x04, 0x00, 0x0c, 0x00, 0x00, 0x00,
    0xf0, 0x06, 0x00, 0x00, 0xef, 0x06, 0x00, 0x00, 0xc7, 0x00, 0x05, 0x00, 0x09, 0x00, 0x00, 0x00,
    0xf1, 0x06, 0x00, 0x00, 0xee, 0x06, 0x00, 0x00, 0x28, 0x00, 0x00, 0x00, 0xab, 0x00, 0x05, 0x00,
    0x15, 0x00, 0x00, 0x00, 0xf2, 0x06, 0x00, 0x00, 0xf1, 0x06, 0x00, 0x00, 0x0e, 0x00, 0x00, 0x00,
    0xa9, 0x00, 0x06, 0x00, 0x09, 0x00, 0x00, 0x00, 0xf3, 0x06, 0x00, 0x00, 0xf2, 0x06, 0x00, 0x00,
    0x0f, 0x00, 0x00, 0x00, 0x3e, 0x00, 0x00, 0x00, 0xc7, 0x00, 0x05, 0x00, 0x09, 0x00, 0x00, 0x00,
    0xf4, 0x06, 0x00, 0x00, 0xdd, 0x06, 0x00, 0x00, 0x24, 0x00, 0x00, 0x00, 0xab, 0x00, 0x05, 0x00,
    0x15, 0x00, 0x00, 0x00, 0xf5, 0x06, 0x00, 0x00, 0xf4, 0x06, 0x00, 0x00, 0x0e, 0x00, 0x00, 0x00,
    0xf7, 0x00, 0x03, 0x00, 0xf6, 0x06, 0x00, 0x00, 0x00, 0x00, 0x00, 0x00, 0xfa, 0x00, 0x04, 0x00,
    0xf5, 0x06, 0x00, 0x00, 0xf7, 0x06, 0x00, 0x00, 0xf8, 0x06, 0x00, 0x00, 0xf8, 0x00, 0x02, 0x00,
    0xf8, 0x06, 0x00, 0x00, 0xc7, 0x00, 0x05, 0x00, 0x09, 0x00, 0x00, 0x00, 0xf9, 0x06, 0x00, 0x00,
    0xdd, 0x06, 0x00, 0x00, 0x27, 0x00, 0x00, 0x00, 0x7c, 0x00, 0x04, 0x00, 0x0c, 0x00, 0x00, 0x00,
    0xfa, 0x06, 0x00, 0x00, 0xf9, 0x06, 0x00, 0x00, 0x7e, 0x00, 0x04, 0x00, 0x0c, 0x00, 0x00, 0x00,
    0xfb, 0x06, 0x00, 0x00, 0xfa, 0x06, 0x00, 0x00, 0xaa, 0x00, 0x05, 0x00, 0x15, 0x00, 0x00, 0x00,
    0xfc, 0x06, 0x00, 0x00, 0xeb, 0x06, 0x00, 0x00, 0x12, 0x00, 0x00, 0x00, 0xf7, 0x00, 0x03, 0x00,
    0xfd, 0x06, 0x00, 0x00, 0x00, 0x00, 0x00, 0x00, 0xfa, 0x00, 0x04, 0x00, 0xfc, 0x06, 0x00, 0x00,
    0xfe, 0x06, 0x00, 0x00, 0xff, 0x06, 0x00, 0x00, 0xf8, 0x00, 0x02, 0x00, 0xff, 0x06, 0x00, 0x00,
    0xc7, 0x00, 0x05, 0x00, 0x09, 0x00, 0x00, 0x00, 0x00, 0x07, 0x00, 0x00, 0xdd, 0x06, 0x00, 0x00,
    0x28, 0x00, 0x00, 0x00, 0xab, 0x00, 0x05, 0x00, 0x15, 0x00, 0x00, 0x00, 0x01, 0x07, 0x00, 0x00,
    0x00, 0x07, 0x00, 0x00, 0x0e, 0x00, 0x00, 0x00, 0xa9, 0x00, 0x06, 0x00, 0x09, 0x00, 0x00, 0x00,
    0x02, 0x07, 0x00, 0x00, 0x01, 0x07, 0x00, 0x00, 0x0f, 0x00, 0x00, 0x00, 0x3e, 0x00, 0x00, 0x00,
    0xb1, 0x00, 0x05, 0x00, 0x15, 0x00, 0x00, 0x00, 0x03, 0x07, 0x00, 0x00, 0x93, 0x05, 0x00, 0x00,
    0xfa, 0x06, 0x00, 0x00, 0xf7, 0x00, 0x03, 0x00, 0x04, 0x07, 0x00, 0x00, 0x00, 0x00, 0x00, 0x00,
    0xfa, 0x00, 0x04, 0x00, 0x03, 0x07, 0x00, 0x00, 0x05, 0x07, 0x00, 0x00, 0x06, 0x07, 0x00, 0x00,
    0xf8, 0x00, 0x02, 0x00, 0x06, 0x07, 0x00, 0x00, 0x53, 0x00, 0x04, 0x00, 0x09, 0x00, 0x00, 0x00,
    0x07, 0x07, 0x00, 0x00, 0x3e, 0x00, 0x00, 0x00, 0x53, 0x00, 0x04, 0x00, 0x09, 0x00, 0x00, 0x00,
    0x08, 0x07, 0x00, 0x00, 0x0f, 0x00, 0x00, 0x00, 0xa9, 0x00, 0x06, 0x00, 0x09, 0x00, 0x00, 0x00,
    0x09, 0x07, 0x00, 0x00, 0x01, 0x07, 0x00, 0x00, 0x3e, 0x00, 0x00, 0x00, 0x0f, 0x00, 0x00, 0x00,
    0xf9, 0x00, 0x02, 0x00, 0x04, 0x07, 0x00, 0x00, 0xf8, 0x00, 0x02, 0x00, 0x05, 0x07, 0x00, 0x00,
    0xf9, 0x00, 0x02, 0x00, 0x04, 0x07, 0x00, 0x00, 0xf8, 0x00, 0x02, 0x00, 0x04, 0x07, 0x00, 0x00,
    0xf5, 0x00, 0x07, 0x00, 0x09, 0x00, 0x00, 0x00, 0x0a, 0x07, 0x00, 0x00, 0x02, 0x07, 0x00, 0x00,
    0x05, 0x07, 0x00, 0x00, 0x09, 0x07, 0x00, 0x00, 0x06, 0x07, 0x00, 0x00, 0xf9, 0x00, 0x02, 0x00,
    0xfd, 0x06, 0x00, 0x00, 0xf8, 0x00, 0x02, 0x00, 0xfe, 0x06, 0x00, 0x00, 0xb1, 0x00, 0x05, 0x00,
    0x15, 0x00, 0x00, 0x00, 0x0b, 0x07, 0x00, 0x00, 0x92, 0x05, 0x00, 0x00, 0xf0, 0x06, 0x00, 0x00,
    0xf7, 0x00, 0x03, 0x00, 0x0c, 0x07, 0x00, 0x00, 0x00, 0x00, 0x00, 0x00, 0xfa, 0x00, 0x04, 0x00,
    0x0b, 0x07, 0x00, 0x00, 0x0d, 0x07, 0x00, 0x00, 0x0e, 0x07, 0x00, 0x00, 0xf8, 0x00, 0x02, 0x00,
    0x0e, 0x07, 0x00, 0x00, 0x53, 0x00, 0x04, 0x00, 0x09, 0x00, 0x00, 0x00, 0x0f, 0x07, 0x00, 0x00,
    0x3e, 0x00, 0x00, 0x00, 0x53, 0x00, 0x04, 0x00, 0x09, 0x00, 0x00, 0x00, 0x10, 0x07, 0x00, 0x00,
    0x0f, 0x00, 0x00, 0x00, 0xa9, 0x00, 0x06, 0x00, 0x09, 0x00, 0x00, 0x00, 0x11, 0x07, 0x00, 0x00,
    0xf2, 0x06, 0x00, 0x00, 0x3e, 0x00, 0x00, 0x00, 0x0f, 0x00, 0x00, 0x00, 0xf9, 0x00, 0x02, 0x00,
    0x0c, 0x07, 0x00, 0x00, 0xf8, 0x00, 0x02, 0x00, 0x0d, 0x07, 0x00, 0x00, 0xf9, 0x00, 0x02, 0x00,
    0x0c, 0x07, 0x00, 0x00, 0xf8, 0x00, 0x02, 0x00, 0x0c, 0x07, 0x00, 0x00, 0xf5, 0x00, 0x07, 0x00,
    0x09, 0x00, 0x00, 0x00, 0x12, 0x07, 0x00, 0x00, 0xf3, 0x06, 0x00, 0x00, 0x0d, 0x07, 0x00, 0x00,
    0x11, 0x07, 0x00, 0x00, 0x0e, 0x07, 0x00, 0x00, 0xf9, 0x00, 0x02, 0x00, 0xfd, 0x06, 0x00, 0x00,
    0xf8, 0x00, 0x02, 0x00, 0xfd, 0x06, 0x00, 0x00, 0xf5, 0x00, 0x07, 0x00, 0x09, 0x00, 0x00, 0x00,
    0x13, 0x07, 0x00, 0x00, 0x12, 0x07, 0x00, 0x00, 0x0c, 0x07, 0x00, 0x00, 0x0a, 0x07, 0x00, 0x00,
    0x04, 0x07, 0x00, 0x00, 0xf9, 0x00, 0x02, 0x00, 0xf6, 0x06, 0x00, 0x00, 0xf8, 0x00, 0x02, 0x00,
    0xf7, 0x06, 0x00, 0x00, 0x7c, 0x00, 0x04, 0x00, 0x09, 0x00, 0x00, 0x00, 0x14, 0x07, 0x00, 0x00,
    0x92, 0x05, 0x00, 0x00, 0x80, 0x00, 0x05, 0x00, 0x09, 0x00, 0x00, 0x00, 0x15, 0x07, 0x00, 0x00,
    0x14, 0x07, 0x00, 0x00, 0x3f, 0x00, 0x00, 0x00, 0xc2, 0x00, 0x05, 0x00, 0x09, 0x00, 0x00, 0x00,
    0x16, 0x07, 0x00, 0x00, 0x15, 0x07, 0x00, 0x00, 0x12, 0x00, 0x00, 0x00, 0x80, 0x00, 0x05, 0x00,
    0x09, 0x00, 0x00, 0x00, 0x17, 0x07, 0x00, 0x00, 0x0b, 0x00, 0x00, 0x00, 0x16, 0x07, 0x00, 0x00,
    0x41, 0x00, 0x06, 0x00, 0x38, 0x00, 0x00, 0x00, 0x18, 0x07, 0x00, 0x00, 0x07, 0x00, 0x00, 0x00,
    0x11, 0x00, 0x00, 0x00, 0x17, 0x07, 0x00, 0x00, 0x3d, 0x00, 0x04, 0x00, 0x09, 0x00, 0x00, 0x00,
    0x19, 0x07, 0x00, 0x00, 0x18, 0x07, 0x00, 0x00, 0xc7, 0x00, 0x05, 0x00, 0x09, 0x00, 0x00, 0x00,
    0x1a, 0x07, 0x00, 0x00, 0x14, 0x07, 0x00, 0x00, 0x12, 0x00, 0x00, 0x00, 0xab, 0x00, 0x05, 0x00,
    0x15, 0x00, 0x00, 0x00, 0x1b, 0x07, 0x00, 0x00, 0x1a, 0x07, 0x00, 0x00, 0x0e, 0x00, 0x00, 0x00,
    0xf7, 0x00, 0x03, 0x00, 0x1c, 0x07, 0x00, 0x00, 0x00, 0x00, 0x00, 0x00, 0xfa, 0x00, 0x04, 0x00,
    0x1b, 0x07, 0x00, 0x00, 0x1d, 0x07, 0x00, 0x00, 0x1e, 0x07, 0x00, 0x00, 0xf8, 0x00, 0x02, 0x00,
    0x1e, 0x07, 0x00, 0x00, 0xc7, 0x00, 0x05, 0x00, 0x09, 0x00, 0x00, 0x00, 0x1f, 0x07, 0x00, 0x00,
    0x19, 0x07, 0x00, 0x00, 0x30, 0x00, 0x00, 0x00, 0xf9, 0x00, 0x02, 0x00, 0x1c, 0x07, 0x00, 0x00,
    0xf8, 0x00, 0x02, 0x00, 0x1d, 0x07, 0x00, 0x00, 0xc2, 0x00, 0x05, 0x00, 0x09, 0x00, 0x00, 0x00,
    0x20, 0x07, 0x00, 0x00, 0x19, 0x07, 0x00, 0x00, 0x0a, 0x00, 0x00, 0x00, 0xf9, 0x00, 0x02, 0x00,
    0x1c, 0x07, 0x00, 0x00, 0xf8, 0x00, 0x02, 0x00, 0x1c, 0x07, 0x00, 0x00, 0xf5, 0x00, 0x07, 0x00,
    0x09, 0x00, 0x00, 0x00, 0x21, 0x07, 0x00, 0x00, 0x20, 0x07, 0x00, 0x00, 0x1d, 0x07, 0x00, 0x00,
    0x1f, 0x07, 0x00, 0x00, 0x1e, 0x07, 0x00, 0x00, 0xc7, 0x00, 0x05, 0x00, 0x09, 0x00, 0x00, 0x00,
    0x22, 0x07, 0x00, 0x00, 0x21, 0x07, 0x00, 0x00, 0x27, 0x00, 0x00, 0x00, 0x7c, 0x00, 0x04, 0x00,
    0x0c, 0x00, 0x00, 0x00, 0x23, 0x07, 0x00, 0x00, 0x22, 0x07, 0x00, 0x00, 0x7e, 0x00, 0x04, 0x00,
    0x0c, 0x00, 0x00, 0x00, 0x24, 0x07, 0x00, 0x00, 0x23, 0x07, 0x00, 0x00, 0xaa, 0x00, 0x05, 0x00,
    0x15, 0x00, 0x00, 0x00, 0x25, 0x07, 0x00, 0x00, 0xeb, 0x06, 0x00, 0x00, 0x12, 0x00, 0x00, 0x00,
    0xf7, 0x00, 0x03, 0x00, 0x26, 0x07, 0x00, 0x00, 0x00, 0x00, 0x00, 0x00, 0xfa, 0x00, 0x04, 0x00,
    0x25, 0x07, 0x00, 0x00, 0x27, 0x07, 0x00, 0x00, 0x28, 0x07, 0x00, 0x00, 0xf8, 0x00, 0x02, 0x00,
    0x28, 0x07, 0x00, 0x00, 0xc7, 0x00, 0x05, 0x00, 0x09, 0x00, 0x00, 0x00, 0x29, 0x07, 0x00, 0x00,
    0x21, 0x07, 0x00, 0x00, 0x28, 0x00, 0x00, 0x00, 0xab, 0x00, 0x05, 0x00, 0x15, 0x00, 0x00, 0x00,
    0x2a, 0x07, 0x00, 0x00, 0x29, 0x07, 0x00, 0x00, 0x0e, 0x00, 0x00, 0x00, 0xa9, 0x00, 0x06, 0x00,
    0x09, 0x00, 0x00, 0x00, 0x2b, 0x07, 0x00, 0x00, 0x2a, 0x07, 0x00, 0x00, 0x0f, 0x00, 0x00, 0x00,
    0x3e, 0x00, 0x00, 0x00, 0x82, 0x00, 0x05, 0x00, 0x0c, 0x00, 0x00, 0x00, 0x2c, 0x07, 0x00, 0x00,
    0x23, 0x07, 0x00, 0x00, 0x14, 0x00, 0x00, 0x00, 0xb3, 0x00, 0x05, 0x00, 0x15, 0x00, 0x00, 0x00,
    0x2d, 0x07, 0x00, 0x00, 0x93, 0x05, 0x00, 0x00, 0x2c, 0x07, 0x00, 0x00, 0xf7, 0x00, 0x03, 0x00,
    0x2e, 0x07, 0x00, 0x00, 0x00, 0x00, 0x00, 0x00, 0xfa, 0x00, 0x04, 0x00, 0x2d, 0x07, 0x00, 0x00,
    0x2f, 0x07, 0x00, 0x00, 0x30, 0x07, 0x00, 0x00, 0xf8, 0x00, 0x02, 0x00, 0x30, 0x07, 0x00, 0x00,
    0x53, 0x00, 0x04, 0x00, 0x09, 0x00, 0x00, 0x00, 0x31, 0x07, 0x00, 0x00, 0x3e, 0x00, 0x00, 0x00,
    0x53, 0x00, 0x04, 0x00, 0x09, 0x00, 0x00, 0x00, 0x32, 0x07, 0x00, 0x00, 0x0f, 0x00, 0x00, 0x00,
    0xa9, 0x00, 0x06, 0x00, 0x09, 0x00, 0x00, 0x00, 0x33, 0x07, 0x00, 0x00, 0x2a, 0x07, 0x00, 0x00,
    0x3e, 0x00, 0x00, 0x00, 0x0f, 0x00, 0x00, 0x00, 0xf9, 0x00, 0x02, 0x00, 0x2e, 0x07, 0x00, 0x00,
    0xf8, 0x00, 0x02, 0x00, 0x2f, 0x07, 0x00, 0x00, 0xf9, 0x00, 0x02, 0x00, 0x2e, 0x07, 0x00, 0x00,
    0xf8, 0x00, 0x02, 0x00, 0x2e, 0x07, 0x00, 0x00, 0xf5, 0x00, 0x07, 0x00, 0x09, 0x00, 0x00, 0x00,
    0x34, 0x07, 0x00, 0x00, 0x2b, 0x07, 0x00, 0x00, 0x2f, 0x07, 0x00, 0x00, 0x33, 0x07, 0x00, 0x00,
    0x30, 0x07, 0x00, 0x00, 0xf9, 0x00, 0x02, 0x00, 0x26, 0x07, 0x00, 0x00, 0xf8, 0x00, 0x02, 0x00,
    0x27, 0x07, 0x00, 0x00, 0xaf, 0x00, 0x05, 0x00, 0x15, 0x00, 0x00, 0x00, 0x35, 0x07, 0x00, 0x00,
    0x92, 0x05, 0x00, 0x00, 0xf0, 0x06, 0x00, 0x00, 0xf7, 0x00, 0x03, 0x00, 0x36, 0x07, 0x00, 0x00,
    0x00, 0x00, 0x00, 0x00, 0xfa, 0x00, 0x04, 0x00, 0x35, 0x07, 0x00, 0x00, 0x37, 0x07, 0x00, 0x00,
    0x38, 0x07, 0x00, 0x00, 0xf8, 0x00, 0x02, 0x00, 0x38, 0x07, 0x00, 0x00, 0xf9, 0x00, 0x02, 0x00,
    0x36, 0x07, 0x00, 0x00, 0xf8, 0x00, 0x02, 0x00, 0x37, 0x07, 0x00, 0x00, 0x53, 0x00, 0x04, 0x00,
    0x09, 0x00, 0x00, 0x00, 0x39, 0x07, 0x00, 0x00, 0x3e, 0x00, 0x00, 0x00, 0x53, 0x00, 0x04, 0x00,
    0x09, 0x00, 0x00, 0x00, 0x3a, 0x07, 0x00, 0x00, 0x0f, 0x00, 0x00, 0x00, 0xa9, 0x00, 0x06, 0x00,
    0x09, 0x00, 0x00, 0x00, 0x3b, 0x07, 0x00, 0x00, 0xf2, 0x06, 0x00, 0x00, 0x3e, 0x00, 0x00, 0x00,
    0x0f, 0x00, 0x00, 0x00, 0xf9, 0x00, 0x02, 0x00, 0x36, 0x07, 0x00, 0x00, 0xf8, 0x00, 0x02, 0x00,
    0x36, 0x07, 0x00, 0x00, 0xf5, 0x00, 0x07, 0x00, 0x09, 0x00, 0x00, 0x00, 0x3c, 0x07, 0x00, 0x00,
    0x3b, 0x07, 0x00, 0x00, 0x37, 0x07, 0x00, 0x00, 0xf3, 0x06, 0x00, 0x00, 0x38, 0x07, 0x00, 0x00,
    0xf9, 0x00, 0x02, 0x00, 0x26, 0x07, 0x00, 0x00, 0xf8, 0x00, 0x02, 0x00, 0x26, 0x07, 0x00, 0x00,
    0xf5, 0x00, 0x07, 0x00, 0x09, 0x00, 0x00, 0x00, 0x3d, 0x07, 0x00, 0x00, 0x3c, 0x07, 0x00, 0x00,
    0x36, 0x07, 0x00, 0x00, 0x34, 0x07, 0x00, 0x00, 0x2e, 0x07, 0x00, 0x00, 0xf9, 0x00, 0x02, 0x00,
    0xf6, 0x06, 0x00, 0x00, 0xf8, 0x00, 0x02, 0x00, 0xf6, 0x06, 0x00, 0x00, 0xf5, 0x00, 0x07, 0x00,
    0x0c, 0x00, 0x00, 0x00, 0x3e, 0x07, 0x00, 0x00, 0x24, 0x07, 0x00, 0x00, 0x26, 0x07, 0x00, 0x00,
    0xfb, 0x06, 0x00, 0x00, 0xfd, 0x06, 0x00, 0x00, 0xf5, 0x00, 0x07, 0x00, 0x09, 0x00, 0x00, 0x00,
    0x3f, 0x07, 0x00, 0x00, 0x3d, 0x07, 0x00, 0x00, 0x26, 0x07, 0x00, 0x00, 0x13, 0x07, 0x00, 0x00,
    0xfd, 0x06, 0x00, 0x00, 0x80, 0x00, 0x05, 0x00, 0x0c, 0x00, 0x00, 0x00, 0x40, 0x07, 0x00, 0x00,
    0x93, 0x05, 0x00, 0x00, 0x3e, 0x07, 0x00, 0x00, 0x80, 0x00, 0x05, 0x00, 0x0c, 0x00, 0x00, 0x00,
    0x41, 0x07, 0x00, 0x00, 0x92, 0x05, 0x00, 0x00, 0xed, 0x06, 0x00, 0x00, 0x84, 0x00, 0x05, 0x00,
    0x09, 0x00, 0x00, 0x00, 0x42, 0x07, 0x00, 0x00, 0x3f, 0x07, 0x00, 0x00, 0x31, 0x00, 0x00, 0x00,
    0xc7, 0x00, 0x05, 0x00, 0x0c, 0x00, 0x00, 0x00, 0x43, 0x07, 0x00, 0x00, 0x41, 0x07, 0x00, 0x00,
    0x32, 0x00, 0x00, 0x00, 0x7c, 0x00, 0x04, 0x00, 0x09, 0x00, 0x00, 0x00, 0x44, 0x07, 0x00, 0x00,
    0x43, 0x07, 0x00, 0x00, 0x84, 0x00, 0x05, 0x00, 0x09, 0x00, 0x00, 0x00, 0x45, 0x07, 0x00, 0x00,
    0x44, 0x07, 0x00, 0x00, 0x28, 0x00, 0x00, 0x00, 0x80, 0x00, 0x05, 0x00, 0x09, 0x00, 0x00, 0x00,
    0x46, 0x07, 0x00, 0x00, 0x42, 0x07, 0x00, 0x00, 0x45, 0x07, 0x00, 0x00, 0xc7, 0x00, 0x05, 0x00,
    0x0c, 0x00, 0x00, 0x00, 0x47, 0x07, 0x00, 0x00, 0x40, 0x07, 0x00, 0x00, 0x32, 0x00, 0x00, 0x00,
    0x7c, 0x00, 0x04, 0x00, 0x09, 0x00, 0x00, 0x00, 0x48, 0x07, 0x00, 0x00, 0x47, 0x07, 0x00, 0x00,
    0x80, 0x00, 0x05, 0x00, 0x09, 0x00, 0x00, 0x00, 0x49, 0x07, 0x00, 0x00, 0x46, 0x07, 0x00, 0x00,
    0x48, 0x07, 0x00, 0x00, 0xc2, 0x00, 0x05, 0x00, 0x09, 0x00, 0x00, 0x00, 0x4a, 0x07, 0x00, 0x00,
    0x49, 0x07, 0x00, 0x00, 0x12, 0x00, 0x00, 0x00, 0x41, 0x00, 0x06, 0x00, 0x38, 0x00, 0x00, 0x00,
    0x4b, 0x07, 0x00, 0x00, 0x06, 0x00, 0x00, 0x00, 0x11, 0x00, 0x00, 0x00, 0x4a, 0x07, 0x00, 0x00,
    0x3d, 0x00, 0x04, 0x00, 0x09, 0x00, 0x00, 0x00, 0x4c, 0x07, 0x00, 0x00, 0x4b, 0x07, 0x00, 0x00,
    0xc7, 0x00, 0x05, 0x00, 0x09, 0x00, 0x00, 0x00, 0x4d, 0x07, 0x00, 0x00, 0x49, 0x07, 0x00, 0x00,
    0x12, 0x00, 0x00, 0x00, 0xab, 0x00, 0x05, 0x00, 0x15, 0x00, 0x00, 0x00, 0x4e, 0x07, 0x00, 0x00,
    0x4d, 0x07, 0x00, 0x00, 0x0e, 0x00, 0x00, 0x00, 0xf7, 0x00, 0x03, 0x00, 0x4f, 0x07, 0x00, 0x00,
    0x00, 0x00, 0x00, 0x00, 0xfa, 0x00, 0x04, 0x00, 0x4e, 0x07, 0x00, 0x00, 0x50, 0x07, 0x00, 0x00,
    0x51, 0x07, 0x00, 0x00, 0xf8, 0x00, 0x02, 0x00, 0x51, 0x07, 0x00, 0x00, 0xc7, 0x00, 0x05, 0x00,
    0x09, 0x00, 0x00, 0x00, 0x52, 0x07, 0x00, 0x00, 0x4c, 0x07, 0x00, 0x00, 0x30, 0x00, 0x00, 0x00,
    0xf9, 0x00, 0x02, 0x00, 0x4f, 0x07, 0x00, 0x00, 0xf8, 0x00, 0x02, 0x00, 0x50, 0x07, 0x00, 0x00,
    0xc2, 0x00, 0x05, 0x00, 0x09, 0x00, 0x00, 0x00, 0x53, 0x07, 0x00, 0x00, 0x4c, 0x07, 0x00, 0x00,
    0x0a, 0x00, 0x00, 0x00, 0xf9, 0x00, 0x02, 0x00, 0x4f, 0x07, 0x00, 0x00, 0xf8, 0x00, 0x02, 0x00,
    0x4f, 0x07, 0x00, 0x00, 0xf5, 0x00, 0x07, 0x00, 0x09, 0x00, 0x00, 0x00, 0x54, 0x07, 0x00, 0x00,
    0x53, 0x07, 0x00, 0x00, 0x50, 0x07, 0x00, 0x00, 0x52, 0x07, 0x00, 0x00, 0x51, 0x07, 0x00, 0x00,
    0xc2, 0x00, 0x05, 0x00, 0x09, 0x00, 0x00, 0x00, 0x55, 0x07, 0x00, 0x00, 0x54, 0x07, 0x00, 0x00,
    0x2a, 0x00, 0x00, 0x00, 0xaa, 0x00, 0x05, 0x00, 0x15, 0x00, 0x00, 0x00, 0x56, 0x07, 0x00, 0x00,
    0x55, 0x07, 0x00, 0x00, 0x0e, 0x00, 0x00, 0x00, 0xab, 0x00, 0x05, 0x00, 0x15, 0x00, 0x00, 0x00,
    0x57, 0x07, 0x00, 0x00, 0x55, 0x07, 0x00, 0x00, 0x0e, 0x00, 0x00, 0x00, 0xf7, 0x00, 0x03, 0x00,
    0x58, 0x07, 0x00, 0x00, 0x00, 0x00, 0x00, 0x00, 0xfa, 0x00, 0x04, 0x00, 0x57, 0x07, 0x00, 0x00,
    0x59, 0x07, 0x00, 0x00, 0x58, 0x07, 0x00, 0x00, 0xf8, 0x00, 0x02, 0x00, 0x59, 0x07, 0x00, 0x00,
    0xf9, 0x00, 0x02, 0x00, 0xda, 0x06, 0x00, 0x00, 0xf8, 0x00, 0x02, 0x00, 0x58, 0x07, 0x00, 0x00,
    0xc7, 0x00, 0x05, 0x00, 0x09, 0x00, 0x00, 0x00, 0x5a, 0x07, 0x00, 0x00, 0x54, 0x07, 0x00, 0x00,
    0x2b, 0x00, 0x00, 0x00, 0xf9, 0x00, 0x02, 0x00, 0xda, 0x06, 0x00, 0x00, 0xf8, 0x00, 0x02, 0x00,
    0xe9, 0x06, 0x00, 0x00, 0x7c, 0x00, 0x04, 0x00, 0x09, 0x00, 0x00, 0x00, 0x5b, 0x07, 0x00, 0x00,
    0x92, 0x05, 0x00, 0x00, 0x84, 0x00, 0x05, 0x00, 0x09, 0x00, 0x00, 0x00, 0x5c, 0x07, 0x00, 0x00,
    0x5b, 0x07, 0x00, 0x00, 0x21, 0x00, 0x00, 0x00, 0x80, 0x00, 0x05, 0x00, 0x09, 0x00, 0x00, 0x00,
    0x5d, 0x07, 0x00, 0x00, 0x2c, 0x00, 0x00, 0x00, 0x5c, 0x07, 0x00, 0x00, 0xc3, 0x00, 0x05, 0x00,
    0x0c, 0x00, 0x00, 0x00, 0x5e, 0x07, 0x00, 0x00, 0x93, 0x05, 0x00, 0x00, 0x2d, 0x00, 0x00, 0x00,
    0x7c, 0x00, 0x04, 0x00, 0x09, 0x00, 0x00, 0x00, 0x5f, 0x07, 0x00, 0x00, 0x5e, 0x07, 0x00, 0x00,
    0x80, 0x00, 0x05, 0x00, 0x09, 0x00, 0x00, 0x00, 0x60, 0x07, 0x00, 0x00, 0x5d, 0x07, 0x00, 0x00,
    0x5f, 0x07, 0x00, 0x00, 0x82, 0x00, 0x05, 0x00, 0x09, 0x00, 0x00, 0x00, 0x61, 0x07, 0x00, 0x00,
    0x60, 0x07, 0x00, 0x00, 0x29, 0x00, 0x00, 0x00, 0xc2, 0x00, 0x05, 0x00, 0x09, 0x00, 0x00, 0x00,
    0x62, 0x07, 0x00, 0x00, 0x61, 0x07, 0x00, 0x00, 0x12, 0x00, 0x00, 0x00, 0x80, 0x00, 0x05, 0x00,
    0x09, 0x00, 0x00, 0x00, 0x63, 0x07, 0x00, 0x00, 0x0b, 0x00, 0x00, 0x00, 0x62, 0x07, 0x00, 0x00,
    0x41, 0x00, 0x06, 0x00, 0x38, 0x00, 0x00, 0x00, 0x64, 0x07, 0x00, 0x00, 0x07, 0x00, 0x00, 0x00,
    0x11, 0x00, 0x00, 0x00, 0x63, 0x07, 0x00, 0x00, 0x3d, 0x00, 0x04, 0x00, 0x09, 0x00, 0x00, 0x00,
    0x65, 0x07, 0x00, 0x00, 0x64, 0x07, 0x00, 0x00, 0xc7, 0x00, 0x05, 0x00, 0x09, 0x00, 0x00, 0x00,
    0x66, 0x07, 0x00, 0x00, 0x60, 0x07, 0x00, 0x00, 0x12, 0x00, 0x00, 0x00, 0xab, 0x00, 0x05, 0x00,
    0x15, 0x00, 0x00, 0x00, 0x67, 0x07, 0x00, 0x00, 0x66, 0x07, 0x00, 0x00, 0x0e, 0x00, 0x00, 0x00,
    0xf7, 0x00, 0x03, 0x00, 0x68, 0x07, 0x00, 0x00, 0x00, 0x00, 0x00, 0x00, 0xfa, 0x00, 0x04, 0x00,
    0x67, 0x07, 0x00, 0x00, 0x69, 0x07, 0x00, 0x00, 0x6a, 0x07, 0x00, 0x00, 0xf8, 0x00, 0x02, 0x00,
    0x6a, 0x07, 0x00, 0x00, 0xc7, 0x00, 0x05, 0x00, 0x09, 0x00, 0x00, 0x00, 0x6b, 0x07, 0x00, 0x00,
    0x65, 0x07, 0x00, 0x00, 0x30, 0x00, 0x00, 0x00, 0xf9, 0x00, 0x02, 0x00, 0x68, 0x07, 0x00, 0x00,
    0xf8, 0x00, 0x02, 0x00, 0x69, 0x07, 0x00, 0x00, 0xc2, 0x00, 0x05, 0x00, 0x09, 0x00, 0x00, 0x00,
    0x6c, 0x07, 0x00, 0x00, 0x65, 0x07, 0x00, 0x00, 0x0a, 0x00, 0x00, 0x00, 0xf9, 0x00, 0x02, 0x00,
    0x68, 0x07, 0x00, 0x00, 0xf8, 0x00, 0x02, 0x00, 0x68, 0x07, 0x00, 0x00, 0xf5, 0x00, 0x07, 0x00,
    0x09, 0x00, 0x00, 0x00, 0x6d, 0x07, 0x00, 0x00, 0x6c, 0x07, 0x00, 0x00, 0x69, 0x07, 0x00, 0x00,
    0x6b, 0x07, 0x00, 0x00, 0x6a, 0x07, 0x00, 0x00, 0xc3, 0x00, 0x05, 0x00, 0x0c, 0x00, 0x00, 0x00,
    0x6e, 0x07, 0x00, 0x00, 0x93, 0x05, 0x00, 0x00, 0x2e, 0x00, 0x00, 0x00, 0xc7, 0x00, 0x05, 0x00,
    0x0c, 0x00, 0x00, 0x00, 0x6f, 0x07, 0x00, 0x00, 0x6e, 0x07, 0x00, 0x00, 0x2f, 0x00, 0x00, 0x00,
    0x7c, 0x00, 0x04, 0x00, 0x09, 0x00, 0x00, 0x00, 0x70, 0x07, 0x00, 0x00, 0x6f, 0x07, 0x00, 0x00,
    0xc7, 0x00, 0x05, 0x00, 0x09, 0x00, 0x00, 0x00, 0x71, 0x07, 0x00, 0x00, 0x70, 0x07, 0x00, 0x00,
    0x1d, 0x00, 0x00, 0x00, 0xc2, 0x00, 0x05, 0x00, 0x09, 0x00, 0x00, 0x00, 0x72, 0x07, 0x00, 0x00,
    0x24, 0x00, 0x00, 0x00, 0x71, 0x07, 0x00, 0x00, 0xc7, 0x00, 0x05, 0x00, 0x09, 0x00, 0x00, 0x00,
    0x73, 0x07, 0x00, 0x00, 0x6d, 0x07, 0x00, 0x00, 0x72, 0x07, 0x00, 0x00, 0xab, 0x00, 0x05, 0x00,
    0x15, 0x00, 0x00, 0x00, 0x74, 0x07, 0x00, 0x00, 0x73, 0x07, 0x00, 0x00, 0x0e, 0x00, 0x00, 0x00,
    0xf7, 0x00, 0x03, 0x00, 0x75, 0x07, 0x00, 0x00, 0x00, 0x00, 0x00, 0x00, 0xfa, 0x00, 0x04, 0x00,
    0x74, 0x07, 0x00, 0x00, 0x76, 0x07, 0x00, 0x00, 0x75, 0x07, 0x00, 0x00, 0xf8, 0x00, 0x02, 0x00,
    0x76, 0x07, 0x00, 0x00, 0xf9, 0x00, 0x02, 0x00, 0xda, 0x06, 0x00, 0x00, 0xf8, 0x00, 0x02, 0x00,
    0x75, 0x07, 0x00, 0x00, 0xc7, 0x00, 0x05, 0x00, 0x09, 0x00, 0x00, 0x00, 0x77, 0x07, 0x00, 0x00,
    0xdd, 0x06, 0x00, 0x00, 0x24, 0x00, 0x00, 0x00, 0xab, 0x00, 0x05, 0x00, 0x15, 0x00, 0x00, 0x00,
    0x78, 0x07, 0x00, 0x00, 0x77, 0x07, 0x00, 0x00, 0x0e, 0x00, 0x00, 0x00, 0xf7, 0x00, 0x03, 0x00,
    0x79, 0x07, 0x00, 0x00, 0x00, 0x00, 0x00, 0x00, 0xfa, 0x00, 0x04, 0x00, 0x78, 0x07, 0x00, 0x00,
    0x7a, 0x07, 0x00, 0x00, 0x7b, 0x07, 0x00, 0x00, 0xf8, 0x00, 0x02, 0x00, 0x7b, 0x07, 0x00, 0x00,
    0x82, 0x00, 0x05, 0x00, 0x09, 0x00, 0x00, 0x00, 0x7c, 0x07, 0x00, 0x00, 0x0e, 0x00, 0x00, 0x00,
    0xde, 0x06, 0x00, 0x00, 0xc7, 0x00, 0x05, 0x00, 0x09, 0x00, 0x00, 0x00, 0x7d, 0x07, 0x00, 0x00,
    0x7c, 0x07, 0x00, 0x00, 0x27, 0x00, 0x00, 0x00, 0x7c, 0x00, 0x04, 0x00, 0x0c, 0x00, 0x00, 0x00,
    0x7e, 0x07, 0x00, 0x00, 0x7d, 0x07, 0x00, 0x00, 0xf9, 0x00, 0x02, 0x00, 0x79, 0x07, 0x00, 0x00,
    0xf8, 0x00, 0x02, 0x00, 0x7a, 0x07, 0x00, 0x00, 0x80, 0x00, 0x05, 0x00, 0x09, 0x00, 0x00, 0x00,
    0x7f, 0x07, 0x00, 0x00, 0x5b, 0x07, 0x00, 0x00, 0x3f, 0x00, 0x00, 0x00, 0xc2, 0x00, 0x05, 0x00,
    0x09, 0x00, 0x00, 0x00, 0x80, 0x07, 0x00, 0x00, 0x7f, 0x07, 0x00, 0x00, 0x12, 0x00, 0x00, 0x00,
    0x80, 0x00, 0x05, 0x00, 0x09, 0x00, 0x00, 0x00, 0x81, 0x07, 0x00, 0x00, 0x0b, 0x00, 0x00, 0x00,
    0x80, 0x07, 0x00, 0x00, 0x41, 0x00, 0x06, 0x00, 0x38, 0x00, 0x00, 0x00, 0x82, 0x07, 0x00, 0x00,
    0x07, 0x00, 0x00, 0x00, 0x11, 0x00, 0x00, 0x00, 0x81, 0x07, 0x00, 0x00, 0x3d, 0x00, 0x04, 0x00,
    0x09, 0x00, 0x00, 0x00, 0x83, 0x07, 0x00, 0x00, 0x82, 0x07, 0x00, 0x00, 0xc7, 0x00, 0x05, 0x00,
    0x09, 0x00, 0x00, 0x00, 0x84, 0x07, 0x00, 0x00, 0x5b, 0x07, 0x00, 0x00, 0x12, 0x00, 0x00, 0x00,
    0xab, 0x00, 0x05, 0x00, 0x15, 0x00, 0x00, 0x00, 0x85, 0x07, 0x00, 0x00, 0x84, 0x07, 0x00, 0x00,
    0x0e, 0x00, 0x00, 0x00, 0xf7, 0x00, 0x03, 0x00, 0x86, 0x07, 0x00, 0x00, 0x00, 0x00, 0x00, 0x00,
    0xfa, 0x00, 0x04, 0x00, 0x85, 0x07, 0x00, 0x00, 0x87, 0x07, 0x00, 0x00, 0x88, 0x07, 0x00, 0x00,
    0xf8, 0x00, 0x02, 0x00, 0x88, 0x07, 0x00, 0x00, 0xc7, 0x00, 0x05, 0x00, 0x09, 0x00, 0x00, 0x00,
    0x89, 0x07, 0x00, 0x00, 0x83, 0x07, 0x00, 0x00, 0x30, 0x00, 0x00, 0x00, 0xf9, 0x00, 0x02, 0x00,
    0x86, 0x07, 0x00, 0x00, 0xf8, 0x00, 0x02, 0x00, 0x87, 0x07, 0x00, 0x00, 0xc2, 0x00, 0x05, 0x00,
    0x09, 0x00, 0x00, 0x00, 0x8a, 0x07, 0x00, 0x00, 0x83, 0x07, 0x00, 0x00, 0x0a, 0x00, 0x00, 0x00,
    0xf9, 0x00, 0x02, 0x00, 0x86, 0x07, 0x00, 0x00, 0xf8, 0x00, 0x02, 0x00, 0x86, 0x07, 0x00, 0x00,
    0xf5, 0x00, 0x07, 0x00, 0x09, 0x00, 0x00, 0x00, 0x8b, 0x07, 0x00, 0x00, 0x8a, 0x07, 0x00, 0x00,
    0x87, 0x07, 0x00, 0x00, 0x89, 0x07, 0x00, 0x00, 0x88, 0x07, 0x00, 0x00, 0x82, 0x00, 0x05, 0x00,
    0x09, 0x00, 0x00, 0x00, 0x8c, 0x07, 0x00, 0x00, 0x0e, 0x00, 0x00, 0x00, 0x8b, 0x07, 0x00, 0x00,
    0xc7, 0x00, 0x05, 0x00, 0x09, 0x00, 0x00, 0x00, 0x8d, 0x07, 0x00, 0x00, 0x8c, 0x07, 0x00, 0x00,
    0x27, 0x00, 0x00, 0x00, 0x7c, 0x00, 0x04, 0x00, 0x0c, 0x00, 0x00, 0x00, 0x8e, 0x07, 0x00, 0x00,
    0x8d, 0x07, 0x00, 0x00, 0xf9, 0x00, 0x02, 0x00, 0x79, 0x07, 0x00, 0x00, 0xf8, 0x00, 0x02, 0x00,
    0x79, 0x07, 0x00, 0x00, 0xf5, 0x00, 0x07, 0x00, 0x0c, 0x00, 0x00, 0x00, 0x8f, 0x07, 0x00, 0x00,
    0x8e, 0x07, 0x00, 0x00, 0x86, 0x07, 0x00, 0x00, 0x7e, 0x07, 0x00, 0x00, 0x7b, 0x07, 0x00, 0x00,
    0x80, 0x00, 0x05, 0x00, 0x0c, 0x00, 0x00, 0x00, 0x90, 0x07, 0x00, 0x00, 0x93, 0x05, 0x00, 0x00,
    0x8f, 0x07, 0x00, 0x00, 0xc7, 0x00, 0x05, 0x00, 0x09, 0x00, 0x00, 0x00, 0x91, 0x07, 0x00, 0x00,
    0xe0, 0x06, 0x00, 0x00, 0x27, 0x00, 0x00, 0x00, 0x7c, 0x00, 0x04, 0x00, 0x0c, 0x00, 0x00, 0x00,
    0x92, 0x07, 0x00, 0x00, 0x91, 0x07, 0x00, 0x00, 0x80, 0x00, 0x05, 0x00, 0x0c, 0x00, 0x00, 0x00,
    0x93, 0x07, 0x00, 0x00, 0x92, 0x07, 0x00, 0x00, 0x92, 0x05, 0x00, 0x00, 0xc7, 0x00, 0x05, 0x00,
    0x0c, 0x00, 0x00, 0x00, 0x94, 0x07, 0x00, 0x00, 0x93, 0x07, 0x00, 0x00, 0x32, 0x00, 0x00, 0x00,
    0x7c, 0x00, 0x04, 0x00, 0x09, 0x00, 0x00, 0x00, 0x95, 0x07, 0x00, 0x00, 0x94, 0x07, 0x00, 0x00,
    0x84, 0x00, 0x05, 0x00, 0x09, 0x00, 0x00, 0x00, 0x96, 0x07, 0x00, 0x00, 0x95, 0x07, 0x00, 0x00,
    0x28, 0x00, 0x00, 0x00, 0x80, 0x00, 0x05, 0x00, 0x09, 0x00, 0x00, 0x00, 0x97, 0x07, 0x00, 0x00,
    0x40, 0x00, 0x00, 0x00, 0x96, 0x07, 0x00, 0x00, 0xc7, 0x00, 0x05, 0x00, 0x0c, 0x00, 0x00, 0x00,
    0x98, 0x07, 0x00, 0x00, 0x90, 0x07, 0x00, 0x00, 0x32, 0x00, 0x00, 0x00, 0x7c, 0x00, 0x04, 0x00,
    0x09, 0x00, 0x00, 0x00, 0x99, 0x07, 0x00, 0x00, 0x98, 0x07, 0x00, 0x00, 0x80, 0x00, 0x05, 0x00,
    0x09, 0x00, 0x00, 0x00, 0x9a, 0x07, 0x00, 0x00, 0x97, 0x07, 0x00, 0x00, 0x99, 0x07, 0x00, 0x00,
    0xc2, 0x00, 0x05, 0x00, 0x09, 0x00, 0x00, 0x00, 0x9b, 0x07, 0x00, 0x00, 0x9a, 0x07, 0x00, 0x00,
    0x12, 0x00, 0x00, 0x00, 0x41, 0x00, 0x06, 0x00, 0x38, 0x00, 0x00, 0x00, 0x9c, 0x07, 0x00, 0x00,
    0x06, 0x00, 0x00, 0x00, 0x11, 0x00, 0x00, 0x00, 0x9b, 0x07, 0x00, 0x00, 0x3d, 0x00, 0x04, 0x00,
    0x09, 0x00, 0x00, 0x00, 0x9d, 0x07, 0x00, 0x00, 0x9c, 0x07, 0x00, 0x00, 0xc7, 0x00, 0x05, 0x00,
    0x09, 0x00, 0x00, 0x00, 0x9e, 0x07, 0x00, 0x00, 0x9a, 0x07, 0x00, 0x00, 0x12, 0x00, 0x00, 0x00,
    0xab, 0x00, 0x05, 0x00, 0x15, 0x00, 0x00, 0x00, 0x9f, 0x07, 0x00, 0x00, 0x9e, 0x07, 0x00, 0x00,
    0x0e, 0x00, 0x00, 0x00, 0xf7, 0x00, 0x03, 0x00, 0xa0, 0x07, 0x00, 0x00, 0x00, 0x00, 0x00, 0x00,
    0xfa, 0x00, 0x04, 0x00, 0x9f, 0x07, 0x00, 0x00, 0xa1, 0x07, 0x00, 0x00, 0xa2, 0x07, 0x00, 0x00,
    0xf8, 0x00, 0x02, 0x00, 0xa2, 0x07, 0x00, 0x00, 0xc7, 0x00, 0x05, 0x00, 0x09, 0x00, 0x00, 0x00,
    0xa3, 0x07, 0x00, 0x00, 0x9d, 0x07, 0x00, 0x00, 0x30, 0x00, 0x00, 0x00, 0xf9, 0x00, 0x02, 0x00,
    0xa0, 0x07, 0x00, 0x00, 0xf8, 0x00, 0x02, 0x00, 0xa1, 0x07, 0x00, 0x00, 0xc2, 0x00, 0x05, 0x00,
    0x09, 0x00, 0x00, 0x00, 0xa4, 0x07, 0x00, 0x00, 0x9d, 0x07, 0x00, 0x00, 0x0a, 0x00, 0x00, 0x00,
    0xf9, 0x00, 0x02, 0x00, 0xa0, 0x07, 0x00, 0x00, 0xf8, 0x00, 0x02, 0x00, 0xa0, 0x07, 0x00, 0x00,
    0xf5, 0x00, 0x07, 0x00, 0x09, 0x00, 0x00, 0x00, 0xa5, 0x07, 0x00, 0x00, 0xa4, 0x07, 0x00, 0x00,
    0xa1, 0x07, 0x00, 0x00, 0xa3, 0x07, 0x00, 0x00, 0xa2, 0x07, 0x00, 0x00, 0xc7, 0x00, 0x05, 0x00,
    0x09, 0x00, 0x00, 0x00, 0xa6, 0x07, 0x00, 0x00, 0xa5, 0x07, 0x00, 0x00, 0x2b, 0x00, 0x00, 0x00,
    0xf9, 0x00, 0x02, 0x00, 0xda, 0x06, 0x00, 0x00, 0xf8, 0x00, 0x02, 0x00, 0xda, 0x06, 0x00, 0x00,
    0xf5, 0x00, 0x0d, 0x00, 0x09, 0x00, 0x00, 0x00, 0xa7, 0x07, 0x00, 0x00, 0x0e, 0x00, 0x00, 0x00,
    0xe6, 0x06, 0x00, 0x00, 0x0e, 0x00, 0x00, 0x00, 0x59, 0x07, 0x00, 0x00, 0x5a, 0x07, 0x00, 0x00,
    0x58, 0x07, 0x00, 0x00, 0x0e, 0x00, 0x00, 0x00, 0x76, 0x07, 0x00, 0x00, 0xa6, 0x07, 0x00, 0x00,
    0xa0, 0x07, 0x00, 0x00, 0xf5, 0x00, 0x0d, 0x00, 0x15, 0x00, 0x00, 0x00, 0xa8, 0x07, 0x00, 0x00,
    0x16, 0x00, 0x00, 0x00, 0xe6, 0x06, 0x00, 0x00, 0x16, 0x00, 0x00, 0x00, 0x59, 0x07, 0x00, 0x00,
    0x20, 0x00, 0x00, 0x00, 0x58, 0x07, 0x00, 0x00, 0x16, 0x00, 0x00, 0x00, 0x76, 0x07, 0x00, 0x00,
    0x20, 0x00, 0x00, 0x00, 0xa0, 0x07, 0x00, 0x00, 0xf7, 0x00, 0x03, 0x00, 0xa9, 0x07, 0x00, 0x00,
    0x00, 0x00, 0x00, 0x00, 0xfa, 0x00, 0x04, 0x00, 0xa8, 0x07, 0x00, 0x00, 0xaa, 0x07, 0x00, 0x00,
    0xa9, 0x07, 0x00, 0x00, 0xf8, 0x00, 0x02, 0x00, 0xaa, 0x07, 0x00, 0x00, 0xf9, 0x00, 0x02, 0x00,
    0x94, 0x05, 0x00, 0x00, 0xf8, 0x00, 0x02, 0x00, 0xa9, 0x07, 0x00, 0x00, 0xf7, 0x00, 0x03, 0x00,
    0xab, 0x07, 0x00, 0x00, 0x00, 0x00, 0x00, 0x00, 0xfb, 0x00, 0x03, 0x00, 0x0e, 0x00, 0x00, 0x00,
    0xac, 0x07, 0x00, 0x00, 0xf8, 0x00, 0x02, 0x00, 0xac, 0x07, 0x00, 0x00, 0x3d, 0x00, 0x04, 0x00,
    0x09, 0x00, 0x00, 0x00, 0xad, 0x07, 0x00, 0x00, 0xdc, 0x06, 0x00, 0x00, 0xc2, 0x00, 0x05, 0x00,
    0x09, 0x00, 0x00, 0x00, 0xae, 0x07, 0x00, 0x00, 0xad, 0x07, 0x00, 0x00, 0x0a, 0x00, 0x00, 0x00,
    0x3d, 0x00, 0x04, 0x00, 0x09, 0x00, 0x00, 0x00, 0xaf, 0x07, 0x00, 0x00, 0xdf, 0x06, 0x00, 0x00,
    0xc2, 0x00, 0x05, 0x00, 0x09, 0x00, 0x00, 0x00, 0xb0, 0x07, 0x00, 0x00, 0xaf, 0x07, 0x00, 0x00,
    0x0a, 0x00, 0x00, 0x00, 0x3d, 0x00, 0x04, 0x00, 0x09, 0x00, 0x00, 0x00, 0xb1, 0x07, 0x00, 0x00,
    0xdf, 0x06, 0x00, 0x00, 0xc7, 0x00, 0x05, 0x00, 0x09, 0x00, 0x00, 0x00, 0xb2, 0x07, 0x00, 0x00,
    0xb0, 0x07, 0x00, 0x00, 0x24, 0x00, 0x00, 0x00, 0xab, 0x00, 0x05, 0x00, 0x15, 0x00, 0x00, 0x00,
    0xb3, 0x07, 0x00, 0x00, 0xb2, 0x07, 0x00, 0x00, 0x0e, 0x00, 0x00, 0x00, 0xf7, 0x00, 0x03, 0x00,
    0xb4, 0x07, 0x00, 0x00, 0x00, 0x00, 0x00, 0x00, 0xfa, 0x00, 0x04, 0x00, 0xb3, 0x07, 0x00, 0x00,
    0xb5, 0x07, 0x00, 0x00, 0xb4, 0x07, 0x00, 0x00, 0xf8, 0x00, 0x02, 0x00, 0xb5, 0x07, 0x00, 0x00,
    0xf9, 0x00, 0x02, 0x00, 0xab, 0x07, 0x00, 0x00, 0xf8, 0x00, 0x02, 0x00, 0xb4, 0x07, 0x00, 0x00,
    0xc7, 0x00, 0x05, 0x00, 0x09, 0x00, 0x00, 0x00, 0xb6, 0x07, 0x00, 0x00, 0xb1, 0x07, 0x00, 0x00,
    0x25, 0x00, 0x00, 0x00, 0xab, 0x00, 0x05, 0x00, 0x15, 0x00, 0x00, 0x00, 0xb7, 0x07, 0x00, 0x00,
    0xb6, 0x07, 0x00, 0x00, 0x0e, 0x00, 0x00, 0x00, 0xf7, 0x00, 0x03, 0x00, 0xb8, 0x07, 0x00, 0x00,
    0x00, 0x00, 0x00, 0x00, 0xfa, 0x00, 0x04, 0x00, 0xb7, 0x07, 0x00, 0x00, 0xb9, 0x07, 0x00, 0x00,
    0xb8, 0x07, 0x00, 0x00, 0xf8, 0x00, 0x02, 0x00, 0xb9, 0x07, 0x00, 0x00, 0xf9, 0x00, 0x02, 0x00,
    0xab, 0x07, 0x00, 0x00, 0xf8, 0x00, 0x02, 0x00, 0xb8, 0x07, 0x00, 0x00, 0x7c, 0x00, 0x04, 0x00,
    0x09, 0x00, 0x00, 0x00, 0xba, 0x07, 0x00, 0x00, 0x92, 0x05, 0x00, 0x00, 0x84, 0x00, 0x05, 0x00,
    0x09, 0x00, 0x00, 0x00, 0xbb, 0x07, 0x00, 0x00, 0xba, 0x07, 0x00, 0x00, 0x21, 0x00, 0x00, 0x00,
    0x80, 0x00, 0x05, 0x00, 0x09, 0x00, 0x00, 0x00, 0xbc, 0x07, 0x00, 0x00, 0x2c, 0x00, 0x00, 0x00,
    0xbb, 0x07, 0x00, 0x00, 0xc3, 0x00, 0x05, 0x00, 0x0c, 0x00, 0x00, 0x00, 0xbd, 0x07, 0x00, 0x00,
    0x93, 0x05, 0x00, 0x00, 0x2d, 0x00, 0x00, 0x00, 0x7c, 0x00, 0x04, 0x00, 0x09, 0x00, 0x00, 0x00,
    0xbe, 0x07, 0x00, 0x00, 0xbd, 0x07, 0x00, 0x00, 0x80, 0x00, 0x05, 0x00, 0x09, 0x00, 0x00, 0x00,
    0xbf, 0x07, 0x00, 0x00, 0xbc, 0x07, 0x00, 0x00, 0xbe, 0x07, 0x00, 0x00, 0x82, 0x00, 0x05, 0x00,
    0x09, 0x00, 0x00, 0x00, 0xc0, 0x07, 0x00, 0x00, 0xbf, 0x07, 0x00, 0x00, 0x29, 0x00, 0x00, 0x00,
    0xc2, 0x00, 0x05, 0x00, 0x09, 0x00, 0x00, 0x00, 0xc1, 0x07, 0x00, 0x00, 0xc0, 0x07, 0x00, 0x00,
    0x12, 0x00, 0x00, 0x00, 0x80, 0x00, 0x05, 0x00, 0x09, 0x00, 0x00, 0x00, 0xc2, 0x07, 0x00, 0x00,
    0x0b, 0x00, 0x00, 0x00, 0xc1, 0x07, 0x00, 0x00, 0x41, 0x00, 0x06, 0x00, 0x38, 0x00, 0x00, 0x00,
    0xc3, 0x07, 0x00, 0x00, 0x07, 0x00, 0x00, 0x00, 0x11, 0x00, 0x00, 0x00, 0xc2, 0x07, 0x00, 0x00,
    0x3d, 0x00, 0x04, 0x00, 0x09, 0x00, 0x00, 0x00, 0xc4, 0x07, 0x00, 0x00, 0xc3, 0x07, 0x00, 0x00,
    0xc7, 0x00, 0x05, 0x00, 0x09, 0x00, 0x00, 0x00, 0xc5, 0x07, 0x00, 0x00, 0xbf, 0x07, 0x00, 0x00,
    0x12, 0x00, 0x00, 0x00, 0xab, 0x00, 0x05, 0x00, 0x15, 0x00, 0x00, 0x00, 0xc6, 0x07, 0x00, 0x00,
    0xc5, 0x07, 0x00, 0x00, 0x0e, 0x00, 0x00, 0x00, 0xf7, 0x00, 0x03, 0x00, 0xc7, 0x07, 0x00, 0x00,
    0x00, 0x00, 0x00, 0x00, 0xfa, 0x00, 0x04, 0x00, 0xc6, 0x07, 0x00, 0x00, 0xc8, 0x07, 0x00, 0x00,
    0xc9, 0x07, 0x00, 0x00, 0xf8, 0x00, 0x02, 0x00, 0xc9, 0x07, 0x00, 0x00, 0xc7, 0x00, 0x05, 0x00,
    0x09, 0x00, 0x00, 0x00, 0xca, 0x07, 0x00, 0x00, 0xc4, 0x07, 0x00, 0x00, 0x30, 0x00, 0x00, 0x00,
    0xf9, 0x00, 0x02, 0x00, 0xc7, 0x07, 0x00, 0x00, 0xf8, 0x00, 0x02, 0x00, 0xc8, 0x07, 0x00, 0x00,
    0xc2, 0x00, 0x05, 0x00, 0x09, 0x00, 0x00, 0x00, 0xcb, 0x07, 0x00, 0x00, 0xc4, 0x07, 0x00, 0x00,
    0x0a, 0x00, 0x00, 0x00, 0xf9, 0x00, 0x02, 0x00, 0xc7, 0x07, 0x00, 0x00, 0xf8, 0x00, 0x02, 0x00,
    0xc7, 0x07, 0x00, 0x00, 0xf5, 0x00, 0x07, 0x00, 0x09, 0x00, 0x00, 0x00, 0xcc, 0x07, 0x00, 0x00,
    0xcb, 0x07, 0x00, 0x00, 0xc8, 0x07, 0x00, 0x00, 0xca, 0x07, 0x00, 0x00, 0xc9, 0x07, 0x00, 0x00,
    0xc8, 0x00, 0x04, 0x00, 0x09, 0x00, 0x00, 0x00, 0xcd, 0x07, 0x00, 0x00, 0xcc, 0x07, 0x00, 0x00,
    0xc3, 0x00, 0x05, 0x00, 0x0c, 0x00, 0x00, 0x00, 0xce, 0x07, 0x00, 0x00, 0x93, 0x05, 0x00, 0x00,
    0x2e, 0x00, 0x00, 0x00, 0xc7, 0x00, 0x05, 0x00, 0x0c, 0x00, 0x00, 0x00, 0xcf, 0x07, 0x00, 0x00,
    0xce, 0x07, 0x00, 0x00, 0x2f, 0x00, 0x00, 0x00, 0x7c, 0x00, 0x04, 0x00, 0x09, 0x00, 0x00, 0x00,
    0xd0, 0x07, 0x00, 0x00, 0xcf, 0x07, 0x00, 0x00, 0xc7, 0x00, 0x05, 0x00, 0x09, 0x00, 0x00, 0x00,
    0xd1, 0x07, 0x00, 0x00, 0xd0, 0x07, 0x00, 0x00, 0x1d, 0x00, 0x00, 0x00, 0xc2, 0x00, 0x05, 0x00,
    0x09, 0x00, 0x00, 0x00, 0xd2, 0x07, 0x00, 0x00, 0x24, 0x00, 0x00, 0x00, 0xd1, 0x07, 0x00, 0x00,
    0xc7, 0x00, 0x05, 0x00, 0x09, 0x00, 0x00, 0x00, 0xd3, 0x07, 0x00, 0x00, 0xcd, 0x07, 0x00, 0x00,
    0xd2, 0x07, 0x00, 0x00, 0xab, 0x00, 0x05, 0x00, 0x15, 0x00, 0x00, 0x00, 0xd4, 0x07, 0x00, 0x00,
    0xd3, 0x07, 0x00, 0x00, 0x0e, 0x00, 0x00, 0x00, 0xf7, 0x00, 0x03, 0x00, 0xd5, 0x07, 0x00, 0x00,
    0x00, 0x00, 0x00, 0x00, 0xfa, 0x00, 0x04, 0x00, 0xd4, 0x07, 0x00, 0x00, 0xd6, 0x07, 0x00, 0x00,
    0xd5, 0x07, 0x00, 0x00, 0xf8, 0x00, 0x02, 0x00, 0xd6, 0x07, 0x00, 0x00, 0xf9, 0x00, 0x02, 0x00,
    0xab, 0x07, 0x00, 0x00, 0xf8, 0x00, 0x02, 0x00, 0xd5, 0x07, 0x00, 0x00, 0xc7, 0x00, 0x05, 0x00,
    0x09, 0x00, 0x00, 0x00, 0xd7, 0x07, 0x00, 0x00, 0xae, 0x07, 0x00, 0x00, 0x24, 0x00, 0x00, 0x00,
    0xab, 0x00, 0x05, 0x00, 0x15, 0x00, 0x00, 0x00, 0xd8, 0x07, 0x00, 0x00, 0xd7, 0x07, 0x00, 0x00,
    0x0e, 0x00, 0x00, 0x00, 0xf7, 0x00, 0x03, 0x00, 0xd9, 0x07, 0x00, 0x00, 0x00, 0x00, 0x00, 0x00,
    0xfa, 0x00, 0x04, 0x00, 0xd8, 0x07, 0x00, 0x00, 0xda, 0x07, 0x00, 0x00, 0xdb, 0x07, 0x00, 0x00,
    0xf8, 0x00, 0x02, 0x00, 0xdb, 0x07, 0x00, 0x00, 0x82, 0x00, 0x05, 0x00, 0x09, 0x00, 0x00, 0x00,
    0xdc, 0x07, 0x00, 0x00, 0x0e, 0x00, 0x00, 0x00, 0xae, 0x07, 0x00, 0x00, 0xc7, 0x00, 0x05, 0x00,
    0x09, 0x00, 0x00, 0x00, 0xdd, 0x07, 0x00, 0x00, 0xdc, 0x07, 0x00, 0x00, 0x27, 0x00, 0x00, 0x00,
    0x7c, 0x00, 0x04, 0x00, 0x0c, 0x00, 0x00, 0x00, 0xde, 0x07, 0x00, 0x00, 0xdd, 0x07, 0x00, 0x00,
    0xf9, 0x00, 0x02, 0x00, 0xd9, 0x07, 0x00, 0x00, 0xf8, 0x00, 0x02, 0x00, 0xda, 0x07, 0x00, 0x00,
    0x80, 0x00, 0x05, 0x00, 0x09, 0x00, 0x00, 0x00, 0xdf, 0x07, 0x00, 0x00, 0xba, 0x07, 0x00, 0x00,
    0x41, 0x00, 0x00, 0x00, 0xc2, 0x00, 0x05, 0x00, 0x09, 0x00, 0x00, 0x00, 0xe0, 0x07, 0x00, 0x00,
    0xdf, 0x07, 0x00, 0x00, 0x12, 0x00, 0x00, 0x00, 0x80, 0x00, 0x05, 0x00, 0x09, 0x00, 0x00, 0x00,
    0xe1, 0x07, 0x00, 0x00, 0x0b, 0x00, 0x00, 0x00, 0xe0, 0x07, 0x00, 0x00, 0x41, 0x00, 0x06, 0x00,
    0x38, 0x00, 0x00, 0x00, 0xe2, 0x07, 0x00, 0x00, 0x07, 0x00, 0x00, 0x00, 0x11, 0x00, 0x00, 0x00,
    0xe1, 0x07, 0x00, 0x00, 0x3d, 0x00, 0x04, 0x00, 0x09, 0x00, 0x00, 0x00, 0xe3, 0x07, 0x00, 0x00,
    0xe2, 0x07, 0x00, 0x00, 0xc7, 0x00, 0x05, 0x00, 0x09, 0x00, 0x00, 0x00, 0xe4, 0x07, 0x00, 0x00,
    0xba, 0x07, 0x00, 0x00, 0x12, 0x00, 0x00, 0x00, 0xab, 0x00, 0x05, 0x00, 0x15, 0x00, 0x00, 0x00,
    0xe5, 0x07, 0x00, 0x00, 0xe4, 0x07, 0x00, 0x00, 0x0e, 0x00, 0x00, 0x00, 0xf7, 0x00, 0x03, 0x00,
    0xe6, 0x07, 0x00, 0x00, 0x00, 0x00, 0x00, 0x00, 0xfa, 0x00, 0x04, 0x00, 0xe5, 0x07, 0x00, 0x00,
    0xe7, 0x07, 0x00, 0x00, 0xe8, 0x07, 0x00, 0x00, 0xf8, 0x00, 0x02, 0x00, 0xe8, 0x07, 0x00, 0x00,
    0xc7, 0x00, 0x05, 0x00, 0x09, 0x00, 0x00, 0x00, 0xe9, 0x07, 0x00, 0x00, 0xe3, 0x07, 0x00, 0x00,
    0x30, 0x00, 0x00, 0x00, 0xf9, 0x00, 0x02, 0x00, 0xe6, 0x07, 0x00, 0x00, 0xf8, 0x00, 0x02, 0x00,
    0xe7, 0x07, 0x00, 0x00, 0xc2, 0x00, 0x05, 0x00, 0x09, 0x00, 0x00, 0x00, 0xea, 0x07, 0x00, 0x00,
    0xe3, 0x07, 0x00, 0x00, 0x0a, 0x00, 0x00, 0x00, 0xf9, 0x00, 0x02, 0x00, 0xe6, 0x07, 0x00, 0x00,
    0xf8, 0x00, 0x02, 0x00, 0xe6, 0x07, 0x00, 0x00, 0xf5, 0x00, 0x07, 0x00, 0x09, 0x00, 0x00, 0x00,
    0xeb, 0x07, 0x00, 0x00, 0xea, 0x07, 0x00, 0x00, 0xe7, 0x07, 0x00, 0x00, 0xe9, 0x07, 0x00, 0x00,
    0xe8, 0x07, 0x00, 0x00, 0x82, 0x00, 0x05, 0x00, 0x09, 0x00, 0x00, 0x00, 0xec, 0x07, 0x00, 0x00,
    0x0e, 0x00, 0x00, 0x00, 0xeb, 0x07, 0x00, 0x00, 0xc7, 0x00, 0x05, 0x00, 0x09, 0x00, 0x00, 0x00,
    0xed, 0x07, 0x00, 0x00, 0xec, 0x07, 0x00, 0x00, 0x27, 0x00, 0x00, 0x00, 0x7c, 0x00, 0x04, 0x00,
    0x0c, 0x00, 0x00, 0x00, 0xee, 0x07, 0x00, 0x00, 0xed, 0x07, 0x00, 0x00, 0xf9, 0x00, 0x02, 0x00,
    0xd9, 0x07, 0x00, 0x00, 0xf8, 0x00, 0x02, 0x00, 0xd9, 0x07, 0x00, 0x00, 0xf5, 0x00, 0x07, 0x00,
    0x0c, 0x00, 0x00, 0x00, 0xef, 0x07, 0x00, 0x00, 0xee, 0x07, 0x00, 0x00, 0xe6, 0x07, 0x00, 0x00,
    0xde, 0x07, 0x00, 0x00, 0xdb, 0x07, 0x00, 0x00, 0x80, 0x00, 0x05, 0x00, 0x0c, 0x00, 0x00, 0x00,
    0xf0, 0x07, 0x00, 0x00, 0x93, 0x05, 0x00, 0x00, 0xef, 0x07, 0x00, 0x00, 0xc7, 0x00, 0x05, 0x00,
    0x09, 0x00, 0x00, 0x00, 0xf1, 0x07, 0x00, 0x00, 0xb0, 0x07, 0x00, 0x00, 0x27, 0x00, 0x00, 0x00,
    0x7c, 0x00, 0x04, 0x00, 0x0c, 0x00, 0x00, 0x00, 0xf2, 0x07, 0x00, 0x00, 0xf1, 0x07, 0x00, 0x00,
    0x80, 0x00, 0x05, 0x00, 0x0c, 0x00, 0x00, 0x00, 0xf3, 0x07, 0x00, 0x00, 0xf2, 0x07, 0x00, 0x00,
    0x92, 0x05, 0x00, 0x00, 0xc7, 0x00, 0x05, 0x00, 0x0c, 0x00, 0x00, 0x00, 0xf4, 0x07, 0x00, 0x00,
    0xf3, 0x07, 0x00, 0x00, 0x32, 0x00, 0x00, 0x00, 0x7c, 0x00, 0x04, 0x00, 0x09, 0x00, 0x00, 0x00,
    0xf5, 0x07, 0x00, 0x00, 0xf4, 0x07, 0x00, 0x00, 0x84, 0x00, 0x05, 0x00, 0x09, 0x00, 0x00, 0x00,
    0xf6, 0x07, 0x00, 0x00, 0xf5, 0x07, 0x00, 0x00, 0x28, 0x00, 0x00, 0x00, 0x80, 0x00, 0x05, 0x00,
    0x09, 0x00, 0x00, 0x00, 0xf7, 0x07, 0x00, 0x00, 0x42, 0x00, 0x00, 0x00, 0xf6, 0x07, 0x00, 0x00,
    0xc7, 0x00, 0x05, 0x00, 0x0c, 0x00, 0x00, 0x00, 0xf8, 0x07, 0x00, 0x00, 0xf0, 0x07, 0x00, 0x00,
    0x32, 0x00, 0x00, 0x00, 0x7c, 0x00, 0x04, 0x00, 0x09, 0x00, 0x00, 0x00, 0xf9, 0x07, 0x00, 0x00,
    0xf8, 0x07, 0x00, 0x00, 0x80, 0x00, 0x05, 0x00, 0x09, 0x00, 0x00, 0x00, 0xfa, 0x07, 0x00, 0x00,
    0xf7, 0x07, 0x00, 0x00, 0xf9, 0x07, 0x00, 0x00, 0xc2, 0x00, 0x05, 0x00, 0x09, 0x00, 0x00, 0x00,
    0xfb, 0x07, 0x00, 0x00, 0xfa, 0x07, 0x00, 0x00, 0x12, 0x00, 0x00, 0x00, 0x41, 0x00, 0x06, 0x00,
    0x38, 0x00, 0x00, 0x00, 0xfc, 0x07, 0x00, 0x00, 0x06, 0x00, 0x00, 0x00, 0x11, 0x00, 0x00, 0x00,
    0xfb, 0x07, 0x00, 0x00, 0x3d, 0x00, 0x04, 0x00, 0x09, 0x00, 0x00, 0x00, 0xfd, 0x07, 0x00, 0x00,
    0xfc, 0x07, 0x00, 0x00, 0xc7, 0x00, 0x05, 0x00, 0x09, 0x00, 0x00, 0x00, 0xfe, 0x07, 0x00, 0x00,
    0xfa, 0x07, 0x00, 0x00, 0x12, 0x00, 0x00, 0x00, 0xab, 0x00, 0x05, 0x00, 0x15, 0x00, 0x00, 0x00,
    0xff, 0x07, 0x00, 0x00, 0xfe, 0x07, 0x00, 0x00, 0x0e, 0x00, 0x00, 0x00, 0xf7, 0x00, 0x03, 0x00,
    0x00, 0x08, 0x00, 0x00, 0x00, 0x00, 0x00, 0x00, 0xfa, 0x00, 0x04, 0x00, 0xff, 0x07, 0x00, 0x00,
    0x01, 0x08, 0x00, 0x00, 0x02, 0x08, 0x00, 0x00, 0xf8, 0x00, 0x02, 0x00, 0x02, 0x08, 0x00, 0x00,
    0xc7, 0x00, 0x05, 0x00, 0x09, 0x00, 0x00, 0x00, 0x03, 0x08, 0x00, 0x00, 0xfd, 0x07, 0x00, 0x00,
    0x30, 0x00, 0x00, 0x00, 0xf9, 0x00, 0x02, 0x00, 0x00, 0x08, 0x00, 0x00, 0xf8, 0x00, 0x02, 0x00,
    0x01, 0x08, 0x00, 0x00, 0xc2, 0x00, 0x05, 0x00, 0x09, 0x00, 0x00, 0x00, 0x04, 0x08, 0x00, 0x00,
    0xfd, 0x07, 0x00, 0x00, 0x0a, 0x00, 0x00, 0x00, 0xf9, 0x00, 0x02, 0x00, 0x00, 0x08, 0x00, 0x00,
    0xf8, 0x00, 0x02, 0x00, 0x00, 0x08, 0x00, 0x00, 0xf5, 0x00, 0x07, 0x00, 0x09, 0x00, 0x00, 0x00,
    0x05, 0x08, 0x00, 0x00, 0x04, 0x08, 0x00, 0x00, 0x01, 0x08, 0x00, 0x00, 0x03, 0x08, 0x00, 0x00,
    0x02, 0x08, 0x00, 0x00, 0xc7, 0x00, 0x05, 0x00, 0x09, 0x00, 0x00, 0x00, 0x06, 0x08, 0x00, 0x00,
    0x05, 0x08, 0x00, 0x00, 0x2b, 0x00, 0x00, 0x00, 0xf9, 0x00, 0x02, 0x00, 0xab, 0x07, 0x00, 0x00,
    0xf8, 0x00, 0x02, 0x00, 0xab, 0x07, 0x00, 0x00, 0xf5, 0x00, 0x0b, 0x00, 0x09, 0x00, 0x00, 0x00,
    0x07, 0x08, 0x00, 0x00, 0x0e, 0x00, 0x00, 0x00, 0xb5, 0x07, 0x00, 0x00, 0x0e, 0x00, 0x00, 0x00,
    0xb9, 0x07, 0x00, 0x00, 0x0e, 0x00, 0x00, 0x00, 0xd6, 0x07, 0x00, 0x00, 0x06, 0x08, 0x00, 0x00,
    0x00, 0x08, 0x00, 0x00, 0xf5, 0x00, 0x0b, 0x00, 0x15, 0x00, 0x00, 0x00, 0x08, 0x08, 0x00, 0x00,
    0x16, 0x00, 0x00, 0x00, 0xb5, 0x07, 0x00, 0x00, 0x16, 0x00, 0x00, 0x00, 0xb9, 0x07, 0x00, 0x00,
    0x16, 0x00, 0x00, 0x00, 0xd6, 0x07, 0x00, 0x00, 0x20, 0x00, 0x00, 0x00, 0x00, 0x08, 0x00, 0x00,
    0xf7, 0x00, 0x03, 0x00, 0x09, 0x08, 0x00, 0x00, 0x00, 0x00, 0x00, 0x00, 0xfa, 0x00, 0x04, 0x00,
    0x08, 0x08, 0x00, 0x00, 0x0a, 0x08, 0x00, 0x00, 0x09, 0x08, 0x00, 0x00, 0xf8, 0x00, 0x02, 0x00,
    0x0a, 0x08, 0x00, 0x00, 0xf9, 0x00, 0x02, 0x00, 0x94, 0x05, 0x00, 0x00, 0xf8, 0x00, 0x02, 0x00,
    0x09, 0x08, 0x00, 0x00, 0xf9, 0x00, 0x02, 0x00, 0x94, 0x05, 0x00, 0x00, 0xf8, 0x00, 0x02, 0x00,
    0x94, 0x05, 0x00, 0x00, 0xf5, 0x00, 0x0d, 0x00, 0x09, 0x00, 0x00, 0x00, 0x0b, 0x08, 0x00, 0x00,
    0x6d, 0x06, 0x00, 0x00, 0x70, 0x06, 0x00, 0x00, 0xd6, 0x06, 0x00, 0x00, 0xd9, 0x06, 0x00, 0x00,
    0xa7, 0x07, 0x00, 0x00, 0xaa, 0x07, 0x00, 0x00, 0x07, 0x08, 0x00, 0x00, 0x0a, 0x08, 0x00, 0x00,
    0x0e, 0x00, 0x00, 0x00, 0x09, 0x08, 0x00, 0x00, 0x80, 0x00, 0x05, 0x00, 0x09, 0x00, 0x00, 0x00,
    0x0c, 0x08, 0x00, 0x00, 0x0a, 0x00, 0x00, 0x00, 0x0b, 0x08, 0x00, 0x00, 0x41, 0x00, 0x06, 0x00,
    0x38, 0x00, 0x00, 0x00, 0x0d, 0x08, 0x00, 0x00, 0x07, 0x00, 0x00, 0x00, 0x11, 0x00, 0x00, 0x00,
    0x0c, 0x08, 0x00, 0x00, 0x3d, 0x00, 0x04, 0x00, 0x09, 0x00, 0x00, 0x00, 0x0e, 0x08, 0x00, 0x00,
    0x0d, 0x08, 0x00, 0x00, 0xc2, 0x00, 0x05, 0x00, 0x09, 0x00, 0x00, 0x00, 0x0f, 0x08, 0x00, 0x00,
    0x0e, 0x08, 0x00, 0x00, 0x0a, 0x00, 0x00, 0x00, 0xc7, 0x00, 0x05, 0x00, 0x09, 0x00, 0x00, 0x00,
    0x10, 0x08, 0x00, 0x00, 0x0f, 0x08, 0x00, 0x00, 0x1e, 0x00, 0x00, 0x00, 0x70, 0x00, 0x04, 0x00,
    0x17, 0x00, 0x00, 0x00, 0x11, 0x08, 0x00, 0x00, 0x10, 0x08, 0x00, 0x00, 0xc2, 0x00, 0x05, 0x00,
    0x09, 0x00, 0x00, 0x00, 0x12, 0x08, 0x00, 0x00, 0x0e, 0x08, 0x00, 0x00, 0x10, 0x00, 0x00, 0x00,
    0xc7, 0x00, 0x05, 0x00, 0x09, 0x00, 0x00, 0x00, 0x13, 0x08, 0x00, 0x00, 0x12, 0x08, 0x00, 0x00,
    0x1e, 0x00, 0x00, 0x00, 0x70, 0x00, 0x04, 0x00, 0x17, 0x00, 0x00, 0x00, 0x14, 0x08, 0x00, 0x00,
    0x13, 0x08, 0x00, 0x00, 0xc7, 0x00, 0x05, 0x00, 0x09, 0x00, 0x00, 0x00, 0x15, 0x08, 0x00, 0x00,
    0x0e, 0x08, 0x00, 0x00, 0x1e, 0x00, 0x00, 0x00, 0x70, 0x00, 0x04, 0x00, 0x17, 0x00, 0x00, 0x00,
    0x16, 0x08, 0x00, 0x00, 0x15, 0x08, 0x00, 0x00, 0x50, 0x00, 0x07, 0x00, 0x23, 0x00, 0x00, 0x00,
    0x17, 0x08, 0x00, 0x00, 0x11, 0x08, 0x00, 0x00, 0x14, 0x08, 0x00, 0x00, 0x16, 0x08, 0x00, 0x00,
    0x22, 0x00, 0x00, 0x00, 0x85, 0x00, 0x05, 0x00, 0x23, 0x00, 0x00, 0x00, 0x18, 0x08, 0x00, 0x00,
    0x17, 0x08, 0x00, 0x00, 0x44, 0x00, 0x00, 0x00, 0xf9, 0x00, 0x02, 0x00, 0x47, 0x00, 0x00, 0x00,
    0xf8, 0x00, 0x02, 0x00, 0x47, 0x00, 0x00, 0x00, 0xf5, 0x00, 0x07, 0x00, 0x23, 0x00, 0x00, 0x00,
    0x19, 0x08, 0x00, 0x00, 0x82, 0x05, 0x00, 0x00, 0x6a, 0x05, 0x00, 0x00, 0x18, 0x08, 0x00, 0x00,
    0x94, 0x05, 0x00, 0x00, 0x3e, 0x00, 0x03, 0x00, 0x04, 0x00, 0x00, 0x00, 0x19, 0x08, 0x00, 0x00,
    0xfd, 0x00, 0x01, 0x00, 0x38, 0x00, 0x01, 0x00
};

static const unsigned char k_ps_tiles_back_dxil[] = {
    0x44, 0x58, 0x42, 0x43, 0x41, 0xf6, 0x8f, 0xd4, 0x4e, 0xde, 0x27, 0x2a, 0x66, 0xb4, 0x2a, 0xc4,
    0xb8, 0xf4, 0xe9, 0x55, 0x01, 0x00, 0x00, 0x00, 0xb0, 0x28, 0x00, 0x00, 0x07, 0x00, 0x00, 0x00,
    0x3c, 0x00, 0x00, 0x00, 0x4c, 0x00, 0x00, 0x00, 0xb4, 0x00, 0x00, 0x00, 0xf0, 0x00, 0x00, 0x00,
    0xe0, 0x01, 0x00, 0x00, 0xcc, 0x08, 0x00, 0x00, 0xe8, 0x08, 0x00, 0x00, 0x53, 0x46, 0x49, 0x30,
    0x08, 0x00, 0x00, 0x00, 0x00, 0x00, 0x00, 0x00, 0x00, 0x00, 0x00, 0x00, 0x49, 0x53, 0x47, 0x31,
    0x60, 0x00, 0x00, 0x00, 0x02, 0x00, 0x00, 0x00, 0x08, 0x00, 0x00, 0x00, 0x00, 0x00, 0x00, 0x00,
    0x48, 0x00, 0x00, 0x00, 0x00, 0x00, 0x00, 0x00, 0x01, 0x00, 0x00, 0x00, 0x03, 0x00, 0x00, 0x00,
    0x00, 0x00, 0x00, 0x00, 0x0f, 0x03, 0x00, 0x00, 0x00, 0x00, 0x00, 0x00, 0x00, 0x00, 0x00, 0x00,
    0x54, 0x00, 0x00, 0x00, 0x00, 0x00, 0x00, 0x00, 0x00, 0x00, 0x00, 0x00, 0x03, 0x00, 0x00, 0x00,
    0x01, 0x00, 0x00, 0x00, 0x03, 0x00, 0x00, 0x00, 0x00, 0x00, 0x00, 0x00, 0x53, 0x56, 0x5f, 0x50,
    0x6f, 0x73, 0x69, 0x74, 0x69, 0x6f, 0x6e, 0x00, 0x54, 0x45, 0x58, 0x43, 0x4f, 0x4f, 0x52, 0x44,
    0x00, 0x00, 0x00, 0x00, 0x4f, 0x53, 0x47, 0x31, 0x34, 0x00, 0x00, 0x00, 0x01, 0x00, 0x00, 0x00,
    0x08, 0x00, 0x00, 0x00, 0x00, 0x00, 0x00, 0x00, 0x28, 0x00, 0x00, 0x00, 0x00, 0x00, 0x00, 0x00,
    0x40, 0x00, 0x00, 0x00, 0x03, 0x00, 0x00, 0x00, 0x00, 0x00, 0x00, 0x00, 0x0f, 0x00, 0x00, 0x00,
    0x00, 0x00, 0x00, 0x00, 0x53, 0x56, 0x5f, 0x54, 0x61, 0x72, 0x67, 0x65, 0x74, 0x00, 0x00, 0x00,
    0x50, 0x53, 0x56, 0x30, 0xe8, 0x00, 0x00, 0x00, 0x34, 0x00, 0x00, 0x00, 0x00, 0x00, 0x00, 0x00,
    0x00, 0x00, 0x00, 0x00, 0x00, 0x00, 0x00, 0x00, 0x00, 0x00, 0x00, 0x00, 0x00, 0x00, 0x00, 0x00,
    0xff, 0xff, 0xff, 0xff, 0x00, 0x00, 0x00, 0x00, 0x02, 0x01, 0x00, 0x02, 0x01, 0x00, 0x00, 0x00,
    0x00, 0x00, 0x00, 0x00, 0x00, 0x00, 0x00, 0x00, 0x00, 0x00, 0x00, 0x00, 0x0a, 0x00, 0x00, 0x00,
    0x02, 0x00, 0x00, 0x00, 0x18, 0x00, 0x00, 0x00, 0x05, 0x00, 0x00, 0x00, 0x02, 0x00, 0x00, 0x00,
    0x00, 0x00, 0x00, 0x00, 0x00, 0x00, 0x00, 0x00, 0x0c, 0x00, 0x00, 0x00, 0x00, 0x00, 0x00, 0x00,
    0x05, 0x00, 0x00, 0x00, 0x02, 0x00, 0x00, 0x00, 0x01, 0x00, 0x00, 0x00, 0x01, 0x00, 0x00, 0x00,
    0x0c, 0x00, 0x00, 0x00, 0x00, 0x00, 0x00, 0x00, 0x18, 0x00, 0x00, 0x00, 0x00, 0x54, 0x45, 0x58,
    0x43, 0x4f, 0x4f, 0x52, 0x44, 0x00, 0x70, 0x73, 0x5f, 0x74, 0x69, 0x6c, 0x65, 0x73, 0x5f, 0x62,
    0x61, 0x63, 0x6b, 0x00, 0x01, 0x00, 0x00, 0x00, 0x00, 0x00, 0x00, 0x00, 0x10, 0x00, 0x00, 0x00,
    0x00, 0x00, 0x00, 0x00, 0x00, 0x00, 0x00, 0x00, 0x01, 0x00, 0x44, 0x03, 0x03, 0x04, 0x00, 0x00,
    0x01, 0x00, 0x00, 0x00, 0x00, 0x00, 0x00, 0x00, 0x01, 0x01, 0x42, 0x00, 0x03, 0x02, 0x00, 0x00,
    0x00, 0x00, 0x00, 0x00, 0x00, 0x00, 0x00, 0x00, 0x01, 0x00, 0x44, 0x10, 0x03, 0x00, 0x00, 0x00,
    0x07, 0x00, 0x00, 0x00, 0x07, 0x00, 0x00, 0x00, 0x00, 0x00, 0x00, 0x00, 0x00, 0x00, 0x00, 0x00,
    0x00, 0x00, 0x00, 0x00, 0x00, 0x00, 0x00, 0x00, 0x00, 0x00, 0x00, 0x00, 0x00, 0x00, 0x00, 0x00,
    0x53, 0x54, 0x41, 0x54, 0xe4, 0x06, 0x00, 0x00, 0x60, 0x00, 0x00, 0x00, 0xb9, 0x01, 0x00, 0x00,
    0x44, 0x58, 0x49, 0x4c, 0x00, 0x01, 0x00, 0x00, 0x10, 0x00, 0x00, 0x00, 0xcc, 0x06, 0x00, 0x00,
    0x42, 0x43, 0xc0, 0xde, 0x21, 0x0c, 0x00, 0x00, 0xb0, 0x01, 0x00, 0x00, 0x0b, 0x82, 0x20, 0x00,
    0x02, 0x00, 0x00, 0x00, 0x13, 0x00, 0x00, 0x00, 0x07, 0x81, 0x23, 0x91, 0x41, 0xc8, 0x04, 0x49,
    0x06, 0x10, 0x32, 0x39, 0x92, 0x01, 0x84, 0x0c, 0x25, 0x05, 0x08, 0x19, 0x1e, 0x04, 0x8b, 0x62,
    0x80, 0x14, 0x45, 0x02, 0x42, 0x92, 0x0b, 0x42, 0xa4, 0x10, 0x32, 0x14, 0x38, 0x08, 0x18, 0x4b,
    0x0a, 0x32, 0x52, 0x88, 0x48, 0x90, 0x14, 0x20, 0x43, 0x46, 0x88, 0xa5, 0x00, 0x19, 0x32, 0x42,
    0xe4, 0x48, 0x0e, 0x90, 0x91, 0x22, 0xc4, 0x50, 0x41, 0x51, 0x81, 0x8c, 0xe1, 0x83, 0xe5, 0x8a,
    0x04, 0x29, 0x46, 0x06, 0x51, 0x18, 0x00, 0x00, 0x08, 0x00, 0x00, 0x00, 0x1b, 0x8c, 0xe0, 0xff,
    0xff, 0xff, 0xff, 0x07, 0x40, 0x02, 0xa8, 0x0d, 0x84, 0xf0, 0xff, 0xff, 0xff, 0xff, 0x03, 0x20,
    0x6d, 0x30, 0x86, 0xff, 0xff, 0xff, 0xff, 0x1f, 0x00, 0x09, 0xa8, 0x00, 0x49, 0x18, 0x00, 0x00,
    0x03, 0x00, 0x00, 0x00, 0x13, 0x82, 0x60, 0x42, 0x20, 0x4c, 0x08, 0x06, 0x00, 0x00, 0x00, 0x00,
    0x89, 0x20, 0x00, 0x00, 0x2f, 0x00, 0x00, 0x00, 0x32, 0x22, 0x48, 0x09, 0x20, 0x64, 0x85, 0x04,
    0x93, 0x22, 0xa4, 0x84, 0x04, 0x93, 0x22, 0xe3, 0x84, 0xa1, 0x90, 0x14, 0x12, 0x4c, 0x8a, 0x8c,
    0x0b, 0x84, 0xa4, 0x4c, 0x10, 0x6c, 0x23, 0x00, 0x25, 0x00, 0x14, 0x66, 0x00, 0xe6, 0x08, 0xc0,
    0x60, 0x8e, 0x00, 0x29, 0xc6, 0x20, 0x84, 0x14, 0x42, 0xa6, 0x18, 0x80, 0x10, 0x52, 0x06, 0xa1,
    0x42, 0x0c, 0x32, 0x06, 0xa9, 0x42, 0x10, 0x42, 0x08, 0x31, 0x2a, 0xf7, 0x0c, 0x97, 0x3f, 0x61,
    0x0f, 0x21, 0xf9, 0x21, 0xd0, 0x0c, 0x0b, 0x81, 0x02, 0x37, 0x47, 0x10, 0x14, 0xe3, 0x91, 0x42,
    0x08, 0xa4, 0x78, 0xd3, 0x70, 0xf9, 0x13, 0xf6, 0x10, 0x92, 0xbf, 0x12, 0xd2, 0x4a, 0x4c, 0x3e,
    0x72, 0xdb, 0xa8, 0x20, 0x84, 0x10, 0x52, 0x8a, 0x49, 0x1e, 0x21, 0x44, 0x07, 0x02, 0x66, 0x22,
    0x83, 0x71, 0x60, 0x87, 0x70, 0x98, 0x87, 0x79, 0x70, 0x83, 0x59, 0xa0, 0x07, 0x79, 0xa8, 0x87,
    0x71, 0xa0, 0x87, 0x7a, 0x90, 0x87, 0x72, 0x20, 0x07, 0x51, 0xa8, 0x07, 0x73, 0x30, 0x87, 0x72,
    0x90, 0x07, 0x3e, 0xa8, 0x07, 0x77, 0x98, 0x87, 0x74, 0x38, 0x07, 0x77, 0x28, 0x07, 0x72, 0x00,
    0x83, 0x74, 0x70, 0x07, 0x7a, 0xf0, 0x03, 0x14, 0x10, 0xba, 0x89, 0x40, 0xe6, 0x08, 0x40, 0x01,
    0x00, 0x00, 0x00, 0x00, 0x13, 0x14, 0x72, 0xc0, 0x87, 0x74, 0x60, 0x87, 0x36, 0x68, 0x87, 0x79,
    0x68, 0x03, 0x72, 0xc0, 0x87, 0x0d, 0xaf, 0x50, 0x0e, 0x6d, 0xd0, 0x0e, 0x7a, 0x50, 0x0e, 0x6d,
    0x00, 0x0f, 0x7a, 0x30, 0x07, 0x72, 0xa0, 0x07, 0x73, 0x20, 0x07, 0x6d, 0x90, 0x0e, 0x71, 0xa0,
    0x07, 0x73, 0x20, 0x07, 0x6d, 0x90, 0x0e, 0x78, 0xa0, 0x07, 0x73, 0x20, 0x07, 0x6d, 0x90, 0x0e,
    0x71, 0x60, 0x07, 0x7a, 0x30, 0x07, 0x72, 0xd0, 0x06, 0xe9, 0x30, 0x07, 0x72, 0xa0, 0x07, 0x73,
    0x20, 0x07, 0x6d, 0x90, 0x0e, 0x76, 0x40, 0x07, 0x7a, 0x60, 0x07, 0x74, 0xd0, 0x06, 0xe6, 0x10,
    0x07, 0x76, 0xa0, 0x07, 0x73, 0x20, 0x07, 0x6d, 0x60, 0x0e, 0x73, 0x20, 0x07, 0x7a, 0x30, 0x07,
    0x72, 0xd0, 0x06, 0xe6, 0x60, 0x07, 0x74, 0xa0, 0x07, 0x76, 0x40, 0x07, 0x6d, 0xe0, 0x0e, 0x78,
    0xa0, 0x07, 0x71, 0x60, 0x07, 0x7a, 0x30, 0x07, 0x72, 0xa0, 0x07, 0x76, 0x40, 0x07, 0x43, 0x9e,
    0x00, 0x08, 0x00, 0x00, 0x00, 0x00, 0x00, 0x00, 0x00, 0x00, 0x00, 0x86, 0x3c, 0x06, 0x10, 0x00,
    0x01, 0x00, 0x00, 0x00, 0x00, 0x00, 0x00, 0x00, 0x0c, 0x79, 0x10, 0x20, 0x00, 0x04, 0x00, 0x00,
    0x00, 0x00, 0x00, 0x00, 0x00, 0x18, 0xf2, 0x28, 0x40, 0x00, 0x04, 0x00, 0x00, 0x00, 0x00, 0x00,
    0x00, 0x00, 0x30, 0xe4, 0x61, 0x80, 0x00, 0x08, 0x00, 0x00, 0x00, 0x00, 0x00, 0x00, 0x00, 0x60,
    0xc8, 0x13, 0x01, 0x01, 0x30, 0x00, 0x00, 0x00, 0x00, 0x00, 0x00, 0x00, 0xc0, 0x90, 0x87, 0x02,
    0x02, 0x60, 0x00, 0x00, 0x00, 0x00, 0x00, 0x00, 0x00, 0x80, 0x2c, 0x10, 0x14, 0x00, 0x00, 0x00,
    0x32, 0x1e, 0x98, 0x18, 0x19, 0x11, 0x4c, 0x90, 0x8c, 0x09, 0x26, 0x47, 0xc6, 0x04, 0x43, 0x22,
    0x25, 0x30, 0x02, 0x50, 0x0c, 0x45, 0x50, 0x18, 0x85, 0x50, 0x06, 0xe5, 0x50, 0x0a, 0x33, 0x00,
    0xe5, 0x51, 0x90, 0x01, 0x25, 0x55, 0xe0, 0x14, 0x65, 0x4d, 0x50, 0x80, 0x01, 0x85, 0x9a, 0x40,
    0xa5, 0x24, 0xca, 0xa0, 0x10, 0x46, 0x00, 0x8a, 0xa0, 0x40, 0x48, 0x17, 0x08, 0xe1, 0x19, 0x00,
    0xca, 0x63, 0x21, 0x06, 0x71, 0x1c, 0x00, 0x00, 0x00, 0x74, 0x67, 0x00, 0x00, 0x00, 0x00, 0x00,
    0x79, 0x18, 0x00, 0x00, 0x97, 0x00, 0x00, 0x00, 0x1a, 0x03, 0x4c, 0x90, 0x46, 0x02, 0x13, 0xc4,
    0x8e, 0x0c, 0x6f, 0xec, 0xed, 0x4d, 0x0c, 0x24, 0xc6, 0x25, 0xc7, 0x45, 0xc6, 0x06, 0x26, 0xc7,
    0xa5, 0x06, 0x04, 0x05, 0x26, 0x46, 0xcc, 0x46, 0x26, 0x8c, 0x8c, 0xe6, 0x26, 0x65, 0x43, 0x10,
    0x4c, 0x10, 0x88, 0x63, 0x82, 0x40, 0x20, 0x1b, 0x84, 0x81, 0xd8, 0x20, 0x10, 0x04, 0x05, 0xb8,
    0xb9, 0x09, 0x02, 0x91, 0x6c, 0x18, 0x0e, 0x84, 0x98, 0x20, 0x60, 0x1f, 0x0f, 0xba, 0x34, 0xb6,
    0x32, 0xb8, 0x34, 0xbc, 0x09, 0x02, 0xa1, 0x4c, 0x10, 0x88, 0x65, 0x82, 0x40, 0x30, 0x1b, 0x84,
    0xc1, 0xd9, 0x90, 0x10, 0xca, 0xc2, 0x10, 0x43, 0x43, 0x3c, 0x44, 0xe8, 0xd2, 0xd8, 0xca, 0xc8,
    0xc2, 0xe8, 0xc2, 0x36, 0x24, 0x83, 0x12, 0x31, 0xc3, 0xd0, 0x10, 0xcf, 0x06, 0x01, 0x92, 0x36,
    0x10, 0x13, 0x00, 0x00, 0x13, 0x84, 0x2b, 0x0c, 0x18, 0xa0, 0x4d, 0x10, 0x88, 0x66, 0x82, 0x40,
    0x38, 0x13, 0x04, 0xe2, 0xd9, 0x60, 0x20, 0xd6, 0x45, 0x60, 0xd9, 0x04, 0x81, 0x80, 0x36, 0x08,
    0xc4, 0xb6, 0x21, 0xe0, 0x36, 0x08, 0x44, 0xb7, 0x61, 0x70, 0x34, 0x6f, 0xc3, 0x40, 0x54, 0xdf,
    0x04, 0x41, 0x00, 0x36, 0x00, 0x1b, 0x06, 0x42, 0x0c, 0xc4, 0x60, 0x43, 0x30, 0x06, 0x1b, 0x86,
    0x21, 0x0c, 0xc8, 0x60, 0x82, 0x90, 0x81, 0xc1, 0x86, 0xc0, 0x0c, 0xd8, 0xc0, 0xcd, 0x7d, 0xd1,
    0xa5, 0xb1, 0x95, 0xcd, 0x7d, 0x89, 0x85, 0x8d, 0xad, 0x71, 0x99, 0xb2, 0xfa, 0x82, 0x7a, 0x9b,
    0x4b, 0xa3, 0x4b, 0x7b, 0x73, 0x9b, 0x20, 0x14, 0xd8, 0x04, 0xa1, 0xc8, 0x36, 0x04, 0xc4, 0x04,
    0xa1, 0xd0, 0x26, 0x08, 0xc5, 0xb6, 0x41, 0xb8, 0xae, 0x0d, 0x0b, 0x91, 0x06, 0x6a, 0xb0, 0x06,
    0x6c, 0xd0, 0x06, 0x43, 0x1b, 0x10, 0x6e, 0xf0, 0x06, 0x44, 0xa8, 0x8a, 0xb0, 0x86, 0x9e, 0x9e,
    0xa4, 0x88, 0x26, 0x08, 0x05, 0xb7, 0x61, 0x19, 0xe2, 0x40, 0x0d, 0xdc, 0x80, 0x0d, 0xe4, 0x60,
    0x90, 0x83, 0xc1, 0x0d, 0x80, 0x0d, 0x02, 0x1c, 0xcc, 0x01, 0x93, 0x29, 0xab, 0x2f, 0xaa, 0x30,
    0xb9, 0xb3, 0x32, 0xba, 0x09, 0x42, 0xd1, 0x4d, 0x10, 0x88, 0x68, 0x83, 0x70, 0xdd, 0xc1, 0x86,
    0x85, 0xa8, 0x03, 0x35, 0xb0, 0x03, 0x36, 0x70, 0x83, 0xa1, 0x0d, 0x08, 0x37, 0xc0, 0x83, 0x0d,
    0x41, 0x1e, 0x6c, 0x18, 0xe8, 0x40, 0x0f, 0x80, 0x09, 0x82, 0xe6, 0x6d, 0x10, 0x08, 0x3e, 0xd8,
    0x50, 0x84, 0x01, 0x1a, 0xec, 0x01, 0xd5, 0x07, 0x44, 0xc4, 0xe4, 0xc2, 0xdc, 0xc6, 0xd0, 0xca,
    0xe6, 0x26, 0x08, 0x84, 0x44, 0xc3, 0x8c, 0xed, 0x2d, 0x8c, 0x6e, 0x6e, 0x82, 0x40, 0x4c, 0x2c,
    0xd2, 0xdc, 0xe6, 0xe8, 0xe6, 0x26, 0x08, 0x04, 0x45, 0x22, 0xcd, 0x8d, 0x6e, 0x6e, 0x82, 0x40,
    0x54, 0x34, 0xe6, 0xd2, 0xce, 0xbe, 0xd8, 0xc8, 0x68, 0xcc, 0xa5, 0x9d, 0x7d, 0xcd, 0xd1, 0x11,
    0xa1, 0x2b, 0xc3, 0xfb, 0x62, 0x7b, 0x0b, 0x23, 0x9b, 0x20, 0x10, 0x16, 0x8b, 0xba, 0x34, 0x37,
    0xba, 0xb9, 0x09, 0x02, 0x71, 0x6d, 0x80, 0xfe, 0x00, 0x14, 0x42, 0x41, 0x14, 0x46, 0x81, 0x14,
    0x4a, 0xc1, 0x14, 0x4e, 0x81, 0x41, 0x05, 0x27, 0x15, 0x54, 0x61, 0x15, 0x58, 0xa1, 0x0a, 0x1b,
    0x9b, 0x5d, 0x9b, 0x4b, 0x1a, 0x59, 0x99, 0x1b, 0xdd, 0x94, 0x20, 0xa8, 0x42, 0x86, 0xe7, 0x62,
    0x57, 0x26, 0x37, 0x97, 0xf6, 0xe6, 0x36, 0x25, 0x20, 0x9a, 0x90, 0xe1, 0xb9, 0xd8, 0x85, 0xb1,
    0xd9, 0x95, 0xc9, 0x4d, 0x09, 0x8a, 0x3a, 0x64, 0x78, 0x2e, 0x73, 0x68, 0x61, 0x64, 0x65, 0x72,
    0x4d, 0x6f, 0x64, 0x65, 0x6c, 0x53, 0x02, 0xa4, 0x0c, 0x19, 0x9e, 0x8b, 0x5c, 0xd9, 0xdc, 0x5b,
    0x9d, 0xdc, 0x58, 0xd9, 0xdc, 0x94, 0x60, 0xaa, 0x44, 0x86, 0xe7, 0x42, 0x97, 0x07, 0x57, 0x16,
    0xe4, 0xe6, 0xf6, 0x46, 0x17, 0x46, 0x97, 0xf6, 0xe6, 0x36, 0x37, 0x45, 0xf8, 0xc8, 0xa0, 0x0e,
    0x19, 0x9e, 0x8b, 0x5d, 0x5a, 0xd9, 0x5d, 0x12, 0xd9, 0x14, 0x5d, 0x18, 0x5d, 0xd9, 0x94, 0xc0,
    0x0c, 0xea, 0x90, 0xe1, 0xb9, 0x94, 0xb9, 0xd1, 0xc9, 0xe5, 0x41, 0xbd, 0xa5, 0xb9, 0xd1, 0xcd,
    0x4d, 0x09, 0xfa, 0xa0, 0x0b, 0x19, 0x9e, 0xcb, 0xd8, 0x5b, 0x9d, 0x1b, 0x5d, 0x99, 0xdc, 0xdc,
    0x94, 0x80, 0x15, 0x00, 0x79, 0x18, 0x00, 0x00, 0x51, 0x00, 0x00, 0x00, 0x33, 0x08, 0x80, 0x1c,
    0xc4, 0xe1, 0x1c, 0x66, 0x14, 0x01, 0x3d, 0x88, 0x43, 0x38, 0x84, 0xc3, 0x8c, 0x42, 0x80, 0x07,
    0x79, 0x78, 0x07, 0x73, 0x98, 0x71, 0x0c, 0xe6, 0x00, 0x0f, 0xed, 0x10, 0x0e, 0xf4, 0x80, 0x0e,
    0x33, 0x0c, 0x42, 0x1e, 0xc2, 0xc1, 0x1d, 0xce, 0xa1, 0x1c, 0x66, 0x30, 0x05, 0x3d, 0x88, 0x43,
    0x38, 0x84, 0x83, 0x1b, 0xcc, 0x03, 0x3d, 0xc8, 0x43, 0x3d, 0x8c, 0x03, 0x3d, 0xcc, 0x78, 0x8c,
    0x74, 0x70, 0x07, 0x7b, 0x08, 0x07, 0x79, 0x48, 0x87, 0x70, 0x70, 0x07, 0x7a, 0x70, 0x03, 0x76,
    0x78, 0x87, 0x70, 0x20, 0x87, 0x19, 0xcc, 0x11, 0x0e, 0xec, 0x90, 0x0e, 0xe1, 0x30, 0x0f, 0x6e,
    0x30, 0x0f, 0xe3, 0xf0, 0x0e, 0xf0, 0x50, 0x0e, 0x33, 0x10, 0xc4, 0x1d, 0xde, 0x21, 0x1c, 0xd8,
    0x21, 0x1d, 0xc2, 0x61, 0x1e, 0x66, 0x30, 0x89, 0x3b, 0xbc, 0x83, 0x3b, 0xd0, 0x43, 0x39, 0xb4,
    0x03, 0x3c, 0xbc, 0x83, 0x3c, 0x84, 0x03, 0x3b, 0xcc, 0xf0, 0x14, 0x76, 0x60, 0x07, 0x7b, 0x68,
    0x07, 0x37, 0x68, 0x87, 0x72, 0x68, 0x07, 0x37, 0x80, 0x87, 0x70, 0x90, 0x87, 0x70, 0x60, 0x07,
    0x76, 0x28, 0x07, 0x76, 0xf8, 0x05, 0x76, 0x78, 0x87, 0x77, 0x80, 0x87, 0x5f, 0x08, 0x87, 0x71,
    0x18, 0x87, 0x72, 0x98, 0x87, 0x79, 0x98, 0x81, 0x2c, 0xee, 0xf0, 0x0e, 0xee, 0xe0, 0x0e, 0xf5,
    0xc0, 0x0e, 0xec, 0x30, 0x03, 0x62, 0xc8, 0xa1, 0x1c, 0xe4, 0xa1, 0x1c, 0xcc, 0xa1, 0x1c, 0xe4,
    0xa1, 0x1c, 0xdc, 0x61, 0x1c, 0xca, 0x21, 0x1c, 0xc4, 0x81, 0x1d, 0xca, 0x61, 0x06, 0xd6, 0x90,
    0x43, 0x39, 0xc8, 0x43, 0x39, 0x98, 0x43, 0x39, 0xc8, 0x43, 0x39, 0xb8, 0xc3, 0x38, 0x94, 0x43,
    0x38, 0x88, 0x03, 0x3b, 0x94, 0xc3, 0x2f, 0xbc, 0x83, 0x3c, 0xfc, 0x82, 0x3b, 0xd4, 0x03, 0x3b,
    0xb0, 0xc3, 0x0c, 0xc4, 0x21, 0x07, 0x7c, 0x70, 0x03, 0x7a, 0x28, 0x87, 0x76, 0x80, 0x87, 0x19,
    0xd1, 0x43, 0x0e, 0xf8, 0xe0, 0x06, 0xe4, 0x20, 0x0e, 0xe7, 0xe0, 0x06, 0xf6, 0x10, 0x0e, 0xf2,
    0xc0, 0x0e, 0xe1, 0x90, 0x0f, 0xef, 0x50, 0x0f, 0xf4, 0x30, 0x83, 0x81, 0xc8, 0x01, 0x1f, 0xdc,
    0x40, 0x1c, 0xe4, 0xa1, 0x1c, 0xc2, 0x61, 0x1d, 0xdc, 0x40, 0x1c, 0xe4, 0x01, 0x00, 0x00, 0x00,
    0x71, 0x20, 0x00, 0x00, 0x1c, 0x00, 0x00, 0x00, 0x36, 0x00, 0x0d, 0x97, 0xef, 0x3c, 0x7e, 0x80,
    0x34, 0x40, 0x84, 0xf9, 0xc5, 0x6d, 0x1b, 0x01, 0x34, 0x5c, 0xbe, 0xf3, 0xf8, 0x01, 0xd2, 0x00,
    0x11, 0xe6, 0x23, 0xb7, 0x6d, 0x06, 0xd4, 0x70, 0xf9, 0xce, 0xe3, 0x07, 0x54, 0x51, 0x10, 0x51,
    0xe9, 0x00, 0x83, 0x8f, 0xdc, 0xb6, 0x15, 0x48, 0xc3, 0xe5, 0x3b, 0x8f, 0x2f, 0x44, 0x04, 0x30,
    0x11, 0x21, 0xd0, 0x0c, 0x0b, 0x61, 0x01, 0xd3, 0x70, 0xf9, 0xce, 0xe3, 0x2f, 0x0e, 0x30, 0x88,
    0xcd, 0x43, 0x4d, 0x7e, 0x71, 0xdb, 0x26, 0x50, 0x0d, 0x97, 0xef, 0x3c, 0xbe, 0x34, 0x39, 0x11,
    0x81, 0x52, 0xd3, 0x43, 0x4d, 0x7e, 0x71, 0xdb, 0x06, 0xd0, 0x3c, 0xd2, 0x3f, 0x21, 0x0b, 0x21,
    0xfd, 0x01, 0x20, 0x28, 0x00, 0x00, 0x00, 0x00, 0x00, 0x00, 0x00, 0x00, 0x48, 0x41, 0x53, 0x48,
    0x14, 0x00, 0x00, 0x00, 0x00, 0x00, 0x00, 0x00, 0x9c, 0xa4, 0xeb, 0x93, 0x6f, 0xe1, 0x1d, 0xaf,
    0x4a, 0xba, 0xd0, 0x41, 0x2c, 0x98, 0x73, 0xf3, 0x44, 0x58, 0x49, 0x4c, 0xc0, 0x1f, 0x00, 0x00,
    0x60, 0x00, 0x00, 0x00, 0xf0, 0x07, 0x00, 0x00, 0x44, 0x58, 0x49, 0x4c, 0x00, 0x01, 0x00, 0x00,
    0x10, 0x00, 0x00, 0x00, 0xa8, 0x1f, 0x00, 0x00, 0x42, 0x43, 0xc0, 0xde, 0x21, 0x0c, 0x00, 0x00,
    0xe7, 0x07, 0x00, 0x00, 0x0b, 0x82, 0x20, 0x00, 0x02, 0x00, 0x00, 0x00, 0x13, 0x00, 0x00, 0x00,
    0x07, 0x81, 0x23, 0x91, 0x41, 0xc8, 0x04, 0x49, 0x06, 0x10, 0x32, 0x39, 0x92, 0x01, 0x84, 0x0c,
    0x25, 0x05, 0x08, 0x19, 0x1e, 0x04, 0x8b, 0x62, 0x80, 0x14, 0x45, 0x02, 0x42, 0x92, 0x0b, 0x42,
    0xa4, 0x10, 0x32, 0x14, 0x38, 0x08, 0x18, 0x4b, 0x0a, 0x32, 0x52, 0x88, 0x48, 0x90, 0x14, 0x20,
    0x43, 0x46, 0x88, 0xa5, 0x00, 0x19, 0x32, 0x42, 0xe4, 0x48, 0x0e, 0x90, 0x91, 0x22, 0xc4, 0x50,
    0x41, 0x51, 0x81, 0x8c, 0xe1, 0x83, 0xe5, 0x8a, 0x04, 0x29, 0x46, 0x06, 0x51, 0x18, 0x00, 0x00,
    0x08, 0x00, 0x00, 0x00, 0x1b, 0x8c, 0xe0, 0xff, 0xff, 0xff, 0xff, 0x07, 0x40, 0x02, 0xa8, 0x0d,
    0x84, 0xf0, 0xff, 0xff, 0xff, 0xff, 0x03, 0x20, 0x6d, 0x30, 0x86, 0xff, 0xff, 0xff, 0xff, 0x1f,
    0x00, 0x09, 0xa8, 0x00, 0x49, 0x18, 0x00, 0x00, 0x03, 0x00, 0x00, 0x00, 0x13, 0x82, 0x60, 0x42,
    0x20, 0x4c, 0x08, 0x06, 0x00, 0x00, 0x00, 0x00, 0x89, 0x20, 0x00, 0x00, 0x2f, 0x00, 0x00, 0x00,
    0x32, 0x22, 0x48, 0x09, 0x20, 0x64, 0x85, 0x04, 0x93, 0x22, 0xa4, 0x84, 0x04, 0x93, 0x22, 0xe3,
    0x84, 0xa1, 0x90, 0x14, 0x12, 0x4c, 0x8a, 0x8c, 0x0b, 0x84, 0xa4, 0x4c, 0x10, 0x70, 0x23, 0x00,
    0x25, 0x00, 0x14, 0x66, 0x00, 0xe6, 0x08, 0xc0, 0x60, 0x8e, 0x00, 0x29, 0xc6, 0x20, 0x84, 0x14,
    0x42, 0xa6, 0x18, 0x80, 0x10, 0x52, 0x06, 0xa1, 0x42, 0x0c, 0x32, 0x06, 0xa9, 0x42, 0x10, 0x42,
    0x08, 0x31, 0x2a, 0xf7, 0x0c, 0x97, 0x3f, 0x61, 0x0f, 0x21, 0xf9, 0x21, 0xd0, 0x0c, 0x0b, 0x81,
    0x02, 0x37, 0x47, 0x10, 0x14, 0xe3, 0x91, 0x42, 0x08, 0xa4, 0x78, 0xd3, 0x70, 0xf9, 0x13, 0xf6,
    0x10, 0x92, 0xbf, 0x12, 0xd2, 0x4a, 0x4c, 0x3e, 0x72, 0xdb, 0xa8, 0x20, 0x84, 0x10, 0x52, 0x8a,
    0x49, 0x1e, 0x21, 0x44, 0x07, 0x02, 0x66, 0x22, 0x83, 0x71, 0x60, 0x87, 0x70, 0x98, 0x87, 0x79,
    0x70, 0x83, 0x59, 0xa0, 0x07, 0x79, 0xa8, 0x87, 0x71, 0xa0, 0x87, 0x7a, 0x90, 0x87, 0x72, 0x20,
    0x07, 0x51, 0xa8, 0x07, 0x73, 0x30, 0x87, 0x72, 0x90, 0x07, 0x3e, 0xa8, 0x07, 0x77, 0x98, 0x87,
    0x74, 0x38, 0x07, 0x77, 0x28, 0x07, 0x72, 0x00, 0x83, 0x74, 0x70, 0x07, 0x7a, 0xf0, 0x03, 0x14,
    0x10, 0xba, 0x89, 0x40, 0xe6, 0x08, 0x40, 0x61, 0x0a, 0x00, 0x00, 0x00, 0x13, 0x14, 0x72, 0xc0,
    0x87, 0x74, 0x60, 0x87, 0x36, 0x68, 0x87, 0x79, 0x68, 0x03, 0x72, 0xc0, 0x87, 0x0d, 0xaf, 0x50,
    0x0e, 0x6d, 0xd0, 0x0e, 0x7a, 0x50, 0x0e, 0x6d, 0x00, 0x0f, 0x7a, 0x30, 0x07, 0x72, 0xa0, 0x07,
    0x73, 0x20, 0x07, 0x6d, 0x90, 0x0e, 0x71, 0xa0, 0x07, 0x73, 0x20, 0x07, 0x6d, 0x90, 0x0e, 0x78,
    0xa0, 0x07, 0x73, 0x20, 0x07, 0x6d, 0x90, 0x0e, 0x71, 0x60, 0x07, 0x7a, 0x30, 0x07, 0x72, 0xd0,
    0x06, 0xe9, 0x30, 0x07, 0x72, 0xa0, 0x07, 0x73, 0x20, 0x07, 0x6d, 0x90, 0x0e, 0x76, 0x40, 0x07,
    0x7a, 0x60, 0x07, 0x74, 0xd0, 0x06, 0xe6, 0x10, 0x07, 0x76, 0xa0, 0x07, 0x73, 0x20, 0x07, 0x6d,
    0x60, 0x0e, 0x73, 0x20, 0x07, 0x7a, 0x30, 0x07, 0x72, 0xd0, 0x06, 0xe6, 0x60, 0x07, 0x74, 0xa0,
    0x07, 0x76, 0x40, 0x07, 0x6d, 0xe0, 0x0e, 0x78, 0xa0, 0x07, 0x71, 0x60, 0x07, 0x7a, 0x30, 0x07,
    0x72, 0xa0, 0x07, 0x76, 0x40, 0x07, 0x43, 0x9e, 0x00, 0x00, 0x00, 0x00, 0x00, 0x00, 0x00, 0x00,
    0x00, 0x00, 0x00, 0x86, 0x3c, 0x06, 0x10, 0x00, 0x01, 0x00, 0x00, 0x00, 0x00, 0x00, 0x00, 0x00,
    0x0c, 0x79, 0x10, 0x20, 0x00, 0x04, 0x00, 0x00, 0x00, 0x00, 0x00, 0x00, 0x00, 0x18, 0xf2, 0x28,
    0x40, 0x00, 0x04, 0x00, 0x00, 0x00, 0x00, 0x00, 0x00, 0x00, 0x30, 0xe4, 0x61, 0x80, 0x00, 0x08,
    0x00, 0x00, 0x00, 0x00, 0x00, 0x00, 0x00, 0x60, 0xc8, 0x13, 0x01, 0x01, 0x30, 0x00, 0x00, 0x00,
    0x00, 0x00, 0x00, 0x00, 0xc0, 0x90, 0x87, 0x02, 0x02, 0x60, 0x00, 0x00, 0x00, 0x00, 0x00, 0x00,
    0x00, 0x80, 0x2c, 0x10, 0x0e, 0x00, 0x00, 0x00, 0x32, 0x1e, 0x98, 0x14, 0x19, 0x11, 0x4c, 0x90,
    0x8c, 0x09, 0x26, 0x47, 0xc6, 0x04, 0x43, 0x22, 0x25, 0x30, 0x02, 0x50, 0x12, 0xc5, 0x50, 0x04,
    0x85, 0x51, 0x08, 0x65, 0x50, 0x1e, 0x54, 0x4a, 0xa2, 0x0c, 0x0a, 0x61, 0x04, 0xa0, 0x08, 0x0a,
    0x84, 0x74, 0x81, 0x50, 0x1e, 0x0b, 0x31, 0x88, 0xe3, 0x00, 0x00, 0x00, 0x20, 0x3c, 0x03, 0x00,
    0x79, 0x18, 0x00, 0x00, 0x5f, 0x00, 0x00, 0x00, 0x1a, 0x03, 0x4c, 0x90, 0x46, 0x02, 0x13, 0xc4,
    0x8e, 0x0c, 0x6f, 0xec, 0xed, 0x4d, 0x0c, 0x24, 0xc6, 0x25, 0xc7, 0x45, 0xc6, 0x06, 0x26, 0xc7,
    0xa5, 0x06, 0x04, 0x05, 0x26, 0x46, 0xcc, 0x46, 0x26, 0x8c, 0x8c, 0xe6, 0x26, 0x65, 0x43, 0x10,
    0x4c, 0x10, 0x88, 0x63, 0x82, 0x40, 0x20, 0x1b, 0x84, 0x81, 0x98, 0x20, 0x10, 0xc9, 0x06, 0x61,
    0x30, 0x28, 0xc0, 0xcd, 0x4d, 0x10, 0x08, 0x65, 0xc3, 0x80, 0x24, 0xc4, 0x04, 0x01, 0xc3, 0x08,
    0x4c, 0x10, 0x88, 0x65, 0x82, 0x40, 0x30, 0x13, 0x04, 0xa2, 0xd9, 0x20, 0x0c, 0xcf, 0x86, 0x84,
    0x58, 0x98, 0x86, 0x18, 0x1c, 0x02, 0xda, 0x90, 0x0c, 0x0b, 0xd3, 0x0c, 0x83, 0x43, 0x40, 0x1b,
    0x84, 0x48, 0xda, 0x40, 0x4c, 0x00, 0x00, 0x4c, 0x10, 0xb2, 0x6b, 0x43, 0x50, 0x4d, 0x10, 0x04,
    0x80, 0x0d, 0xdc, 0xdc, 0x17, 0x5d, 0x1a, 0x5b, 0xd9, 0xdc, 0x97, 0x58, 0xd8, 0xd8, 0x1a, 0x97,
    0x29, 0xab, 0x2f, 0xa8, 0xb7, 0xb9, 0x34, 0xba, 0xb4, 0x37, 0xb7, 0x09, 0x42, 0x01, 0x4d, 0x10,
    0x8a, 0x68, 0x43, 0x40, 0x4c, 0x10, 0x0a, 0x69, 0x82, 0x50, 0x4c, 0x13, 0x04, 0xc2, 0xd9, 0x20,
    0x7c, 0xdf, 0x86, 0x85, 0xc8, 0xb4, 0x8d, 0xeb, 0x86, 0x8e, 0xf0, 0xc0, 0x80, 0x08, 0x55, 0x11,
    0xd6, 0xd0, 0xd3, 0x93, 0x14, 0xd1, 0x04, 0xa1, 0xa0, 0x36, 0x2c, 0x83, 0x18, 0x68, 0x1e, 0x37,
    0x06, 0xc3, 0x18, 0x0c, 0x1e, 0xb0, 0x41, 0x08, 0x03, 0x32, 0x60, 0x32, 0x65, 0xf5, 0x45, 0x15,
    0x26, 0x77, 0x56, 0x46, 0x37, 0x41, 0x28, 0xaa, 0x09, 0x02, 0xf1, 0x6c, 0x10, 0x3e, 0x34, 0xd8,
    0xb0, 0x10, 0x66, 0xa0, 0x9d, 0x01, 0xe7, 0x0d, 0x1d, 0xe1, 0xa5, 0xc1, 0x86, 0x40, 0x0d, 0x36,
    0x0c, 0x65, 0xb0, 0x06, 0xc0, 0x04, 0x41, 0xb3, 0x36, 0x08, 0x44, 0x1b, 0x6c, 0x28, 0x2e, 0x8c,
    0x0d, 0x28, 0x37, 0xa8, 0xc2, 0xc6, 0x66, 0xd7, 0xe6, 0x92, 0x46, 0x56, 0xe6, 0x46, 0x37, 0x25,
    0x08, 0xaa, 0x90, 0xe1, 0xb9, 0xd8, 0x95, 0xc9, 0xcd, 0xa5, 0xbd, 0xb9, 0x4d, 0x09, 0x88, 0x26,
    0x64, 0x78, 0x2e, 0x76, 0x61, 0x6c, 0x76, 0x65, 0x72, 0x53, 0x02, 0xa3, 0x0e, 0x19, 0x9e, 0xcb,
    0x1c, 0x5a, 0x18, 0x59, 0x99, 0x5c, 0xd3, 0x1b, 0x59, 0x19, 0xdb, 0x94, 0x20, 0x29, 0x43, 0x86,
    0xe7, 0x22, 0x57, 0x36, 0xf7, 0x56, 0x27, 0x37, 0x56, 0x36, 0x37, 0x25, 0x98, 0xea, 0x90, 0xe1,
    0xb9, 0xd8, 0xa5, 0x95, 0xdd, 0x25, 0x91, 0x4d, 0xd1, 0x85, 0xd1, 0x95, 0x4d, 0x09, 0xaa, 0x3a,
    0x64, 0x78, 0x2e, 0x65, 0x6e, 0x74, 0x72, 0x79, 0x50, 0x6f, 0x69, 0x6e, 0x74, 0x73, 0x53, 0x02,
    0x37, 0x00, 0x00, 0x00, 0x79, 0x18, 0x00, 0x00, 0x51, 0x00, 0x00, 0x00, 0x33, 0x08, 0x80, 0x1c,
    0xc4, 0xe1, 0x1c, 0x66, 0x14, 0x01, 0x3d, 0x88, 0x43, 0x38, 0x84, 0xc3, 0x8c, 0x42, 0x80, 0x07,
    0x79, 0x78, 0x07, 0x73, 0x98, 0x71, 0x0c, 0xe6, 0x00, 0x0f, 0xed, 0x10, 0x0e, 0xf4, 0x80, 0x0e,
    0x33, 0x0c, 0x42, 0x1e, 0xc2, 0xc1, 0x1d, 0xce, 0xa1, 0x1c, 0x66, 0x30, 0x05, 0x3d, 0x88, 0x43,
    0x38, 0x84, 0x83, 0x1b, 0xcc, 0x03, 0x3d, 0xc8, 0x43, 0x3d, 0x8c, 0x03, 0x3d, 0xcc, 0x78, 0x8c,
    0x74, 0x70, 0x07, 0x7b, 0x08, 0x07, 0x79, 0x48, 0x87, 0x70, 0x70, 0x07, 0x7a, 0x70, 0x03, 0x76,
    0x78, 0x87, 0x70, 0x20, 0x87, 0x19, 0xcc, 0x11, 0x0e, 0xec, 0x90, 0x0e, 0xe1, 0x30, 0x0f, 0x6e,
    0x30, 0x0f, 0xe3, 0xf0, 0x0e, 0xf0, 0x50, 0x0e, 0x33, 0x10, 0xc4, 0x1d, 0xde, 0x21, 0x1c, 0xd8,
    0x21, 0x1d, 0xc2, 0x61, 0x1e, 0x66, 0x30, 0x89, 0x3b, 0xbc, 0x83, 0x3b, 0xd0, 0x43, 0x39, 0xb4,
    0x03, 0x3c, 0xbc, 0x83, 0x3c, 0x84, 0x03, 0x3b, 0xcc, 0xf0, 0x14, 0x76, 0x60, 0x07, 0x7b, 0x68,
    0x07, 0x37, 0x68, 0x87, 0x72, 0x68, 0x07, 0x37, 0x80, 0x87, 0x70, 0x90, 0x87, 0x70, 0x60, 0x07,
    0x76, 0x28, 0x07, 0x76, 0xf8, 0x05, 0x76, 0x78, 0x87, 0x77, 0x80, 0x87, 0x5f, 0x08, 0x87, 0x71,
    0x18, 0x87, 0x72, 0x98, 0x87, 0x79, 0x98, 0x81, 0x2c, 0xee, 0xf0, 0x0e, 0xee, 0xe0, 0x0e, 0xf5,
    0xc0, 0x0e, 0xec, 0x30, 0x03, 0x62, 0xc8, 0xa1, 0x1c, 0xe4, 0xa1, 0x1c, 0xcc, 0xa1, 0x1c, 0xe4,
    0xa1, 0x1c, 0xdc, 0x61, 0x1c, 0xca, 0x21, 0x1c, 0xc4, 0x81, 0x1d, 0xca, 0x61, 0x06, 0xd6, 0x90,
    0x43, 0x39, 0xc8, 0x43, 0x39, 0x98, 0x43, 0x39, 0xc8, 0x43, 0x39, 0xb8, 0xc3, 0x38, 0x94, 0x43,
    0x38, 0x88, 0x03, 0x3b, 0x94, 0xc3, 0x2f, 0xbc, 0x83, 0x3c, 0xfc, 0x82, 0x3b, 0xd4, 0x03, 0x3b,
    0xb0, 0xc3, 0x0c, 0xc4, 0x21, 0x07, 0x7c, 0x70, 0x03, 0x7a, 0x28, 0x87, 0x76, 0x80, 0x87, 0x19,
    0xd1, 0x43, 0x0e, 0xf8, 0xe0, 0x06, 0xe4, 0x20, 0x0e, 0xe7, 0xe0, 0x06, 0xf6, 0x10, 0x0e, 0xf2,
    0xc0, 0x0e, 0xe1, 0x90, 0x0f, 0xef, 0x50, 0x0f, 0xf4, 0x30, 0x83, 0x81, 0xc8, 0x01, 0x1f, 0xdc,
    0x40, 0x1c, 0xe4, 0xa1, 0x1c, 0xc2, 0x61, 0x1d, 0xdc, 0x40, 0x1c, 0xe4, 0x01, 0x00, 0x00, 0x00,
    0x71, 0x20, 0x00, 0x00, 0x1c, 0x00, 0x00, 0x00, 0x36, 0x00, 0x0d, 0x97, 0xef, 0x3c, 0x7e, 0x80,
    0x34, 0x40, 0x84, 0xf9, 0xc5, 0x6d, 0x1b, 0x01, 0x34, 0x5c, 0xbe, 0xf3, 0xf8, 0x01, 0xd2, 0x00,
    0x11, 0xe6, 0x23, 0xb7, 0x6d, 0x06, 0xd4, 0x70, 0xf9, 0xce, 0xe3, 0x07, 0x54, 0x51, 0x10, 0x51,
    0xe9, 0x00, 0x83, 0x8f, 0xdc, 0xb6, 0x15, 0x48, 0xc3, 0xe5, 0x3b, 0x8f, 0x2f, 0x44, 0x04, 0x30,
    0x11, 0x21, 0xd0, 0x0c, 0x0b, 0x61, 0x01, 0xd3, 0x70, 0xf9, 0xce, 0xe3, 0x2f, 0x0e, 0x30, 0x88,
    0xcd, 0x43, 0x4d, 0x7e, 0x71, 0xdb, 0x26, 0x50, 0x0d, 0x97, 0xef, 0x3c, 0xbe, 0x34, 0x39, 0x11,
    0x81, 0x52, 0xd3, 0x43, 0x4d, 0x7e, 0x71, 0xdb, 0x06, 0xd0, 0x3c, 0xd2, 0x3f, 0x21, 0x0b, 0x21,
    0xfd, 0x01, 0x20, 0x28, 0x00, 0x00, 0x00, 0x00, 0x61, 0x20, 0x00, 0x00, 0x73, 0x06, 0x00, 0x00,
    0x13, 0x04, 0x22, 0x11, 0x0b, 0x04, 0x00, 0x00, 0x24, 0x00, 0x00, 0x00, 0x04, 0x6b, 0x60, 0x04,
    0x80, 0x4a, 0x09, 0x10, 0xa9, 0xef, 0x83, 0xf2, 0x29, 0xa6, 0x42, 0x2a, 0x90, 0x42, 0x0c, 0x28,
    0x40, 0x40, 0x82, 0xf2, 0xff, 0x3f, 0x28, 0x50, 0xa0, 0x02, 0x04, 0x1c, 0x28, 0xff, 0x83, 0x02,
    0xc4, 0xff, 0x28, 0xfe, 0x83, 0xf2, 0xff, 0x29, 0x40, 0xc0, 0x80, 0x1a, 0x28, 0x87, 0xf2, 0x1f,
    0x28, 0x92, 0x02, 0x84, 0x28, 0x40, 0xd0, 0x80, 0x82, 0x28, 0x85, 0xf2, 0x3e, 0x28, 0x40, 0x84,
    0x02, 0x04, 0x84, 0x28, 0x51, 0xb0, 0x32, 0x05, 0x2b, 0x40, 0x40, 0x90, 0x02, 0xc4, 0x28, 0x40,
    0x40, 0x98, 0x92, 0x9b, 0x01, 0x28, 0x50, 0xb0, 0x22, 0x05, 0x2b, 0xf0, 0x83, 0x32, 0xa2, 0x31,
    0x46, 0x00, 0x82, 0xe0, 0xfb, 0x87, 0xc1, 0x08, 0xc0, 0x18, 0x01, 0x08, 0x82, 0x20, 0xfc, 0x0b,
    0x63, 0x04, 0x20, 0x08, 0xc2, 0x7f, 0x18, 0x8c, 0x11, 0x80, 0x20, 0x08, 0xe2, 0xdf, 0x18, 0x41,
    0x48, 0x82, 0x21, 0xde, 0x8d, 0x11, 0x80, 0x20, 0x08, 0xc2, 0x1f, 0x00, 0x23, 0x06, 0x09, 0x00,
    0x82, 0x60, 0x10, 0x8d, 0x42, 0x53, 0x07, 0xa1, 0x10, 0x0a, 0x6e, 0x30, 0x62, 0x90, 0x00, 0x20,
    0x08, 0x06, 0x11, 0x29, 0x38, 0x76, 0x10, 0x0a, 0xa1, 0xf0, 0x06, 0x23, 0x06, 0x09, 0x00, 0x82,
    0x60, 0x60, 0xa4, 0x42, 0x1f, 0x88, 0x82, 0x28, 0xdc, 0x81, 0x33, 0x62, 0x90, 0x00, 0x20, 0x08,
    0x06, 0x86, 0x2a, 0xf8, 0xc1, 0x28, 0x8c, 0x02, 0x1c, 0x3c, 0x23, 0x06, 0x08, 0x00, 0x82, 0x60,
    0x40, 0x99, 0xc2, 0x1a, 0x10, 0xa4, 0x40, 0x0a, 0xa3, 0x09, 0x01, 0x30, 0x62, 0x80, 0x00, 0x20,
    0x08, 0x06, 0x14, 0x2a, 0xb4, 0x81, 0x71, 0x0a, 0xa6, 0x30, 0x9a, 0x10, 0x00, 0x23, 0x06, 0x08,
    0x00, 0x82, 0x60, 0x40, 0xa9, 0xc2, 0x1b, 0x20, 0xa5, 0x80, 0x0a, 0xa3, 0x09, 0x01, 0x70, 0x08,
    0xa1, 0x0a, 0x04, 0xb2, 0xe0, 0x08, 0xc1, 0x29, 0x84, 0x2a, 0x28, 0x68, 0xb8, 0x41, 0x79, 0x05,
    0x33, 0x18, 0x6e, 0x48, 0x5a, 0x01, 0x0c, 0x4a, 0x08, 0x74, 0x96, 0x21, 0xa0, 0x85, 0xa0, 0x9a,
    0x59, 0x38, 0x0b, 0x38, 0x10, 0x5c, 0x32, 0xcc, 0x02, 0x0b, 0x3e, 0x16, 0x68, 0xf2, 0x39, 0x62,
    0x98, 0x09, 0x01, 0x7d, 0x2c, 0xf0, 0xe0, 0x33, 0x62, 0x70, 0x00, 0x20, 0x08, 0x06, 0xca, 0x2f,
    0x88, 0x41, 0x00, 0x06, 0x23, 0x06, 0x07, 0x00, 0x82, 0x60, 0xa0, 0x80, 0x03, 0x29, 0x04, 0x62,
    0x70, 0x01, 0x21, 0x0b, 0x7c, 0x01, 0x04, 0x23, 0x06, 0x07, 0x00, 0x82, 0x60, 0xc0, 0x88, 0x03,
    0x2a, 0x04, 0x73, 0x70, 0xc3, 0x30, 0x2b, 0x82, 0xf8, 0x8c, 0x18, 0x20, 0x00, 0x08, 0x82, 0x01,
    0x35, 0x0e, 0xa8, 0x10, 0x06, 0x6c, 0x10, 0x0e, 0xa3, 0x09, 0x01, 0x50, 0x01, 0x2a, 0xe8, 0x88,
    0x01, 0x02, 0x80, 0x20, 0x18, 0x50, 0xe6, 0xb0, 0x0a, 0x64, 0xe0, 0x06, 0xe4, 0x30, 0x9a, 0x10,
    0x00, 0x15, 0xb0, 0x82, 0x0e, 0x37, 0x04, 0xe7, 0x00, 0x06, 0xb3, 0x0c, 0xc2, 0x13, 0xd4, 0xb0,
    0x0a, 0x3a, 0xdc, 0x10, 0xa4, 0x03, 0x18, 0xcc, 0x32, 0x2c, 0x43, 0x50, 0x45, 0x2b, 0x68, 0xad,
    0x83, 0x11, 0x15, 0xb8, 0x82, 0x96, 0xc0, 0x0e, 0x58, 0xc1, 0x3b, 0x68, 0x05, 0xf0, 0xc0, 0xe5,
    0xd8, 0x82, 0x0e, 0x37, 0x04, 0xf1, 0x00, 0x06, 0xc3, 0x0d, 0x08, 0x2c, 0x80, 0xc1, 0x2c, 0xc3,
    0x41, 0x08, 0x55, 0x06, 0xf4, 0x80, 0x16, 0xe0, 0x02, 0x04, 0x46, 0x0c, 0x10, 0x00, 0x04, 0xc1,
    0x80, 0xba, 0x07, 0x5e, 0xa8, 0x83, 0xa0, 0x1e, 0x46, 0x13, 0x02, 0xa0, 0xd2, 0x00, 0x1f, 0x74,
    0xb8, 0x21, 0xc0, 0x87, 0x30, 0xa8, 0x21, 0x1c, 0xb0, 0x88, 0x5f, 0xd0, 0xe9, 0x06, 0x21, 0x18,
    0x2a, 0xf0, 0x05, 0xb5, 0x7e, 0x08, 0x42, 0x30, 0xcb, 0x50, 0x18, 0xcc, 0x70, 0x03, 0x1c, 0x48,
    0x67, 0x30, 0xdd, 0x10, 0x41, 0xc1, 0x2c, 0x81, 0x52, 0xc5, 0x3f, 0x60, 0x05, 0x22, 0xa1, 0x66,
    0xfc, 0x02, 0x08, 0x86, 0x1b, 0xce, 0x20, 0x48, 0x83, 0x0b, 0x48, 0x54, 0x40, 0xf0, 0x2c, 0x81,
    0x52, 0x64, 0x80, 0x0e, 0x6a, 0x27, 0x11, 0x84, 0x60, 0x96, 0x01, 0x49, 0xac, 0xe1, 0x06, 0x3d,
    0xe0, 0xd0, 0x60, 0xba, 0x41, 0xdb, 0x82, 0x59, 0x02, 0xa5, 0xd0, 0x20, 0x25, 0xb0, 0x02, 0x96,
    0xd0, 0xe1, 0x06, 0x38, 0x30, 0xd0, 0xe0, 0x02, 0x12, 0x15, 0x0c, 0x3c, 0x4b, 0xa0, 0x0c, 0x94,
    0x10, 0x60, 0x50, 0x50, 0x06, 0x83, 0x08, 0xc9, 0x40, 0x09, 0x61, 0x06, 0x85, 0x19, 0x18, 0x12,
    0x22, 0x25, 0xc5, 0x06, 0xa3, 0x00, 0x26, 0xd8, 0x01, 0x08, 0x8c, 0x68, 0x87, 0x13, 0xd4, 0x30,
    0x13, 0x57, 0x81, 0x3d, 0x68, 0x0d, 0xc1, 0x56, 0x71, 0x0f, 0x5a, 0x42, 0xb0, 0x16, 0xe8, 0x04,
    0x06, 0x46, 0x0c, 0x10, 0x00, 0x04, 0xc1, 0x80, 0xe2, 0x89, 0x90, 0xc8, 0x85, 0x40, 0x27, 0x46,
    0x13, 0x02, 0xa0, 0x94, 0x9e, 0xd0, 0xe1, 0x86, 0xa0, 0x27, 0xc2, 0xa0, 0x06, 0x93, 0xc0, 0x22,
    0x48, 0x42, 0xa7, 0x1b, 0x84, 0x60, 0xa8, 0xe0, 0x24, 0x74, 0xb8, 0x21, 0x10, 0x8b, 0x30, 0xa8,
    0x81, 0x27, 0x74, 0xb8, 0x21, 0x20, 0x0b, 0x30, 0xa8, 0x21, 0xd8, 0x32, 0x4a, 0x42, 0xab, 0x18,
    0xb6, 0x82, 0x9b, 0xe0, 0xe9, 0x86, 0xb4, 0x18, 0x88, 0x59, 0x82, 0xa7, 0x78, 0xe1, 0x2c, 0xae,
    0x5e, 0xe1, 0x24, 0xb2, 0x04, 0x95, 0x80, 0x0a, 0x04, 0xa8, 0xe0, 0x2d, 0xd0, 0x82, 0x99, 0x80,
    0xc0, 0x88, 0x01, 0x02, 0x80, 0x20, 0x18, 0x50, 0x72, 0x71, 0x13, 0xf0, 0x10, 0xc0, 0xc5, 0x68,
    0x42, 0x00, 0x54, 0x31, 0x17, 0x3a, 0xdc, 0x10, 0xcc, 0x45, 0x18, 0xd4, 0xc0, 0x13, 0x58, 0x84,
    0x4e, 0xe8, 0x74, 0x83, 0x10, 0x0c, 0xb5, 0x0b, 0x71, 0x81, 0x15, 0xc4, 0x85, 0xd6, 0x4f, 0x04,
    0x58, 0x44, 0xa0, 0xc3, 0x0d, 0xc1, 0x5e, 0x80, 0xc1, 0x2c, 0x03, 0xf3, 0x04, 0xa5, 0x0b, 0x62,
    0xa1, 0xc3, 0x0d, 0x41, 0x5f, 0x80, 0xc1, 0x2c, 0x83, 0xd3, 0x04, 0x05, 0x0f, 0x7f, 0x81, 0x16,
    0x8c, 0x05, 0x04, 0x46, 0x0c, 0x10, 0x00, 0x04, 0xc1, 0x80, 0x12, 0x8d, 0xb3, 0x00, 0x89, 0x00,
    0x34, 0x46, 0x13, 0x02, 0xa0, 0xe8, 0x61, 0x34, 0x74, 0xb8, 0x21, 0x18, 0x8d, 0x30, 0xa8, 0x81,
    0x2d, 0xb0, 0x08, 0xb5, 0xd0, 0xe9, 0x06, 0x21, 0x18, 0x66, 0x09, 0x9c, 0x81, 0x0a, 0x42, 0x68,
    0x50, 0x83, 0xa9, 0x71, 0xd0, 0x07, 0xa8, 0x76, 0x10, 0xa2, 0x84, 0xd4, 0xb8, 0x0a, 0xd8, 0x42,
    0x6b, 0x60, 0x0b, 0xad, 0x40, 0x58, 0x0b, 0x5e, 0x03, 0x03, 0x23, 0x06, 0x08, 0x00, 0x82, 0x60,
    0x40, 0xc5, 0x86, 0x5d, 0xb8, 0x44, 0xf0, 0x1a, 0xa3, 0x09, 0x01, 0x50, 0x88, 0x6c, 0xe8, 0x70,
    0x43, 0x20, 0x1b, 0x61, 0x50, 0xc3, 0x5e, 0x60, 0x11, 0x79, 0xa1, 0xd3, 0x0d, 0x42, 0x30, 0x54,
    0xc0, 0x17, 0x3a, 0xdc, 0x10, 0xdc, 0x46, 0x18, 0xd4, 0x10, 0x1b, 0x3a, 0xdc, 0x10, 0xe4, 0x06,
    0x18, 0xd4, 0x10, 0x6c, 0x19, 0x7a, 0xa1, 0x55, 0x0c, 0x5b, 0x01, 0x6b, 0xf0, 0x74, 0x83, 0x6f,
    0x0c, 0xc4, 0x2c, 0xc1, 0x33, 0x50, 0x02, 0xe9, 0x4c, 0xa0, 0x33, 0x8b, 0x3b, 0x28, 0x84, 0x33,
    0x50, 0x42, 0x80, 0x4e, 0x00, 0x3a, 0x8b, 0x3b, 0x28, 0x84, 0x33, 0xcb, 0xa0, 0x06, 0x90, 0x50,
    0xff, 0x90, 0x1a, 0x58, 0xfd, 0xa0, 0x1a, 0x58, 0x41, 0x6a, 0x68, 0xfd, 0xc3, 0x69, 0x68, 0x09,
    0xc1, 0x0e, 0x37, 0x04, 0xe6, 0x01, 0x06, 0xb3, 0x0c, 0x51, 0x15, 0x54, 0x4e, 0x90, 0xc7, 0x15,
    0x4b, 0x90, 0x46, 0x96, 0x70, 0x1a, 0x50, 0x81, 0x00, 0x15, 0xb0, 0x07, 0x5a, 0x00, 0x1b, 0x10,
    0x18, 0x31, 0x40, 0x00, 0x10, 0x04, 0x03, 0xea, 0x3d, 0x68, 0xa3, 0x2d, 0x82, 0xf6, 0x18, 0x4d,
    0x08, 0x80, 0x2a, 0xe0, 0x43, 0x87, 0x1b, 0x02, 0xf8, 0x08, 0x83, 0x1a, 0x72, 0x03, 0x8b, 0xb8,
    0x0d, 0x9d, 0x6e, 0x10, 0x82, 0xa1, 0x82, 0xd8, 0xe0, 0xca, 0x89, 0xf7, 0xc0, 0x0a, 0xde, 0x43,
    0xab, 0x37, 0x02, 0xac, 0x80, 0xd0, 0xe1, 0x86, 0x20, 0x3f, 0xc0, 0x60, 0x96, 0x41, 0xaa, 0x82,
    0xca, 0xc0, 0x43, 0x87, 0x1b, 0x82, 0xfd, 0x00, 0x83, 0x59, 0x06, 0x6a, 0x0a, 0xca, 0x2d, 0x60,
    0x03, 0x2a, 0xf0, 0x0f, 0xb4, 0x40, 0x3c, 0x20, 0x30, 0x62, 0x80, 0x00, 0x20, 0x08, 0x06, 0x54,
    0x88, 0x98, 0xc7, 0x5f, 0x04, 0xff, 0x31, 0x9a, 0x10, 0x00, 0x55, 0x88, 0x88, 0x0e, 0x37, 0x04,
    0x22, 0x12, 0x06, 0x35, 0xac, 0x07, 0x16, 0x91, 0x1e, 0x3a, 0xdd, 0x20, 0x04, 0xc3, 0x2c, 0x01,
    0x35, 0x50, 0x41, 0x08, 0x93, 0x2a, 0x48, 0x55, 0x06, 0x79, 0x01, 0xc5, 0x16, 0x42, 0x94, 0x80,
    0x22, 0x57, 0xc1, 0x7a, 0x68, 0x0d, 0xeb, 0xa1, 0x15, 0x08, 0x6b, 0x81, 0x8b, 0x60, 0xa0, 0x82,
    0xf0, 0xd8, 0x11, 0x03, 0x04, 0x00, 0x41, 0x30, 0xa0, 0x62, 0xc4, 0x3e, 0x5c, 0x23, 0x78, 0x91,
    0xd1, 0x84, 0x00, 0xa8, 0x44, 0x46, 0x74, 0xb8, 0x21, 0x90, 0x91, 0x30, 0xa8, 0x61, 0x3f, 0xb0,
    0x88, 0xfc, 0xd0, 0xe9, 0x06, 0x21, 0x18, 0x2a, 0xe0, 0x0f, 0x1d, 0x6e, 0x08, 0x6e, 0x24, 0x0c,
    0x6a, 0x88, 0x11, 0x1d, 0x6e, 0x08, 0x72, 0x04, 0x0c, 0x6a, 0x08, 0xb6, 0x0c, 0xfd, 0xd0, 0x2a,
    0x86, 0xad, 0x80, 0x45, 0x78, 0xba, 0xc1, 0x47, 0x06, 0x62, 0x96, 0xa0, 0x1a, 0xe8, 0x80, 0x74,
    0x08, 0xd2, 0xa1, 0x88, 0xa0, 0x06, 0x3a, 0x08, 0x50, 0x82, 0x40, 0x29, 0x22, 0xa8, 0x59, 0x06,
    0x35, 0xb0, 0x84, 0x11, 0x03, 0x04, 0x00, 0x41, 0x30, 0xa0, 0xc6, 0x04, 0x45, 0xc2, 0x63, 0x3e,
    0xc2, 0x64, 0x34, 0x21, 0x00, 0x2a, 0x40, 0x11, 0x1d, 0x31, 0x40, 0x00, 0x10, 0x04, 0x03, 0xca,
    0x4c, 0x56, 0x84, 0x3c, 0xea, 0x83, 0x4c, 0x46, 0x13, 0x02, 0xa0, 0x02, 0x16, 0xd1, 0xe1, 0x86,
    0xe0, 0x4c, 0xc0, 0x60, 0x96, 0xe1, 0x22, 0x83, 0xa0, 0x86, 0x15, 0xd1, 0xe1, 0x86, 0x20, 0x4d,
    0xc0, 0x60, 0x96, 0x01, 0x0c, 0xb0, 0xa0, 0x8a, 0x16, 0xd1, 0x5a, 0x13, 0x23, 0x2a, 0x70, 0x11,
    0x2d, 0x81, 0x4d, 0xb0, 0x82, 0x37, 0xd1, 0x0a, 0xd2, 0x84, 0xcb, 0xb1, 0x11, 0x1d, 0x6e, 0x08,
    0xe2, 0x04, 0x0c, 0x86, 0x1b, 0x10, 0x18, 0x01, 0x83, 0x59, 0x06, 0x2e, 0x13, 0xaa, 0x3c, 0x58,
    0x04, 0x2a, 0xa8, 0x13, 0xb4, 0x20, 0x47, 0x20, 0x30, 0x62, 0x80, 0x00, 0x20, 0x08, 0x06, 0x14,
    0x9e, 0xf4, 0x88, 0x7d, 0x04, 0x76, 0x32, 0x9a, 0x10, 0x00, 0x55, 0xe4, 0x89, 0x0e, 0x37, 0x04,
    0x79, 0x12, 0x06, 0x35, 0x88, 0x09, 0x16, 0x01, 0x26, 0x3a, 0xdd, 0x20, 0x04, 0x43, 0x05, 0x3f,
    0xa2, 0xe6, 0x27, 0x41, 0x08, 0x66, 0x19, 0xb4, 0xad, 0x19, 0x6e, 0x88, 0x8f, 0xe9, 0x0c, 0x4a,
    0xea, 0x93, 0x9d, 0x6e, 0x08, 0x24, 0x61, 0x96, 0xe0, 0x2b, 0x23, 0x54, 0xb0, 0x02, 0x52, 0xd1,
    0x0a, 0xfc, 0x84, 0x0d, 0x11, 0x13, 0x10, 0x0c, 0x37, 0xa8, 0x47, 0x90, 0x06, 0x45, 0x90, 0xca,
    0x4e, 0x37, 0x10, 0x81, 0x30, 0x4b, 0xf0, 0xd5, 0x19, 0xac, 0x89, 0x9a, 0xaa, 0x04, 0x21, 0x98,
    0x65, 0xe8, 0xbc, 0x6c, 0xb8, 0xa1, 0x3f, 0x3e, 0x34, 0x28, 0x2f, 0x55, 0x76, 0xba, 0xc1, 0x0b,
    0x84, 0x59, 0x82, 0xaf, 0xd8, 0xa0, 0x55, 0xb0, 0x02, 0x58, 0xd1, 0x0a, 0x54, 0x85, 0x87, 0x1b,
    0xea, 0x03, 0x41, 0x83, 0x1a, 0x5e, 0x65, 0xa7, 0x1b, 0x86, 0x40, 0x98, 0x25, 0xf8, 0x06, 0x4a,
    0x08, 0x33, 0xd0, 0xb0, 0xcd, 0xe9, 0x04, 0x6f, 0xa0, 0x84, 0x70, 0x03, 0xcd, 0x0d, 0x36, 0xab,
    0xb3, 0xbc, 0x8a, 0x03, 0x14, 0x01, 0x13, 0xf6, 0x03, 0x04, 0x46, 0xc8, 0xc9, 0x09, 0x6a, 0xc0,
    0x95, 0xab, 0x60, 0x4f, 0xb4, 0x86, 0x60, 0xab, 0xe0, 0x13, 0x2d, 0x21, 0x58, 0x0b, 0x7e, 0x05,
    0x03, 0x23, 0x06, 0x08, 0x00, 0x82, 0x60, 0x40, 0x85, 0x8b, 0xa9, 0xf8, 0x48, 0xf0, 0x2b, 0xa3,
    0x09, 0x01, 0x50, 0x8a, 0xb8, 0xe8, 0x70, 0x43, 0x20, 0x2e, 0x61, 0x50, 0xc3, 0xaa, 0x60, 0x11,
    0xa9, 0xa2, 0xd3, 0x0d, 0x42, 0x30, 0x54, 0xc0, 0x2a, 0x3a, 0xdc, 0x10, 0x9c, 0x4b, 0x18, 0xd4,
    0x70, 0x2a, 0x5a, 0x02, 0xae, 0xf0, 0x74, 0x83, 0xba, 0x08, 0xc3, 0x2c, 0x01, 0x19, 0x54, 0x8f,
    0xa0, 0xcb, 0x15, 0x8c, 0xa0, 0x4a, 0x96, 0x50, 0x2a, 0x50, 0x81, 0x00, 0x15, 0xc0, 0x0b, 0x5a,
    0x40, 0x2b, 0x10, 0x18, 0x31, 0x40, 0x00, 0x10, 0x04, 0x03, 0x6a, 0x5e, 0x70, 0x25, 0x4e, 0x82,
    0x78, 0x19, 0x4d, 0x08, 0x80, 0x2a, 0xe8, 0x45, 0x87, 0x1b, 0x02, 0x7a, 0x09, 0x83, 0x1a, 0x7a,
    0x05, 0x8b, 0xd8, 0x15, 0x9d, 0x6e, 0x10, 0x82, 0xa1, 0x78, 0x44, 0x5e, 0xb0, 0x02, 0x79, 0xd1,
    0x02, 0x97, 0x00, 0x8b, 0x08, 0x74, 0xb8, 0x21, 0xe0, 0x17, 0x30, 0x98, 0x65, 0x08, 0x03, 0x32,
    0x08, 0x6a, 0x17, 0xc6, 0x45, 0x87, 0x1b, 0x02, 0x7f, 0x01, 0x83, 0x59, 0x86, 0x31, 0x10, 0x83,
    0xa0, 0xe2, 0x04, 0x57, 0xa0, 0x82, 0x90, 0x41, 0x0b, 0xca, 0x05, 0x02, 0x23, 0x06, 0x08, 0x00,
    0x82, 0x60, 0x40, 0x91, 0x4c, 0xba, 0x88, 0x4a, 0x20, 0x32, 0xa3, 0x09, 0x01, 0x50, 0x45, 0xc9,
    0xe8, 0x70, 0x43, 0x50, 0x32, 0x61, 0x50, 0x83, 0xbb, 0x60, 0x11, 0xec, 0xa2, 0xd3, 0x0d, 0x42,
    0x30, 0xcc, 0x12, 0x8c, 0xc1, 0x40, 0x05, 0x21, 0x88, 0x01, 0x6b, 0x84, 0x41, 0x95, 0x03, 0x9f,
    0x40, 0xbd, 0x89, 0x10, 0x25, 0xac, 0xcc, 0x55, 0xe0, 0x2e, 0x5a, 0x83, 0xbb, 0x68, 0x05, 0xc2,
    0x5a, 0x10, 0x33, 0x18, 0xa8, 0x20, 0x5c, 0x76, 0xc4, 0x00, 0x01, 0x40, 0x10, 0x0c, 0x28, 0x9a,
    0xc9, 0x97, 0x58, 0x09, 0x64, 0x66, 0x34, 0x21, 0x00, 0x2a, 0xa9, 0x19, 0x1d, 0x6e, 0x08, 0x6a,
    0x26, 0x0c, 0x6a, 0xf0, 0x17, 0x9c, 0x6e, 0x08, 0x08, 0xa1, 0x82, 0x7b, 0xd1, 0x59, 0x02, 0x32,
    0x18, 0x28, 0x81, 0x60, 0x6c, 0x0c, 0x5c, 0xcc, 0x72, 0x31, 0x30, 0x00, 0x87, 0x6f, 0xa0, 0x84,
    0x20, 0xc6, 0x80, 0xce, 0x2c, 0x3a, 0x03, 0x03, 0x70, 0xf8, 0x66, 0x19, 0xd4, 0xa0, 0x0c, 0x84,
    0xca, 0x87, 0x91, 0xc1, 0xba, 0x07, 0x92, 0xc1, 0x0a, 0x46, 0x46, 0x2b, 0x1f, 0x42, 0x46, 0x4b,
    0x08, 0x76, 0xb8, 0x21, 0x00, 0x1b, 0x30, 0x98, 0x65, 0x30, 0x03, 0x35, 0x08, 0x6a, 0x56, 0x7c,
    0xe6, 0xca, 0x54, 0xfc, 0x25, 0x4b, 0xd8, 0x17, 0xa8, 0x40, 0x80, 0x0a, 0xcc, 0x06, 0x2d, 0x50,
    0x19, 0x08, 0x8c, 0x18, 0x20, 0x00, 0x08, 0x82, 0x01, 0x95, 0x36, 0x2e, 0x73, 0x2e, 0xc1, 0xd9,
    0x8c, 0x26, 0x04, 0x40, 0x15, 0x6a, 0xa3, 0xc3, 0x0d, 0x81, 0xda, 0x84, 0x41, 0x0d, 0x33, 0x83,
    0x45, 0xc4, 0x8c, 0x4e, 0x37, 0x08, 0xc1, 0x50, 0xc1, 0xca, 0x70, 0xcd, 0x4a, 0xda, 0x60, 0x05,
    0x69, 0xa3, 0x75, 0x33, 0x01, 0x56, 0x40, 0xe8, 0x70, 0x43, 0x30, 0x37, 0x60, 0x30, 0xcb, 0x70,
    0x06, 0x6a, 0x10, 0x54, 0xa6, 0x33, 0x3a, 0xdc, 0x10, 0xd4, 0x0d, 0x18, 0xcc, 0x32, 0xa4, 0x01,
    0x1a, 0x04, 0x85, 0x2e, 0x25, 0x03, 0x15, 0xe0, 0x0d, 0x5a, 0xc0, 0x33, 0x10, 0x18, 0x31, 0x40,
    0x00, 0x10, 0x04, 0x03, 0x6a, 0x6f, 0xc0, 0x26, 0x5f, 0x82, 0xbc, 0x19, 0x4d, 0x08, 0x80, 0x2a,
    0xf8, 0x46, 0x87, 0x1b, 0x02, 0xbe, 0x09, 0x83, 0x1a, 0xca, 0x06, 0x8b, 0x18, 0x1b, 0x9d, 0x6e,
    0x10, 0x82, 0x61, 0x96, 0x20, 0x0d, 0x06, 0x2a, 0x08, 0x01, 0x0d, 0x54, 0xe1, 0x0c, 0xaa, 0x0c,
    0xe6, 0x05, 0xca, 0x5c, 0x84, 0x28, 0x41, 0x74, 0xae, 0x82, 0xb2, 0xd1, 0x1a, 0xca, 0x46, 0x2b,
    0x10, 0xd6, 0x02, 0xd4, 0xc1, 0x40, 0x05, 0x36, 0xb3, 0x23, 0x06, 0x08, 0x00, 0x82, 0x60, 0x40,
    0xad, 0x0e, 0xdc, 0xa0, 0x4c, 0x90, 0x3a, 0xa3, 0x09, 0x01, 0x50, 0x09, 0xeb, 0xe8, 0x70, 0x43,
    0xc0, 0x3a, 0x61, 0x50, 0x43, 0xdd, 0xe0, 0x74, 0x43, 0x40, 0x08, 0x15, 0xb8, 0x8d, 0xce, 0x12,
    0xa8, 0xc1, 0x40, 0x0d, 0x01, 0x3e, 0x0f, 0xb8, 0x54, 0xec, 0x40, 0x06, 0x42, 0x1a, 0x80, 0x5d,
    0x19, 0x80, 0x9d, 0x19, 0x58, 0x90, 0x37, 0x20, 0x18, 0x31, 0x40, 0x00, 0x10, 0x04, 0x03, 0x8a,
    0x76, 0xf2, 0x46, 0x66, 0x02, 0xd9, 0x19, 0x4d, 0x08, 0x80, 0x59, 0x86, 0x35, 0xc0, 0x83, 0x76,
    0xa9, 0x77, 0xb9, 0x1b, 0x1d, 0x6e, 0x08, 0x6a, 0x07, 0x0c, 0x66, 0x19, 0xe8, 0x80, 0x0d, 0x82,
    0x8a, 0x97, 0xbc, 0xd1, 0xba, 0x1d, 0x79, 0x89, 0x0a, 0xf4, 0x46, 0x4b, 0xc0, 0x1d, 0xac, 0x60,
    0x77, 0xb4, 0x02, 0xde, 0xe1, 0xd2, 0x17, 0xd1, 0xd1, 0xe1, 0x86, 0xa0, 0x77, 0xc0, 0x60, 0xb8,
    0x01, 0xe1, 0x1b, 0x30, 0x98, 0x65, 0x80, 0x83, 0x36, 0x10, 0x2a, 0x66, 0xc0, 0x07, 0x2d, 0x20,
    0x1d, 0x08, 0x8c, 0x18, 0x20, 0x00, 0x08, 0x82, 0x01, 0x35, 0x3e, 0xa8, 0x13, 0x36, 0x41, 0xf8,
    0x8c, 0x26, 0x04, 0x40, 0xd5, 0x0c, 0xf9, 0xe8, 0x70, 0x43, 0x40, 0x3e, 0x61, 0x50, 0x43, 0xeb,
    0x60, 0x11, 0xab, 0xa3, 0xd3, 0x0d, 0x42, 0x30, 0x54, 0xa0, 0x3a, 0x6a, 0xe9, 0x13, 0x84, 0x60,
    0x96, 0xc1, 0x0d, 0xde, 0x80, 0x19, 0x6e, 0xe0, 0x19, 0xe9, 0x0c, 0xa6, 0x1b, 0x22, 0x28, 0x98,
    0x25, 0x98, 0x83, 0x2a, 0xd6, 0x07, 0x2b, 0x70, 0x1f, 0x35, 0x63, 0x75, 0x40, 0x30, 0xdc, 0x10,
    0x33, 0x41, 0x1a, 0x5c, 0x40, 0xa2, 0x02, 0x82, 0x67, 0x09, 0xe6, 0xa0, 0x60, 0x86, 0x76, 0xd4,
    0xe6, 0x27, 0x08, 0xc1, 0x2c, 0x43, 0x1c, 0xc8, 0x81, 0x35, 0xdc, 0x60, 0x36, 0x1c, 0x1a, 0x4c,
    0x37, 0x68, 0x5b, 0x30, 0x4b, 0x30, 0x07, 0x45, 0x33, 0xf5, 0x83, 0x15, 0xe0, 0x8f, 0x0e, 0x37,
    0xe8, 0x8c, 0x81, 0x06, 0x17, 0x90, 0xa8, 0x60, 0xe0, 0x59, 0x82, 0x39, 0x18, 0x28, 0x21, 0xc0,
    0xc0, 0x0d, 0xa8, 0x37, 0x60, 0xe2, 0x40, 0x90, 0x83, 0x81, 0x12, 0xc2, 0x0c, 0xdc, 0xc0, 0x0c,
    0xde, 0x40, 0x8a, 0x03, 0x49, 0x0e, 0x0a, 0x67, 0xde, 0x06, 0x4c, 0x00, 0x1b, 0x10, 0x18, 0x91,
    0x3b, 0x27, 0xa8, 0xe1, 0x7f, 0xae, 0x02, 0xf1, 0xd1, 0x1a, 0x82, 0xad, 0x62, 0x7c, 0xb4, 0x84,
    0x60, 0x2d, 0x30, 0x21, 0x0c, 0x8c, 0x18, 0x20, 0x00, 0x08, 0x82, 0x01, 0x85, 0x42, 0xed, 0x53,
    0x3a, 0x81, 0x09, 0x8d, 0x26, 0x04, 0x40, 0x29, 0x29, 0xa4, 0xc3, 0x0d, 0x41, 0x0a, 0x85, 0x41,
    0x0d, 0xf2, 0x83, 0x45, 0xc0, 0x8f, 0x4e, 0x37, 0x08, 0xc1, 0x50, 0xc1, 0xfc, 0xe8, 0x70, 0x43,
    0xe0, 0x42, 0x61, 0x50, 0x03, 0x0a, 0xe9, 0x70, 0x43, 0x00, 0x43, 0x60, 0x50, 0x43, 0xb0, 0x65,
    0xc4, 0x8f, 0x56, 0x31, 0x6c, 0x05, 0x23, 0xc4, 0xd3, 0x0d, 0x35, 0x34, 0x10, 0xb3, 0x04, 0x78,
    0x50, 0xa8, 0x33, 0x43, 0x57, 0x79, 0x33, 0x3f, 0x59, 0x82, 0xfd, 0x40, 0x05, 0x02, 0x54, 0xb0,
    0x43, 0x68, 0xc1, 0xff, 0x40, 0x60, 0xc4, 0x00, 0x01, 0x40, 0x10, 0x0c, 0x28, 0x1f, 0x1a, 0x21,
    0xde, 0x09, 0x78, 0x68, 0x34, 0x21, 0x00, 0xaa, 0xf8, 0x21, 0x1d, 0x6e, 0x08, 0x7e, 0x28, 0x0c,
    0x6a, 0x40, 0x21, 0x2c, 0xc2, 0x84, 0x74, 0xba, 0x41, 0x08, 0x86, 0x2a, 0x9d, 0x1e, 0xc2, 0x0a,
    0x7a, 0x48, 0x6b, 0x85, 0x02, 0x2c, 0x22, 0xd0, 0xe1, 0x86, 0xe0, 0x8c, 0xc0, 0x60, 0x96, 0xa1,
    0x0e, 0xf0, 0x20, 0x28, 0xd3, 0x71, 0x21, 0x1d, 0x6e, 0x08, 0xd2, 0x08, 0x0c, 0x66, 0x19, 0xee,
    0xc0, 0x0e, 0x82, 0xe2, 0x9d, 0x35, 0x42, 0x0b, 0x5e, 0x08, 0x02, 0x23, 0x06, 0x08, 0x00, 0x82,
    0x60, 0x40, 0xb9, 0xd1, 0x0c, 0xb1, 0x4f, 0xc0, 0x46, 0xa3, 0x09, 0x01, 0x50, 0xe0, 0xf3, 0x46,
    0x3a, 0xdc, 0x10, 0xbc, 0x51, 0x18, 0xd4, 0x80, 0x43, 0x58, 0x84, 0x0d, 0xe9, 0x74, 0x83, 0x10,
    0x0c, 0xb3, 0x04, 0x77, 0x30, 0x50, 0x41, 0x08, 0x76, 0x00, 0x76, 0x75, 0x50, 0xaf, 0x63, 0x3e,
    0x50, 0xb7, 0x23, 0x44, 0x09, 0x75, 0x74, 0x15, 0xe0, 0x90, 0xd6, 0x80, 0x43, 0x5a, 0x81, 0xb0,
    0x16, 0xec, 0x11, 0x06, 0x46, 0x0c, 0x10, 0x00, 0x04, 0xc1, 0x80, 0xea, 0x23, 0x31, 0xd2, 0x9f,
    0x60, 0x8f, 0x46, 0x13, 0x02, 0xa0, 0x10, 0x3f, 0xd2, 0xe1, 0x86, 0xc0, 0x8f, 0xc2, 0xa0, 0x86,
    0x33, 0xc2, 0x22, 0xca, 0x48, 0xa7, 0x1b, 0x84, 0x60, 0xa8, 0x00, 0x8d, 0x74, 0xb8, 0x21, 0x18,
    0xa5, 0x30, 0xa8, 0xa1, 0x8f, 0x74, 0xb8, 0x21, 0x28, 0x25, 0x30, 0xa8, 0x21, 0xd8, 0x32, 0xcc,
    0x48, 0xab, 0x18, 0xb6, 0x02, 0x3c, 0xe2, 0xe9, 0x06, 0x55, 0x1a, 0x88, 0x59, 0x02, 0x3c, 0x18,
    0x28, 0x81, 0xe4, 0x31, 0x50, 0x03, 0x79, 0x0c, 0xe8, 0xc0, 0x1d, 0xe6, 0x80, 0xb8, 0x83, 0x81,
    0x12, 0x02, 0x27, 0x03, 0x35, 0xc0, 0xc9, 0x80, 0x0e, 0xdc, 0x61, 0x0e, 0x88, 0x3b, 0x98, 0x65,
    0x98, 0x85, 0x3c, 0x10, 0x6a, 0x7d, 0xea, 0x08, 0x2b, 0x7d, 0xec, 0x08, 0x2b, 0xa8, 0x23, 0xad,
    0xf5, 0x99, 0x23, 0x2d, 0x21, 0xd8, 0xe1, 0x86, 0x40, 0x96, 0xc0, 0x60, 0x96, 0x41, 0x0f, 0xfc,
    0x20, 0xa8, 0x12, 0x82, 0xa5, 0x2b, 0xfb, 0x81, 0xa3, 0x2c, 0x61, 0x8e, 0xa0, 0x02, 0x01, 0x2a,
    0xc0, 0x25, 0xb4, 0x80, 0x8f, 0x20, 0x30, 0x62, 0x80, 0x00, 0x20, 0x08, 0x06, 0xd4, 0x2e, 0x81,
    0x52, 0x0e, 0x05, 0xb9, 0x34, 0x9a, 0x10, 0x00, 0x55, 0xf0, 0x92, 0x0e, 0x37, 0x04, 0xbc, 0x14,
    0x06, 0x35, 0x94, 0x12, 0x16, 0x31, 0x4a, 0x3a, 0xdd, 0x20, 0x04, 0x43, 0x05, 0x7d, 0xc4, 0x35,
    0x42, 0xbb, 0x84, 0x15, 0xec, 0x92, 0x56, 0x2a, 0x05, 0x58, 0x01, 0xa1, 0xc3, 0x0d, 0x41, 0x39,
    0x81, 0xc1, 0x2c, 0xc3, 0x1e, 0xf8, 0x41, 0x50, 0x19, 0x2b, 0xe9, 0x70, 0x43, 0x70, 0x4e, 0x60,
    0x30, 0xcb, 0xd0, 0x07, 0x7c, 0x10, 0x94, 0x0e, 0xf1, 0x11, 0x54, 0xa0, 0x4e, 0x68, 0x81, 0x2b,
    0x41, 0x60, 0xc4, 0x00, 0x01, 0x40, 0x10, 0x0c, 0xa8, 0x76, 0x92, 0xa5, 0x35, 0x0a, 0xd6, 0x69,
    0x34, 0x21, 0x00, 0xaa, 0x70, 0x27, 0x1d, 0x6e, 0x08, 0xdc, 0x29, 0x0c, 0x6a, 0xb8, 0x25, 0x2c,
    0xa2, 0x96, 0x74, 0xba, 0x41, 0x08, 0x86, 0x59, 0x82, 0x3e, 0x18, 0xa8, 0x20, 0x04, 0x3e, 0x50,
    0x85, 0x3d, 0xa8, 0x32, 0x28, 0x23, 0x28, 0x1b, 0x12, 0xa2, 0x04, 0x7a, 0xba, 0x0a, 0x6e, 0x49,
    0x6b, 0xb8, 0x25, 0xad, 0x40, 0x58, 0x0b, 0xf4, 0x09, 0x03, 0x15, 0xb4, 0xd2, 0x8e, 0x18, 0x20,
    0x00, 0x08, 0x82, 0x01, 0xd5, 0x4f, 0xe2, 0xa4, 0x47, 0xc1, 0x3e, 0x8d, 0x26, 0x04, 0x40, 0x25,
    0xfe, 0xa4, 0xc3, 0x0d, 0x81, 0x3f, 0x85, 0x41, 0x0d, 0xe7, 0x84, 0x45, 0x94, 0x93, 0x4e, 0x37,
    0x08, 0xc1, 0x50, 0x01, 0x3a, 0xe9, 0x70, 0x43, 0x30, 0x52, 0x61, 0x50, 0x43, 0x3f, 0xe9, 0x70,
    0x43, 0x50, 0x52, 0x60, 0x50, 0x43, 0xb0, 0x65, 0x98, 0x93, 0x56, 0x31, 0x6c, 0x05, 0xf8, 0xc4,
    0xd3, 0x0d, 0x2a, 0x35, 0x10, 0xb3, 0x04, 0x7e, 0x30, 0xd0, 0x01, 0xc9, 0x67, 0x90, 0x07, 0xf2,
    0x19, 0xe8, 0x01, 0xd1, 0x07, 0x03, 0x1d, 0x04, 0x8e, 0x06, 0x79, 0x80, 0xa3, 0x81, 0x1e, 0x10,
    0x7d, 0x30, 0xcb, 0x30, 0x0b, 0x7f, 0x20, 0x8c, 0x18, 0x20, 0x00, 0x08, 0x82, 0x01, 0xf5, 0x52,
    0xf4, 0xd4, 0x4a, 0xbf, 0xd4, 0x52, 0xa3, 0x09, 0x01, 0x50, 0x01, 0x3d, 0xe9, 0x88, 0x01, 0x02,
    0x80, 0x20, 0x18, 0x50, 0x32, 0x75, 0x4f, 0xb0, 0x14, 0x4e, 0x30, 0x35, 0x9a, 0x10, 0x00, 0x15,
    0xe0, 0x93, 0x0e, 0x37, 0x04, 0x33, 0x05, 0x06, 0xb3, 0x0c, 0xa0, 0xd0, 0x0a, 0x41, 0x0d, 0xf7,
    0xa4, 0xc3, 0x0d, 0x41, 0x4d, 0x81, 0xc1, 0x2c, 0x43, 0x2a, 0x84, 0x42, 0x50, 0x45, 0x3e, 0x69,
    0xdd, 0x94, 0x11, 0x15, 0xe8, 0x93, 0x96, 0x80, 0x53, 0x58, 0xc1, 0x4e, 0x69, 0x05, 0x35, 0xc5,
    0xe5, 0x88, 0x94, 0x0e, 0x37, 0x04, 0x3d, 0x05, 0x06, 0xc3, 0x0d, 0x08, 0x3f, 0x81, 0xc1, 0x2c,
    0x43, 0x29, 0x88, 0x82, 0x50, 0xb1, 0x84, 0x4f, 0x50, 0x41, 0x58, 0xa1, 0x05, 0x25, 0x05, 0x81,
    0x11, 0x03, 0x04, 0x00, 0x41, 0x30, 0xa0, 0xc8, 0x2a, 0xa5, 0xc4, 0x29, 0x10, 0xab, 0xd1, 0x84,
    0x00, 0xa8, 0xa2, 0xac, 0x74, 0xb8, 0x21, 0x28, 0xab, 0x30, 0xa8, 0xc1, 0xa5, 0xb0, 0x08, 0x96,
    0xd2, 0xe9, 0x06, 0x21, 0x18, 0x2a, 0x58, 0x29, 0x35, 0xb5, 0x0a, 0x42, 0x30, 0xcb, 0x30, 0x0a,
    0xa4, 0xd0, 0x0c, 0x37, 0xf4, 0xd2, 0x74, 0x06, 0x25, 0xa5, 0xd5, 0x4e, 0x37, 0x04, 0x92, 0x30,
    0x4b, 0x80, 0x0a, 0x65, 0xb4, 0x15, 0x56, 0x00, 0x57, 0x5a, 0x81, 0x5a, 0xb1, 0x21, 0x2e, 0x05,
    0x82, 0xe1, 0x06, 0x5a, 0x0a, 0xd2, 0xa0, 0x08, 0xb8, 0xda, 0xe9, 0x06, 0x22, 0x10, 0x66, 0x09,
    0x50, 0xa1, 0xce, 0xe0, 0xa6, 0xd4, 0xec, 0x2a, 0x08, 0xc1, 0x2c, 0x83, 0x29, 0x9c, 0x42, 0x36,
    0xdc, 0x90, 0x4e, 0x1f, 0x1a, 0x94, 0x57, 0x57, 0x3b, 0xdd, 0xe0, 0x05, 0xc2, 0x2c, 0x01, 0x2a,
    0x14, 0x1b, 0xe4, 0x15, 0x56, 0xc0, 0x57, 0x5a, 0x81, 0x5d, 0xf1, 0x70, 0xc3, 0x2f, 0x21, 0x68,
    0x50, 0xc3, 0x5e, 0xed, 0x74, 0xc3, 0x10, 0x08, 0xb3, 0x04, 0xa8, 0x30, 0x50, 0x42, 0x98, 0xc1,
    0x28, 0x60, 0xa4, 0xe0, 0x98, 0x82, 0x70, 0x0a, 0x03, 0x25, 0x84, 0x1b, 0x8c, 0x82, 0x1b, 0x90,
    0x82, 0x65, 0x0a, 0xd6, 0x29, 0x54, 0x1c, 0xd0, 0x13, 0x98, 0x50, 0x4e, 0x20, 0x30, 0xc2, 0xa7,
    0x4e, 0x50, 0x03, 0x69, 0x5d, 0x05, 0x67, 0xa5, 0x35, 0x04, 0x5b, 0x05, 0x5a, 0x69, 0x09, 0xc1,
    0x5a, 0xb0, 0x5a, 0x18, 0x18, 0x31, 0x40, 0x00, 0x10, 0x04, 0x03, 0xaa, 0xb5, 0xe4, 0x4a, 0xa5,
    0x82, 0xd5, 0x1a, 0x4d, 0x08, 0x80, 0x52, 0x5c, 0x4b, 0x87, 0x1b, 0x02, 0xd7, 0x0a, 0x83, 0x1a,
    0xee, 0x0a, 0x8b, 0xa8, 0x2b, 0x9d, 0x6e, 0x10, 0x82, 0xa1, 0x02, 0xbc, 0xd2, 0xe1, 0x86, 0x60,
    0xb6, 0xc2, 0xa0, 0x86, 0xb9, 0xd2, 0x12, 0x48, 0x8b, 0xa7, 0x1b, 0x6c, 0x4b, 0x18, 0x66, 0x09,
    0x5a, 0xa1, 0x52, 0x8a, 0xb6, 0xae, 0xf4, 0x89, 0xae, 0xb2, 0x84, 0xb8, 0x82, 0x0a, 0x04, 0xa8,
    0x80, 0xb7, 0xd0, 0x02, 0xd0, 0x82, 0xc0, 0x88, 0x01, 0x02, 0x80, 0x20, 0x18, 0x50, 0xbf, 0x45,
    0x5a, 0x3d, 0x15, 0xf4, 0xd6, 0x68, 0x42, 0x00, 0x54, 0x01, 0x5e, 0x3a, 0xdc, 0x10, 0x80, 0x57,
    0x18, 0xd4, 0x90, 0x5a, 0x58, 0xc4, 0x69, 0xe9, 0x74, 0x83, 0x10, 0x0c, 0x65, 0x52, 0xbe, 0x85,
    0x15, 0xf8, 0x96, 0x16, 0x6b, 0x05, 0x58, 0x44, 0xa0, 0xc3, 0x0d, 0x01, 0x7a, 0x81, 0xc1, 0x2c,
    0x83, 0x2a, 0xb4, 0x42, 0x50, 0xbb, 0xf0, 0x5a, 0x3a, 0xdc, 0x10, 0xa8, 0x17, 0x18, 0xcc, 0x32,
    0xb0, 0xc2, 0x2a, 0x04, 0xd5, 0x53, 0xa4, 0x05, 0x15, 0xb4, 0x17, 0x5a, 0x10, 0x5b, 0x10, 0x18,
    0x31, 0x40, 0x00, 0x10, 0x04, 0x03, 0x0a, 0xbe, 0x6a, 0xcb, 0xad, 0x02, 0xf7, 0x1a, 0x4d, 0x08,
    0x80, 0x2a, 0xe2, 0x4b, 0x87, 0x1b, 0x82, 0xf8, 0x0a, 0x83, 0x1a, 0x74, 0x0b, 0x8b, 0xc0, 0x2d,
    0x9d, 0x6e, 0x10, 0x82, 0x61, 0x96, 0x80, 0x15, 0x06, 0x2a, 0x08, 0x61, 0x15, 0x58, 0x43, 0x15,
    0xaa, 0x1c, 0xd0, 0x0a, 0x2a, 0xa7, 0x84, 0x28, 0xe1, 0xbe, 0xae, 0x02, 0xdd, 0xd2, 0x1a, 0x74,
    0x4b, 0x2b, 0x10, 0xd6, 0x82, 0xfe, 0xc2, 0x40, 0x05, 0xad, 0xb5, 0x23, 0x06, 0x08, 0x00, 0x82,
    0x60, 0x40, 0x81, 0x58, 0x79, 0xf5, 0x55, 0xe0, 0x5f, 0xa3, 0x09, 0x01, 0x50, 0x49, 0x88, 0xe9,
    0x70, 0x43, 0x10, 0x62, 0x61, 0x50, 0x83, 0x7a, 0xe1, 0x74, 0x43, 0x40, 0x08, 0x15, 0x8c, 0x97,
    0xce, 0x12, 0xb4, 0xc2, 0x40, 0x09, 0x84, 0xbe, 0x01, 0x2b, 0x98, 0x6f, 0xf0, 0x07, 0xe6, 0x1b,
    0xa4, 0x02, 0x38, 0xa0, 0xc2, 0x40, 0x09, 0x41, 0xb0, 0x02, 0x0b, 0x07, 0x7f, 0xc0, 0xc2, 0x41,
    0x2a, 0x80, 0x03, 0x2a, 0xcc, 0x32, 0xcc, 0x82, 0x2b, 0x08, 0x95, 0x0f, 0xef, 0x85, 0x75, 0x0f,
    0xf0, 0x85, 0x15, 0xbc, 0x97, 0x56, 0x3e, 0xb4, 0x97, 0x96, 0x10, 0xec, 0x70, 0x43, 0xc0, 0x62,
    0x60, 0x30, 0xcb, 0xf0, 0x0a, 0xb3, 0x10, 0xd4, 0x5f, 0xa9, 0xd8, 0x15, 0x5c, 0xa9, 0x57, 0x96,
    0x70, 0x5e, 0x50, 0x81, 0x00, 0x15, 0xc8, 0x18, 0x5a, 0x60, 0x5f, 0x10, 0x18, 0x31, 0x40, 0x00,
    0x10, 0x04, 0x03, 0xaa, 0xc6, 0xf4, 0x6b, 0xb6, 0x82, 0x19, 0x1b, 0x4d, 0x08, 0x80, 0x2a, 0x6c,
    0x4c, 0x87, 0x1b, 0x02, 0x1b, 0x0b, 0x83, 0x1a, 0xfe, 0x0b, 0x8b, 0xe8, 0x2f, 0x9d, 0x6e, 0x10,
    0x82, 0xa1, 0x82, 0xfb, 0xe2, 0xea, 0xab, 0x1a, 0xc3, 0x0a, 0x6a, 0x4c, 0x6b, 0xc4, 0x02, 0xac,
    0x80, 0xd0, 0xe1, 0x86, 0xe0, 0xc7, 0xc0, 0x60, 0x96, 0x01, 0x16, 0x66, 0x21, 0xa8, 0xcc, 0xc4,
    0x74, 0xb8, 0x21, 0x08, 0x33, 0x30, 0x98, 0x65, 0x90, 0x85, 0x58, 0x08, 0x8a, 0xb6, 0xe2, 0x0b,
    0x2a, 0x20, 0x33, 0xb4, 0x00, 0xc5, 0x20, 0x30, 0x62, 0x80, 0x00, 0x20, 0x08, 0x06, 0xd4, 0x99,
    0xb1, 0x58, 0x79, 0x05, 0x65, 0x36, 0x9a, 0x10, 0x00, 0x55, 0xa0, 0x99, 0x0e, 0x37, 0x04, 0x68,
    0x16, 0x06, 0x35, 0xc4, 0x18, 0x16, 0xf1, 0x62, 0x3a, 0xdd, 0x20, 0x04, 0xc3, 0x2c, 0x81, 0x2c,
    0x0c, 0x54, 0x10, 0x42, 0x2c, 0xa8, 0x02, 0x2c, 0x54, 0x19, 0xfc, 0x16, 0x14, 0x6c, 0x09, 0x51,
    0x82, 0x9b, 0x5d, 0x05, 0x31, 0xa6, 0x35, 0xc4, 0x98, 0x56, 0x20, 0xac, 0x05, 0x74, 0x86, 0x81,
    0x0a, 0x44, 0x6c, 0x47, 0x0c, 0x10, 0x00, 0x04, 0xc1, 0x80, 0xba, 0x33, 0x1e, 0xa3, 0xaf, 0xa0,
    0xce, 0x46, 0x13, 0x02, 0xa0, 0x12, 0x3c, 0xd3, 0xe1, 0x86, 0x00, 0xcf, 0xc2, 0xa0, 0x86, 0x30,
    0xc3, 0xe9, 0x86, 0x80, 0x10, 0x2a, 0xd0, 0x31, 0x9d, 0x25, 0x98, 0x85, 0x81, 0x1a, 0x02, 0x7c,
    0xf0, 0x00, 0x5c, 0xfc, 0x80, 0x1d, 0x5a, 0x41, 0x90, 0x05, 0x7c, 0x0e, 0x5c, 0x01, 0x9f, 0x83,
    0x57, 0xb0, 0xa0, 0xcc, 0x40, 0x30, 0x62, 0x80, 0x00, 0x20, 0x08, 0x06, 0x14, 0xa8, 0x95, 0x99,
    0x7f, 0x05, 0x7e, 0x36, 0x9a, 0x10, 0x00, 0xd5, 0x2e, 0x3b, 0xa6, 0x17, 0x8c, 0xb2, 0x12, 0x13,
    0xaf, 0xf8, 0x98, 0x10, 0xc8, 0xa7, 0x8a, 0x1f, 0xd3, 0x0b, 0x46, 0x59, 0x60, 0x5e, 0xf2, 0x31,
    0x02, 0xc5, 0xe0, 0x63, 0x81, 0x00, 0x9f, 0x0b, 0xc8, 0xd4, 0xbd, 0x84, 0x19, 0x56, 0x60, 0x66,
    0x7a, 0xc1, 0x28, 0x0b, 0x16, 0xf9, 0xd4, 0x53, 0x66, 0x58, 0x81, 0x9a, 0xe9, 0x05, 0xa3, 0x2c,
    0x88, 0x2f, 0xf9, 0x58, 0x31, 0x63, 0xf0, 0xb1, 0x40, 0x80, 0xcf, 0x05, 0x64, 0x2a, 0x60, 0xb3,
    0xab, 0xa0, 0xd9, 0x22, 0x99, 0x3f, 0xc3, 0x0a, 0xe6, 0x4c, 0x2f, 0x18, 0x65, 0x01, 0x26, 0x9f,
    0xe2, 0x46, 0x0d, 0x2b, 0xb8, 0x33, 0xbd, 0x60, 0x94, 0x05, 0xfe, 0x25, 0x1f, 0x2b, 0xc0, 0x0c,
    0x3e, 0x16, 0x08, 0xf0, 0xb9, 0x80, 0x4c, 0x05, 0xaa, 0x76, 0xd5, 0x04, 0x3b, 0x4b, 0x10, 0x12,
    0xc3, 0x0d, 0x38, 0x96, 0x67, 0x62, 0x30, 0xcb, 0x50, 0x0b, 0xb7, 0x10, 0x0c, 0x37, 0xf8, 0x98,
    0xb9, 0x81, 0xc1, 0x2c, 0xc3, 0x2d, 0xd8, 0x42, 0x50, 0x3a, 0x16, 0x6b, 0x59, 0xc1, 0xac, 0xa9,
    0x05, 0x7d, 0x06, 0x82, 0x59, 0x82, 0x5b, 0x18, 0xe8, 0x20, 0x04, 0x5b, 0xd0, 0xe3, 0x80, 0x16,
    0x64, 0x3b, 0xa8, 0x85, 0x81, 0x0e, 0x02, 0x8f, 0x03, 0x5b, 0xc0, 0xe3, 0x80, 0x16, 0x68, 0x3b,
    0xa8, 0x85, 0x11, 0x03, 0x04, 0x00, 0x41, 0x30, 0xa0, 0xda, 0x4d, 0xd6, 0xd6, 0xcc, 0xce, 0xd6,
    0x6d, 0x34, 0x21, 0x00, 0x2a, 0x90, 0x35, 0x1d, 0x31, 0x40, 0x00, 0x10, 0x04, 0x03, 0x0a, 0xde,
    0x6a, 0xcd, 0xcd, 0xf0, 0xcc, 0xdd, 0x46, 0x13, 0x02, 0xa0, 0x02, 0x5b, 0xd3, 0xe1, 0x86, 0x20,
    0xde, 0xc0, 0x60, 0x96, 0x01, 0x17, 0xca, 0x21, 0xa8, 0xa1, 0xd6, 0x74, 0xb8, 0x21, 0x98, 0x37,
    0x30, 0x98, 0x65, 0x08, 0x87, 0x5c, 0x08, 0xaa, 0xb8, 0x35, 0xad, 0x7a, 0x33, 0xa2, 0x02, 0x5c,
    0xd3, 0x12, 0xec, 0x0d, 0x2b, 0xc8, 0x37, 0xad, 0x40, 0xdf, 0xb8, 0x1c, 0x70, 0xd3, 0xe1, 0x86,
    0x60, 0xdf, 0xc0, 0x60, 0xb8, 0x01, 0xd1, 0x35, 0x30, 0x98, 0x65, 0xe8, 0x05, 0x5d, 0x10, 0x6a,
    0xf2, 0x37, 0xb4, 0x40, 0xdc, 0x20, 0x30, 0x62, 0x80, 0x00, 0x20, 0x08, 0x06, 0x54, 0xc8, 0x99,
    0xdb, 0x9f, 0x05, 0xff, 0x36, 0x9a, 0x10, 0x00, 0x75, 0x89, 0x9c, 0x0e, 0x37, 0x04, 0x22, 0x17,
    0x06, 0x35, 0xac, 0x1b, 0x16, 0x91, 0x6e, 0x3a, 0xdd, 0x20, 0x04, 0x43, 0x05, 0xe8, 0xa6, 0x76,
    0x72, 0x41, 0x08, 0x66, 0x19, 0x76, 0x81, 0x17, 0x98, 0xe1, 0x06, 0x4f, 0x3a, 0x83, 0xe9, 0x86,
    0x08, 0x0a, 0x66, 0x09, 0xc0, 0xa1, 0x8a, 0x94, 0xc3, 0x0a, 0x58, 0x4e, 0xcd, 0x48, 0x37, 0x10,
    0x0c, 0x37, 0x90, 0x41, 0x90, 0x06, 0x17, 0x90, 0xa8, 0x80, 0xe0, 0x59, 0x02, 0x70, 0x28, 0x32,
    0x90, 0x37, 0xb5, 0x98, 0x0b, 0x42, 0x30, 0xcb, 0xe0, 0x0b, 0xbf, 0x60, 0x0d, 0x37, 0xa0, 0x01,
    0x87, 0x06, 0xd3, 0x0d, 0xda, 0x16, 0xcc, 0x12, 0x80, 0x43, 0xa1, 0xc1, 0xcc, 0x61, 0x05, 0x36,
    0xa7, 0xc3, 0x0d, 0x6d, 0x60, 0xa0, 0xc1, 0x05, 0x24, 0x2a, 0x18, 0x78, 0x96, 0x00, 0x1c, 0x06,
    0x4a, 0x08, 0x30, 0xd8, 0x05, 0x8a, 0x17, 0x18, 0x5f, 0x10, 0x7e, 0x61, 0xa0, 0x84, 0x30, 0x83,
    0x5d, 0x30, 0x03, 0x5e, 0x90, 0x7c, 0x41, 0xfa, 0x85, 0x62, 0x83, 0x38, 0x00, 0x13, 0xe6, 0x00,
    0x04, 0x46, 0xdc, 0xdb, 0x09, 0x6a, 0xe8, 0xb9, 0xab, 0x00, 0xe4, 0xb4, 0x86, 0x60, 0xab, 0x08,
    0x39, 0x2d, 0x21, 0x58, 0x0b, 0xc8, 0x0e, 0x03, 0x23, 0x06, 0x08, 0x00, 0x82, 0x60, 0x40, 0x99,
    0xdd, 0xca, 0x8d, 0x5b, 0x40, 0x76, 0xa3, 0x09, 0x01, 0x50, 0xca, 0xd9, 0xe9, 0x70, 0x43, 0x70,
    0x76, 0x61, 0x50, 0x03, 0xcc, 0x61, 0x11, 0x2e, 0xa7, 0xd3, 0x0d, 0x42, 0x30, 0x54, 0x10, 0x73,
    0x3a, 0xdc, 0x10, 0xb0, 0x5d, 0x18, 0xd4, 0x60, 0x76, 0x3a, 0xdc, 0x10, 0xb8, 0x1d, 0x18, 0xd4,
    0x10, 0x6c, 0x19, 0x2f, 0xa7, 0x55, 0x0c, 0x5b, 0x41, 0xd8, 0xf1, 0x74, 0xc3, 0xdc, 0x0d, 0xc4,
    0x2c, 0x41, 0x39, 0x94, 0x2a, 0xc4, 0xdd, 0x15, 0x2b, 0xc4, 0x5c, 0x5a, 0x40, 0x73, 0x20, 0xa8,
    0x60, 0x80, 0x0a, 0xf2, 0x0e, 0x2d, 0xe8, 0x39, 0x08, 0x8c, 0x18, 0x20, 0x00, 0x08, 0x82, 0x01,
    0xc5, 0x77, 0x61, 0xa7, 0x6f, 0x81, 0xde, 0x8d, 0x26, 0x04, 0x40, 0x15, 0x7d, 0xa7, 0xc3, 0x0d,
    0x41, 0xdf, 0x85, 0x41, 0x0d, 0x66, 0x87, 0x45, 0x90, 0x9d, 0x4e, 0x37, 0x08, 0xc1, 0x50, 0xb8,
    0xb0, 0x77, 0x58, 0xc1, 0xde, 0x69, 0xa5, 0x5d, 0x80, 0x45, 0x04, 0x3a, 0xdc, 0x10, 0x94, 0x1e,
    0x18, 0xcc, 0x32, 0x88, 0x43, 0x39, 0x04, 0xa5, 0x0b, 0x6c, 0xa7, 0xc3, 0x0d, 0xc1, 0xe9, 0x81,
    0xc1, 0x2c, 0x03, 0x39, 0x8c, 0x43, 0x50, 0xbe, 0x90, 0x7a, 0x68, 0x41, 0xdb, 0x41, 0x60, 0xc4,
    0x00, 0x01, 0x40, 0x10, 0x0c, 0x28, 0xd6, 0x8b, 0x3b, 0x95, 0x0b, 0x54, 0x6f, 0x34, 0x21, 0x00,
    0x4a, 0x1c, 0x5a, 0x4f, 0x87, 0x1b, 0x82, 0xd6, 0x0b, 0x83, 0x1a, 0xec, 0x0e, 0x8b, 0xa0, 0x3b,
    0x9d, 0x6e, 0x10, 0x82, 0x61, 0x96, 0x80, 0x1c, 0x06, 0x2a, 0x08, 0x61, 0x1c, 0x50, 0x43, 0x1c,
    0x6a, 0x1c, 0xd0, 0x01, 0x4a, 0x1d, 0x84, 0x28, 0x61, 0xf6, 0xae, 0x02, 0xbb, 0xd3, 0x1a, 0xec,
    0x4e, 0x2b, 0x10, 0xd6, 0x82, 0xdc, 0xc3, 0xc0, 0x88, 0x01, 0x02, 0x80, 0x20, 0x18, 0x50, 0xbb,
    0x07, 0x7a, 0x38, 0x17, 0xe4, 0xde, 0x68, 0x42, 0x00, 0x14, 0xc2, 0x7b, 0x3a, 0xdc, 0x10, 0xf0,
    0x5e, 0x18, 0xd4, 0x50, 0x7a, 0x58, 0xc4, 0xe8, 0xe9, 0x74, 0x83, 0x10, 0x0c, 0x15, 0x98, 0x9e,
    0x0e, 0x37, 0x04, 0xe1, 0x17, 0x06, 0x35, 0xec, 0x9e, 0x0e, 0x37, 0x04, 0xe3, 0x07, 0x06, 0x35,
    0x04, 0x5b, 0x06, 0xe9, 0x69, 0x15, 0xc3, 0x56, 0x60, 0x7b, 0x3c, 0xdd, 0x80, 0x7e, 0x03, 0x31,
    0x4b, 0x50, 0x0e, 0x03, 0x25, 0x90, 0xdb, 0x07, 0xb7, 0xe0, 0xf6, 0x41, 0x38, 0xb8, 0x03, 0x38,
    0x10, 0xe4, 0x30, 0x50, 0x42, 0xd0, 0x7e, 0x70, 0x0b, 0xb4, 0x1f, 0x84, 0x83, 0x3b, 0x80, 0x03,
    0x41, 0x0e, 0xb3, 0x0c, 0x20, 0x61, 0x0e, 0x42, 0xfd, 0xc3, 0xec, 0x61, 0xf5, 0x03, 0xed, 0x61,
    0x05, 0xb3, 0xa7, 0xf5, 0x0f, 0xb1, 0xa7, 0x25, 0x04, 0x3b, 0xdc, 0x10, 0xc0, 0x1f, 0x18, 0xcc,
    0x32, 0x9c, 0xc3, 0x3a, 0x04, 0x75, 0x12, 0xee, 0x77, 0x95, 0x12, 0xae, 0x97, 0x16, 0xc4, 0x1e,
    0x08, 0x2a, 0x18, 0xa0, 0x02, 0xfb, 0x43, 0x0b, 0x74, 0x0f, 0x02, 0x23, 0x06, 0x08, 0x00, 0x82,
    0x60, 0x40, 0xe5, 0x9f, 0xef, 0xdd, 0x5d, 0x70, 0x7f, 0xa3, 0x09, 0x01, 0x50, 0x85, 0xfe, 0xe9,
    0x70, 0x43, 0xa0, 0x7f, 0x61, 0x50, 0xc3, 0xf8, 0x61, 0x11, 0xe1, 0xa7, 0xd3, 0x0d, 0x42, 0x30,
    0x54, 0xb0, 0x7b, 0x5c, 0x36, 0x91, 0x7f, 0x58, 0x41, 0xfe, 0x69, 0x9d, 0x5f, 0x80, 0x15, 0x10,
    0x3a, 0xdc, 0x10, 0x8c, 0x60, 0x00, 0x06, 0xb3, 0x0c, 0xe8, 0xb0, 0x0e, 0x41, 0x65, 0xea, 0xa7,
    0xc3, 0x0d, 0x41, 0x09, 0x06, 0x60, 0x30, 0xcb, 0xa0, 0x0e, 0xe9, 0x10, 0x14, 0x4f, 0xe8, 0x1e,
    0x54, 0x80, 0x82, 0x01, 0x5a, 0xc0, 0x7e, 0x10, 0x18, 0x31, 0x40, 0x00, 0x10, 0x04, 0x03, 0x6a,
    0x05, 0x03, 0xf8, 0x4b, 0xbd, 0x20, 0x05, 0x83, 0xd1, 0x84, 0x00, 0xa8, 0x82, 0x05, 0x03, 0x1d,
    0x6e, 0x08, 0x58, 0x30, 0x08, 0x83, 0x1a, 0xea, 0x0f, 0x8b, 0x98, 0x3f, 0x9d, 0x6e, 0x10, 0x82,
    0x61, 0x96, 0x40, 0x1d, 0x06, 0x2a, 0x08, 0x21, 0x1d, 0x54, 0x01, 0x1d, 0xaa, 0x0c, 0xce, 0x02,
    0x2a, 0x2d, 0x84, 0x28, 0x41, 0x06, 0x83, 0xab, 0xa0, 0xfe, 0xb4, 0x86, 0xfa, 0xd3, 0x0a, 0x84,
    0xb5, 0x00, 0x07, 0x03, 0x0c, 0x54, 0xb0, 0x7e, 0x3b, 0x62, 0x80, 0x00, 0x20, 0x08, 0x06, 0xd4,
    0x0e, 0x06, 0x20, 0x18, 0xe0, 0x5e, 0x90, 0x83, 0xc1, 0x68, 0x42, 0x00, 0x54, 0xc2, 0x83, 0x81,
    0x0e, 0x37, 0x04, 0x3c, 0x18, 0x84, 0x41, 0x0d, 0x25, 0x18, 0x60, 0x11, 0x23, 0x18, 0xe8, 0x74,
    0x83, 0x10, 0x0c, 0x15, 0x98, 0x60, 0xa0, 0xc3, 0x0d, 0x41, 0x18, 0x06, 0x61, 0x50, 0xc3, 0x0e,
    0x06, 0x3a, 0xdc, 0x10, 0x8c, 0x61, 0x00, 0x06, 0x35, 0x04, 0x5b, 0x06, 0x09, 0x06, 0x5a, 0xc5,
    0xb0, 0x15, 0xd8, 0x60, 0xc0, 0xd3, 0x0d, 0x68, 0x18, 0x0c, 0xc4, 0x2c, 0xc1, 0x3a, 0x0c, 0x74,
    0x40, 0x6e, 0x28, 0x98, 0x83, 0x1b, 0x0a, 0xe7, 0x40, 0xa8, 0xc3, 0x40, 0x07, 0x41, 0x8b, 0x82,
    0x39, 0xd0, 0xa2, 0x70, 0x0e, 0x84, 0x3a, 0xcc, 0x32, 0x80, 0x04, 0x3b, 0x08, 0x23, 0x06, 0x08,
    0x00, 0x82, 0x60, 0x40, 0xb5, 0x61, 0x20, 0x83, 0xc1, 0xfa, 0xf5, 0xdf, 0x1a, 0x06, 0xa3, 0x09,
    0x01, 0x50, 0x81, 0x0c, 0x06, 0x3a, 0x62, 0x80, 0x00, 0x20, 0x08, 0x06, 0x14, 0x1c, 0x06, 0x35,
    0x18, 0xb8, 0xdf, 0xff, 0xb9, 0x61, 0x30, 0x9a, 0x10, 0x00, 0x15, 0xd8, 0x60, 0xa0, 0xc3, 0x0d,
    0x41, 0x1c, 0x06, 0x60, 0x30, 0xcb, 0xd0, 0x0e, 0xfa, 0x10, 0xd4, 0x50, 0x83, 0x81, 0x0e, 0x37,
    0x04, 0x73, 0x18, 0x80, 0xc1, 0x2c, 0x83, 0x3d, 0xb8, 0x43, 0x50, 0xc5, 0x0d, 0x06, 0x5a, 0x75,
    0x18, 0x18, 0x51, 0x01, 0x0e, 0x06, 0x5a, 0x82, 0x1d, 0x06, 0x58, 0x41, 0x1e, 0x06, 0x5a, 0xc1,
    0x1c, 0x06, 0x5c, 0x0e, 0x18, 0x06, 0x3a, 0xdc, 0x10, 0xec, 0x61, 0x00, 0x06, 0xc3, 0x0d, 0x88,
    0x0e, 0x06, 0x60, 0x30, 0xcb, 0x20, 0x0f, 0xef, 0x20, 0xd4, 0x6c, 0xd8, 0x60, 0x00, 0x15, 0xfc,
    0x61, 0x80, 0x16, 0x8c, 0x61, 0x00, 0x81, 0x11, 0x03, 0x04, 0x00, 0x41, 0x30, 0xa0, 0x44, 0x31,
    0x38, 0xc3, 0x00, 0x04, 0x83, 0x00, 0x14, 0x83, 0xd1, 0x84, 0x00, 0xa8, 0x62, 0x14, 0x03, 0x1d,
    0x6e, 0x08, 0x46, 0x31, 0x08, 0x83, 0x1a, 0xd8, 0x30, 0xc0, 0x22, 0xd4, 0x30, 0xd0, 0xe9, 0x06,
    0x21, 0x18, 0x2a, 0x48, 0xc3, 0x40, 0x0d, 0x15, 0x83, 0x20, 0x04, 0xb3, 0x0c, 0xf0, 0x10, 0x0f,
    0xcd, 0x70, 0xc3, 0x6f, 0x4c, 0x67, 0x50, 0xd2, 0x29, 0x06, 0x3b, 0xdd, 0x10, 0x48, 0xc2, 0x2c,
    0x41, 0x3d, 0x94, 0xb1, 0x8a, 0x01, 0x56, 0xe0, 0x8a, 0x81, 0x56, 0x80, 0x8a, 0x01, 0x1b, 0xc2,
    0x86, 0x01, 0x08, 0x86, 0x1b, 0xce, 0x23, 0x48, 0x83, 0x22, 0x5c, 0x31, 0xd8, 0xe9, 0x06, 0x22,
    0x10, 0x66, 0x09, 0xea, 0xa1, 0xce, 0xa0, 0x0e, 0x03, 0x35, 0x5a, 0x0c, 0x82, 0x10, 0xcc, 0x32,
    0xcc, 0x03, 0x3d, 0x64, 0xc3, 0x0d, 0xeb, 0xf1, 0xa1, 0x41, 0x79, 0xb3, 0x18, 0xec, 0x74, 0x83,
    0x17, 0x08, 0xb3, 0x04, 0xf5, 0x50, 0x6c, 0x70, 0x8b, 0x01, 0x56, 0xa0, 0x8b, 0x81, 0x56, 0x40,
    0x8b, 0x01, 0x0f, 0x37, 0xc8, 0x07, 0x82, 0x06, 0x35, 0xe4, 0x62, 0xb0, 0xd3, 0x0d, 0x43, 0x20,
    0xcc, 0x12, 0xd4, 0xc3, 0x40, 0x09, 0x61, 0x06, 0xf0, 0x80, 0xc5, 0x83, 0x33, 0x0f, 0x02, 0x3d,
    0x0c, 0x94, 0x10, 0x6e, 0x00, 0x0f, 0x6e, 0x10, 0x0f, 0xd6, 0x3c, 0x58, 0xf4, 0x50, 0x71, 0x60,
    0x1f, 0x60, 0x02, 0x7e, 0x80, 0xc0, 0x08, 0x3e, 0x0c, 0x4e, 0x50, 0x83, 0x38, 0x06, 0x57, 0x41,
    0x29, 0x06, 0x5a, 0x43, 0xb0, 0x55, 0x98, 0x62, 0xa0, 0x25, 0x04, 0x6b, 0x41, 0x3a, 0x06, 0x18,
    0x18, 0x31, 0x40, 0x00, 0x10, 0x04, 0x03, 0x6a, 0x1d, 0x03, 0x58, 0x0c, 0xd0, 0x30, 0x08, 0xd2,
    0x31, 0x18, 0x4d, 0x08, 0x80, 0x52, 0xd8, 0x31, 0xd0, 0xe1, 0x86, 0x80, 0x1d, 0x83, 0x30, 0xa8,
    0xa1, 0x16, 0x03, 0x2c, 0x62, 0x16, 0x03, 0x9d, 0x6e, 0x10, 0x82, 0xa1, 0x02, 0x5b, 0x0c, 0x74,
    0xb8, 0x21, 0x88, 0xc7, 0x20, 0x0c, 0x6a, 0x88, 0xc5, 0x40, 0x4b, 0x10, 0xc7, 0x80, 0xa7, 0x1b,
    0xe8, 0x31, 0x10, 0x86, 0x59, 0x02, 0x7d, 0xa8, 0x15, 0x91, 0xc7, 0xe0, 0xaa, 0x45, 0x64, 0x31,
    0x48, 0x0b, 0x5e, 0x31, 0x00, 0x41, 0x05, 0x03, 0x54, 0xa0, 0x8f, 0x01, 0x5a, 0xe0, 0x8b, 0x01,
    0x04, 0x46, 0x0c, 0x10, 0x00, 0x04, 0xc1, 0x80, 0xea, 0xc7, 0x40, 0x1c, 0x83, 0x3d, 0x0c, 0x82,
    0x7d, 0x0c, 0x46, 0x13, 0x02, 0xa0, 0x0a, 0x7f, 0x0c, 0x74, 0xb8, 0x21, 0xf0, 0xc7, 0x20, 0x0c,
    0x6a, 0x38, 0xc7, 0x00, 0x8b, 0x28, 0xc7, 0x40, 0xa7, 0x1b, 0x84, 0x60, 0xa8, 0x1c, 0xe1, 0xc7,
    0x00, 0x2b, 0xe0, 0xc7, 0x40, 0x4b, 0x1d, 0x83, 0x00, 0x8b, 0x08, 0x74, 0xb8, 0x21, 0x30, 0xc9,
    0x00, 0x0c, 0x66, 0x19, 0xee, 0x41, 0x1f, 0x82, 0xda, 0x85, 0x76, 0x0c, 0x74, 0xb8, 0x21, 0x40,
    0xc9, 0x00, 0x0c, 0x66, 0x19, 0xf2, 0x01, 0x1f, 0x82, 0xfa, 0x11, 0x71, 0x0c, 0xa0, 0x82, 0x95,
    0x0c, 0xd0, 0x82, 0x77, 0x0c, 0x20, 0x30, 0x62, 0x80, 0x00, 0x20, 0x08, 0x06, 0x94, 0x4b, 0x06,
    0xf3, 0x18, 0xb0, 0x62, 0x10, 0xb0, 0x64, 0x30, 0x9a, 0x10, 0x00, 0x55, 0xbc, 0x64, 0xa0, 0xc3,
    0x0d, 0xc1, 0x4b, 0x06, 0x61, 0x50, 0x03, 0x3e, 0x06, 0x58, 0x84, 0x3d, 0x06, 0x3a, 0xdd, 0x20,
    0x04, 0xc3, 0x2c, 0x41, 0x3e, 0x0c, 0x54, 0x10, 0x02, 0x3e, 0xb0, 0xc6, 0x3d, 0x54, 0x39, 0xa8,
    0x09, 0x14, 0x9b, 0x08, 0x51, 0x42, 0x4d, 0x06, 0x57, 0x01, 0x3e, 0x06, 0x5a, 0x03, 0x3e, 0x06,
    0x5a, 0x81, 0xb0, 0x16, 0xec, 0x64, 0x80, 0x81, 0x0a, 0xd6, 0x31, 0xd8, 0x11, 0x03, 0x04, 0x00,
    0x41, 0x30, 0xa0, 0x7c, 0x32, 0x18, 0xc9, 0x60, 0x17, 0x83, 0x80, 0x27, 0x83, 0xd1, 0x84, 0x00,
    0xa8, 0xe4, 0x27, 0x03, 0x1d, 0x6e, 0x08, 0x7e, 0x32, 0x08, 0x83, 0x1a, 0x50, 0x32, 0xc0, 0xe9,
    0x86, 0x80, 0x10, 0x2a, 0x08, 0xc9, 0x40, 0x67, 0x09, 0xf4, 0x61, 0xa0, 0x04, 0x22, 0x53, 0x21,
    0x1f, 0xc4, 0x54, 0x60, 0x07, 0x31, 0x15, 0xec, 0x01, 0x1c, 0xea, 0x61, 0xa0, 0x84, 0x20, 0xf2,
    0x01, 0x55, 0x05, 0x76, 0x40, 0x55, 0xc1, 0x1e, 0xc0, 0xa1, 0x1e, 0x66, 0x19, 0x40, 0x62, 0x1f,
    0x84, 0xca, 0x87, 0x96, 0x0c, 0xb0, 0xee, 0xc1, 0x25, 0x03, 0xac, 0xa0, 0x25, 0x03, 0xad, 0x7c,
    0x58, 0xc9, 0x40, 0x4b, 0x08, 0x76, 0xb8, 0x21, 0x50, 0xcb, 0x00, 0x0c, 0x66, 0x19, 0xf8, 0x01,
    0x24, 0x82, 0x0a, 0x15, 0xb4, 0x0c, 0xae, 0x46, 0x05, 0x25, 0x83, 0xb4, 0xa0, 0x24, 0x03, 0x10,
    0x54, 0x30, 0x40, 0x05, 0x70, 0x19, 0xa0, 0x05, 0x34, 0x19, 0x40, 0x60, 0xc4, 0x00, 0x01, 0x40,
    0x10, 0x0c, 0xa8, 0xb9, 0x0c, 0x70, 0x32, 0x88, 0xc7, 0x20, 0x88, 0xcb, 0x60, 0x34, 0x21, 0x00,
    0xaa, 0xa0, 0xcb, 0x40, 0x87, 0x1b, 0x02, 0xba, 0x0c, 0xc2, 0xa0, 0x86, 0x9e, 0x0c, 0xb0, 0x88,
    0x9d, 0x0c, 0x74, 0xba, 0x41, 0x08, 0x86, 0x0a, 0x6a, 0x32, 0xe0, 0x82, 0x95, 0xb9, 0x0c, 0xb0,
    0x82, 0xb9, 0x0c, 0xb4, 0xc2, 0x32, 0x08, 0xb0, 0x02, 0x42, 0x87, 0x1b, 0x82, 0xbe, 0x0c, 0xc0,
    0x60, 0x96, 0xa1, 0x1f, 0x40, 0x22, 0xa8, 0x8c, 0x2c, 0x03, 0x1d, 0x6e, 0x08, 0xfe, 0x32, 0x00,
    0x83, 0x59, 0x86, 0x7f, 0xf0, 0x87, 0xa0, 0x6c, 0xe5, 0x25, 0x03, 0xa8, 0x40, 0x34, 0x03, 0xb4,
    0xc0, 0x2c, 0x03, 0x08, 0x8c, 0x18, 0x20, 0x00, 0x08, 0x82, 0x01, 0x55, 0x9a, 0x81, 0x5a, 0x06,
    0x23, 0x19, 0x04, 0xa3, 0x19, 0x8c, 0x26, 0x04, 0x40, 0x15, 0xa6, 0x19, 0xe8, 0x70, 0x43, 0x60,
    0x9a, 0x41, 0x18, 0xd4, 0xf0, 0x96, 0x01, 0x16, 0xd1, 0x96, 0x81, 0x4e, 0x37, 0x08, 0xc1, 0x30,
    0x4b, 0xf0, 0x0f, 0x03, 0x15, 0x84, 0xe0, 0x0f, 0xaa, 0xd0, 0x0f, 0x55, 0x06, 0xe1, 0x02, 0x35,
    0x2e, 0x42, 0x94, 0xc0, 0x9a, 0xc1, 0x55, 0xf0, 0x96, 0x81, 0xd6, 0xf0, 0x96, 0x81, 0x56, 0x20,
    0xac, 0x05, 0xb2, 0x19, 0x60, 0xa0, 0x02, 0xb0, 0x0c, 0x76, 0xc4, 0x00, 0x01, 0x40, 0x10, 0x0c,
    0xa8, 0xda, 0x0c, 0xf4, 0x32, 0x90, 0xc9, 0x20, 0x98, 0xcd, 0x60, 0x34, 0x21, 0x00, 0x2a, 0xb1,
    0xcd, 0x40, 0x87, 0x1b, 0x02, 0xdb, 0x0c, 0xc2, 0xa0, 0x86, 0xbf, 0x0c, 0x70, 0xba, 0x21, 0x20,
    0x84, 0x0a, 0xf0, 0x32, 0xd0, 0x59, 0x02, 0x90, 0x18, 0xa8, 0x21, 0xc0, 0xa7, 0x1c, 0xc0, 0x65,
    0x1d, 0xd8, 0x41, 0x1f, 0x84, 0x7f, 0xa0, 0x5b, 0x61, 0x1f, 0xe8, 0x56, 0xe0, 0x07, 0x0b, 0x46,
    0x33, 0x00, 0xc1, 0x88, 0x01, 0x02, 0x80, 0x20, 0x18, 0x50, 0xbe, 0x19, 0x8c, 0x66, 0xc0, 0x93,
    0x41, 0xc0, 0x9b, 0xc1, 0x68, 0x42, 0x00, 0xcc, 0x12, 0x84, 0xc4, 0x40, 0x05, 0x21, 0x80, 0x84,
    0x7d, 0xcd, 0x42, 0x05, 0xa7, 0x19, 0x60, 0x05, 0x7b, 0x19, 0xe8, 0x05, 0xa3, 0x8a, 0xc8, 0xcb,
    0x00, 0x2b, 0xf0, 0xcb, 0x40, 0x2f, 0x18, 0x55, 0x07, 0x68, 0x06, 0x7a, 0xc1, 0x28, 0x33, 0xd2,
    0x32, 0x90, 0x8f, 0x11, 0x6a, 0x19, 0xc8, 0xc7, 0x86, 0xb5, 0x0c, 0xe4, 0x33, 0x62, 0x90, 0x00,
    0x20, 0x08, 0x06, 0x08, 0x7c, 0x06, 0xa0, 0x19, 0xa8, 0x67, 0xa0, 0x9e, 0xc1, 0x6f, 0x06, 0xc3,
    0x88, 0x41, 0x02, 0x80, 0x20, 0x18, 0x20, 0xf0, 0x19, 0x80, 0x66, 0xa0, 0x9e, 0x81, 0x7a, 0x06,
    0xb7, 0x19, 0x08, 0x23, 0x06, 0x09, 0x00, 0x82, 0x60, 0x80, 0xc0, 0x67, 0x00, 0x9a, 0x81, 0x7a,
    0x06, 0xea, 0x19, 0xf8, 0x66, 0x10, 0x8c, 0x18, 0x24, 0x00, 0x08, 0x82, 0x01, 0x02, 0x9f, 0x01,
    0x68, 0x06, 0xea, 0x19, 0xa8, 0x67, 0x10, 0x9e, 0x41, 0x5b, 0x06, 0x08, 0x00, 0x00, 0x00, 0x00
};

static const char k_ps_tiles_back_msl[] =
    "#include <metal_stdlib>\n"
    "#include <simd/simd.h>\n"
    "\n"
    "using namespace metal;\n"
    "\n"
    "struct type_StructuredBuffer_uint\n"
    "{\n"
    "    uint _m0[1];\n"
    "};\n"
    "\n"
    "struct main0_out\n"
    "{\n"
    "    float4 out_var_SV_Target [[color(0)]];\n"
    "};\n"
    "\n"
    "fragment main0_out main0(const device type_StructuredBuffer_uint& tilepix [[buffer(0)]], const device type_StructuredBuffer_uint& tiledata [[buffer(1)]], float4 gl_FragCoord [[position]])\n"
    "{\n"
    "    main0_out out = {};\n"
    "    float4 _2073;\n"
    "    do\n"
    "    {\n"
    "        int _75 = int(tiledata._m0[0u]);\n"
    "        int _80 = int(tiledata._m0[2u]);\n"
    "        int _86 = int(gl_FragCoord.x) / _80;\n"
    "        int _87 = _86 - _75;\n"
    "        int _91 = int(gl_FragCoord.y) / _80;\n"
    "        bool _96;\n"
    "        if (_75 > 0)\n"
    "        {\n"
    "            _96 = tiledata._m0[1u] == 2u;\n"
    "        }\n"
    "        else\n"
    "        {\n"
    "            _96 = false;\n"
    "        }\n"
    "        if (_96)\n"
    "        {\n"
    "            float _105 = fast::clamp((((float(_86) + 0.5) * 496.0) / float(496 + (2 * _75))) - 0.5, 0.0, 495.0);\n"
    "            int _106 = int(_105);\n"
    "            int _108 = min((_106 + 1), 495);\n"
    "            float _110 = _105 - float(_106);\n"
    "            uint _742;\n"
    "            do\n"
    "            {\n"
    "                uint _328;\n"
    "                bool _329;\n"
    "                do\n"
    "                {\n"
    "                    if ((tiledata._m0[6162u] & 32768u) != 0u)\n"
    "                    {\n"
    "                        _328 = 0u;\n"
    "                        _329 = false;\n"
    "                        break;\n"
    "                    }\n"
    "                    uint _126 = tiledata._m0[6162u] & 24576u;\n"
    "                    if (_126 != 0u)\n"
    "                    {\n"
    "                        uint _130 = _126 >> 13u;\n"
    "                        uint _133 = 0u - (tiledata._m0[6162u] & 65535u);\n"
    "                        int _135 = int(_133 & 511u);\n"
    "                        bool _137 = (_133 & 512u) != 0u;\n"
    "                        uint _138 = _137 ? 0u : 1u;\n"
    "                        int _212;\n"
    "                        uint _213;\n"
    "                        if ((tiledata._m0[6160u] & 32768u) != 0u)\n"
    "                        {\n"
    "                            uint _171 = uint(_91);\n"
    "                            uint _173 = 4112u + (_171 >> 1u);\n"
    "                            uint _183;\n"
    "                            if ((_171 & 1u) != 0u)\n"
    "                            {\n"
    "                                _183 = tiledata._m0[_173] >> 16u;\n"
    "                            }\n"
    "                            else\n"
    "                            {\n"
    "                                _183 = tiledata._m0[_173] & 65535u;\n"
    "                            }\n"
    "                            int _185 = int(_183 & 511u);\n"
    "                            uint _211;\n"
    "                            if (_130 == 1u)\n"
    "                            {\n"
    "                                uint _210;\n"
    "                                if (_91 >= _135)\n"
    "                                {\n"
    "                                    uint _207 = 1u;\n"
    "                                    uint _208 = 0u;\n"
    "                                    _210 = uint(_137);\n"
    "                                }\n"
    "                                else\n"
    "                                {\n"
    "                                    _210 = _138;\n"
    "                                }\n"
    "                                _211 = _210;\n"
    "                            }\n"
    "                            else\n"
    "                            {\n"
    "                                bool _192 = (_183 & 512u) != 0u;\n"
    "                                uint _202;\n"
    "                                if (_106 <= (_185 - 1))\n"
    "                                {\n"
    "                                    _202 = _192 ? 0u : 1u;\n"
    "                                }\n"
    "                                else\n"
    "                                {\n"
    "                                    uint _199 = 1u;\n"
    "                                    uint _200 = 0u;\n"
    "                                    _202 = uint(_192);\n"
    "                                }\n"
    "                                _211 = _202;\n"
    "                            }\n"
    "                            _212 = -_185;\n"
    "                            _213 = _211;\n"
    "                        }\n"
    "                        else\n"
    "                        {\n"
    "                            int _145 = int(tiledata._m0[6160u] & 511u);\n"
    "                            uint _170;\n"
    "                            if (_130 == 1u)\n"
    "                            {\n"
    "                                uint _169;\n"
    "                                if (_91 < _135)\n"
    "                                {\n"
    "                                    _169 = _138;\n"
    "                                }\n"
    "                                else\n"
    "                                {\n"
    "                                    uint _166 = 1u;\n"
    "                                    uint _167 = 0u;\n"
    "                                    _169 = uint(_137);\n"
    "                                }\n"
    "                                _170 = _169;\n"
    "                            }\n"
    "                            else\n"
    "                            {\n"
    "                                bool _152 = (tiledata._m0[6160u] & 512u) != 0u;\n"
    "                                uint _161;\n"
    "                                if (_106 < _145)\n"
    "                                {\n"
    "                                    _161 = _152 ? 0u : 1u;\n"
    "                                }\n"
    "                                else\n"
    "                                {\n"
    "                                    uint _158 = 1u;\n"
    "                                    uint _159 = 0u;\n"
    "                                    _161 = uint(_152);\n"
    "                                }\n"
    "                                _170 = _161;\n"
    "                            }\n"
    "                            _212 = -_145;\n"
    "                            _213 = _170;\n"
    "                        }\n"
    "                        uint _223 = ((_213 * 262144u) + (uint((_91 + int(tiledata._m0[6162u] & 511u)) & 511) * 512u)) + uint((_106 + _212) & 511);\n"
    "                        uint _224 = _223 >> 1u;\n"
    "                        uint _234;\n"
    "                        if ((_223 & 1u) != 0u)\n"
    "                        {\n"
    "                            _234 = tilepix._m0[_224] >> 16u;\n"
    "                        }\n"
    "                        else\n"
    "                        {\n"
    "                            _234 = tilepix._m0[_224] & 65535u;\n"
    "                        }\n"
    "                        bool _241;\n"
    "                        if ((_234 >> 15u) == 0u)\n"
    "                        {\n"
    "                            _241 = (_234 & 15u) == 0u;\n"
    "                        }\n"
    "                        else\n"
    "                        {\n"
    "                            _241 = true;\n"
    "                        }\n"
    "                        if (_241)\n"
    "                        {\n"
    "                            _328 = 0u;\n"
    "                            _329 = false;\n"
    "                            break;\n"
    "                        }\n"
    "                        _328 = _234 & 4095u;\n"
    "                        _329 = true;\n"
    "                        break;\n"
    "                    }\n"
    "                    uint _245 = uint(_91);\n"
    "                    uint _250 = (24576u + (_245 * 4u)) + uint(_106 >> 7);\n"
    "                    uint _253 = 4112u + ((_250 - 16384u) >> 1u);\n"
    "                    uint _263;\n"
    "                    if ((_250 & 1u) != 0u)\n"
    "                    {\n"
    "                        _263 = tiledata._m0[_253] >> 16u;\n"
    "                    }\n"
    "                    else\n"
    "                    {\n"
    "                        _263 = tiledata._m0[_253] & 65535u;\n"
    "                    }\n"
    "                    if ((_263 & (32768u >> (uint((_106 >> 3) & 15) & 31u))) != 0u)\n"
    "                    {\n"
    "                        _328 = 0u;\n"
    "                        _329 = false;\n"
    "                        break;\n"
    "                    }\n"
    "                    int _296;\n"
    "                    if ((tiledata._m0[6160u] & 32768u) != 0u)\n"
    "                    {\n"
    "                        uint _282 = 4112u + (_245 >> 1u);\n"
    "                        uint _292;\n"
    "                        if ((_245 & 1u) != 0u)\n"
    "                        {\n"
    "                            _292 = tiledata._m0[_282] >> 16u;\n"
    "                        }\n"
    "                        else\n"
    "                        {\n"
    "                            _292 = tiledata._m0[_282] & 65535u;\n"
    "                        }\n"
    "                        _296 = int((0u - _292) & 511u);\n"
    "                    }\n"
    "                    else\n"
    "                    {\n"
    "                        _296 = int((0u - (tiledata._m0[6160u] & 65535u)) & 511u);\n"
    "                    }\n"
    "                    uint _306 = (uint((int(tiledata._m0[6162u] & 511u) + _91) & 511) * 512u) + uint((_106 + _296) & 511);\n"
    "                    uint _307 = _306 >> 1u;\n"
    "                    uint _317;\n"
    "                    if ((_306 & 1u) != 0u)\n"
    "                    {\n"
    "                        _317 = tilepix._m0[_307] >> 16u;\n"
    "                    }\n"
    "                    else\n"
    "                    {\n"
    "                        _317 = tilepix._m0[_307] & 65535u;\n"
    "                    }\n"
    "                    bool _324;\n"
    "                    if ((_317 >> 15u) == 0u)\n"
    "                    {\n"
    "                        _324 = (_317 & 15u) == 0u;\n"
    "                    }\n"
    "                    else\n"
    "                    {\n"
    "                        _324 = true;\n"
    "                    }\n"
    "                    if (_324)\n"
    "                    {\n"
    "                        _328 = 0u;\n"
    "                        _329 = false;\n"
    "                        break;\n"
    "                    }\n"
    "                    _328 = _317 & 4095u;\n"
    "                    _329 = true;\n"
    "                    break;\n"
    "                } while(false);\n"
    "                if (_329)\n"
    "                {\n"
    "                    _742 = _328;\n"
    "                    break;\n"
    "                }\n"
    "                uint _433;\n"
    "                bool _434;\n"
    "                do\n"
    "                {\n"
    "                    uint _335 = tiledata._m0[6160u] >> 16u;\n"
    "                    uint _337 = tiledata._m0[6162u] >> 16u;\n"
    "                    if ((_337 & 32768u) != 0u)\n"
    "                    {\n"
    "                        _433 = 0u;\n"
    "                        _434 = false;\n"
    "                        break;\n"
    "                    }\n"
    "                    if ((tiledata._m0[6162u] & 24576u) != 0u)\n"
    "                    {\n"
    "                        _433 = 0u;\n"
    "                        _434 = false;\n"
    "                        break;\n"
    "                    }\n"
    "                    uint _347 = uint(_91);\n"
    "                    uint _352 = (24576u + (_347 * 4u)) + uint(_106 >> 7);\n"
    "                    uint _355 = 4112u + ((_352 - 16384u) >> 1u);\n"
    "                    uint _365;\n"
    "                    if ((_352 & 1u) != 0u)\n"
    "                    {\n"
    "                        _365 = tiledata._m0[_355] >> 16u;\n"
    "                    }\n"
    "                    else\n"
    "                    {\n"
    "                        _365 = tiledata._m0[_355] & 65535u;\n"
    "                    }\n"
    "                    if (((~_365) & (32768u >> (uint((_106 >> 3) & 15) & 31u))) != 0u)\n"
    "                    {\n"
    "                        _433 = 0u;\n"
    "                        _434 = false;\n"
    "                        break;\n"
    "                    }\n"
    "                    int _400;\n"
    "                    if ((_335 & 32768u) != 0u)\n"
    "                    {\n"
    "                        uint _386 = 4112u + ((_347 + 512u) >> 1u);\n"
    "                        uint _396;\n"
    "                        if ((_347 & 1u) != 0u)\n"
    "                        {\n"
    "                            _396 = tiledata._m0[_386] >> 16u;\n"
    "                        }\n"
    "                        else\n"
    "                        {\n"
    "                            _396 = tiledata._m0[_386] & 65535u;\n"
    "                        }\n"
    "                        _400 = int((0u - _396) & 511u);\n"
    "                    }\n"
    "                    else\n"
    "                    {\n"
    "                        _400 = int((0u - _335) & 511u);\n"
    "                    }\n"
    "                    uint _411 = (262144u + (uint((int(_337 & 511u) + _91) & 511) * 512u)) + uint((_106 + _400) & 511);\n"
    "                    uint _412 = _411 >> 1u;\n"
    "                    uint _422;\n"
    "                    if ((_411 & 1u) != 0u)\n"
    "                    {\n"
    "                        _422 = tilepix._m0[_412] >> 16u;\n"
    "                    }\n"
    "                    else\n"
    "                    {\n"
    "                        _422 = tilepix._m0[_412] & 65535u;\n"
    "                    }\n"
    "                    bool _429;\n"
    "                    if ((_422 >> 15u) == 0u)\n"
    "                    {\n"
    "                        _429 = (_422 & 15u) == 0u;\n"
    "                    }\n"
    "                    else\n"
    "                    {\n"
    "                        _429 = true;\n"
    "                    }\n"
    "                    if (_429)\n"
    "                    {\n"
    "                        _433 = 0u;\n"
    "                        _434 = false;\n"
    "                        break;\n"
    "                    }\n"
    "                    _433 = _422 & 4095u;\n"
    "                    _434 = true;\n"
    "                    break;\n"
    "                } while(false);\n"
    "                if (_434)\n"
    "                {\n"
    "                    _742 = _433;\n"
    "                    break;\n"
    "                }\n"
    "                uint _642;\n"
    "                bool _643;\n"
    "                do\n"
    "                {\n"
    "                    if ((tiledata._m0[6163u] & 32768u) != 0u)\n"
    "                    {\n"
    "                        _642 = 0u;\n"
    "                        _643 = false;\n"
    "                        break;\n"
    "                    }\n"
    "                    uint _450 = tiledata._m0[6163u] & 24576u;\n"
    "                    if (_450 != 0u)\n"
    "                    {\n"
    "                        uint _454 = _450 >> 13u;\n"
    "                        uint _457 = 0u - (tiledata._m0[6163u] & 65535u);\n"
    "                        int _459 = int(_457 & 511u);\n"
    "                        bool _461 = (_457 & 512u) != 0u;\n"
    "                        uint _462 = _461 ? 2u : 3u;\n"
    "                        int _537;\n"
    "                        uint _538;\n"
    "                        if ((tiledata._m0[6161u] & 32768u) != 0u)\n"
    "                        {\n"
    "                            uint _495 = uint(_91);\n"
    "                            uint _498 = 4112u + ((_495 + 1024u) >> 1u);\n"
    "                            uint _508;\n"
    "                            if ((_495 & 1u) != 0u)\n"
    "                            {\n"
    "                                _508 = tiledata._m0[_498] >> 16u;\n"
    "                            }\n"
    "                            else\n"
    "                            {\n"
    "                                _508 = tiledata._m0[_498] & 65535u;\n"
    "                            }\n"
    "                            int _510 = int(_508 & 511u);\n"
    "                            uint _536;\n"
    "                            if (_454 == 1u)\n"
    "                            {\n"
    "                                uint _535;\n"
    "                                if (_91 >= _459)\n"
    "                                {\n"
    "                                    uint _532 = 3u;\n"
    "                                    uint _533 = 2u;\n"
    "                                    _535 = _461 ? 3u : 2u;\n"
    "                                }\n"
    "                                else\n"
    "                                {\n"
    "                                    _535 = _462;\n"
    "                                }\n"
    "                                _536 = _535;\n"
    "                            }\n"
    "                            else\n"
    "                            {\n"
    "                                bool _517 = (_508 & 512u) != 0u;\n"
    "                                uint _527;\n"
    "                                if (_106 <= (_510 - 1))\n"
    "                                {\n"
    "                                    _527 = _517 ? 2u : 3u;\n"
    "                                }\n"
    "                                else\n"
    "                                {\n"
    "                                    uint _524 = 3u;\n"
    "                                    uint _525 = 2u;\n"
    "                                    _527 = _517 ? 3u : 2u;\n"
    "                                }\n"
    "                                _536 = _527;\n"
    "                            }\n"
    "                            _537 = -_510;\n"
    "                            _538 = _536;\n"
    "                        }\n"
    "                        else\n"
    "                        {\n"
    "                            int _469 = int(tiledata._m0[6161u] & 511u);\n"
    "                            uint _494;\n"
    "                            if (_454 == 1u)\n"
    "                            {\n"
    "                                uint _493;\n"
    "                                if (_91 < _459)\n"
    "                                {\n"
    "                                    _493 = _462;\n"
    "                                }\n"
    "                                else\n"
    "                                {\n"
    "                                    uint _490 = 3u;\n"
    "                                    uint _491 = 2u;\n"
    "                                    _493 = _461 ? 3u : 2u;\n"
    "                                }\n"
    "                                _494 = _493;\n"
    "                            }\n"
    "                            else\n"
    "                            {\n"
    "                                bool _476 = (tiledata._m0[6161u] & 512u) != 0u;\n"
    "                                uint _485;\n"
    "                                if (_106 < _469)\n"
    "                                {\n"
    "                                    _485 = _476 ? 2u : 3u;\n"
    "                                }\n"
    "                                else\n"
    "                                {\n"
    "                                    uint _482 = 3u;\n"
    "                                    uint _483 = 2u;\n"
    "                                    _485 = _476 ? 3u : 2u;\n"
    "                                }\n"
    "                                _494 = _485;\n"
    "                            }\n"
    "                            _537 = -_469;\n"
    "                            _538 = _494;\n"
    "                        }\n"
    "                        uint _548 = ((_538 * 262144u) + (uint((_91 + int(tiledata._m0[6163u] & 511u)) & 511) * 512u)) + uint((_106 + _537) & 511);\n"
    "                        uint _549 = _548 >> 1u;\n"
    "                        uint _559;\n"
    "                        if ((_548 & 1u) != 0u)\n"
    "                        {\n"
    "                            _559 = tilepix._m0[_549] >> 16u;\n"
    "                        }\n"
    "                        else\n"
    "                        {\n"
    "                            _559 = tilepix._m0[_549] & 65535u;\n"
    "                        }\n"
    "                        uint _560 = _559 >> 15u;\n"
    "                        if (_560 != 0u)\n"
    "                        {\n"
    "                            _642 = 0u;\n"
    "                            _643 = false;\n"
    "                            break;\n"
    "                        }\n"
    "                        _642 = _559 & 4095u;\n"
    "                        _643 = true;\n"
    "                        break;\n"
    "                    }\n"
    "                    uint _566 = uint(_91);\n"
    "                    uint _571 = (26624u + (_566 * 4u)) + uint(_106 >> 7);\n"
    "                    uint _574 = 4112u + ((_571 - 16384u) >> 1u);\n"
    "                    uint _584;\n"
    "                    if ((_571 & 1u) != 0u)\n"
    "                    {\n"
    "                        _584 = tiledata._m0[_574] >> 16u;\n"
    "                    }\n"
    "                    else\n"
    "                    {\n"
    "                        _584 = tiledata._m0[_574] & 65535u;\n"
    "                    }\n"
    "                    if ((_584 & (32768u >> (uint((_106 >> 3) & 15) & 31u))) != 0u)\n"
    "                    {\n"
    "                        _642 = 0u;\n"
    "                        _643 = false;\n"
    "                        break;\n"
    "                    }\n"
    "                    int _618;\n"
    "                    if ((tiledata._m0[6161u] & 32768u) != 0u)\n"
    "                    {\n"
    "                        uint _604 = 4112u + ((_566 + 1024u) >> 1u);\n"
    "                        uint _614;\n"
    "                        if ((_566 & 1u) != 0u)\n"
    "                        {\n"
    "                            _614 = tiledata._m0[_604] >> 16u;\n"
    "                        }\n"
    "                        else\n"
    "                        {\n"
    "                            _614 = tiledata._m0[_604] & 65535u;\n"
    "                        }\n"
    "                        _618 = int((0u - _614) & 511u);\n"
    "                    }\n"
    "                    else\n"
    "                    {\n"
    "                        _618 = int((0u - (tiledata._m0[6161u] & 65535u)) & 511u);\n"
    "                    }\n"
    "                    uint _629 = (524288u + (uint((int(tiledata._m0[6163u] & 511u) + _91) & 511) * 512u)) + uint((_106 + _618) & 511);\n"
    "                    uint _630 = _629 >> 1u;\n"
    "                    uint _640;\n"
    "                    if ((_629 & 1u) != 0u)\n"
    "                    {\n"
    "                        _640 = tilepix._m0[_630] >> 16u;\n"
    "                    }\n"
    "                    else\n"
    "                    {\n"
    "                        _640 = tilepix._m0[_630] & 65535u;\n"
    "                    }\n"
    "                    _642 = _640 & 4095u;\n"
    "                    _643 = true;\n"
    "                    break;\n"
    "                } while(false);\n"
    "                if (_643)\n"
    "                {\n"
    "                    _742 = _642;\n"
    "                    break;\n"
    "                }\n"
    "                uint _738;\n"
    "                bool _739;\n"
    "                do\n"
    "                {\n"
    "                    uint _649 = tiledata._m0[6161u] >> 16u;\n"
    "                    uint _651 = tiledata._m0[6163u] >> 16u;\n"
    "                    if ((_651 & 32768u) != 0u)\n"
    "                    {\n"
    "                        _738 = 0u;\n"
    "                        _739 = false;\n"
    "                        break;\n"
    "                    }\n"
    "                    if ((tiledata._m0[6163u] & 24576u) != 0u)\n"
    "                    {\n"
    "                        _738 = 0u;\n"
    "                        _739 = false;\n"
    "                        break;\n"
    "                    }\n"
    "                    uint _661 = uint(_91);\n"
    "                    uint _666 = (26624u + (_661 * 4u)) + uint(_106 >> 7);\n"
    "                    uint _669 = 4112u + ((_666 - 16384u) >> 1u);\n"
    "                    uint _679;\n"
    "                    if ((_666 & 1u) != 0u)\n"
    "                    {\n"
    "                        _679 = tiledata._m0[_669] >> 16u;\n"
    "                    }\n"
    "                    else\n"
    "                    {\n"
    "                        _679 = tiledata._m0[_669] & 65535u;\n"
    "                    }\n"
    "                    if (((~_679) & (32768u >> (uint((_106 >> 3) & 15) & 31u))) != 0u)\n"
    "                    {\n"
    "                        _738 = 0u;\n"
    "                        _739 = false;\n"
    "                        break;\n"
    "                    }\n"
    "                    int _714;\n"
    "                    if ((_649 & 32768u) != 0u)\n"
    "                    {\n"
    "                        uint _700 = 4112u + ((_661 + 1536u) >> 1u);\n"
    "                        uint _710;\n"
    "                        if ((_661 & 1u) != 0u)\n"
    "                        {\n"
    "                            _710 = tiledata._m0[_700] >> 16u;\n"
    "                        }\n"
    "                        else\n"
    "                        {\n"
    "                            _710 = tiledata._m0[_700] & 65535u;\n"
    "                        }\n"
    "                        _714 = int((0u - _710) & 511u);\n"
    "                    }\n"
    "                    else\n"
    "                    {\n"
    "                        _714 = int((0u - _649) & 511u);\n"
    "                    }\n"
    "                    uint _725 = (786432u + (uint((int(_651 & 511u) + _91) & 511) * 512u)) + uint((_106 + _714) & 511);\n"
    "                    uint _726 = _725 >> 1u;\n"
    "                    uint _736;\n"
    "                    if ((_725 & 1u) != 0u)\n"
    "                    {\n"
    "                        _736 = tilepix._m0[_726] >> 16u;\n"
    "                    }\n"
    "                    else\n"
    "                    {\n"
    "                        _736 = tilepix._m0[_726] & 65535u;\n"
    "                    }\n"
    "                    _738 = _736 & 4095u;\n"
    "                    _739 = true;\n"
    "                    break;\n"
    "                } while(false);\n"
    "                if (_739)\n"
    "                {\n"
    "                    _742 = _738;\n"
    "                    break;\n"
    "                }\n"
    "                _742 = 0u;\n"
    "                break;\n"
    "            } while(false);\n"
    "            uint _743 = 16u + _742;\n"
    "            uint _1375;\n"
    "            do\n"
    "            {\n"
    "                uint _961;\n"
    "                bool _962;\n"
    "                do\n"
    "                {\n"
    "                    if ((tiledata._m0[6162u] & 32768u) != 0u)\n"
    "                    {\n"
    "                        _961 = 0u;\n"
    "                        _962 = false;\n"
    "                        break;\n"
    "                    }\n"
    "                    uint _759 = tiledata._m0[6162u] & 24576u;\n"
    "                    if (_759 != 0u)\n"
    "                    {\n"
    "                        uint _763 = _759 >> 13u;\n"
    "                        uint _766 = 0u - (tiledata._m0[6162u] & 65535u);\n"
    "                        int _768 = int(_766 & 511u);\n"
    "                        bool _770 = (_766 & 512u) != 0u;\n"
    "                        uint _771 = _770 ? 0u : 1u;\n"
    "                        int _845;\n"
    "                        uint _846;\n"
    "                        if ((tiledata._m0[6160u] & 32768u) != 0u)\n"
    "                        {\n"
    "                            uint _804 = uint(_91);\n"
    "                            uint _806 = 4112u + (_804 >> 1u);\n"
    "                            uint _816;\n"
    "                            if ((_804 & 1u) != 0u)\n"
    "                            {\n"
    "                                _816 = tiledata._m0[_806] >> 16u;\n"
    "                            }\n"
    "                            else\n"
    "                            {\n"
    "                                _816 = tiledata._m0[_806] & 65535u;\n"
    "                            }\n"
    "                            int _818 = int(_816 & 511u);\n"
    "                            uint _844;\n"
    "                            if (_763 == 1u)\n"
    "                            {\n"
    "                                uint _843;\n"
    "                                if (_91 >= _768)\n"
    "                                {\n"
    "                                    uint _840 = 1u;\n"
    "                                    uint _841 = 0u;\n"
    "                                    _843 = uint(_770);\n"
    "                                }\n"
    "                                else\n"
    "                                {\n"
    "                                    _843 = _771;\n"
    "                                }\n"
    "                                _844 = _843;\n"
    "                            }\n"
    "                            else\n"
    "                            {\n"
    "                                bool _825 = (_816 & 512u) != 0u;\n"
    "                                uint _835;\n"
    "                                if (_108 <= (_818 - 1))\n"
    "                                {\n"
    "                                    _835 = _825 ? 0u : 1u;\n"
    "                                }\n"
    "                                else\n"
    "                                {\n"
    "                                    uint _832 = 1u;\n"
    "                                    uint _833 = 0u;\n"
    "                                    _835 = uint(_825);\n"
    "                                }\n"
    "                                _844 = _835;\n"
    "                            }\n"
    "                            _845 = -_818;\n"
    "                            _846 = _844;\n"
    "                        }\n"
    "                        else\n"
    "                        {\n"
    "                            int _778 = int(tiledata._m0[6160u] & 511u);\n"
    "                            uint _803;\n"
    "                            if (_763 == 1u)\n"
    "                            {\n"
    "                                uint _802;\n"
    "                                if (_91 < _768)\n"
    "                                {\n"
    "                                    _802 = _771;\n"
    "                                }\n"
    "                                else\n"
    "                                {\n"
    "                                    uint _799 = 1u;\n"
    "                                    uint _800 = 0u;\n"
    "                                    _802 = uint(_770);\n"
    "                                }\n"
    "                                _803 = _802;\n"
    "                            }\n"
    "                            else\n"
    "                            {\n"
    "                                bool _785 = (tiledata._m0[6160u] & 512u) != 0u;\n"
    "                                uint _794;\n"
    "                                if (_108 < _778)\n"
    "                                {\n"
    "                                    _794 = _785 ? 0u : 1u;\n"
    "                                }\n"
    "                                else\n"
    "                                {\n"
    "                                    uint _791 = 1u;\n"
    "                                    uint _792 = 0u;\n"
    "                                    _794 = uint(_785);\n"
    "                                }\n"
    "                                _803 = _794;\n"
    "                            }\n"
    "                            _845 = -_778;\n"
    "                            _846 = _803;\n"
    "                        }\n"
    "                        uint _856 = ((_846 * 262144u) + (uint((_91 + int(tiledata._m0[6162u] & 511u)) & 511) * 512u)) + uint((_108 + _845) & 511);\n"
    "                        uint _857 = _856 >> 1u;\n"
    "                        uint _867;\n"
    "                        if ((_856 & 1u) != 0u)\n"
    "                        {\n"
    "                            _867 = tilepix._m0[_857] >> 16u;\n"
    "                        }\n"
    "                        else\n"
    "                        {\n"
    "                            _867 = tilepix._m0[_857] & 65535u;\n"
    "                        }\n"
    "                        bool _874;\n"
    "                        if ((_867 >> 15u) == 0u)\n"
    "                        {\n"
    "                            _874 = (_867 & 15u) == 0u;\n"
    "                        }\n"
    "                        else\n"
    "                        {\n"
    "                            _874 = true;\n"
    "                        }\n"
    "                        if (_874)\n"
    "                        {\n"
    "                            _961 = 0u;\n"
    "                            _962 = false;\n"
    "                            break;\n"
    "                        }\n"
    "                        _961 = _867 & 4095u;\n"
    "                        _962 = true;\n"
    "                        break;\n"
    "                    }\n"
    "                    uint _878 = uint(_91);\n"
    "                    uint _883 = (24576u + (_878 * 4u)) + uint(_108 >> 7);\n"
    "                    uint _886 = 4112u + ((_883 - 16384u) >> 1u);\n"
    "                    uint _896;\n"
    "                    if ((_883 & 1u) != 0u)\n"
    "                    {\n"
    "                        _896 = tiledata._m0[_886] >> 16u;\n"
    "                    }\n"
    "                    else\n"
    "                    {\n"
    "                        _896 = tiledata._m0[_886] & 65535u;\n"
    "                    }\n"
    "                    if ((_896 & (32768u >> (uint((_108 >> 3) & 15) & 31u))) != 0u)\n"
    "                    {\n"
    "                        _961 = 0u;\n"
    "                        _962 = false;\n"
    "                        break;\n"
    "                    }\n"
    "                    int _929;\n"
    "                    if ((tiledata._m0[6160u] & 32768u) != 0u)\n"
    "                    {\n"
    "                        uint _915 = 4112u + (_878 >> 1u);\n"
    "                        uint _925;\n"
    "                        if ((_878 & 1u) != 0u)\n"
    "                        {\n"
    "                            _925 = tiledata._m0[_915] >> 16u;\n"
    "                        }\n"
    "                        else\n"
    "                        {\n"
    "                            _925 = tiledata._m0[_915] & 65535u;\n"
    "                        }\n"
    "                        _929 = int((0u - _925) & 511u);\n"
    "                    }\n"
    "                    else\n"
    "                    {\n"
    "                        _929 = int((0u - (tiledata._m0[6160u] & 65535u)) & 511u);\n"
    "                    }\n"
    "                    uint _939 = (uint((int(tiledata._m0[6162u] & 511u) + _91) & 511) * 512u) + uint((_108 + _929) & 511);\n"
    "                    uint _940 = _939 >> 1u;\n"
    "                    uint _950;\n"
    "                    if ((_939 & 1u) != 0u)\n"
    "                    {\n"
    "                        _950 = tilepix._m0[_940] >> 16u;\n"
    "                    }\n"
    "                    else\n"
    "                    {\n"
    "                        _950 = tilepix._m0[_940] & 65535u;\n"
    "                    }\n"
    "                    bool _957;\n"
    "                    if ((_950 >> 15u) == 0u)\n"
    "                    {\n"
    "                        _957 = (_950 & 15u) == 0u;\n"
    "                    }\n"
    "                    else\n"
    "                    {\n"
    "                        _957 = true;\n"
    "                    }\n"
    "                    if (_957)\n"
    "                    {\n"
    "                        _961 = 0u;\n"
    "                        _962 = false;\n"
    "                        break;\n"
    "                    }\n"
    "                    _961 = _950 & 4095u;\n"
    "                    _962 = true;\n"
    "                    break;\n"
    "                } while(false);\n"
    "                if (_962)\n"
    "                {\n"
    "                    _1375 = _961;\n"
    "                    break;\n"
    "                }\n"
    "                uint _1066;\n"
    "                bool _1067;\n"
    "                do\n"
    "                {\n"
    "                    uint _968 = tiledata._m0[6160u] >> 16u;\n"
    "                    uint _970 = tiledata._m0[6162u] >> 16u;\n"
    "                    if ((_970 & 32768u) != 0u)\n"
    "                    {\n"
    "                        _1066 = 0u;\n"
    "                        _1067 = false;\n"
    "                        break;\n"
    "                    }\n"
    "                    if ((tiledata._m0[6162u] & 24576u) != 0u)\n"
    "                    {\n"
    "                        _1066 = 0u;\n"
    "                        _1067 = false;\n"
    "                        break;\n"
    "                    }\n"
    "                    uint _980 = uint(_91);\n"
    "                    uint _985 = (24576u + (_980 * 4u)) + uint(_108 >> 7);\n"
    "                    uint _988 = 4112u + ((_985 - 16384u) >> 1u);\n"
    "                    uint _998;\n"
    "                    if ((_985 & 1u) != 0u)\n"
    "                    {\n"
    "                        _998 = tiledata._m0[_988] >> 16u;\n"
    "                    }\n"
    "                    else\n"
    "                    {\n"
    "                        _998 = tiledata._m0[_988] & 65535u;\n"
    "                    }\n"
    "                    if (((~_998) & (32768u >> (uint((_108 >> 3) & 15) & 31u))) != 0u)\n"
    "                    {\n"
    "                        _1066 = 0u;\n"
    "                        _1067 = false;\n"
    "                        break;\n"
    "                    }\n"
    "                    int _1033;\n"
    "                    if ((_968 & 32768u) != 0u)\n"
    "                    {\n"
    "                        uint _1019 = 4112u + ((_980 + 512u) >> 1u);\n"
    "                        uint _1029;\n"
    "                        if ((_980 & 1u) != 0u)\n"
    "                        {\n"
    "                            _1029 = tiledata._m0[_1019] >> 16u;\n"
    "                        }\n"
    "                        else\n"
    "                        {\n"
    "                            _1029 = tiledata._m0[_1019] & 65535u;\n"
    "                        }\n"
    "                        _1033 = int((0u - _1029) & 511u);\n"
    "                    }\n"
    "                    else\n"
    "                    {\n"
    "                        _1033 = int((0u - _968) & 511u);\n"
    "                    }\n"
    "                    uint _1044 = (262144u + (uint((int(_970 & 511u) + _91) & 511) * 512u)) + uint((_108 + _1033) & 511);\n"
    "                    uint _1045 = _1044 >> 1u;\n"
    "                    uint _1055;\n"
    "                    if ((_1044 & 1u) != 0u)\n"
    "                    {\n"
    "                        _1055 = tilepix._m0[_1045] >> 16u;\n"
    "                    }\n"
    "                    else\n"
    "                    {\n"
    "                        _1055 = tilepix._m0[_1045] & 65535u;\n"
    "                    }\n"
    "                    bool _1062;\n"
    "                    if ((_1055 >> 15u) == 0u)\n"
    "                    {\n"
    "                        _1062 = (_1055 & 15u) == 0u;\n"
    "                    }\n"
    "                    else\n"
    "                    {\n"
    "                        _1062 = true;\n"
    "                    }\n"
    "                    if (_1062)\n"
    "                    {\n"
    "                        _1066 = 0u;\n"
    "                        _1067 = false;\n"
    "                        break;\n"
    "                    }\n"
    "                    _1066 = _1055 & 4095u;\n"
    "                    _1067 = true;\n"
    "                    break;\n"
    "                } while(false);\n"
    "                if (_1067)\n"
    "                {\n"
    "                    _1375 = _1066;\n"
    "                    break;\n"
    "                }\n"
    "                uint _1275;\n"
    "                bool _1276;\n"
    "                do\n"
    "                {\n"
    "                    if ((tiledata._m0[6163u] & 32768u) != 0u)\n"
    "                    {\n"
    "                        _1275 = 0u;\n"
    "                        _1276 = false;\n"
    "                        break;\n"
    "                    }\n"
    "                    uint _1083 = tiledata._m0[6163u] & 24576u;\n"
    "                    if (_1083 != 0u)\n"
    "                    {\n"
    "                        uint _1087 = _1083 >> 13u;\n"
    "                        uint _1090 = 0u - (tiledata._m0[6163u] & 65535u);\n"
    "                        int _1092 = int(_1090 & 511u);\n"
    "                        bool _1094 = (_1090 & 512u) != 0u;\n"
    "                        uint _1095 = _1094 ? 2u : 3u;\n"
    "                        int _1170;\n"
    "                        uint _1171;\n"
    "                        if ((tiledata._m0[6161u] & 32768u) != 0u)\n"
    "                        {\n"
    "                            uint _1128 = uint(_91);\n"
    "                            uint _1131 = 4112u + ((_1128 + 1024u) >> 1u);\n"
    "                            uint _1141;\n"
    "                            if ((_1128 & 1u) != 0u)\n"
    "                            {\n"
    "                                _1141 = tiledata._m0[_1131] >> 16u;\n"
    "                            }\n"
    "                            else\n"
    "                            {\n"
    "                                _1141 = tiledata._m0[_1131] & 65535u;\n"
    "                            }\n"
    "                            int _1143 = int(_1141 & 511u);\n"
    "                            uint _1169;\n"
    "                            if (_1087 == 1u)\n"
    "                            {\n"
    "                                uint _1168;\n"
    "                                if (_91 >= _1092)\n"
    "                                {\n"
    "                                    uint _1165 = 3u;\n"
    "                                    uint _1166 = 2u;\n"
    "                                    _1168 = _1094 ? 3u : 2u;\n"
    "                                }\n"
    "                                else\n"
    "                                {\n"
    "                                    _1168 = _1095;\n"
    "                                }\n"
    "                                _1169 = _1168;\n"
    "                            }\n"
    "                            else\n"
    "                            {\n"
    "                                bool _1150 = (_1141 & 512u) != 0u;\n"
    "                                uint _1160;\n"
    "                                if (_108 <= (_1143 - 1))\n"
    "                                {\n"
    "                                    _1160 = _1150 ? 2u : 3u;\n"
    "                                }\n"
    "                                else\n"
    "                                {\n"
    "                                    uint _1157 = 3u;\n"
    "                                    uint _1158 = 2u;\n"
    "                                    _1160 = _1150 ? 3u : 2u;\n"
    "                                }\n"
    "                                _1169 = _1160;\n"
    "                            }\n"
    "                            _1170 = -_1143;\n"
    "                            _1171 = _1169;\n"
    "                        }\n"
    "                        else\n"
    "                        {\n"
    "                            int _1102 = int(tiledata._m0[6161u] & 511u);\n"
    "                            uint _1127;\n"
    "                            if (_1087 == 1u)\n"
    "                            {\n"
    "                                uint _1126;\n"
    "                                if (_91 < _1092)\n"
    "                                {\n"
    "                                    _1126 = _1095;\n"
    "                                }\n"
    "                                else\n"
    "                                {\n"
    "                                    uint _1123 = 3u;\n"
    "                                    uint _1124 = 2u;\n"
    "                                    _1126 = _1094 ? 3u : 2u;\n"
    "                                }\n"
    "                                _1127 = _1126;\n"
    "                            }\n"
    "                            else\n"
    "                            {\n"
    "                                bool _1109 = (tiledata._m0[6161u] & 512u) != 0u;\n"
    "                                uint _1118;\n"
    "                                if (_108 < _1102)\n"
    "                                {\n"
    "                                    _1118 = _1109 ? 2u : 3u;\n"
    "                                }\n"
    "                                else\n"
    "                                {\n"
    "                                    uint _1115 = 3u;\n"
    "                                    uint _1116 = 2u;\n"
    "                                    _1118 = _1109 ? 3u : 2u;\n"
    "                                }\n"
    "                                _1127 = _1118;\n"
    "                            }\n"
    "                            _1170 = -_1102;\n"
    "                            _1171 = _1127;\n"
    "                        }\n"
    "                        uint _1181 = ((_1171 * 262144u) + (uint((_91 + int(tiledata._m0[6163u] & 511u)) & 511) * 512u)) + uint((_108 + _1170) & 511);\n"
    "                        uint _1182 = _1181 >> 1u;\n"
    "                        uint _1192;\n"
    "                        if ((_1181 & 1u) != 0u)\n"
    "                        {\n"
    "                            _1192 = tilepix._m0[_1182] >> 16u;\n"
    "                        }\n"
    "                        else\n"
    "                        {\n"
    "                            _1192 = tilepix._m0[_1182] & 65535u;\n"
    "                        }\n"
    "                        uint _1193 = _1192 >> 15u;\n"
    "                        if (_1193 != 0u)\n"
    "                        {\n"
    "                            _1275 = 0u;\n"
    "                            _1276 = false;\n"
    "                            break;\n"
    "                        }\n"
    "                        _1275 = _1192 & 4095u;\n"
    "                        _1276 = true;\n"
    "                        break;\n"
    "                    }\n"
    "                    uint _1199 = uint(_91);\n"
    "                    uint _1204 = (26624u + (_1199 * 4u)) + uint(_108 >> 7);\n"
    "                    uint _1207 = 4112u + ((_1204 - 16384u) >> 1u);\n"
    "                    uint _1217;\n"
    "                    if ((_1204 & 1u) != 0u)\n"
    "                    {\n"
    "                        _1217 = tiledata._m0[_1207] >> 16u;\n"
    "                    }\n"
    "                    else\n"
    "                    {\n"
    "                        _1217 = tiledata._m0[_1207] & 65535u;\n"
    "                    }\n"
    "                    if ((_1217 & (32768u >> (uint((_108 >> 3) & 15) & 31u))) != 0u)\n"
    "                    {\n"
    "                        _1275 = 0u;\n"
    "                        _1276 = false;\n"
    "                        break;\n"
    "                    }\n"
    "                    int _1251;\n"
    "                    if ((tiledata._m0[6161u] & 32768u) != 0u)\n"
    "                    {\n"
    "                        uint _1237 = 4112u + ((_1199 + 1024u) >> 1u);\n"
    "                        uint _1247;\n"
    "                        if ((_1199 & 1u) != 0u)\n"
    "                        {\n"
    "                            _1247 = tiledata._m0[_1237] >> 16u;\n"
    "                        }\n"
    "                        else\n"
    "                        {\n"
    "                            _1247 = tiledata._m0[_1237] & 65535u;\n"
    "                        }\n"
    "                        _1251 = int((0u - _1247) & 511u);\n"
    "                    }\n"
    "                    else\n"
    "                    {\n"
    "                        _1251 = int((0u - (tiledata._m0[6161u] & 65535u)) & 511u);\n"
    "                    }\n"
    "                    uint _1262 = (524288u + (uint((int(tiledata._m0[6163u] & 511u) + _91) & 511) * 512u)) + uint((_108 + _1251) & 511);\n"
    "                    uint _1263 = _1262 >> 1u;\n"
    "                    uint _1273;\n"
    "                    if ((_1262 & 1u) != 0u)\n"
    "                    {\n"
    "                        _1273 = tilepix._m0[_1263] >> 16u;\n"
    "                    }\n"
    "                    else\n"
    "                    {\n"
    "                        _1273 = tilepix._m0[_1263] & 65535u;\n"
    "                    }\n"
    "                    _1275 = _1273 & 4095u;\n"
    "                    _1276 = true;\n"
    "                    break;\n"
    "                } while(false);\n"
    "                if (_1276)\n"
    "                {\n"
    "                    _1375 = _1275;\n"
    "                    break;\n"
    "                }\n"
    "                uint _1371;\n"
    "                bool _1372;\n"
    "                do\n"
    "                {\n"
    "                    uint _1282 = tiledata._m0[6161u] >> 16u;\n"
    "                    uint _1284 = tiledata._m0[6163u] >> 16u;\n"
    "                    if ((_1284 & 32768u) != 0u)\n"
    "                    {\n"
    "                        _1371 = 0u;\n"
    "                        _1372 = false;\n"
    "                        break;\n"
    "                    }\n"
    "                    if ((tiledata._m0[6163u] & 24576u) != 0u)\n"
    "                    {\n"
    "                        _1371 = 0u;\n"
    "                        _1372 = false;\n"
    "                        break;\n"
    "                    }\n"
    "                    uint _1294 = uint(_91);\n"
    "                    uint _1299 = (26624u + (_1294 * 4u)) + uint(_108 >> 7);\n"
    "                    uint _1302 = 4112u + ((_1299 - 16384u) >> 1u);\n"
    "                    uint _1312;\n"
    "                    if ((_1299 & 1u) != 0u)\n"
    "                    {\n"
    "                        _1312 = tiledata._m0[_1302] >> 16u;\n"
    "                    }\n"
    "                    else\n"
    "                    {\n"
    "                        _1312 = tiledata._m0[_1302] & 65535u;\n"
    "                    }\n"
    "                    if (((~_1312) & (32768u >> (uint((_108 >> 3) & 15) & 31u))) != 0u)\n"
    "                    {\n"
    "                        _1371 = 0u;\n"
    "                        _1372 = false;\n"
    "                        break;\n"
    "                    }\n"
    "                    int _1347;\n"
    "                    if ((_1282 & 32768u) != 0u)\n"
    "                    {\n"
    "                        uint _1333 = 4112u + ((_1294 + 1536u) >> 1u);\n"
    "                        uint _1343;\n"
    "                        if ((_1294 & 1u) != 0u)\n"
    "                        {\n"
    "                            _1343 = tiledata._m0[_1333] >> 16u;\n"
    "                        }\n"
    "                        else\n"
    "                        {\n"
    "                            _1343 = tiledata._m0[_1333] & 65535u;\n"
    "                        }\n"
    "                        _1347 = int((0u - _1343) & 511u);\n"
    "                    }\n"
    "                    else\n"
    "                    {\n"
    "                        _1347 = int((0u - _1282) & 511u);\n"
    "                    }\n"
    "                    uint _1358 = (786432u + (uint((int(_1284 & 511u) + _91) & 511) * 512u)) + uint((_108 + _1347) & 511);\n"
    "                    uint _1359 = _1358 >> 1u;\n"
    "                    uint _1369;\n"
    "                    if ((_1358 & 1u) != 0u)\n"
    "                    {\n"
    "                        _1369 = tilepix._m0[_1359] >> 16u;\n"
    "                    }\n"
    "                    else\n"
    "                    {\n"
    "                        _1369 = tilepix._m0[_1359] & 65535u;\n"
    "                    }\n"
    "                    _1371 = _1369 & 4095u;\n"
    "                    _1372 = true;\n"
    "                    break;\n"
    "                } while(false);\n"
    "                if (_1372)\n"
    "                {\n"
    "                    _1375 = _1371;\n"
    "                    break;\n"
    "                }\n"
    "                _1375 = 0u;\n"
    "                break;\n"
    "            } while(false);\n"
    "            uint _1376 = 16u + _1375;\n"
    "            uint _1380;\n"
    "            _1380 = 0u;\n"
    "            for (uint _1383 = 0u; _1383 < 24u; )\n"
    "            {\n"
    "                uint _1387 = _1383 & 31u;\n"
    "                _1380 |= (uint(((float((tiledata._m0[_743] >> _1387) & 255u) * (1.0 - _110)) + (float((tiledata._m0[_1376] >> _1387) & 255u) * _110)) + 0.5) << _1387);\n"
    "                _1383 += 8u;\n"
    "                continue;\n"
    "            }\n"
    "            _2073 = float4(float((_1380 >> 16u) & 255u), float((_1380 >> 8u) & 255u), float(_1380 & 255u), 255.0) * float4(0.0039215688593685626983642578125);\n"
    "            break;\n"
    "        }\n"
    "        bool _1415;\n"
    "        if (_87 >= 0)\n"
    "        {\n"
    "            _1415 = _87 >= 496;\n"
    "        }\n"
    "        else\n"
    "        {\n"
    "            _1415 = true;\n"
    "        }\n"
    "        int _1426;\n"
    "        int _1427;\n"
    "        if (_1415)\n"
    "        {\n"
    "            bool _1418 = tiledata._m0[1u] == 1u;\n"
    "            int _1424;\n"
    "            if (_1418)\n"
    "            {\n"
    "                _1424 = 0;\n"
    "            }\n"
    "            else\n"
    "            {\n"
    "                _1424 = (_87 < 0) ? 0 : 495;\n"
    "            }\n"
    "            _1426 = _1418 ? 0 : _91;\n"
    "            _1427 = _1424;\n"
    "        }\n"
    "        else\n"
    "        {\n"
    "            _1426 = _91;\n"
    "            _1427 = _87;\n"
    "        }\n"
    "        uint _2059;\n"
    "        do\n"
    "        {\n"
    "            uint _1645;\n"
    "            bool _1646;\n"
    "            do\n"
    "            {\n"
    "                if ((tiledata._m0[6162u] & 32768u) != 0u)\n"
    "                {\n"
    "                    _1645 = 0u;\n"
    "                    _1646 = false;\n"
    "                    break;\n"
    "                }\n"
    "                uint _1443 = tiledata._m0[6162u] & 24576u;\n"
    "                if (_1443 != 0u)\n"
    "                {\n"
    "                    uint _1447 = _1443 >> 13u;\n"
    "                    uint _1450 = 0u - (tiledata._m0[6162u] & 65535u);\n"
    "                    int _1452 = int(_1450 & 511u);\n"
    "                    bool _1454 = (_1450 & 512u) != 0u;\n"
    "                    uint _1455 = _1454 ? 0u : 1u;\n"
    "                    int _1529;\n"
    "                    uint _1530;\n"
    "                    if ((tiledata._m0[6160u] & 32768u) != 0u)\n"
    "                    {\n"
    "                        uint _1488 = uint(_1426);\n"
    "                        uint _1490 = 4112u + (_1488 >> 1u);\n"
    "                        uint _1500;\n"
    "                        if ((_1488 & 1u) != 0u)\n"
    "                        {\n"
    "                            _1500 = tiledata._m0[_1490] >> 16u;\n"
    "                        }\n"
    "                        else\n"
    "                        {\n"
    "                            _1500 = tiledata._m0[_1490] & 65535u;\n"
    "                        }\n"
    "                        int _1502 = int(_1500 & 511u);\n"
    "                        uint _1528;\n"
    "                        if (_1447 == 1u)\n"
    "                        {\n"
    "                            uint _1527;\n"
    "                            if (_1426 >= _1452)\n"
    "                            {\n"
    "                                uint _1524 = 1u;\n"
    "                                uint _1525 = 0u;\n"
    "                                _1527 = uint(_1454);\n"
    "                            }\n"
    "                            else\n"
    "                            {\n"
    "                                _1527 = _1455;\n"
    "                            }\n"
    "                            _1528 = _1527;\n"
    "                        }\n"
    "                        else\n"
    "                        {\n"
    "                            bool _1509 = (_1500 & 512u) != 0u;\n"
    "                            uint _1519;\n"
    "                            if (_1427 <= (_1502 - 1))\n"
    "                            {\n"
    "                                _1519 = _1509 ? 0u : 1u;\n"
    "                            }\n"
    "                            else\n"
    "                            {\n"
    "                                uint _1516 = 1u;\n"
    "                                uint _1517 = 0u;\n"
    "                                _1519 = uint(_1509);\n"
    "                            }\n"
    "                            _1528 = _1519;\n"
    "                        }\n"
    "                        _1529 = -_1502;\n"
    "                        _1530 = _1528;\n"
    "                    }\n"
    "                    else\n"
    "                    {\n"
    "                        int _1462 = int(tiledata._m0[6160u] & 511u);\n"
    "                        uint _1487;\n"
    "                        if (_1447 == 1u)\n"
    "                        {\n"
    "                            uint _1486;\n"
    "                            if (_1426 < _1452)\n"
    "                            {\n"
    "                                _1486 = _1455;\n"
    "                            }\n"
    "                            else\n"
    "                            {\n"
    "                                uint _1483 = 1u;\n"
    "                                uint _1484 = 0u;\n"
    "                                _1486 = uint(_1454);\n"
    "                            }\n"
    "                            _1487 = _1486;\n"
    "                        }\n"
    "                        else\n"
    "                        {\n"
    "                            bool _1469 = (tiledata._m0[6160u] & 512u) != 0u;\n"
    "                            uint _1478;\n"
    "                            if (_1427 < _1462)\n"
    "                            {\n"
    "                                _1478 = _1469 ? 0u : 1u;\n"
    "                            }\n"
    "                            else\n"
    "                            {\n"
    "                                uint _1475 = 1u;\n"
    "                                uint _1476 = 0u;\n"
    "                                _1478 = uint(_1469);\n"
    "                            }\n"
    "                            _1487 = _1478;\n"
    "                        }\n"
    "                        _1529 = -_1462;\n"
    "                        _1530 = _1487;\n"
    "                    }\n"
    "                    uint _1540 = ((_1530 * 262144u) + (uint((_1426 + int(tiledata._m0[6162u] & 511u)) & 511) * 512u)) + uint((_1427 + _1529) & 511);\n"
    "                    uint _1541 = _1540 >> 1u;\n"
    "                    uint _1551;\n"
    "                    if ((_1540 & 1u) != 0u)\n"
    "                    {\n"
    "                        _1551 = tilepix._m0[_1541] >> 16u;\n"
    "                    }\n"
    "                    else\n"
    "                    {\n"
    "                        _1551 = tilepix._m0[_1541] & 65535u;\n"
    "                    }\n"
    "                    bool _1558;\n"
    "                    if ((_1551 >> 15u) == 0u)\n"
    "                    {\n"
    "                        _1558 = (_1551 & 15u) == 0u;\n"
    "                    }\n"
    "                    else\n"
    "                    {\n"
    "                        _1558 = true;\n"
    "                    }\n"
    "                    if (_1558)\n"
    "                    {\n"
    "                        _1645 = 0u;\n"
    "                        _1646 = false;\n"
    "                        break;\n"
    "                    }\n"
    "                    _1645 = _1551 & 4095u;\n"
    "                    _1646 = true;\n"
    "                    break;\n"
    "                }\n"
    "                uint _1562 = uint(_1426);\n"
    "                uint _1567 = (24576u + (_1562 * 4u)) + uint(_1427 >> 7);\n"
    "                uint _1570 = 4112u + ((_1567 - 16384u) >> 1u);\n"
    "                uint _1580;\n"
    "                if ((_1567 & 1u) != 0u)\n"
    "                {\n"
    "                    _1580 = tiledata._m0[_1570] >> 16u;\n"
    "                }\n"
    "                else\n"
    "                {\n"
    "                    _1580 = tiledata._m0[_1570] & 65535u;\n"
    "                }\n"
    "                if ((_1580 & (32768u >> (uint((_1427 >> 3) & 15) & 31u))) != 0u)\n"
    "                {\n"
    "                    _1645 = 0u;\n"
    "                    _1646 = false;\n"
    "                    break;\n"
    "                }\n"
    "                int _1613;\n"
    "                if ((tiledata._m0[6160u] & 32768u) != 0u)\n"
    "                {\n"
    "                    uint _1599 = 4112u + (_1562 >> 1u);\n"
    "                    uint _1609;\n"
    "                    if ((_1562 & 1u) != 0u)\n"
    "                    {\n"
    "                        _1609 = tiledata._m0[_1599] >> 16u;\n"
    "                    }\n"
    "                    else\n"
    "                    {\n"
    "                        _1609 = tiledata._m0[_1599] & 65535u;\n"
    "                    }\n"
    "                    _1613 = int((0u - _1609) & 511u);\n"
    "                }\n"
    "                else\n"
    "                {\n"
    "                    _1613 = int((0u - (tiledata._m0[6160u] & 65535u)) & 511u);\n"
    "                }\n"
    "                uint _1623 = (uint((int(tiledata._m0[6162u] & 511u) + _1426) & 511) * 512u) + uint((_1427 + _1613) & 511);\n"
    "                uint _1624 = _1623 >> 1u;\n"
    "                uint _1634;\n"
    "                if ((_1623 & 1u) != 0u)\n"
    "                {\n"
    "                    _1634 = tilepix._m0[_1624] >> 16u;\n"
    "                }\n"
    "                else\n"
    "                {\n"
    "                    _1634 = tilepix._m0[_1624] & 65535u;\n"
    "                }\n"
    "                bool _1641;\n"
    "                if ((_1634 >> 15u) == 0u)\n"
    "                {\n"
    "                    _1641 = (_1634 & 15u) == 0u;\n"
    "                }\n"
    "                else\n"
    "                {\n"
    "                    _1641 = true;\n"
    "                }\n"
    "                if (_1641)\n"
    "                {\n"
    "                    _1645 = 0u;\n"
    "                    _1646 = false;\n"
    "                    break;\n"
    "                }\n"
    "                _1645 = _1634 & 4095u;\n"
    "                _1646 = true;\n"
    "                break;\n"
    "            } while(false);\n"
    "            if (_1646)\n"
    "            {\n"
    "                _2059 = _1645;\n"
    "                break;\n"
    "            }\n"
    "            uint _1750;\n"
    "            bool _1751;\n"
    "            do\n"
    "            {\n"
    "                uint _1652 = tiledata._m0[6160u] >> 16u;\n"
    "                uint _1654 = tiledata._m0[6162u] >> 16u;\n"
    "                if ((_1654 & 32768u) != 0u)\n"
    "                {\n"
    "                    _1750 = 0u;\n"
    "                    _1751 = false;\n"
    "                    break;\n"
    "                }\n"
    "                if ((tiledata._m0[6162u] & 24576u) != 0u)\n"
    "                {\n"
    "                    _1750 = 0u;\n"
    "                    _1751 = false;\n"
    "                    break;\n"
    "                }\n"
    "                uint _1664 = uint(_1426);\n"
    "                uint _1669 = (24576u + (_1664 * 4u)) + uint(_1427 >> 7);\n"
    "                uint _1672 = 4112u + ((_1669 - 16384u) >> 1u);\n"
    "                uint _1682;\n"
    "                if ((_1669 & 1u) != 0u)\n"
    "                {\n"
    "                    _1682 = tiledata._m0[_1672] >> 16u;\n"
    "                }\n"
    "                else\n"
    "                {\n"
    "                    _1682 = tiledata._m0[_1672] & 65535u;\n"
    "                }\n"
    "                if (((~_1682) & (32768u >> (uint((_1427 >> 3) & 15) & 31u))) != 0u)\n"
    "                {\n"
    "                    _1750 = 0u;\n"
    "                    _1751 = false;\n"
    "                    break;\n"
    "                }\n"
    "                int _1717;\n"
    "                if ((_1652 & 32768u) != 0u)\n"
    "                {\n"
    "                    uint _1703 = 4112u + ((_1664 + 512u) >> 1u);\n"
    "                    uint _1713;\n"
    "                    if ((_1664 & 1u) != 0u)\n"
    "                    {\n"
    "                        _1713 = tiledata._m0[_1703] >> 16u;\n"
    "                    }\n"
    "                    else\n"
    "                    {\n"
    "                        _1713 = tiledata._m0[_1703] & 65535u;\n"
    "                    }\n"
    "                    _1717 = int((0u - _1713) & 511u);\n"
    "                }\n"
    "                else\n"
    "                {\n"
    "                    _1717 = int((0u - _1652) & 511u);\n"
    "                }\n"
    "                uint _1728 = (262144u + (uint((int(_1654 & 511u) + _1426) & 511) * 512u)) + uint((_1427 + _1717) & 511);\n"
    "                uint _1729 = _1728 >> 1u;\n"
    "                uint _1739;\n"
    "                if ((_1728 & 1u) != 0u)\n"
    "                {\n"
    "                    _1739 = tilepix._m0[_1729] >> 16u;\n"
    "                }\n"
    "                else\n"
    "                {\n"
    "                    _1739 = tilepix._m0[_1729] & 65535u;\n"
    "                }\n"
    "                bool _1746;\n"
    "                if ((_1739 >> 15u) == 0u)\n"
    "                {\n"
    "                    _1746 = (_1739 & 15u) == 0u;\n"
    "                }\n"
    "                else\n"
    "                {\n"
    "                    _1746 = true;\n"
    "                }\n"
    "                if (_1746)\n"
    "                {\n"
    "                    _1750 = 0u;\n"
    "                    _1751 = false;\n"
    "                    break;\n"
    "                }\n"
    "                _1750 = _1739 & 4095u;\n"
    "                _1751 = true;\n"
    "                break;\n"
    "            } while(false);\n"
    "            if (_1751)\n"
    "            {\n"
    "                _2059 = _1750;\n"
    "                break;\n"
    "            }\n"
    "            uint _1959;\n"
    "            bool _1960;\n"
    "            do\n"
    "            {\n"
    "                if ((tiledata._m0[6163u] & 32768u) != 0u)\n"
    "                {\n"
    "                    _1959 = 0u;\n"
    "                    _1960 = false;\n"
    "                    break;\n"
    "                }\n"
    "                uint _1767 = tiledata._m0[6163u] & 24576u;\n"
    "                if (_1767 != 0u)\n"
    "                {\n"
    "                    uint _1771 = _1767 >> 13u;\n"
    "                    uint _1774 = 0u - (tiledata._m0[6163u] & 65535u);\n"
    "                    int _1776 = int(_1774 & 511u);\n"
    "                    bool _1778 = (_1774 & 512u) != 0u;\n"
    "                    uint _1779 = _1778 ? 2u : 3u;\n"
    "                    int _1854;\n"
    "                    uint _1855;\n"
    "                    if ((tiledata._m0[6161u] & 32768u) != 0u)\n"
    "                    {\n"
    "                        uint _1812 = uint(_1426);\n"
    "                        uint _1815 = 4112u + ((_1812 + 1024u) >> 1u);\n"
    "                        uint _1825;\n"
    "                        if ((_1812 & 1u) != 0u)\n"
    "                        {\n"
    "                            _1825 = tiledata._m0[_1815] >> 16u;\n"
    "                        }\n"
    "                        else\n"
    "                        {\n"
    "                            _1825 = tiledata._m0[_1815] & 65535u;\n"
    "                        }\n"
    "                        int _1827 = int(_1825 & 511u);\n"
    "                        uint _1853;\n"
    "                        if (_1771 == 1u)\n"
    "                        {\n"
    "                            uint _1852;\n"
    "                            if (_1426 >= _1776)\n"
    "                            {\n"
    "                                uint _1849 = 3u;\n"
    "                                uint _1850 = 2u;\n"
    "                                _1852 = _1778 ? 3u : 2u;\n"
    "                            }\n"
    "                            else\n"
    "                            {\n"
    "                                _1852 = _1779;\n"
    "                            }\n"
    "                            _1853 = _1852;\n"
    "                        }\n"
    "                        else\n"
    "                        {\n"
    "                            bool _1834 = (_1825 & 512u) != 0u;\n"
    "                            uint _1844;\n"
    "                            if (_1427 <= (_1827 - 1))\n"
    "                            {\n"
    "                                _1844 = _1834 ? 2u : 3u;\n"
    "                            }\n"
    "                            else\n"
    "                            {\n"
    "                                uint _1841 = 3u;\n"
    "                                uint _1842 = 2u;\n"
    "                                _1844 = _1834 ? 3u : 2u;\n"
    "                            }\n"
    "                            _1853 = _1844;\n"
    "                        }\n"
    "                        _1854 = -_1827;\n"
    "                        _1855 = _1853;\n"
    "                    }\n"
    "                    else\n"
    "                    {\n"
    "                        int _1786 = int(tiledata._m0[6161u] & 511u);\n"
    "                        uint _1811;\n"
    "                        if (_1771 == 1u)\n"
    "                        {\n"
    "                            uint _1810;\n"
    "                            if (_1426 < _1776)\n"
    "                            {\n"
    "                                _1810 = _1779;\n"
    "                            }\n"
    "                            else\n"
    "                            {\n"
    "                                uint _1807 = 3u;\n"
    "                                uint _1808 = 2u;\n"
    "                                _1810 = _1778 ? 3u : 2u;\n"
    "                            }\n"
    "                            _1811 = _1810;\n"
    "                        }\n"
    "                        else\n"
    "                        {\n"
    "                            bool _1793 = (tiledata._m0[6161u] & 512u) != 0u;\n"
    "                            uint _1802;\n"
    "                            if (_1427 < _1786)\n"
    "                            {\n"
    "                                _1802 = _1793 ? 2u : 3u;\n"
    "                            }\n"
    "                            else\n"
    "                            {\n"
    "                                uint _1799 = 3u;\n"
    "                                uint _1800 = 2u;\n"
    "                                _1802 = _1793 ? 3u : 2u;\n"
    "                            }\n"
    "                            _1811 = _1802;\n"
    "                        }\n"
    "                        _1854 = -_1786;\n"
    "                        _1855 = _1811;\n"
    "                    }\n"
    "                    uint _1865 = ((_1855 * 262144u) + (uint((_1426 + int(tiledata._m0[6163u] & 511u)) & 511) * 512u)) + uint((_1427 + _1854) & 511);\n"
    "                    uint _1866 = _1865 >> 1u;\n"
    "                    uint _1876;\n"
    "                    if ((_1865 & 1u) != 0u)\n"
    "                    {\n"
    "                        _1876 = tilepix._m0[_1866] >> 16u;\n"
    "                    }\n"
    "                    else\n"
    "                    {\n"
    "                        _1876 = tilepix._m0[_1866] & 65535u;\n"
    "                    }\n"
    "                    uint _1877 = _1876 >> 15u;\n"
    "                    if (_1877 != 0u)\n"
    "                    {\n"
    "                        _1959 = 0u;\n"
    "                        _1960 = false;\n"
    "                        break;\n"
    "                    }\n"
    "                    _1959 = _1876 & 4095u;\n"
    "                    _1960 = true;\n"
    "                    break;\n"
    "                }\n"
    "                uint _1883 = uint(_1426);\n"
    "                uint _1888 = (26624u + (_1883 * 4u)) + uint(_1427 >> 7);\n"
    "                uint _1891 = 4112u + ((_1888 - 16384u) >> 1u);\n"
    "                uint _1901;\n"
    "                if ((_1888 & 1u) != 0u)\n"
    "                {\n"
    "                    _1901 = tiledata._m0[_1891] >> 16u;\n"
    "                }\n"
    "                else\n"
    "                {\n"
    "                    _1901 = tiledata._m0[_1891] & 65535u;\n"
    "                }\n"
    "                if ((_1901 & (32768u >> (uint((_1427 >> 3) & 15) & 31u))) != 0u)\n"
    "                {\n"
    "                    _1959 = 0u;\n"
    "                    _1960 = false;\n"
    "                    break;\n"
    "                }\n"
    "                int _1935;\n"
    "                if ((tiledata._m0[6161u] & 32768u) != 0u)\n"
    "                {\n"
    "                    uint _1921 = 4112u + ((_1883 + 1024u) >> 1u);\n"
    "                    uint _1931;\n"
    "                    if ((_1883 & 1u) != 0u)\n"
    "                    {\n"
    "                        _1931 = tiledata._m0[_1921] >> 16u;\n"
    "                    }\n"
    "                    else\n"
    "                    {\n"
    "                        _1931 = tiledata._m0[_1921] & 65535u;\n"
    "                    }\n"
    "                    _1935 = int((0u - _1931) & 511u);\n"
    "                }\n"
    "                else\n"
    "                {\n"
    "                    _1935 = int((0u - (tiledata._m0[6161u] & 65535u)) & 511u);\n"
    "                }\n"
    "                uint _1946 = (524288u + (uint((int(tiledata._m0[6163u] & 511u) + _1426) & 511) * 512u)) + uint((_1427 + _1935) & 511);\n"
    "                uint _1947 = _1946 >> 1u;\n"
    "                uint _1957;\n"
    "                if ((_1946 & 1u) != 0u)\n"
    "                {\n"
    "                    _1957 = tilepix._m0[_1947] >> 16u;\n"
    "                }\n"
    "                else\n"
    "                {\n"
    "                    _1957 = tilepix._m0[_1947] & 65535u;\n"
    "                }\n"
    "                _1959 = _1957 & 4095u;\n"
    "                _1960 = true;\n"
    "                break;\n"
    "            } while(false);\n"
    "            if (_1960)\n"
    "            {\n"
    "                _2059 = _1959;\n"
    "                break;\n"
    "            }\n"
    "            uint _2055;\n"
    "            bool _2056;\n"
    "            do\n"
    "            {\n"
    "                uint _1966 = tiledata._m0[6161u] >> 16u;\n"
    "                uint _1968 = tiledata._m0[6163u] >> 16u;\n"
    "                if ((_1968 & 32768u) != 0u)\n"
    "                {\n"
    "                    _2055 = 0u;\n"
    "                    _2056 = false;\n"
    "                    break;\n"
    "                }\n"
    "                if ((tiledata._m0[6163u] & 24576u) != 0u)\n"
    "                {\n"
    "                    _2055 = 0u;\n"
    "                    _2056 = false;\n"
    "                    break;\n"
    "                }\n"
    "                uint _1978 = uint(_1426);\n"
    "                uint _1983 = (26624u + (_1978 * 4u)) + uint(_1427 >> 7);\n"
    "                uint _1986 = 4112u + ((_1983 - 16384u) >> 1u);\n"
    "                uint _1996;\n"
    "                if ((_1983 & 1u) != 0u)\n"
    "                {\n"
    "                    _1996 = tiledata._m0[_1986] >> 16u;\n"
    "                }\n"
    "                else\n"
    "                {\n"
    "                    _1996 = tiledata._m0[_1986] & 65535u;\n"
    "                }\n"
    "                if (((~_1996) & (32768u >> (uint((_1427 >> 3) & 15) & 31u))) != 0u)\n"
    "                {\n"
    "                    _2055 = 0u;\n"
    "                    _2056 = false;\n"
    "                    break;\n"
    "                }\n"
    "                int _2031;\n"
    "                if ((_1966 & 32768u) != 0u)\n"
    "                {\n"
    "                    uint _2017 = 4112u + ((_1978 + 1536u) >> 1u);\n"
    "                    uint _2027;\n"
    "                    if ((_1978 & 1u) != 0u)\n"
    "                    {\n"
    "                        _2027 = tiledata._m0[_2017] >> 16u;\n"
    "                    }\n"
    "                    else\n"
    "                    {\n"
    "                        _2027 = tiledata._m0[_2017] & 65535u;\n"
    "                    }\n"
    "                    _2031 = int((0u - _2027) & 511u);\n"
    "                }\n"
    "                else\n"
    "                {\n"
    "                    _2031 = int((0u - _1966) & 511u);\n"
    "                }\n"
    "                uint _2042 = (786432u + (uint((int(_1968 & 511u) + _1426) & 511) * 512u)) + uint((_1427 + _2031) & 511);\n"
    "                uint _2043 = _2042 >> 1u;\n"
    "                uint _2053;\n"
    "                if ((_2042 & 1u) != 0u)\n"
    "                {\n"
    "                    _2053 = tilepix._m0[_2043] >> 16u;\n"
    "                }\n"
    "                else\n"
    "                {\n"
    "                    _2053 = tilepix._m0[_2043] & 65535u;\n"
    "                }\n"
    "                _2055 = _2053 & 4095u;\n"
    "                _2056 = true;\n"
    "                break;\n"
    "            } while(false);\n"
    "            if (_2056)\n"
    "            {\n"
    "                _2059 = _2055;\n"
    "                break;\n"
    "            }\n"
    "            _2059 = 0u;\n"
    "            break;\n"
    "        } while(false);\n"
    "        uint _2060 = 16u + _2059;\n"
    "        _2073 = float4(float((tiledata._m0[_2060] >> 16u) & 255u), float((tiledata._m0[_2060] >> 8u) & 255u), float(tiledata._m0[_2060] & 255u), 255.0) * float4(0.0039215688593685626983642578125);\n"
    "        break;\n"
    "    } while(false);\n"
    "    out.out_var_SV_Target = _2073;\n"
    "    return out;\n"
    "}\n"
    "\n"
    "";

static const unsigned char k_ps_tiles_front_spv[] = {
    0x03, 0x02, 0x23, 0x07, 0x00, 0x00, 0x01, 0x00, 0x00, 0x00, 0x0e, 0x00, 0x72, 0x01, 0x00, 0x00,
    0x00, 0x00, 0x00, 0x00, 0x11, 0x00, 0x02, 0x00, 0x01, 0x00, 0x00, 0x00, 0x0e, 0x00, 0x03, 0x00,
    0x00, 0x00, 0x00, 0x00, 0x01, 0x00, 0x00, 0x00, 0x0f, 0x00, 0x07, 0x00, 0x04, 0x00, 0x00, 0x00,
    0x01, 0x00, 0x00, 0x00, 0x6d, 0x61, 0x69, 0x6e, 0x00, 0x00, 0x00, 0x00, 0x02, 0x00, 0x00, 0x00,
    0x03, 0x00, 0x00, 0x00, 0x10, 0x00, 0x03, 0x00, 0x01, 0x00, 0x00, 0x00, 0x07, 0x00, 0x00, 0x00,
    0x03, 0x00, 0x03, 0x00, 0x05, 0x00, 0x00, 0x00, 0x58, 0x02, 0x00, 0x00, 0x05, 0x00, 0x09, 0x00,
    0x04, 0x00, 0x00, 0x00, 0x74, 0x79, 0x70, 0x65, 0x2e, 0x53, 0x74, 0x72, 0x75, 0x63, 0x74, 0x75,
    0x72, 0x65, 0x64, 0x42, 0x75, 0x66, 0x66, 0x65, 0x72, 0x2e, 0x75, 0x69, 0x6e, 0x74, 0x00, 0x00,
    0x05, 0x00, 0x04, 0x00, 0x05, 0x00, 0x00, 0x00, 0x74, 0x69, 0x6c, 0x65, 0x70, 0x69, 0x78, 0x00,
    0x05, 0x00, 0x05, 0x00, 0x06, 0x00, 0x00, 0x00, 0x74, 0x69, 0x6c, 0x65, 0x64, 0x61, 0x74, 0x61,
    0x00, 0x00, 0x00, 0x00, 0x05, 0x00, 0x07, 0x00, 0x03, 0x00, 0x00, 0x00, 0x6f, 0x75, 0x74, 0x2e,
    0x76, 0x61, 0x72, 0x2e, 0x53, 0x56, 0x5f, 0x54, 0x61, 0x72, 0x67, 0x65, 0x74, 0x00, 0x00, 0x00,
    0x05, 0x00, 0x06, 0x00, 0x01, 0x00, 0x00, 0x00, 0x70, 0x73, 0x5f, 0x74, 0x69, 0x6c, 0x65, 0x73,
    0x5f, 0x66, 0x72, 0x6f, 0x6e, 0x74, 0x00, 0x00, 0x47, 0x00, 0x04, 0x00, 0x02, 0x00, 0x00, 0x00,
    0x0b, 0x00, 0x00, 0x00, 0x0f, 0x00, 0x00, 0x00, 0x47, 0x00, 0x04, 0x00, 0x03, 0x00, 0x00, 0x00,
    0x1e, 0x00, 0x00, 0x00, 0x00, 0x00, 0x00, 0x00, 0x47, 0x00, 0x04, 0x00, 0x05, 0x00, 0x00, 0x00,
    0x22, 0x00, 0x00, 0x00, 0x02, 0x00, 0x00, 0x00, 0x47, 0x00, 0x04, 0x00, 0x05, 0x00, 0x00, 0x00,
    0x21, 0x00, 0x00, 0x00, 0x00, 0x00, 0x00, 0x00, 0x47, 0x00, 0x04, 0x00, 0x06, 0x00, 0x00, 0x00,
    0x22, 0x00, 0x00, 0x00, 0x02, 0x00, 0x00, 0x00, 0x47, 0x00, 0x04, 0x00, 0x06, 0x00, 0x00, 0x00,
    0x21, 0x00, 0x00, 0x00, 0x01, 0x00, 0x00, 0x00, 0x47, 0x00, 0x04, 0x00, 0x07, 0x00, 0x00, 0x00,
    0x06, 0x00, 0x00, 0x00, 0x04, 0x00, 0x00, 0x00, 0x48, 0x00, 0x05, 0x00, 0x04, 0x00, 0x00, 0x00,
    0x00, 0x00, 0x00, 0x00, 0x23, 0x00, 0x00, 0x00, 0x00, 0x00, 0x00, 0x00, 0x48, 0x00, 0x04, 0x00,
    0x04, 0x00, 0x00, 0x00, 0x00, 0x00, 0x00, 0x00, 0x18, 0x00, 0x00, 0x00, 0x47, 0x00, 0x03, 0x00,
    0x04, 0x00, 0x00, 0x00, 0x03, 0x00, 0x00, 0x00, 0x15, 0x00, 0x04, 0x00, 0x08, 0x00, 0x00, 0x00,
    0x20, 0x00, 0x00, 0x00, 0x00, 0x00, 0x00, 0x00, 0x2b, 0x00, 0x04, 0x00, 0x08, 0x00, 0x00, 0x00,
    0x09, 0x00, 0x00, 0x00, 0x10, 0x00, 0x00, 0x00, 0x2b, 0x00, 0x04, 0x00, 0x08, 0x00, 0x00, 0x00,
    0x0a, 0x00, 0x00, 0x00, 0x10, 0x10, 0x00, 0x00, 0x15, 0x00, 0x04, 0x00, 0x0b, 0x00, 0x00, 0x00,
    0x20, 0x00, 0x00, 0x00, 0x01, 0x00, 0x00, 0x00, 0x2b, 0x00, 0x04, 0x00, 0x0b, 0x00, 0x00, 0x00,
    0x0c, 0x00, 0x00, 0x00, 0xf0, 0x01, 0x00, 0x00, 0x2b, 0x00, 0x04, 0x00, 0x08, 0x00, 0x00, 0x00,
    0x0d, 0x00, 0x00, 0x00, 0x00, 0x00, 0x00, 0x00, 0x2b, 0x00, 0x04, 0x00, 0x08, 0x00, 0x00, 0x00,
    0x0e, 0x00, 0x00, 0x00, 0x02, 0x00, 0x00, 0x00, 0x2b, 0x00, 0x04, 0x00, 0x08, 0x00, 0x00, 0x00,
    0x0f, 0x00, 0x00, 0x00, 0x08, 0x00, 0x00, 0x00, 0x2b, 0x00, 0x04, 0x00, 0x0b, 0x00, 0x00, 0x00,
    0x10, 0x00, 0x00, 0x00, 0x00, 0x00, 0x00, 0x00, 0x2b, 0x00, 0x04, 0x00, 0x0b, 0x00, 0x00, 0x00,
    0x11, 0x00, 0x00, 0x00, 0x01, 0x00, 0x00, 0x00, 0x14, 0x00, 0x02, 0x00, 0x12, 0x00, 0x00, 0x00,
    0x29, 0x00, 0x03, 0x00, 0x12, 0x00, 0x00, 0x00, 0x13, 0x00, 0x00, 0x00, 0x2b, 0x00, 0x04, 0x00,
    0x08, 0x00, 0x00, 0x00, 0x14, 0x00, 0x00, 0x00, 0x01, 0x00, 0x00, 0x00, 0x2a, 0x00, 0x03, 0x00,
    0x12, 0x00, 0x00, 0x00, 0x15, 0x00, 0x00, 0x00, 0x16, 0x00, 0x03, 0x00, 0x16, 0x00, 0x00, 0x00,
    0x20, 0x00, 0x00, 0x00, 0x17, 0x00, 0x04, 0x00, 0x17, 0x00, 0x00, 0x00, 0x16, 0x00, 0x00, 0x00,
    0x04, 0x00, 0x00, 0x00, 0x2b, 0x00, 0x04, 0x00, 0x08, 0x00, 0x00, 0x00, 0x18, 0x00, 0x00, 0x00,
    0x1f, 0x00, 0x00, 0x00, 0x2b, 0x00, 0x04, 0x00, 0x08, 0x00, 0x00, 0x00, 0x19, 0x00, 0x00, 0x00,
    0x00, 0x80, 0x00, 0x00, 0x2b, 0x00, 0x04, 0x00, 0x08, 0x00, 0x00, 0x00, 0x1a, 0x00, 0x00, 0x00,
    0x00, 0x60, 0x00, 0x00, 0x2b, 0x00, 0x04, 0x00, 0x08, 0x00, 0x00, 0x00, 0x1b, 0x00, 0x00, 0x00,
    0x0d, 0x00, 0x00, 0x00, 0x2b, 0x00, 0x04, 0x00, 0x08, 0x00, 0x00, 0x00, 0x1c, 0x00, 0x00, 0x00,
    0xff, 0x01, 0x00, 0x00, 0x2b, 0x00, 0x04, 0x00, 0x08, 0x00, 0x00, 0x00, 0x1d, 0x00, 0x00, 0x00,
    0x00, 0x02, 0x00, 0x00, 0x2b, 0x00, 0x04, 0x00, 0x08, 0x00, 0x00, 0x00, 0x1e, 0x00, 0x00, 0x00,
    0x00, 0x40, 0x00, 0x00, 0x2b, 0x00, 0x04, 0x00, 0x08, 0x00, 0x00, 0x00, 0x1f, 0x00, 0x00, 0x00,
    0x0f, 0x00, 0x00, 0x00, 0x2b, 0x00, 0x04, 0x00, 0x08, 0x00, 0x00, 0x00, 0x20, 0x00, 0x00, 0x00,
    0xff, 0x0f, 0x00, 0x00, 0x2b, 0x00, 0x04, 0x00, 0x08, 0x00, 0x00, 0x00, 0x21, 0x00, 0x00, 0x00,
    0x04, 0x00, 0x00, 0x00, 0x2b, 0x00, 0x04, 0x00, 0x08, 0x00, 0x00, 0x00, 0x22, 0x00, 0x00, 0x00,
    0x00, 0x68, 0x00, 0x00, 0x2b, 0x00, 0x04, 0x00, 0x0b, 0x00, 0x00, 0x00, 0x23, 0x00, 0x00, 0x00,
    0x07, 0x00, 0x00, 0x00, 0x2b, 0x00, 0x04, 0x00, 0x0b, 0x00, 0x00, 0x00, 0x24, 0x00, 0x00, 0x00,
    0x03, 0x00, 0x00, 0x00, 0x2b, 0x00, 0x04, 0x00, 0x0b, 0x00, 0x00, 0x00, 0x25, 0x00, 0x00, 0x00,
    0x0f, 0x00, 0x00, 0x00, 0x2b, 0x00, 0x04, 0x00, 0x08, 0x00, 0x00, 0x00, 0x26, 0x00, 0x00, 0x00,
    0xff, 0x00, 0x00, 0x00, 0x2b, 0x00, 0x04, 0x00, 0x16, 0x00, 0x00, 0x00, 0x27, 0x00, 0x00, 0x00,
    0x00, 0x00, 0x7f, 0x43, 0x2b, 0x00, 0x04, 0x00, 0x08, 0x00, 0x00, 0x00, 0x28, 0x00, 0x00, 0x00,
    0xff, 0xff, 0x00, 0x00, 0x2b, 0x00, 0x04, 0x00, 0x08, 0x00, 0x00, 0x00, 0x29, 0x00, 0x00, 0x00,
    0x00, 0x00, 0x04, 0x00, 0x2b, 0x00, 0x04, 0x00, 0x0b, 0x00, 0x00, 0x00, 0x2a, 0x00, 0x00, 0x00,
    0xff, 0x01, 0x00, 0x00, 0x1d, 0x00, 0x03, 0x00, 0x07, 0x00, 0x00, 0x00, 0x08, 0x00, 0x00, 0x00,
    0x1e, 0x00, 0x03, 0x00, 0x04, 0x00, 0x00, 0x00, 0x07, 0x00, 0x00, 0x00, 0x20, 0x00, 0x04, 0x00,
    0x2b, 0x00, 0x00, 0x00, 0x02, 0x00, 0x00, 0x00, 0x04, 0x00, 0x00, 0x00, 0x20, 0x00, 0x04, 0x00,
    0x2c, 0x00, 0x00, 0x00, 0x01, 0x00, 0x00, 0x00, 0x17, 0x00, 0x00, 0x00, 0x20, 0x00, 0x04, 0x00,
    0x2d, 0x00, 0x00, 0x00, 0x03, 0x00, 0x00, 0x00, 0x17, 0x00, 0x00, 0x00, 0x13, 0x00, 0x02, 0x00,
    0x2e, 0x00, 0x00, 0x00, 0x21, 0x00, 0x03, 0x00, 0x2f, 0x00, 0x00, 0x00, 0x2e, 0x00, 0x00, 0x00,
    0x20, 0x00, 0x04, 0x00, 0x30, 0x00, 0x00, 0x00, 0x02, 0x00, 0x00, 0x00, 0x08, 0x00, 0x00, 0x00,
    0x3b, 0x00, 0x04, 0x00, 0x2b, 0x00, 0x00, 0x00, 0x05, 0x00, 0x00, 0x00, 0x02, 0x00, 0x00, 0x00,
    0x3b, 0x00, 0x04, 0x00, 0x2b, 0x00, 0x00, 0x00, 0x06, 0x00, 0x00, 0x00, 0x02, 0x00, 0x00, 0x00,
    0x3b, 0x00, 0x04, 0x00, 0x2c, 0x00, 0x00, 0x00, 0x02, 0x00, 0x00, 0x00, 0x01, 0x00, 0x00, 0x00,
    0x3b, 0x00, 0x04, 0x00, 0x2d, 0x00, 0x00, 0x00, 0x03, 0x00, 0x00, 0x00, 0x03, 0x00, 0x00, 0x00,
    0x01, 0x00, 0x03, 0x00, 0x17, 0x00, 0x00, 0x00, 0x31, 0x00, 0x00, 0x00, 0x2b, 0x00, 0x04, 0x00,
    0x08, 0x00, 0x00, 0x00, 0x32, 0x00, 0x00, 0x00, 0x00, 0x10, 0x00, 0x00, 0x2b, 0x00, 0x04, 0x00,
    0x08, 0x00, 0x00, 0x00, 0x33, 0x00, 0x00, 0x00, 0x04, 0x10, 0x00, 0x00, 0x2b, 0x00, 0x04, 0x00,
    0x16, 0x00, 0x00, 0x00, 0x34, 0x00, 0x00, 0x00, 0x81, 0x80, 0x80, 0x3b, 0x2c, 0x00, 0x07, 0x00,
    0x17, 0x00, 0x00, 0x00, 0x35, 0x00, 0x00, 0x00, 0x34, 0x00, 0x00, 0x00, 0x34, 0x00, 0x00, 0x00,
    0x34, 0x00, 0x00, 0x00, 0x34, 0x00, 0x00, 0x00, 0x20, 0x00, 0x04, 0x00, 0x36, 0x00, 0x00, 0x00,
    0x01, 0x00, 0x00, 0x00, 0x16, 0x00, 0x00, 0x00, 0x36, 0x00, 0x05, 0x00, 0x2e, 0x00, 0x00, 0x00,
    0x01, 0x00, 0x00, 0x00, 0x00, 0x00, 0x00, 0x00, 0x2f, 0x00, 0x00, 0x00, 0xf8, 0x00, 0x02, 0x00,
    0x37, 0x00, 0x00, 0x00, 0xf7, 0x00, 0x03, 0x00, 0x38, 0x00, 0x00, 0x00, 0x00, 0x00, 0x00, 0x00,
    0xfb, 0x00, 0x03, 0x00, 0x0d, 0x00, 0x00, 0x00, 0x39, 0x00, 0x00, 0x00, 0xf8, 0x00, 0x02, 0x00,
    0x39, 0x00, 0x00, 0x00, 0x41, 0x00, 0x06, 0x00, 0x30, 0x00, 0x00, 0x00, 0x3a, 0x00, 0x00, 0x00,
    0x06, 0x00, 0x00, 0x00, 0x10, 0x00, 0x00, 0x00, 0x0e, 0x00, 0x00, 0x00, 0x3d, 0x00, 0x04, 0x00,
    0x08, 0x00, 0x00, 0x00, 0x3b, 0x00, 0x00, 0x00, 0x3a, 0x00, 0x00, 0x00, 0x7c, 0x00, 0x04, 0x00,
    0x0b, 0x00, 0x00, 0x00, 0x3c, 0x00, 0x00, 0x00, 0x3b, 0x00, 0x00, 0x00, 0x41, 0x00, 0x05, 0x00,
    0x36, 0x00, 0x00, 0x00, 0x3d, 0x00, 0x00, 0x00, 0x02, 0x00, 0x00, 0x00, 0x10, 0x00, 0x00, 0x00,
    0x3d, 0x00, 0x04, 0x00, 0x16, 0x00, 0x00, 0x00, 0x3e, 0x00, 0x00, 0x00, 0x3d, 0x00, 0x00, 0x00,
    0x6e, 0x00, 0x04, 0x00, 0x0b, 0x00, 0x00, 0x00, 0x3f, 0x00, 0x00, 0x00, 0x3e, 0x00, 0x00, 0x00,
    0x87, 0x00, 0x05, 0x00, 0x0b, 0x00, 0x00, 0x00, 0x40, 0x00, 0x00, 0x00, 0x3f, 0x00, 0x00, 0x00,
    0x3c, 0x00, 0x00, 0x00, 0x41, 0x00, 0x06, 0x00, 0x30, 0x00, 0x00, 0x00, 0x41, 0x00, 0x00, 0x00,
    0x06, 0x00, 0x00, 0x00, 0x10, 0x00, 0x00, 0x00, 0x0d, 0x00, 0x00, 0x00, 0x3d, 0x00, 0x04, 0x00,
    0x08, 0x00, 0x00, 0x00, 0x42, 0x00, 0x00, 0x00, 0x41, 0x00, 0x00, 0x00, 0x7c, 0x00, 0x04, 0x00,
    0x0b, 0x00, 0x00, 0x00, 0x43, 0x00, 0x00, 0x00, 0x42, 0x00, 0x00, 0x00, 0x82, 0x00, 0x05, 0x00,
    0x0b, 0x00, 0x00, 0x00, 0x44, 0x00, 0x00, 0x00, 0x40, 0x00, 0x00, 0x00, 0x43, 0x00, 0x00, 0x00,
    0x41, 0x00, 0x05, 0x00, 0x36, 0x00, 0x00, 0x00, 0x45, 0x00, 0x00, 0x00, 0x02, 0x00, 0x00, 0x00,
    0x11, 0x00, 0x00, 0x00, 0x3d, 0x00, 0x04, 0x00, 0x16, 0x00, 0x00, 0x00, 0x46, 0x00, 0x00, 0x00,
    0x45, 0x00, 0x00, 0x00, 0x6e, 0x00, 0x04, 0x00, 0x0b, 0x00, 0x00, 0x00, 0x47, 0x00, 0x00, 0x00,
    0x46, 0x00, 0x00, 0x00, 0x87, 0x00, 0x05, 0x00, 0x0b, 0x00, 0x00, 0x00, 0x48, 0x00, 0x00, 0x00,
    0x47, 0x00, 0x00, 0x00, 0x3c, 0x00, 0x00, 0x00, 0xaf, 0x00, 0x05, 0x00, 0x12, 0x00, 0x00, 0x00,
    0x49, 0x00, 0x00, 0x00, 0x44, 0x00, 0x00, 0x00, 0x10, 0x00, 0x00, 0x00, 0xf7, 0x00, 0x03, 0x00,
    0x4a, 0x00, 0x00, 0x00, 0x00, 0x00, 0x00, 0x00, 0xfa, 0x00, 0x04, 0x00, 0x49, 0x00, 0x00, 0x00,
    0x4b, 0x00, 0x00, 0x00, 0x4a, 0x00, 0x00, 0x00, 0xf8, 0x00, 0x02, 0x00, 0x4b, 0x00, 0x00, 0x00,
    0xaf, 0x00, 0x05, 0x00, 0x12, 0x00, 0x00, 0x00, 0x4c, 0x00, 0x00, 0x00, 0x44, 0x00, 0x00, 0x00,
    0x0c, 0x00, 0x00, 0x00, 0xf9, 0x00, 0x02, 0x00, 0x4a, 0x00, 0x00, 0x00, 0xf8, 0x00, 0x02, 0x00,
    0x4a, 0x00, 0x00, 0x00, 0xf5, 0x00, 0x07, 0x00, 0x12, 0x00, 0x00, 0x00, 0x4d, 0x00, 0x00, 0x00,
    0x13, 0x00, 0x00, 0x00, 0x39, 0x00, 0x00, 0x00, 0x4c, 0x00, 0x00, 0x00, 0x4b, 0x00, 0x00, 0x00,
    0xf7, 0x00, 0x03, 0x00, 0x4e, 0x00, 0x00, 0x00, 0x00, 0x00, 0x00, 0x00, 0xfa, 0x00, 0x04, 0x00,
    0x4d, 0x00, 0x00, 0x00, 0x4f, 0x00, 0x00, 0x00, 0x4e, 0x00, 0x00, 0x00, 0xf8, 0x00, 0x02, 0x00,
    0x4f, 0x00, 0x00, 0x00, 0xfc, 0x00, 0x01, 0x00, 0xf8, 0x00, 0x02, 0x00, 0x4e, 0x00, 0x00, 0x00,
    0xf9, 0x00, 0x02, 0x00, 0x50, 0x00, 0x00, 0x00, 0xf8, 0x00, 0x02, 0x00, 0x50, 0x00, 0x00, 0x00,
    0xf5, 0x00, 0x07, 0x00, 0x08, 0x00, 0x00, 0x00, 0x51, 0x00, 0x00, 0x00, 0x14, 0x00, 0x00, 0x00,
    0x4e, 0x00, 0x00, 0x00, 0x52, 0x00, 0x00, 0x00, 0x53, 0x00, 0x00, 0x00, 0xb0, 0x00, 0x05, 0x00,
    0x12, 0x00, 0x00, 0x00, 0x54, 0x00, 0x00, 0x00, 0x51, 0x00, 0x00, 0x00, 0x0f, 0x00, 0x00, 0x00,
    0xf6, 0x00, 0x04, 0x00, 0x55, 0x00, 0x00, 0x00, 0x53, 0x00, 0x00, 0x00, 0x00, 0x00, 0x00, 0x00,
    0xfa, 0x00, 0x04, 0x00, 0x54, 0x00, 0x00, 0x00, 0x56, 0x00, 0x00, 0x00, 0x55, 0x00, 0x00, 0x00,
    0xf8, 0x00, 0x02, 0x00, 0x56, 0x00, 0x00, 0x00, 0xf7, 0x00, 0x03, 0x00, 0x57, 0x00, 0x00, 0x00,
    0x00, 0x00, 0x00, 0x00, 0xfb, 0x00, 0x03, 0x00, 0x0d, 0x00, 0x00, 0x00, 0x58, 0x00, 0x00, 0x00,
    0xf8, 0x00, 0x02, 0x00, 0x58, 0x00, 0x00, 0x00, 0xc2, 0x00, 0x05, 0x00, 0x08, 0x00, 0x00, 0x00,
    0x59, 0x00, 0x00, 0x00, 0x51, 0x00, 0x00, 0x00, 0x14, 0x00, 0x00, 0x00, 0xc7, 0x00, 0x05, 0x00,
    0x08, 0x00, 0x00, 0x00, 0x5a, 0x00, 0x00, 0x00, 0x51, 0x00, 0x00, 0x00, 0x14, 0x00, 0x00, 0x00,
    0x80, 0x00, 0x05, 0x00, 0x08, 0x00, 0x00, 0x00, 0x5b, 0x00, 0x00, 0x00, 0x59, 0x00, 0x00, 0x00,
    0x32, 0x00, 0x00, 0x00, 0xc2, 0x00, 0x05, 0x00, 0x08, 0x00, 0x00, 0x00, 0x5c, 0x00, 0x00, 0x00,
    0x5b, 0x00, 0x00, 0x00, 0x14, 0x00, 0x00, 0x00, 0x80, 0x00, 0x05, 0x00, 0x08, 0x00, 0x00, 0x00,
    0x5d, 0x00, 0x00, 0x00, 0x0a, 0x00, 0x00, 0x00, 0x5c, 0x00, 0x00, 0x00, 0x41, 0x00, 0x06, 0x00,
    0x30, 0x00, 0x00, 0x00, 0x5e, 0x00, 0x00, 0x00, 0x06, 0x00, 0x00, 0x00, 0x10, 0x00, 0x00, 0x00,
    0x5d, 0x00, 0x00, 0x00, 0x3d, 0x00, 0x04, 0x00, 0x08, 0x00, 0x00, 0x00, 0x5f, 0x00, 0x00, 0x00,
    0x5e, 0x00, 0x00, 0x00, 0xc7, 0x00, 0x05, 0x00, 0x08, 0x00, 0x00, 0x00, 0x60, 0x00, 0x00, 0x00,
    0x59, 0x00, 0x00, 0x00, 0x14, 0x00, 0x00, 0x00, 0xab, 0x00, 0x05, 0x00, 0x12, 0x00, 0x00, 0x00,
    0x61, 0x00, 0x00, 0x00, 0x60, 0x00, 0x00, 0x00, 0x0d, 0x00, 0x00, 0x00, 0xf7, 0x00, 0x03, 0x00,
    0x62, 0x00, 0x00, 0x00, 0x00, 0x00, 0x00, 0x00, 0xfa, 0x00, 0x04, 0x00, 0x61, 0x00, 0x00, 0x00,
    0x63, 0x00, 0x00, 0x00, 0x64, 0x00, 0x00, 0x00, 0xf8, 0x00, 0x02, 0x00, 0x64, 0x00, 0x00, 0x00,
    0xc7, 0x00, 0x05, 0x00, 0x08, 0x00, 0x00, 0x00, 0x65, 0x00, 0x00, 0x00, 0x5f, 0x00, 0x00, 0x00,
    0x28, 0x00, 0x00, 0x00, 0xf9, 0x00, 0x02, 0x00, 0x62, 0x00, 0x00, 0x00, 0xf8, 0x00, 0x02, 0x00,
    0x63, 0x00, 0x00, 0x00, 0xc2, 0x00, 0x05, 0x00, 0x08, 0x00, 0x00, 0x00, 0x66, 0x00, 0x00, 0x00,
    0x5f, 0x00, 0x00, 0x00, 0x09, 0x00, 0x00, 0x00, 0xf9, 0x00, 0x02, 0x00, 0x62, 0x00, 0x00, 0x00,
    0xf8, 0x00, 0x02, 0x00, 0x62, 0x00, 0x00, 0x00, 0xf5, 0x00, 0x07, 0x00, 0x08, 0x00, 0x00, 0x00,
    0x67, 0x00, 0x00, 0x00, 0x66, 0x00, 0x00, 0x00, 0x63, 0x00, 0x00, 0x00, 0x65, 0x00, 0x00, 0x00,
    0x64, 0x00, 0x00, 0x00, 0x80, 0x00, 0x05, 0x00, 0x08, 0x00, 0x00, 0x00, 0x68, 0x00, 0x00, 0x00,
    0x59, 0x00, 0x00, 0x00, 0x33, 0x00, 0x00, 0x00, 0xc2, 0x00, 0x05, 0x00, 0x08, 0x00, 0x00, 0x00,
    0x69, 0x00, 0x00, 0x00, 0x68, 0x00, 0x00, 0x00, 0x14, 0x00, 0x00, 0x00, 0x80, 0x00, 0x05, 0x00,
    0x08, 0x00, 0x00, 0x00, 0x6a, 0x00, 0x00, 0x00, 0x0a, 0x00, 0x00, 0x00, 0x69, 0x00, 0x00, 0x00,
    0x41, 0x00, 0x06, 0x00, 0x30, 0x00, 0x00, 0x00, 0x6b, 0x00, 0x00, 0x00, 0x06, 0x00, 0x00, 0x00,
    0x10, 0x00, 0x00, 0x00, 0x6a, 0x00, 0x00, 0x00, 0x3d, 0x00, 0x04, 0x00, 0x08, 0x00, 0x00, 0x00,
    0x6c, 0x00, 0x00, 0x00, 0x6b, 0x00, 0x00, 0x00, 0xf7, 0x00, 0x03, 0x00, 0x6d, 0x00, 0x00, 0x00,
    0x00, 0x00, 0x00, 0x00, 0xfa, 0x00, 0x04, 0x00, 0x61, 0x00, 0x00, 0x00, 0x6e, 0x00, 0x00, 0x00,
    0x6f, 0x00, 0x00, 0x00, 0xf8, 0x00, 0x02, 0x00, 0x6f, 0x00, 0x00, 0x00, 0xc7, 0x00, 0x05, 0x00,
    0x08, 0x00, 0x00, 0x00, 0x70, 0x00, 0x00, 0x00, 0x6c, 0x00, 0x00, 0x00, 0x28, 0x00, 0x00, 0x00,
    0xf9, 0x00, 0x02, 0x00, 0x6d, 0x00, 0x00, 0x00, 0xf8, 0x00, 0x02, 0x00, 0x6e, 0x00, 0x00, 0x00,
    0xc2, 0x00, 0x05, 0x00, 0x08, 0x00, 0x00, 0x00, 0x71, 0x00, 0x00, 0x00, 0x6c, 0x00, 0x00, 0x00,
    0x09, 0x00, 0x00, 0x00, 0xf9, 0x00, 0x02, 0x00, 0x6d, 0x00, 0x00, 0x00, 0xf8, 0x00, 0x02, 0x00,
    0x6d, 0x00, 0x00, 0x00, 0xf5, 0x00, 0x07, 0x00, 0x08, 0x00, 0x00, 0x00, 0x72, 0x00, 0x00, 0x00,
    0x71, 0x00, 0x00, 0x00, 0x6e, 0x00, 0x00, 0x00, 0x70, 0x00, 0x00, 0x00, 0x6f, 0x00, 0x00, 0x00,
    0xc7, 0x00, 0x05, 0x00, 0x08, 0x00, 0x00, 0x00, 0x73, 0x00, 0x00, 0x00, 0x59, 0x00, 0x00, 0x00,
    0x0e, 0x00, 0x00, 0x00, 0x80, 0x00, 0x05, 0x00, 0x08, 0x00, 0x00, 0x00, 0x74, 0x00, 0x00, 0x00,
    0x73, 0x00, 0x00, 0x00, 0x33, 0x00, 0x00, 0x00, 0xc2, 0x00, 0x05, 0x00, 0x08, 0x00, 0x00, 0x00,
    0x75, 0x00, 0x00, 0x00, 0x74, 0x00, 0x00, 0x00, 0x14, 0x00, 0x00, 0x00, 0x80, 0x00, 0x05, 0x00,
    0x08, 0x00, 0x00, 0x00, 0x76, 0x00, 0x00, 0x00, 0x0a, 0x00, 0x00, 0x00, 0x75, 0x00, 0x00, 0x00,
    0x41, 0x00, 0x06, 0x00, 0x30, 0x00, 0x00, 0x00, 0x77, 0x00, 0x00, 0x00, 0x06, 0x00, 0x00, 0x00,
    0x10, 0x00, 0x00, 0x00, 0x76, 0x00, 0x00, 0x00, 0x3d, 0x00, 0x04, 0x00, 0x08, 0x00, 0x00, 0x00,
    0x78, 0x00, 0x00, 0x00, 0x77, 0x00, 0x00, 0x00, 0xc7, 0x00, 0x05, 0x00, 0x08, 0x00, 0x00, 0x00,
    0x79, 0x00, 0x00, 0x00, 0x72, 0x00, 0x00, 0x00, 0x19, 0x00, 0x00, 0x00, 0xab, 0x00, 0x05, 0x00,
    0x12, 0x00, 0x00, 0x00, 0x7a, 0x00, 0x00, 0x00, 0x79, 0x00, 0x00, 0x00, 0x0d, 0x00, 0x00, 0x00,
    0xf7, 0x00, 0x03, 0x00, 0x7b, 0x00, 0x00, 0x00, 0x00, 0x00, 0x00, 0x00, 0xfa, 0x00, 0x04, 0x00,
    0x7a, 0x00, 0x00, 0x00, 0x7c, 0x00, 0x00, 0x00, 0x7b, 0x00, 0x00, 0x00, 0xf8, 0x00, 0x02, 0x00,
    0x7c, 0x00, 0x00, 0x00, 0xf9, 0x00, 0x02, 0x00, 0x57, 0x00, 0x00, 0x00, 0xf8, 0x00, 0x02, 0x00,
    0x7b, 0x00, 0x00, 0x00, 0xc7, 0x00, 0x05, 0x00, 0x08, 0x00, 0x00, 0x00, 0x7d, 0x00, 0x00, 0x00,
    0x78, 0x00, 0x00, 0x00, 0x1a, 0x00, 0x00, 0x00, 0xab, 0x00, 0x05, 0x00, 0x12, 0x00, 0x00, 0x00,
    0x7e, 0x00, 0x00, 0x00, 0x7d, 0x00, 0x00, 0x00, 0x0d, 0x00, 0x00, 0x00, 0xf7, 0x00, 0x03, 0x00,
    0x7f, 0x00, 0x00, 0x00, 0x00, 0x00, 0x00, 0x00, 0xfa, 0x00, 0x04, 0x00, 0x7e, 0x00, 0x00, 0x00,
    0x80, 0x00, 0x00, 0x00, 0x7f, 0x00, 0x00, 0x00, 0xf8, 0x00, 0x02, 0x00, 0x80, 0x00, 0x00, 0x00,
    0xf7, 0x00, 0x03, 0x00, 0x81, 0x00, 0x00, 0x00, 0x00, 0x00, 0x00, 0x00, 0xfa, 0x00, 0x04, 0x00,
    0x61, 0x00, 0x00, 0x00, 0x82, 0x00, 0x00, 0x00, 0x81, 0x00, 0x00, 0x00, 0xf8, 0x00, 0x02, 0x00,
    0x82, 0x00, 0x00, 0x00, 0xf9, 0x00, 0x02, 0x00, 0x57, 0x00, 0x00, 0x00, 0xf8, 0x00, 0x02, 0x00,
    0x81, 0x00, 0x00, 0x00, 0xc2, 0x00, 0x05, 0x00, 0x08, 0x00, 0x00, 0x00, 0x83, 0x00, 0x00, 0x00,
    0x7d, 0x00, 0x00, 0x00, 0x1b, 0x00, 0x00, 0x00, 0xc7, 0x00, 0x05, 0x00, 0x08, 0x00, 0x00, 0x00,
    0x84, 0x00, 0x00, 0x00, 0x72, 0x00, 0x00, 0x00, 0x1c, 0x00, 0x00, 0x00, 0x7c, 0x00, 0x04, 0x00,
    0x0b, 0x00, 0x00, 0x00, 0x85, 0x00, 0x00, 0x00, 0x84, 0x00, 0x00, 0x00, 0x82, 0x00, 0x05, 0x00,
    0x08, 0x00, 0x00, 0x00, 0x86, 0x00, 0x00, 0x00, 0x0d, 0x00, 0x00, 0x00, 0x72, 0x00, 0x00, 0x00,
    0xc7, 0x00, 0x05, 0x00, 0x08, 0x00, 0x00, 0x00, 0x87, 0x00, 0x00, 0x00, 0x86, 0x00, 0x00, 0x00,
    0x1c, 0x00, 0x00, 0x00, 0x7c, 0x00, 0x04, 0x00, 0x0b, 0x00, 0x00, 0x00, 0x88, 0x00, 0x00, 0x00,
    0x87, 0x00, 0x00, 0x00, 0xc7, 0x00, 0x05, 0x00, 0x08, 0x00, 0x00, 0x00, 0x89, 0x00, 0x00, 0x00,
    0x86, 0x00, 0x00, 0x00, 0x1d, 0x00, 0x00, 0x00, 0xab, 0x00, 0x05, 0x00, 0x12, 0x00, 0x00, 0x00,
    0x8a, 0x00, 0x00, 0x00, 0x89, 0x00, 0x00, 0x00, 0x0d, 0x00, 0x00, 0x00, 0xf7, 0x00, 0x03, 0x00,
    0x8b, 0x00, 0x00, 0x00, 0x00, 0x00, 0x00, 0x00, 0xfa, 0x00, 0x04, 0x00, 0x8a, 0x00, 0x00, 0x00,
    0x8c, 0x00, 0x00, 0x00, 0x8d, 0x00, 0x00, 0x00, 0xf8, 0x00, 0x02, 0x00, 0x8d, 0x00, 0x00, 0x00,
    0xc6, 0x00, 0x05, 0x00, 0x08, 0x00, 0x00, 0x00, 0x8e, 0x00, 0x00, 0x00, 0x59, 0x00, 0x00, 0x00,
    0x14, 0x00, 0x00, 0x00, 0xf9, 0x00, 0x02, 0x00, 0x8b, 0x00, 0x00, 0x00, 0xf8, 0x00, 0x02, 0x00,
    0x8c, 0x00, 0x00, 0x00, 0xf9, 0x00, 0x02, 0x00, 0x8b, 0x00, 0x00, 0x00, 0xf8, 0x00, 0x02, 0x00,
    0x8b, 0x00, 0x00, 0x00, 0xf5, 0x00, 0x07, 0x00, 0x08, 0x00, 0x00, 0x00, 0x8f, 0x00, 0x00, 0x00,
    0x59, 0x00, 0x00, 0x00, 0x8c, 0x00, 0x00, 0x00, 0x8e, 0x00, 0x00, 0x00, 0x8d, 0x00, 0x00, 0x00,
    0xc7, 0x00, 0x05, 0x00, 0x08, 0x00, 0x00, 0x00, 0x90, 0x00, 0x00, 0x00, 0x67, 0x00, 0x00, 0x00,
    0x19, 0x00, 0x00, 0x00, 0xab, 0x00, 0x05, 0x00, 0x12, 0x00, 0x00, 0x00, 0x91, 0x00, 0x00, 0x00,
    0x90, 0x00, 0x00, 0x00, 0x0d, 0x00, 0x00, 0x00, 0xf7, 0x00, 0x03, 0x00, 0x92, 0x00, 0x00, 0x00,
    0x00, 0x00, 0x00, 0x00, 0xfa, 0x00, 0x04, 0x00, 0x91, 0x00, 0x00, 0x00, 0x93, 0x00, 0x00, 0x00,
    0x94, 0x00, 0x00, 0x00, 0xf8, 0x00, 0x02, 0x00, 0x94, 0x00, 0x00, 0x00, 0xc7, 0x00, 0x05, 0x00,
    0x08, 0x00, 0x00, 0x00, 0x95, 0x00, 0x00, 0x00, 0x67, 0x00, 0x00, 0x00, 0x1c, 0x00, 0x00, 0x00,
    0x7c, 0x00, 0x04, 0x00, 0x0b, 0x00, 0x00, 0x00, 0x96, 0x00, 0x00, 0x00, 0x95, 0x00, 0x00, 0x00,
    0x7e, 0x00, 0x04, 0x00, 0x0b, 0x00, 0x00, 0x00, 0x97, 0x00, 0x00, 0x00, 0x96, 0x00, 0x00, 0x00,
    0xaa, 0x00, 0x05, 0x00, 0x12, 0x00, 0x00, 0x00, 0x98, 0x00, 0x00, 0x00, 0x83, 0x00, 0x00, 0x00,
    0x14, 0x00, 0x00, 0x00, 0xf7, 0x00, 0x03, 0x00, 0x99, 0x00, 0x00, 0x00, 0x00, 0x00, 0x00, 0x00,
    0xfa, 0x00, 0x04, 0x00, 0x98, 0x00, 0x00, 0x00, 0x9a, 0x00, 0x00, 0x00, 0x9b, 0x00, 0x00, 0x00,
    0xf8, 0x00, 0x02, 0x00, 0x9b, 0x00, 0x00, 0x00, 0xc7, 0x00, 0x05, 0x00, 0x08, 0x00, 0x00, 0x00,
    0x9c, 0x00, 0x00, 0x00, 0x67, 0x00, 0x00, 0x00, 0x1d, 0x00, 0x00, 0x00, 0xab, 0x00, 0x05, 0x00,
    0x12, 0x00, 0x00, 0x00, 0x9d, 0x00, 0x00, 0x00, 0x9c, 0x00, 0x00, 0x00, 0x0d, 0x00, 0x00, 0x00,
    0xf7, 0x00, 0x03, 0x00, 0x9e, 0x00, 0x00, 0x00, 0x00, 0x00, 0x00, 0x00, 0xfa, 0x00, 0x04, 0x00,
    0x9d, 0x00, 0x00, 0x00, 0x9f, 0x00, 0x00, 0x00, 0xa0, 0x00, 0x00, 0x00, 0xf8, 0x00, 0x02, 0x00,
    0xa0, 0x00, 0x00, 0x00, 0xc6, 0x00, 0x05, 0x00, 0x08, 0x00, 0x00, 0x00, 0xa1, 0x00, 0x00, 0x00,
    0x59, 0x00, 0x00, 0x00, 0x14, 0x00, 0x00, 0x00, 0xf9, 0x00, 0x02, 0x00, 0x9e, 0x00, 0x00, 0x00,
    0xf8, 0x00, 0x02, 0x00, 0x9f, 0x00, 0x00, 0x00, 0xf9, 0x00, 0x02, 0x00, 0x9e, 0x00, 0x00, 0x00,
    0xf8, 0x00, 0x02, 0x00, 0x9e, 0x00, 0x00, 0x00, 0xf5, 0x00, 0x07, 0x00, 0x08, 0x00, 0x00, 0x00,
    0xa2, 0x00, 0x00, 0x00, 0x59, 0x00, 0x00, 0x00, 0x9f, 0x00, 0x00, 0x00, 0xa1, 0x00, 0x00, 0x00,
    0xa0, 0x00, 0x00, 0x00, 0xb1, 0x00, 0x05, 0x00, 0x12, 0x00, 0x00, 0x00, 0xa3, 0x00, 0x00, 0x00,
    0x44, 0x00, 0x00, 0x00, 0x96, 0x00, 0x00, 0x00, 0xf7, 0x00, 0x03, 0x00, 0xa4, 0x00, 0x00, 0x00,
    0x00, 0x00, 0x00, 0x00, 0xfa, 0x00, 0x04, 0x00, 0xa3, 0x00, 0x00, 0x00, 0xa5, 0x00, 0x00, 0x00,
    0xa6, 0x00, 0x00, 0x00, 0xf8, 0x00, 0x02, 0x00, 0xa6, 0x00, 0x00, 0x00, 0xc6, 0x00, 0x05, 0x00,
    0x08, 0x00, 0x00, 0x00, 0xa7, 0x00, 0x00, 0x00, 0xa2, 0x00, 0x00, 0x00, 0x14, 0x00, 0x00, 0x00,
    0xf9, 0x00, 0x02, 0x00, 0xa4, 0x00, 0x00, 0x00, 0xf8, 0x00, 0x02, 0x00, 0xa5, 0x00, 0x00, 0x00,
    0xf9, 0x00, 0x02, 0x00, 0xa4, 0x00, 0x00, 0x00, 0xf8, 0x00, 0x02, 0x00, 0xa4, 0x00, 0x00, 0x00,
    0xf5, 0x00, 0x07, 0x00, 0x08, 0x00, 0x00, 0x00, 0xa8, 0x00, 0x00, 0x00, 0xa2, 0x00, 0x00, 0x00,
    0xa5, 0x00, 0x00, 0x00, 0xa7, 0x00, 0x00, 0x00, 0xa6, 0x00, 0x00, 0x00, 0xf9, 0x00, 0x02, 0x00,
    0x99, 0x00, 0x00, 0x00, 0xf8, 0x00, 0x02, 0x00, 0x9a, 0x00, 0x00, 0x00, 0xb1, 0x00, 0x05, 0x00,
    0x12, 0x00, 0x00, 0x00, 0xa9, 0x00, 0x00, 0x00, 0x48, 0x00, 0x00, 0x00, 0x88, 0x00, 0x00, 0x00,
    0xf7, 0x00, 0x03, 0x00, 0xaa, 0x00, 0x00, 0x00, 0x00, 0x00, 0x00, 0x00, 0xfa, 0x00, 0x04, 0x00,
    0xa9, 0x00, 0x00, 0x00, 0xab, 0x00, 0x00, 0x00, 0xac, 0x00, 0x00, 0x00, 0xf8, 0x00, 0x02, 0x00,
    0xac, 0x00, 0x00, 0x00, 0xc6, 0x00, 0x05, 0x00, 0x08, 0x00, 0x00, 0x00, 0xad, 0x00, 0x00, 0x00,
    0x8f, 0x00, 0x00, 0x00, 0x14, 0x00, 0x00, 0x00, 0xf9, 0x00, 0x02, 0x00, 0xaa, 0x00, 0x00, 0x00,
    0xf8, 0x00, 0x02, 0x00, 0xab, 0x00, 0x00, 0x00, 0xf9, 0x00, 0x02, 0x00, 0xaa, 0x00, 0x00, 0x00,
    0xf8, 0x00, 0x02, 0x00, 0xaa, 0x00, 0x00, 0x00, 0xf5, 0x00, 0x07, 0x00, 0x08, 0x00, 0x00, 0x00,
    0xae, 0x00, 0x00, 0x00, 0x8f, 0x00, 0x00, 0x00, 0xab, 0x00, 0x00, 0x00, 0xad, 0x00, 0x00, 0x00,
    0xac, 0x00, 0x00, 0x00, 0xf9, 0x00, 0x02, 0x00, 0x99, 0x00, 0x00, 0x00, 0xf8, 0x00, 0x02, 0x00,
    0x99, 0x00, 0x00, 0x00, 0xf5, 0x00, 0x07, 0x00, 0x08, 0x00, 0x00, 0x00, 0xaf, 0x00, 0x00, 0x00,
    0xae, 0x00, 0x00, 0x00, 0xaa, 0x00, 0x00, 0x00, 0xa8, 0x00, 0x00, 0x00, 0xa4, 0x00, 0x00, 0x00,
    0xf9, 0x00, 0x02, 0x00, 0x92, 0x00, 0x00, 0x00, 0xf8, 0x00, 0x02, 0x00, 0x93, 0x00, 0x00, 0x00,
    0x84, 0x00, 0x05, 0x00, 0x08, 0x00, 0x00, 0x00, 0xb0, 0x00, 0x00, 0x00, 0x1d, 0x00, 0x00, 0x00,
    0x59, 0x00, 0x00, 0x00, 0x80, 0x00, 0x05, 0x00, 0x08, 0x00, 0x00, 0x00, 0xb1, 0x00, 0x00, 0x00,
    0x1e, 0x00, 0x00, 0x00, 0xb0, 0x00, 0x00, 0x00, 0x7c, 0x00, 0x04, 0x00, 0x08, 0x00, 0x00, 0x00,
    0xb2, 0x00, 0x00, 0x00, 0x48, 0x00, 0x00, 0x00, 0x80, 0x00, 0x05, 0x00, 0x08, 0x00, 0x00, 0x00,
    0xb3, 0x00, 0x00, 0x00, 0xb1, 0x00, 0x00, 0x00, 0xb2, 0x00, 0x00, 0x00, 0x82, 0x00, 0x05, 0x00,
    0x08, 0x00, 0x00, 0x00, 0xb4, 0x00, 0x00, 0x00, 0xb3, 0x00, 0x00, 0x00, 0x1e, 0x00, 0x00, 0x00,
    0xc2, 0x00, 0x05, 0x00, 0x08, 0x00, 0x00, 0x00, 0xb5, 0x00, 0x00, 0x00, 0xb4, 0x00, 0x00, 0x00,
    0x14, 0x00, 0x00, 0x00, 0x80, 0x00, 0x05, 0x00, 0x08, 0x00, 0x00, 0x00, 0xb6, 0x00, 0x00, 0x00,
    0x0a, 0x00, 0x00, 0x00, 0xb5, 0x00, 0x00, 0x00, 0x41, 0x00, 0x06, 0x00, 0x30, 0x00, 0x00, 0x00,
    0xb7, 0x00, 0x00, 0x00, 0x06, 0x00, 0x00, 0x00, 0x10, 0x00, 0x00, 0x00, 0xb6, 0x00, 0x00, 0x00,
    0x3d, 0x00, 0x04, 0x00, 0x08, 0x00, 0x00, 0x00, 0xb8, 0x00, 0x00, 0x00, 0xb7, 0x00, 0x00, 0x00,
    0xc7, 0x00, 0x05, 0x00, 0x08, 0x00, 0x00, 0x00, 0xb9, 0x00, 0x00, 0x00, 0xb3, 0x00, 0x00, 0x00,
    0x14, 0x00, 0x00, 0x00, 0xab, 0x00, 0x05, 0x00, 0x12, 0x00, 0x00, 0x00, 0xba, 0x00, 0x00, 0x00,
    0xb9, 0x00, 0x00, 0x00, 0x0d, 0x00, 0x00, 0x00, 0xf7, 0x00, 0x03, 0x00, 0xbb, 0x00, 0x00, 0x00,
    0x00, 0x00, 0x00, 0x00, 0xfa, 0x00, 0x04, 0x00, 0xba, 0x00, 0x00, 0x00, 0xbc, 0x00, 0x00, 0x00,
    0xbd, 0x00, 0x00, 0x00, 0xf8, 0x00, 0x02, 0x00, 0xbd, 0x00, 0x00, 0x00, 0xc7, 0x00, 0x05, 0x00,
    0x08, 0x00, 0x00, 0x00, 0xbe, 0x00, 0x00, 0x00, 0xb8, 0x00, 0x00, 0x00, 0x28, 0x00, 0x00, 0x00,
    0xf9, 0x00, 0x02, 0x00, 0xbb, 0x00, 0x00, 0x00, 0xf8, 0x00, 0x02, 0x00, 0xbc, 0x00, 0x00, 0x00,
    0xc2, 0x00, 0x05, 0x00, 0x08, 0x00, 0x00, 0x00, 0xbf, 0x00, 0x00, 0x00, 0xb8, 0x00, 0x00, 0x00,
    0x09, 0x00, 0x00, 0x00, 0xf9, 0x00, 0x02, 0x00, 0xbb, 0x00, 0x00, 0x00, 0xf8, 0x00, 0x02, 0x00,
    0xbb, 0x00, 0x00, 0x00, 0xf5, 0x00, 0x07, 0x00, 0x08, 0x00, 0x00, 0x00, 0xc0, 0x00, 0x00, 0x00,
    0xbf, 0x00, 0x00, 0x00, 0xbc, 0x00, 0x00, 0x00, 0xbe, 0x00, 0x00, 0x00, 0xbd, 0x00, 0x00, 0x00,
    0xc7, 0x00, 0x05, 0x00, 0x08, 0x00, 0x00, 0x00, 0xc1, 0x00, 0x00, 0x00, 0xc0, 0x00, 0x00, 0x00,
    0x1c, 0x00, 0x00, 0x00, 0x7c, 0x00, 0x04, 0x00, 0x0b, 0x00, 0x00, 0x00, 0xc2, 0x00, 0x00, 0x00,
    0xc1, 0x00, 0x00, 0x00, 0x7e, 0x00, 0x04, 0x00, 0x0b, 0x00, 0x00, 0x00, 0xc3, 0x00, 0x00, 0x00,
    0xc2, 0x00, 0x00, 0x00, 0xaa, 0x00, 0x05, 0x00, 0x12, 0x00, 0x00, 0x00, 0xc4, 0x00, 0x00, 0x00,
    0x83, 0x00, 0x00, 0x00, 0x14, 0x00, 0x00, 0x00, 0xf7, 0x00, 0x03, 0x00, 0xc5, 0x00, 0x00, 0x00,
    0x00, 0x00, 0x00, 0x00, 0xfa, 0x00, 0x04, 0x00, 0xc4, 0x00, 0x00, 0x00, 0xc6, 0x00, 0x00, 0x00,
    0xc7, 0x00, 0x00, 0x00, 0xf8, 0x00, 0x02, 0x00, 0xc7, 0x00, 0x00, 0x00, 0xc7, 0x00, 0x05, 0x00,
    0x08, 0x00, 0x00, 0x00, 0xc8, 0x00, 0x00, 0x00, 0xc0, 0x00, 0x00, 0x00, 0x1d, 0x00, 0x00, 0x00,
    0xab, 0x00, 0x05, 0x00, 0x12, 0x00, 0x00, 0x00, 0xc9, 0x00, 0x00, 0x00, 0xc8, 0x00, 0x00, 0x00,
    0x0d, 0x00, 0x00, 0x00, 0xf7, 0x00, 0x03, 0x00, 0xca, 0x00, 0x00, 0x00, 0x00, 0x00, 0x00, 0x00,
    0xfa, 0x00, 0x04, 0x00, 0xc9, 0x00, 0x00, 0x00, 0xcb, 0x00, 0x00, 0x00, 0xcc, 0x00, 0x00, 0x00,
    0xf8, 0x00, 0x02, 0x00, 0xcc, 0x00, 0x00, 0x00, 0xc6, 0x00, 0x05, 0x00, 0x08, 0x00, 0x00, 0x00,
    0xcd, 0x00, 0x00, 0x00, 0x59, 0x00, 0x00, 0x00, 0x14, 0x00, 0x00, 0x00, 0xf9, 0x00, 0x02, 0x00,
    0xca, 0x00, 0x00, 0x00, 0xf8, 0x00, 0x02, 0x00, 0xcb, 0x00, 0x00, 0x00, 0xf9, 0x00, 0x02, 0x00,
    0xca, 0x00, 0x00, 0x00, 0xf8, 0x00, 0x02, 0x00, 0xca, 0x00, 0x00, 0x00, 0xf5, 0x00, 0x07, 0x00,
    0x08, 0x00, 0x00, 0x00, 0xce, 0x00, 0x00, 0x00, 0x59, 0x00, 0x00, 0x00, 0xcb, 0x00, 0x00, 0x00,
    0xcd, 0x00, 0x00, 0x00, 0xcc, 0x00, 0x00, 0x00, 0x82, 0x00, 0x05, 0x00, 0x0b, 0x00, 0x00, 0x00,
    0xcf, 0x00, 0x00, 0x00, 0xc2, 0x00, 0x00, 0x00, 0x11, 0x00, 0x00, 0x00, 0xb3, 0x00, 0x05, 0x00,
    0x12, 0x00, 0x00, 0x00, 0xd0, 0x00, 0x00, 0x00, 0x44, 0x00, 0x00, 0x00, 0xcf, 0x00, 0x00, 0x00,
    0xf7, 0x00, 0x03, 0x00, 0xd1, 0x00, 0x00, 0x00, 0x00, 0x00, 0x00, 0x00, 0xfa, 0x00, 0x04, 0x00,
    0xd0, 0x00, 0x00, 0x00, 0xd2, 0x00, 0x00, 0x00, 0xd3, 0x00, 0x00, 0x00, 0xf8, 0x00, 0x02, 0x00,
    0xd3, 0x00, 0x00, 0x00, 0xc6, 0x00, 0x05, 0x00, 0x08, 0x00, 0x00, 0x00, 0xd4, 0x00, 0x00, 0x00,
    0xce, 0x00, 0x00, 0x00, 0x14, 0x00, 0x00, 0x00, 0xf9, 0x00, 0x02, 0x00, 0xd1, 0x00, 0x00, 0x00,
    0xf8, 0x00, 0x02, 0x00, 0xd2, 0x00, 0x00, 0x00, 0xf9, 0x00, 0x02, 0x00, 0xd1, 0x00, 0x00, 0x00,
    0xf8, 0x00, 0x02, 0x00, 0xd1, 0x00, 0x00, 0x00, 0xf5, 0x00, 0x07, 0x00, 0x08, 0x00, 0x00, 0x00,
    0xd5, 0x00, 0x00, 0x00, 0xce, 0x00, 0x00, 0x00, 0xd2, 0x00, 0x00, 0x00, 0xd4, 0x00, 0x00, 0x00,
    0xd3, 0x00, 0x00, 0x00, 0xf9, 0x00, 0x02, 0x00, 0xc5, 0x00, 0x00, 0x00, 0xf8, 0x00, 0x02, 0x00,
    0xc6, 0x00, 0x00, 0x00, 0xaf, 0x00, 0x05, 0x00, 0x12, 0x00, 0x00, 0x00, 0xd6, 0x00, 0x00, 0x00,
    0x48, 0x00, 0x00, 0x00, 0x88, 0x00, 0x00, 0x00, 0xf7, 0x00, 0x03, 0x00, 0xd7, 0x00, 0x00, 0x00,
    0x00, 0x00, 0x00, 0x00, 0xfa, 0x00, 0x04, 0x00, 0xd6, 0x00, 0x00, 0x00, 0xd8, 0x00, 0x00, 0x00,
    0xd9, 0x00, 0x00, 0x00, 0xf8, 0x00, 0x02, 0x00, 0xd9, 0x00, 0x00, 0x00, 0xf9, 0x00, 0x02, 0x00,
    0xd7, 0x00, 0x00, 0x00, 0xf8, 0x00, 0x02, 0x00, 0xd8, 0x00, 0x00, 0x00, 0xc6, 0x00, 0x05, 0x00,
    0x08, 0x00, 0x00, 0x00, 0xda, 0x00, 0x00, 0x00, 0x8f, 0x00, 0x00, 0x00, 0x14, 0x00, 0x00, 0x00,
    0xf9, 0x00, 0x02, 0x00, 0xd7, 0x00, 0x00, 0x00, 0xf8, 0x00, 0x02, 0x00, 0xd7, 0x00, 0x00, 0x00,
    0xf5, 0x00, 0x07, 0x00, 0x08, 0x00, 0x00, 0x00, 0xdb, 0x00, 0x00, 0x00, 0xda, 0x00, 0x00, 0x00,
    0xd8, 0x00, 0x00, 0x00, 0x8f, 0x00, 0x00, 0x00, 0xd9, 0x00, 0x00, 0x00, 0xf9, 0x00, 0x02, 0x00,
    0xc5, 0x00, 0x00, 0x00, 0xf8, 0x00, 0x02, 0x00, 0xc5, 0x00, 0x00, 0x00, 0xf5, 0x00, 0x07, 0x00,
    0x08, 0x00, 0x00, 0x00, 0xdc, 0x00, 0x00, 0x00, 0xdb, 0x00, 0x00, 0x00, 0xd7, 0x00, 0x00, 0x00,
    0xd5, 0x00, 0x00, 0x00, 0xd1, 0x00, 0x00, 0x00, 0xf9, 0x00, 0x02, 0x00, 0x92, 0x00, 0x00, 0x00,
    0xf8, 0x00, 0x02, 0x00, 0x92, 0x00, 0x00, 0x00, 0xf5, 0x00, 0x07, 0x00, 0x0b, 0x00, 0x00, 0x00,
    0xdd, 0x00, 0x00, 0x00, 0xc3, 0x00, 0x00, 0x00, 0xc5, 0x00, 0x00, 0x00, 0x97, 0x00, 0x00, 0x00,
    0x99, 0x00, 0x00, 0x00, 0xf5, 0x00, 0x07, 0x00, 0x08, 0x00, 0x00, 0x00, 0xde, 0x00, 0x00, 0x00,
    0xdc, 0x00, 0x00, 0x00, 0xc5, 0x00, 0x00, 0x00, 0xaf, 0x00, 0x00, 0x00, 0x99, 0x00, 0x00, 0x00,
    0x80, 0x00, 0x05, 0x00, 0x0b, 0x00, 0x00, 0x00, 0xdf, 0x00, 0x00, 0x00, 0x44, 0x00, 0x00, 0x00,
    0xdd, 0x00, 0x00, 0x00, 0x80, 0x00, 0x05, 0x00, 0x0b, 0x00, 0x00, 0x00, 0xe0, 0x00, 0x00, 0x00,
    0x48, 0x00, 0x00, 0x00, 0x85, 0x00, 0x00, 0x00, 0x84, 0x00, 0x05, 0x00, 0x08, 0x00, 0x00, 0x00,
    0xe1, 0x00, 0x00, 0x00, 0xde, 0x00, 0x00, 0x00, 0x29, 0x00, 0x00, 0x00, 0xc7, 0x00, 0x05, 0x00,
    0x0b, 0x00, 0x00, 0x00, 0xe2, 0x00, 0x00, 0x00, 0xe0, 0x00, 0x00, 0x00, 0x2a, 0x00, 0x00, 0x00,
    0x7c, 0x00, 0x04, 0x00, 0x08, 0x00, 0x00, 0x00, 0xe3, 0x00, 0x00, 0x00, 0xe2, 0x00, 0x00, 0x00,
    0x84, 0x00, 0x05, 0x00, 0x08, 0x00, 0x00, 0x00, 0xe4, 0x00, 0x00, 0x00, 0xe3, 0x00, 0x00, 0x00,
    0x1d, 0x00, 0x00, 0x00, 0x80, 0x00, 0x05, 0x00, 0x08, 0x00, 0x00, 0x00, 0xe5, 0x00, 0x00, 0x00,
    0xe1, 0x00, 0x00, 0x00, 0xe4, 0x00, 0x00, 0x00, 0xc7, 0x00, 0x05, 0x00, 0x0b, 0x00, 0x00, 0x00,
    0xe6, 0x00, 0x00, 0x00, 0xdf, 0x00, 0x00, 0x00, 0x2a, 0x00, 0x00, 0x00, 0x7c, 0x00, 0x04, 0x00,
    0x08, 0x00, 0x00, 0x00, 0xe7, 0x00, 0x00, 0x00, 0xe6, 0x00, 0x00, 0x00, 0x80, 0x00, 0x05, 0x00,
    0x08, 0x00, 0x00, 0x00, 0xe8, 0x00, 0x00, 0x00, 0xe5, 0x00, 0x00, 0x00, 0xe7, 0x00, 0x00, 0x00,
    0xc2, 0x00, 0x05, 0x00, 0x08, 0x00, 0x00, 0x00, 0xe9, 0x00, 0x00, 0x00, 0xe8, 0x00, 0x00, 0x00,
    0x14, 0x00, 0x00, 0x00, 0x41, 0x00, 0x06, 0x00, 0x30, 0x00, 0x00, 0x00, 0xea, 0x00, 0x00, 0x00,
    0x05, 0x00, 0x00, 0x00, 0x10, 0x00, 0x00, 0x00, 0xe9, 0x00, 0x00, 0x00, 0x3d, 0x00, 0x04, 0x00,
    0x08, 0x00, 0x00, 0x00, 0xeb, 0x00, 0x00, 0x00, 0xea, 0x00, 0x00, 0x00, 0xc7, 0x00, 0x05, 0x00,
    0x08, 0x00, 0x00, 0x00, 0xec, 0x00, 0x00, 0x00, 0xe8, 0x00, 0x00, 0x00, 0x14, 0x00, 0x00, 0x00,
    0xab, 0x00, 0x05, 0x00, 0x12, 0x00, 0x00, 0x00, 0xed, 0x00, 0x00, 0x00, 0xec, 0x00, 0x00, 0x00,
    0x0d, 0x00, 0x00, 0x00, 0xf7, 0x00, 0x03, 0x00, 0xee, 0x00, 0x00, 0x00, 0x00, 0x00, 0x00, 0x00,
    0xfa, 0x00, 0x04, 0x00, 0xed, 0x00, 0x00, 0x00, 0xef, 0x00, 0x00, 0x00, 0xf0, 0x00, 0x00, 0x00,
    0xf8, 0x00, 0x02, 0x00, 0xf0, 0x00, 0x00, 0x00, 0xc7, 0x00, 0x05, 0x00, 0x08, 0x00, 0x00, 0x00,
    0xf1, 0x00, 0x00, 0x00, 0xeb, 0x00, 0x00, 0x00, 0x28, 0x00, 0x00, 0x00, 0xf9, 0x00, 0x02, 0x00,
    0xee, 0x00, 0x00, 0x00, 0xf8, 0x00, 0x02, 0x00, 0xef, 0x00, 0x00, 0x00, 0xc2, 0x00, 0x05, 0x00,
    0x08, 0x00, 0x00, 0x00, 0xf2, 0x00, 0x00, 0x00, 0xeb, 0x00, 0x00, 0x00, 0x09, 0x00, 0x00, 0x00,
    0xf9, 0x00, 0x02, 0x00, 0xee, 0x00, 0x00, 0x00, 0xf8, 0x00, 0x02, 0x00, 0xee, 0x00, 0x00, 0x00,
    0xf5, 0x00, 0x07, 0x00, 0x08, 0x00, 0x00, 0x00, 0xf3, 0x00, 0x00, 0x00, 0xf2, 0x00, 0x00, 0x00,
    0xef, 0x00, 0x00, 0x00, 0xf1, 0x00, 0x00, 0x00, 0xf0, 0x00, 0x00, 0x00, 0xc2, 0x00, 0x05, 0x00,
    0x08, 0x00, 0x00, 0x00, 0xf4, 0x00, 0x00, 0x00, 0xf3, 0x00, 0x00, 0x00, 0x1f, 0x00, 0x00, 0x00,
    0xaa, 0x00, 0x05, 0x00, 0x12, 0x00, 0x00, 0x00, 0xf5, 0x00, 0x00, 0x00, 0xf4, 0x00, 0x00, 0x00,
    0x5a, 0x00, 0x00, 0x00, 0xf7, 0x00, 0x03, 0x00, 0xf6, 0x00, 0x00, 0x00, 0x00, 0x00, 0x00, 0x00,
    0xfa, 0x00, 0x04, 0x00, 0xf5, 0x00, 0x00, 0x00, 0xf7, 0x00, 0x00, 0x00, 0xf6, 0x00, 0x00, 0x00,
    0xf8, 0x00, 0x02, 0x00, 0xf7, 0x00, 0x00, 0x00, 0xc7, 0x00, 0x05, 0x00, 0x08, 0x00, 0x00, 0x00,
    0xf8, 0x00, 0x00, 0x00, 0xf3, 0x00, 0x00, 0x00, 0x1f, 0x00, 0x00, 0x00, 0xaa, 0x00, 0x05, 0x00,
    0x12, 0x00, 0x00, 0x00, 0xf9, 0x00, 0x00, 0x00, 0xf8, 0x00, 0x00, 0x00, 0x0d, 0x00, 0x00, 0x00,
    0xf9, 0x00, 0x02, 0x00, 0xf6, 0x00, 0x00, 0x00, 0xf8, 0x00, 0x02, 0x00, 0xf6, 0x00, 0x00, 0x00,
    0xf5, 0x00, 0x07, 0x00, 0x12, 0x00, 0x00, 0x00, 0xfa, 0x00, 0x00, 0x00, 0x13, 0x00, 0x00, 0x00,
    0xee, 0x00, 0x00, 0x00, 0xf9, 0x00, 0x00, 0x00, 0xf7, 0x00, 0x00, 0x00, 0xf7, 0x00, 0x03, 0x00,
    0xfb, 0x00, 0x00, 0x00, 0x00, 0x00, 0x00, 0x00, 0xfa, 0x00, 0x04, 0x00, 0xfa, 0x00, 0x00, 0x00,
    0xfc, 0x00, 0x00, 0x00, 0xfb, 0x00, 0x00, 0x00, 0xf8, 0x00, 0x02, 0x00, 0xfc, 0x00, 0x00, 0x00,
    0xf9, 0x00, 0x02, 0x00, 0x57, 0x00, 0x00, 0x00, 0xf8, 0x00, 0x02, 0x00, 0xfb, 0x00, 0x00, 0x00,
    0xc7, 0x00, 0x05, 0x00, 0x08, 0x00, 0x00, 0x00, 0xfd, 0x00, 0x00, 0x00, 0xf3, 0x00, 0x00, 0x00,
    0x20, 0x00, 0x00, 0x00, 0xf9, 0x00, 0x02, 0x00, 0x57, 0x00, 0x00, 0x00, 0xf8, 0x00, 0x02, 0x00,
    0x7f, 0x00, 0x00, 0x00, 0xc7, 0x00, 0x05, 0x00, 0x08, 0x00, 0x00, 0x00, 0xfe, 0x00, 0x00, 0x00,
    0x51, 0x00, 0x00, 0x00, 0x21, 0x00, 0x00, 0x00, 0xab, 0x00, 0x05, 0x00, 0x12, 0x00, 0x00, 0x00,
    0xff, 0x00, 0x00, 0x00, 0xfe, 0x00, 0x00, 0x00, 0x0d, 0x00, 0x00, 0x00, 0xa9, 0x00, 0x06, 0x00,
    0x08, 0x00, 0x00, 0x00, 0x00, 0x01, 0x00, 0x00, 0xff, 0x00, 0x00, 0x00, 0x22, 0x00, 0x00, 0x00,
    0x1a, 0x00, 0x00, 0x00, 0x7c, 0x00, 0x04, 0x00, 0x08, 0x00, 0x00, 0x00, 0x01, 0x01, 0x00, 0x00,
    0x48, 0x00, 0x00, 0x00, 0x84, 0x00, 0x05, 0x00, 0x08, 0x00, 0x00, 0x00, 0x02, 0x01, 0x00, 0x00,
    0x01, 0x01, 0x00, 0x00, 0x21, 0x00, 0x00, 0x00, 0x80, 0x00, 0x05, 0x00, 0x08, 0x00, 0x00, 0x00,
    0x03, 0x01, 0x00, 0x00, 0x00, 0x01, 0x00, 0x00, 0x02, 0x01, 0x00, 0x00, 0xc3, 0x00, 0x05, 0x00,
    0x0b, 0x00, 0x00, 0x00, 0x04, 0x01, 0x00, 0x00, 0x44, 0x00, 0x00, 0x00, 0x23, 0x00, 0x00, 0x00,
    0x7c, 0x00, 0x04, 0x00, 0x08, 0x00, 0x00, 0x00, 0x05, 0x01, 0x00, 0x00, 0x04, 0x01, 0x00, 0x00,
    0x80, 0x00, 0x05, 0x00, 0x08, 0x00, 0x00, 0x00, 0x06, 0x01, 0x00, 0x00, 0x03, 0x01, 0x00, 0x00,
    0x05, 0x01, 0x00, 0x00, 0x82, 0x00, 0x05, 0x00, 0x08, 0x00, 0x00, 0x00, 0x07, 0x01, 0x00, 0x00,
    0x06, 0x01, 0x00, 0x00, 0x1e, 0x00, 0x00, 0x00, 0xc2, 0x00, 0x05, 0x00, 0x08, 0x00, 0x00, 0x00,
    0x08, 0x01, 0x00, 0x00, 0x07, 0x01, 0x00, 0x00, 0x14, 0x00, 0x00, 0x00, 0x80, 0x00, 0x05, 0x00,
    0x08, 0x00, 0x00, 0x00, 0x09, 0x01, 0x00, 0x00, 0x0a, 0x00, 0x00, 0x00, 0x08, 0x01, 0x00, 0x00,
    0x41, 0x00, 0x06, 0x00, 0x30, 0x00, 0x00, 0x00, 0x0a, 0x01, 0x00, 0x00, 0x06, 0x00, 0x00, 0x00,
    0x10, 0x00, 0x00, 0x00, 0x09, 0x01, 0x00, 0x00, 0x3d, 0x00, 0x04, 0x00, 0x08, 0x00, 0x00, 0x00,
    0x0b, 0x01, 0x00, 0x00, 0x0a, 0x01, 0x00, 0x00, 0xc7, 0x00, 0x05, 0x00, 0x08, 0x00, 0x00, 0x00,
    0x0c, 0x01, 0x00, 0x00, 0x06, 0x01, 0x00, 0x00, 0x14, 0x00, 0x00, 0x00, 0xab, 0x00, 0x05, 0x00,
    0x12, 0x00, 0x00, 0x00, 0x0d, 0x01, 0x00, 0x00, 0x0c, 0x01, 0x00, 0x00, 0x0d, 0x00, 0x00, 0x00,
    0xf7, 0x00, 0x03, 0x00, 0x0e, 0x01, 0x00, 0x00, 0x00, 0x00, 0x00, 0x00, 0xfa, 0x00, 0x04, 0x00,
    0x0d, 0x01, 0x00, 0x00, 0x0f, 0x01, 0x00, 0x00, 0x10, 0x01, 0x00, 0x00, 0xf8, 0x00, 0x02, 0x00,
    0x10, 0x01, 0x00, 0x00, 0xc7, 0x00, 0x05, 0x00, 0x08, 0x00, 0x00, 0x00, 0x11, 0x01, 0x00, 0x00,
    0x0b, 0x01, 0x00, 0x00, 0x28, 0x00, 0x00, 0x00, 0xf9, 0x00, 0x02, 0x00, 0x0e, 0x01, 0x00, 0x00,
    0xf8, 0x00, 0x02, 0x00, 0x0f, 0x01, 0x00, 0x00, 0xc2, 0x00, 0x05, 0x00, 0x08, 0x00, 0x00, 0x00,
    0x12, 0x01, 0x00, 0x00, 0x0b, 0x01, 0x00, 0x00, 0x09, 0x00, 0x00, 0x00, 0xf9, 0x00, 0x02, 0x00,
    0x0e, 0x01, 0x00, 0x00, 0xf8, 0x00, 0x02, 0x00, 0x0e, 0x01, 0x00, 0x00, 0xf5, 0x00, 0x07, 0x00,
    0x08, 0x00, 0x00, 0x00, 0x13, 0x01, 0x00, 0x00, 0x12, 0x01, 0x00, 0x00, 0x0f, 0x01, 0x00, 0x00,
    0x11, 0x01, 0x00, 0x00, 0x10, 0x01, 0x00, 0x00, 0xf7, 0x00, 0x03, 0x00, 0x14, 0x01, 0x00, 0x00,
    0x00, 0x00, 0x00, 0x00, 0xfa, 0x00, 0x04, 0x00, 0x61, 0x00, 0x00, 0x00, 0x15, 0x01, 0x00, 0x00,
    0x14, 0x01, 0x00, 0x00, 0xf8, 0x00, 0x02, 0x00, 0x15, 0x01, 0x00, 0x00, 0xc8, 0x00, 0x04, 0x00,
    0x08, 0x00, 0x00, 0x00, 0x16, 0x01, 0x00, 0x00, 0x13, 0x01, 0x00, 0x00, 0xf9, 0x00, 0x02, 0x00,
    0x14, 0x01, 0x00, 0x00, 0xf8, 0x00, 0x02, 0x00, 0x14, 0x01, 0x00, 0x00, 0xf5, 0x00, 0x07, 0x00,
    0x08, 0x00, 0x00, 0x00, 0x17, 0x01, 0x00, 0x00, 0x13, 0x01, 0x00, 0x00, 0x0e, 0x01, 0x00, 0x00,
    0x16, 0x01, 0x00, 0x00, 0x15, 0x01, 0x00, 0x00, 0xc3, 0x00, 0x05, 0x00, 0x0b, 0x00, 0x00, 0x00,
    0x18, 0x01, 0x00, 0x00, 0x44, 0x00, 0x00, 0x00, 0x24, 0x00, 0x00, 0x00, 0xc7, 0x00, 0x05, 0x00,
    0x0b, 0x00, 0x00, 0x00, 0x19, 0x01, 0x00, 0x00, 0x18, 0x01, 0x00, 0x00, 0x25, 0x00, 0x00, 0x00,
    0x7c, 0x00, 0x04, 0x00, 0x08, 0x00, 0x00, 0x00, 0x1a, 0x01, 0x00, 0x00, 0x19, 0x01, 0x00, 0x00,
    0xc7, 0x00, 0x05, 0x00, 0x08, 0x00, 0x00, 0x00, 0x1b, 0x01, 0x00, 0x00, 0x1a, 0x01, 0x00, 0x00,
    0x18, 0x00, 0x00, 0x00, 0xc2, 0x00, 0x05, 0x00, 0x08, 0x00, 0x00, 0x00, 0x1c, 0x01, 0x00, 0x00,
    0x19, 0x00, 0x00, 0x00, 0x1b, 0x01, 0x00, 0x00, 0xc7, 0x00, 0x05, 0x00, 0x08, 0x00, 0x00, 0x00,
    0x1d, 0x01, 0x00, 0x00, 0x17, 0x01, 0x00, 0x00, 0x1c, 0x01, 0x00, 0x00, 0xab, 0x00, 0x05, 0x00,
    0x12, 0x00, 0x00, 0x00, 0x1e, 0x01, 0x00, 0x00, 0x1d, 0x01, 0x00, 0x00, 0x0d, 0x00, 0x00, 0x00,
    0xf7, 0x00, 0x03, 0x00, 0x1f, 0x01, 0x00, 0x00, 0x00, 0x00, 0x00, 0x00, 0xfa, 0x00, 0x04, 0x00,
    0x1e, 0x01, 0x00, 0x00, 0x20, 0x01, 0x00, 0x00, 0x1f, 0x01, 0x00, 0x00, 0xf8, 0x00, 0x02, 0x00,
    0x20, 0x01, 0x00, 0x00, 0xf9, 0x00, 0x02, 0x00, 0x57, 0x00, 0x00, 0x00, 0xf8, 0x00, 0x02, 0x00,
    0x1f, 0x01, 0x00, 0x00, 0xc7, 0x00, 0x05, 0x00, 0x08, 0x00, 0x00, 0x00, 0x21, 0x01, 0x00, 0x00,
    0x67, 0x00, 0x00, 0x00, 0x19, 0x00, 0x00, 0x00, 0xab, 0x00, 0x05, 0x00, 0x12, 0x00, 0x00, 0x00,
    0x22, 0x01, 0x00, 0x00, 0x21, 0x01, 0x00, 0x00, 0x0d, 0x00, 0x00, 0x00, 0xf7, 0x00, 0x03, 0x00,
    0x23, 0x01, 0x00, 0x00, 0x00, 0x00, 0x00, 0x00, 0xfa, 0x00, 0x04, 0x00, 0x22, 0x01, 0x00, 0x00,
    0x24, 0x01, 0x00, 0x00, 0x25, 0x01, 0x00, 0x00, 0xf8, 0x00, 0x02, 0x00, 0x25, 0x01, 0x00, 0x00,
    0x82, 0x00, 0x05, 0x00, 0x08, 0x00, 0x00, 0x00, 0x26, 0x01, 0x00, 0x00, 0x0d, 0x00, 0x00, 0x00,
    0x67, 0x00, 0x00, 0x00, 0xc7, 0x00, 0x05, 0x00, 0x08, 0x00, 0x00, 0x00, 0x27, 0x01, 0x00, 0x00,
    0x26, 0x01, 0x00, 0x00, 0x1c, 0x00, 0x00, 0x00, 0x7c, 0x00, 0x04, 0x00, 0x0b, 0x00, 0x00, 0x00,
    0x28, 0x01, 0x00, 0x00, 0x27, 0x01, 0x00, 0x00, 0xf9, 0x00, 0x02, 0x00, 0x23, 0x01, 0x00, 0x00,
    0xf8, 0x00, 0x02, 0x00, 0x24, 0x01, 0x00, 0x00, 0x84, 0x00, 0x05, 0x00, 0x08, 0x00, 0x00, 0x00,
    0x29, 0x01, 0x00, 0x00, 0x1d, 0x00, 0x00, 0x00, 0x59, 0x00, 0x00, 0x00, 0x80, 0x00, 0x05, 0x00,
    0x08, 0x00, 0x00, 0x00, 0x2a, 0x01, 0x00, 0x00, 0x1e, 0x00, 0x00, 0x00, 0x29, 0x01, 0x00, 0x00,
    0x80, 0x00, 0x05, 0x00, 0x08, 0x00, 0x00, 0x00, 0x2b, 0x01, 0x00, 0x00, 0x2a, 0x01, 0x00, 0x00,
    0x01, 0x01, 0x00, 0x00, 0x82, 0x00, 0x05, 0x00, 0x08, 0x00, 0x00, 0x00, 0x2c, 0x01, 0x00, 0x00,
    0x2b, 0x01, 0x00, 0x00, 0x1e, 0x00, 0x00, 0x00, 0xc2, 0x00, 0x05, 0x00, 0x08, 0x00, 0x00, 0x00,
    0x2d, 0x01, 0x00, 0x00, 0x2c, 0x01, 0x00, 0x00, 0x14, 0x00, 0x00, 0x00, 0x80, 0x00, 0x05, 0x00,
    0x08, 0x00, 0x00, 0x00, 0x2e, 0x01, 0x00, 0x00, 0x0a, 0x00, 0x00, 0x00, 0x2d, 0x01, 0x00, 0x00,
    0x41, 0x00, 0x06, 0x00, 0x30, 0x00, 0x00, 0x00, 0x2f, 0x01, 0x00, 0x00, 0x06, 0x00, 0x00, 0x00,
    0x10, 0x00, 0x00, 0x00, 0x2e, 0x01, 0x00, 0x00, 0x3d, 0x00, 0x04, 0x00, 0x08, 0x00, 0x00, 0x00,
    0x30, 0x01, 0x00, 0x00, 0x2f, 0x01, 0x00, 0x00, 0xc7, 0x00, 0x05, 0x00, 0x08, 0x00, 0x00, 0x00,
    0x31, 0x01, 0x00, 0x00, 0x2b, 0x01, 0x00, 0x00, 0x14, 0x00, 0x00, 0x00, 0xab, 0x00, 0x05, 0x00,
    0x12, 0x00, 0x00, 0x00, 0x32, 0x01, 0x00, 0x00, 0x31, 0x01, 0x00, 0x00, 0x0d, 0x00, 0x00, 0x00,
    0xf7, 0x00, 0x03, 0x00, 0x33, 0x01, 0x00, 0x00, 0x00, 0x00, 0x00, 0x00, 0xfa, 0x00, 0x04, 0x00,
    0x32, 0x01, 0x00, 0x00, 0x34, 0x01, 0x00, 0x00, 0x35, 0x01, 0x00, 0x00, 0xf8, 0x00, 0x02, 0x00,
    0x35, 0x01, 0x00, 0x00, 0xc7, 0x00, 0x05, 0x00, 0x08, 0x00, 0x00, 0x00, 0x36, 0x01, 0x00, 0x00,
    0x30, 0x01, 0x00, 0x00, 0x28, 0x00, 0x00, 0x00, 0xf9, 0x00, 0x02, 0x00, 0x33, 0x01, 0x00, 0x00,
    0xf8, 0x00, 0x02, 0x00, 0x34, 0x01, 0x00, 0x00, 0xc2, 0x00, 0x05, 0x00, 0x08, 0x00, 0x00, 0x00,
    0x37, 0x01, 0x00, 0x00, 0x30, 0x01, 0x00, 0x00, 0x09, 0x00, 0x00, 0x00, 0xf9, 0x00, 0x02, 0x00,
    0x33, 0x01, 0x00, 0x00, 0xf8, 0x00, 0x02, 0x00, 0x33, 0x01, 0x00, 0x00, 0xf5, 0x00, 0x07, 0x00,
    0x08, 0x00, 0x00, 0x00, 0x38, 0x01, 0x00, 0x00, 0x37, 0x01, 0x00, 0x00, 0x34, 0x01, 0x00, 0x00,
    0x36, 0x01, 0x00, 0x00, 0x35, 0x01, 0x00, 0x00, 0x82, 0x00, 0x05, 0x00, 0x08, 0x00, 0x00, 0x00,
    0x39, 0x01, 0x00, 0x00, 0x0d, 0x00, 0x00, 0x00, 0x38, 0x01, 0x00, 0x00, 0xc7, 0x00, 0x05, 0x00,
    0x08, 0x00, 0x00, 0x00, 0x3a, 0x01, 0x00, 0x00, 0x39, 0x01, 0x00, 0x00, 0x1c, 0x00, 0x00, 0x00,
    0x7c, 0x00, 0x04, 0x00, 0x0b, 0x00, 0x00, 0x00, 0x3b, 0x01, 0x00, 0x00, 0x3a, 0x01, 0x00, 0x00,
    0xf9, 0x00, 0x02, 0x00, 0x23, 0x01, 0x00, 0x00, 0xf8, 0x00, 0x02, 0x00, 0x23, 0x01, 0x00, 0x00,
    0xf5, 0x00, 0x07, 0x00, 0x0b, 0x00, 0x00, 0x00, 0x3c, 0x01, 0x00, 0x00, 0x3b, 0x01, 0x00, 0x00,
    0x33, 0x01, 0x00, 0x00, 0x28, 0x01, 0x00, 0x00, 0x25, 0x01, 0x00, 0x00, 0x80, 0x00, 0x05, 0x00,
    0x0b, 0x00, 0x00, 0x00, 0x3d, 0x01, 0x00, 0x00, 0x44, 0x00, 0x00, 0x00, 0x3c, 0x01, 0x00, 0x00,
    0xc7, 0x00, 0x05, 0x00, 0x08, 0x00, 0x00, 0x00, 0x3e, 0x01, 0x00, 0x00, 0x72, 0x00, 0x00, 0x00,
    0x1c, 0x00, 0x00, 0x00, 0x7c, 0x00, 0x04, 0x00, 0x0b, 0x00, 0x00, 0x00, 0x3f, 0x01, 0x00, 0x00,
    0x3e, 0x01, 0x00, 0x00, 0x80, 0x00, 0x05, 0x00, 0x0b, 0x00, 0x00, 0x00, 0x40, 0x01, 0x00, 0x00,
    0x3f, 0x01, 0x00, 0x00, 0x48, 0x00, 0x00, 0x00, 0x84, 0x00, 0x05, 0x00, 0x08, 0x00, 0x00, 0x00,
    0x41, 0x01, 0x00, 0x00, 0x59, 0x00, 0x00, 0x00, 0x29, 0x00, 0x00, 0x00, 0xc7, 0x00, 0x05, 0x00,
    0x0b, 0x00, 0x00, 0x00, 0x42, 0x01, 0x00, 0x00, 0x40, 0x01, 0x00, 0x00, 0x2a, 0x00, 0x00, 0x00,
    0x7c, 0x00, 0x04, 0x00, 0x08, 0x00, 0x00, 0x00, 0x43, 0x01, 0x00, 0x00, 0x42, 0x01, 0x00, 0x00,
    0x84, 0x00, 0x05, 0x00, 0x08, 0x00, 0x00, 0x00, 0x44, 0x01, 0x00, 0x00, 0x43, 0x01, 0x00, 0x00,
    0x1d, 0x00, 0x00, 0x00, 0x80, 0x00, 0x05, 0x00, 0x08, 0x00, 0x00, 0x00, 0x45, 0x01, 0x00, 0x00,
    0x41, 0x01, 0x00, 0x00, 0x44, 0x01, 0x00, 0x00, 0xc7, 0x00, 0x05, 0x00, 0x0b, 0x00, 0x00, 0x00,
    0x46, 0x01, 0x00, 0x00, 0x3d, 0x01, 0x00, 0x00, 0x2a, 0x00, 0x00, 0x00, 0x7c, 0x00, 0x04, 0x00,
    0x08, 0x00, 0x00, 0x00, 0x47, 0x01, 0x00, 0x00, 0x46, 0x01, 0x00, 0x00, 0x80, 0x00, 0x05, 0x00,
    0x08, 0x00, 0x00, 0x00, 0x48, 0x01, 0x00, 0x00, 0x45, 0x01, 0x00, 0x00, 0x47, 0x01, 0x00, 0x00,
    0xc2, 0x00, 0x05, 0x00, 0x08, 0x00, 0x00, 0x00, 0x49, 0x01, 0x00, 0x00, 0x48, 0x01, 0x00, 0x00,
    0x14, 0x00, 0x00, 0x00, 0x41, 0x00, 0x06, 0x00, 0x30, 0x00, 0x00, 0x00, 0x4a, 0x01, 0x00, 0x00,
    0x05, 0x00, 0x00, 0x00, 0x10, 0x00, 0x00, 0x00, 0x49, 0x01, 0x00, 0x00, 0x3d, 0x00, 0x04, 0x00,
    0x08, 0x00, 0x00, 0x00, 0x4b, 0x01, 0x00, 0x00, 0x4a, 0x01, 0x00, 0x00, 0xc7, 0x00, 0x05, 0x00,
    0x08, 0x00, 0x00, 0x00, 0x4c, 0x01, 0x00, 0x00, 0x48, 0x01, 0x00, 0x00, 0x14, 0x00, 0x00, 0x00,
    0xab, 0x00, 0x05, 0x00, 0x12, 0x00, 0x00, 0x00, 0x4d, 0x01, 0x00, 0x00, 0x4c, 0x01, 0x00, 0x00,
    0x0d, 0x00, 0x00, 0x00, 0xf7, 0x00, 0x03, 0x00, 0x4e, 0x01, 0x00, 0x00, 0x00, 0x00, 0x00, 0x00,
    0xfa, 0x00, 0x04, 0x00, 0x4d, 0x01, 0x00, 0x00, 0x4f, 0x01, 0x00, 0x00, 0x50, 0x01, 0x00, 0x00,
    0xf8, 0x00, 0x02, 0x00, 0x50, 0x01, 0x00, 0x00, 0xc7, 0x00, 0x05, 0x00, 0x08, 0x00, 0x00, 0x00,
    0x51, 0x01, 0x00, 0x00, 0x4b, 0x01, 0x00, 0x00, 0x28, 0x00, 0x00, 0x00, 0xf9, 0x00, 0x02, 0x00,
    0x4e, 0x01, 0x00, 0x00, 0xf8, 0x00, 0x02, 0x00, 0x4f, 0x01, 0x00, 0x00, 0xc2, 0x00, 0x05, 0x00,
    0x08, 0x00, 0x00, 0x00, 0x52, 0x01, 0x00, 0x00, 0x4b, 0x01, 0x00, 0x00, 0x09, 0x00, 0x00, 0x00,
    0xf9, 0x00, 0x02, 0x00, 0x4e, 0x01, 0x00, 0x00, 0xf8, 0x00, 0x02, 0x00, 0x4e, 0x01, 0x00, 0x00,
    0xf5, 0x00, 0x07, 0x00, 0x08, 0x00, 0x00, 0x00, 0x53, 0x01, 0x00, 0x00, 0x52, 0x01, 0x00, 0x00,
    0x4f, 0x01, 0x00, 0x00, 0x51, 0x01, 0x00, 0x00, 0x50, 0x01, 0x00, 0x00, 0xc2, 0x00, 0x05, 0x00,
    0x08, 0x00, 0x00, 0x00, 0x54, 0x01, 0x00, 0x00, 0x53, 0x01, 0x00, 0x00, 0x1f, 0x00, 0x00, 0x00,
    0xaa, 0x00, 0x05, 0x00, 0x12, 0x00, 0x00, 0x00, 0x55, 0x01, 0x00, 0x00, 0x54, 0x01, 0x00, 0x00,
    0x5a, 0x00, 0x00, 0x00, 0xf7, 0x00, 0x03, 0x00, 0x56, 0x01, 0x00, 0x00, 0x00, 0x00, 0x00, 0x00,
    0xfa, 0x00, 0x04, 0x00, 0x55, 0x01, 0x00, 0x00, 0x57, 0x01, 0x00, 0x00, 0x56, 0x01, 0x00, 0x00,
    0xf8, 0x00, 0x02, 0x00, 0x57, 0x01, 0x00, 0x00, 0xc7, 0x00, 0x05, 0x00, 0x08, 0x00, 0x00, 0x00,
    0x58, 0x01, 0x00, 0x00, 0x53, 0x01, 0x00, 0x00, 0x1f, 0x00, 0x00, 0x00, 0xaa, 0x00, 0x05, 0x00,
    0x12, 0x00, 0x00, 0x00, 0x59, 0x01, 0x00, 0x00, 0x58, 0x01, 0x00, 0x00, 0x0d, 0x00, 0x00, 0x00,
    0xf9, 0x00, 0x02, 0x00, 0x56, 0x01, 0x00, 0x00, 0xf8, 0x00, 0x02, 0x00, 0x56, 0x01, 0x00, 0x00,
    0xf5, 0x00, 0x07, 0x00, 0x12, 0x00, 0x00, 0x00, 0x5a, 0x01, 0x00, 0x00, 0x13, 0x00, 0x00, 0x00,
    0x4e, 0x01, 0x00, 0x00, 0x59, 0x01, 0x00, 0x00, 0x57, 0x01, 0x00, 0x00, 0xf7, 0x00, 0x03, 0x00,
    0x5b, 0x01, 0x00, 0x00, 0x00, 0x00, 0x00, 0x00, 0xfa, 0x00, 0x04, 0x00, 0x5a, 0x01, 0x00, 0x00,
    0x5c, 0x01, 0x00, 0x00, 0x5b, 0x01, 0x00, 0x00, 0xf8, 0x00, 0x02, 0x00, 0x5c, 0x01, 0x00, 0x00,
    0xf9, 0x00, 0x02, 0x00, 0x57, 0x00, 0x00, 0x00, 0xf8, 0x00, 0x02, 0x00, 0x5b, 0x01, 0x00, 0x00,
    0xc7, 0x00, 0x05, 0x00, 0x08, 0x00, 0x00, 0x00, 0x5d, 0x01, 0x00, 0x00, 0x53, 0x01, 0x00, 0x00,
    0x20, 0x00, 0x00, 0x00, 0xf9, 0x00, 0x02, 0x00, 0x57, 0x00, 0x00, 0x00, 0xf8, 0x00, 0x02, 0x00,
    0x57, 0x00, 0x00, 0x00, 0xf5, 0x00, 0x11, 0x00, 0x08, 0x00, 0x00, 0x00, 0x5e, 0x01, 0x00, 0x00,
    0x0d, 0x00, 0x00, 0x00, 0x7c, 0x00, 0x00, 0x00, 0x0d, 0x00, 0x00, 0x00, 0x82, 0x00, 0x00, 0x00,
    0x0d, 0x00, 0x00, 0x00, 0xfc, 0x00, 0x00, 0x00, 0xfd, 0x00, 0x00, 0x00, 0xfb, 0x00, 0x00, 0x00,
    0x0d, 0x00, 0x00, 0x00, 0x20, 0x01, 0x00, 0x00, 0x0d, 0x00, 0x00, 0x00, 0x5c, 0x01, 0x00, 0x00,
    0x5d, 0x01, 0x00, 0x00, 0x5b, 0x01, 0x00, 0x00, 0xf5, 0x00, 0x11, 0x00, 0x12, 0x00, 0x00, 0x00,
    0x5f, 0x01, 0x00, 0x00, 0x15, 0x00, 0x00, 0x00, 0x7c, 0x00, 0x00, 0x00, 0x15, 0x00, 0x00, 0x00,
    0x82, 0x00, 0x00, 0x00, 0x15, 0x00, 0x00, 0x00, 0xfc, 0x00, 0x00, 0x00, 0x13, 0x00, 0x00, 0x00,
    0xfb, 0x00, 0x00, 0x00, 0x15, 0x00, 0x00, 0x00, 0x20, 0x01, 0x00, 0x00, 0x15, 0x00, 0x00, 0x00,
    0x5c, 0x01, 0x00, 0x00, 0x13, 0x00, 0x00, 0x00, 0x5b, 0x01, 0x00, 0x00, 0xf7, 0x00, 0x03, 0x00,
    0x60, 0x01, 0x00, 0x00, 0x00, 0x00, 0x00, 0x00, 0xfa, 0x00, 0x04, 0x00, 0x5f, 0x01, 0x00, 0x00,
    0x61, 0x01, 0x00, 0x00, 0x60, 0x01, 0x00, 0x00, 0xf8, 0x00, 0x02, 0x00, 0x61, 0x01, 0x00, 0x00,
    0x80, 0x00, 0x05, 0x00, 0x08, 0x00, 0x00, 0x00, 0x62, 0x01, 0x00, 0x00, 0x09, 0x00, 0x00, 0x00,
    0x5e, 0x01, 0x00, 0x00, 0x41, 0x00, 0x06, 0x00, 0x30, 0x00, 0x00, 0x00, 0x63, 0x01, 0x00, 0x00,
    0x06, 0x00, 0x00, 0x00, 0x10, 0x00, 0x00, 0x00, 0x62, 0x01, 0x00, 0x00, 0x3d, 0x00, 0x04, 0x00,
    0x08, 0x00, 0x00, 0x00, 0x64, 0x01, 0x00, 0x00, 0x63, 0x01, 0x00, 0x00, 0xc2, 0x00, 0x05, 0x00,
    0x08, 0x00, 0x00, 0x00, 0x65, 0x01, 0x00, 0x00, 0x64, 0x01, 0x00, 0x00, 0x09, 0x00, 0x00, 0x00,
    0xc7, 0x00, 0x05, 0x00, 0x08, 0x00, 0x00, 0x00, 0x66, 0x01, 0x00, 0x00, 0x65, 0x01, 0x00, 0x00,
    0x26, 0x00, 0x00, 0x00, 0x70, 0x00, 0x04, 0x00, 0x16, 0x00, 0x00, 0x00, 0x67, 0x01, 0x00, 0x00,
    0x66, 0x01, 0x00, 0x00, 0xc2, 0x00, 0x05, 0x00, 0x08, 0x00, 0x00, 0x00, 0x68, 0x01, 0x00, 0x00,
    0x64, 0x01, 0x00, 0x00, 0x0f, 0x00, 0x00, 0x00, 0xc7, 0x00, 0x05, 0x00, 0x08, 0x00, 0x00, 0x00,
    0x69, 0x01, 0x00, 0x00, 0x68, 0x01, 0x00, 0x00, 0x26, 0x00, 0x00, 0x00, 0x70, 0x00, 0x04, 0x00,
    0x16, 0x00, 0x00, 0x00, 0x6a, 0x01, 0x00, 0x00, 0x69, 0x01, 0x00, 0x00, 0xc7, 0x00, 0x05, 0x00,
    0x08, 0x00, 0x00, 0x00, 0x6b, 0x01, 0x00, 0x00, 0x64, 0x01, 0x00, 0x00, 0x26, 0x00, 0x00, 0x00,
    0x70, 0x00, 0x04, 0x00, 0x16, 0x00, 0x00, 0x00, 0x6c, 0x01, 0x00, 0x00, 0x6b, 0x01, 0x00, 0x00,
    0x50, 0x00, 0x07, 0x00, 0x17, 0x00, 0x00, 0x00, 0x6d, 0x01, 0x00, 0x00, 0x67, 0x01, 0x00, 0x00,
    0x6a, 0x01, 0x00, 0x00, 0x6c, 0x01, 0x00, 0x00, 0x27, 0x00, 0x00, 0x00, 0x85, 0x00, 0x05, 0x00,
    0x17, 0x00, 0x00, 0x00, 0x6e, 0x01, 0x00, 0x00, 0x6d, 0x01, 0x00, 0x00, 0x35, 0x00, 0x00, 0x00,
    0xf9, 0x00, 0x02, 0x00, 0x55, 0x00, 0x00, 0x00, 0xf8, 0x00, 0x02, 0x00, 0x60, 0x01, 0x00, 0x00,
    0xf9, 0x00, 0x02, 0x00, 0x53, 0x00, 0x00, 0x00, 0xf8, 0x00, 0x02, 0x00, 0x53, 0x00, 0x00, 0x00,
    0x80, 0x00, 0x05, 0x00, 0x08, 0x00, 0x00, 0x00, 0x52, 0x00, 0x00, 0x00, 0x51, 0x00, 0x00, 0x00,
    0x0e, 0x00, 0x00, 0x00, 0xf9, 0x00, 0x02, 0x00, 0x50, 0x00, 0x00, 0x00, 0xf8, 0x00, 0x02, 0x00,
    0x55, 0x00, 0x00, 0x00, 0xf5, 0x00, 0x07, 0x00, 0x17, 0x00, 0x00, 0x00, 0x6f, 0x01, 0x00, 0x00,
    0x31, 0x00, 0x00, 0x00, 0x50, 0x00, 0x00, 0x00, 0x6e, 0x01, 0x00, 0x00, 0x61, 0x01, 0x00, 0x00,
    0xf5, 0x00, 0x07, 0x00, 0x12, 0x00, 0x00, 0x00, 0x70, 0x01, 0x00, 0x00, 0x15, 0x00, 0x00, 0x00,
    0x50, 0x00, 0x00, 0x00, 0x13, 0x00, 0x00, 0x00, 0x61, 0x01, 0x00, 0x00, 0xf7, 0x00, 0x03, 0x00,
    0x71, 0x01, 0x00, 0x00, 0x00, 0x00, 0x00, 0x00, 0xfa, 0x00, 0x04, 0x00, 0x70, 0x01, 0x00, 0x00,
    0x38, 0x00, 0x00, 0x00, 0x71, 0x01, 0x00, 0x00, 0xf8, 0x00, 0x02, 0x00, 0x71, 0x01, 0x00, 0x00,
    0xfc, 0x00, 0x01, 0x00, 0xf8, 0x00, 0x02, 0x00, 0x38, 0x00, 0x00, 0x00, 0x3e, 0x00, 0x03, 0x00,
    0x03, 0x00, 0x00, 0x00, 0x6f, 0x01, 0x00, 0x00, 0xfd, 0x00, 0x01, 0x00, 0x38, 0x00, 0x01, 0x00
};

static const unsigned char k_ps_tiles_front_dxil[] = {
    0x44, 0x58, 0x42, 0x43, 0xad, 0x52, 0x1b, 0x35, 0x1c, 0x03, 0x99, 0x25, 0xfc, 0x42, 0x90, 0x0e,
    0xd1, 0xd6, 0x5b, 0x35, 0x01, 0x00, 0x00, 0x00, 0x78, 0x13, 0x00, 0x00, 0x07, 0x00, 0x00, 0x00,
    0x3c, 0x00, 0x00, 0x00, 0x4c, 0x00, 0x00, 0x00, 0xb4, 0x00, 0x00, 0x00, 0xf0, 0x00, 0x00, 0x00,
    0xe4, 0x01, 0x00, 0x00, 0xa4, 0x08, 0x00, 0x00, 0xc0, 0x08, 0x00, 0x00, 0x53, 0x46, 0x49, 0x30,
    0x08, 0x00, 0x00, 0x00, 0x00, 0x00, 0x00, 0x00, 0x00, 0x00, 0x00, 0x00, 0x49, 0x53, 0x47, 0x31,
    0x60, 0x00, 0x00, 0x00, 0x02, 0x00, 0x00, 0x00, 0x08, 0x00, 0x00, 0x00, 0x00, 0x00, 0x00, 0x00,
    0x48, 0x00, 0x00, 0x00, 0x00, 0x00, 0x00, 0x00, 0x01, 0x00, 0x00, 0x00, 0x03, 0x00, 0x00, 0x00,
    0x00, 0x00, 0x00, 0x00, 0x0f, 0x03, 0x00, 0x00, 0x00, 0x00, 0x00, 0x00, 0x00, 0x00, 0x00, 0x00,
    0x54, 0x00, 0x00, 0x00, 0x00, 0x00, 0x00, 0x00, 0x00, 0x00, 0x00, 0x00, 0x03, 0x00, 0x00, 0x00,
    0x01, 0x00, 0x00, 0x00, 0x03, 0x00, 0x00, 0x00, 0x00, 0x00, 0x00, 0x00, 0x53, 0x56, 0x5f, 0x50,
    0x6f, 0x73, 0x69, 0x74, 0x69, 0x6f, 0x6e, 0x00, 0x54, 0x45, 0x58, 0x43, 0x4f, 0x4f, 0x52, 0x44,
    0x00, 0x00, 0x00, 0x00, 0x4f, 0x53, 0x47, 0x31, 0x34, 0x00, 0x00, 0x00, 0x01, 0x00, 0x00, 0x00,
    0x08, 0x00, 0x00, 0x00, 0x00, 0x00, 0x00, 0x00, 0x28, 0x00, 0x00, 0x00, 0x00, 0x00, 0x00, 0x00,
    0x40, 0x00, 0x00, 0x00, 0x03, 0x00, 0x00, 0x00, 0x00, 0x00, 0x00, 0x00, 0x0f, 0x00, 0x00, 0x00,
    0x00, 0x00, 0x00, 0x00, 0x53, 0x56, 0x5f, 0x54, 0x61, 0x72, 0x67, 0x65, 0x74, 0x00, 0x00, 0x00,
    0x50, 0x53, 0x56, 0x30, 0xec, 0x00, 0x00, 0x00, 0x34, 0x00, 0x00, 0x00, 0x00, 0x00, 0x00, 0x00,
    0x00, 0x00, 0x00, 0x00, 0x00, 0x00, 0x00, 0x00, 0x00, 0x00, 0x00, 0x00, 0x00, 0x00, 0x00, 0x00,
    0xff, 0xff, 0xff, 0xff, 0x00, 0x00, 0x00, 0x00, 0x02, 0x01, 0x00, 0x02, 0x01, 0x00, 0x00, 0x00,
    0x00, 0x00, 0x00, 0x00, 0x00, 0x00, 0x00, 0x00, 0x00, 0x00, 0x00, 0x00, 0x0a, 0x00, 0x00, 0x00,
    0x02, 0x00, 0x00, 0x00, 0x18, 0x00, 0x00, 0x00, 0x05, 0x00, 0x00, 0x00, 0x02, 0x00, 0x00, 0x00,
    0x00, 0x00, 0x00, 0x00, 0x00, 0x00, 0x00, 0x00, 0x0c, 0x00, 0x00, 0x00, 0x00, 0x00, 0x00, 0x00,
    0x05, 0x00, 0x00, 0x00, 0x02, 0x00, 0x00, 0x00, 0x01, 0x00, 0x00, 0x00, 0x01, 0x00, 0x00, 0x00,
    0x0c, 0x00, 0x00, 0x00, 0x00, 0x00, 0x00, 0x00, 0x1c, 0x00, 0x00, 0x00, 0x00, 0x54, 0x45, 0x58,
    0x43, 0x4f, 0x4f, 0x52, 0x44, 0x00, 0x70, 0x73, 0x5f, 0x74, 0x69, 0x6c, 0x65, 0x73, 0x5f, 0x66,
    0x72, 0x6f, 0x6e, 0x74, 0x00, 0x00, 0x00, 0x00, 0x01, 0x00, 0x00, 0x00, 0x00, 0x00, 0x00, 0x00,
    0x10, 0x00, 0x00, 0x00, 0x00, 0x00, 0x00, 0x00, 0x00, 0x00, 0x00, 0x00, 0x01, 0x00, 0x44, 0x03,
    0x03, 0x04, 0x00, 0x00, 0x01, 0x00, 0x00, 0x00, 0x00, 0x00, 0x00, 0x00, 0x01, 0x01, 0x42, 0x00,
    0x03, 0x02, 0x00, 0x00, 0x00, 0x00, 0x00, 0x00, 0x00, 0x00, 0x00, 0x00, 0x01, 0x00, 0x44, 0x10,
    0x03, 0x00, 0x00, 0x00, 0x0f, 0x00, 0x00, 0x00, 0x0f, 0x00, 0x00, 0x00, 0x00, 0x00, 0x00, 0x00,
    0x00, 0x00, 0x00, 0x00, 0x00, 0x00, 0x00, 0x00, 0x00, 0x00, 0x00, 0x00, 0x00, 0x00, 0x00, 0x00,
    0x00, 0x00, 0x00, 0x00, 0x53, 0x54, 0x41, 0x54, 0xb8, 0x06, 0x00, 0x00, 0x60, 0x00, 0x00, 0x00,
    0xae, 0x01, 0x00, 0x00, 0x44, 0x58, 0x49, 0x4c, 0x00, 0x01, 0x00, 0x00, 0x10, 0x00, 0x00, 0x00,
    0xa0, 0x06, 0x00, 0x00, 0x42, 0x43, 0xc0, 0xde, 0x21, 0x0c, 0x00, 0x00, 0xa5, 0x01, 0x00, 0x00,
    0x0b, 0x82, 0x20, 0x00, 0x02, 0x00, 0x00, 0x00, 0x13, 0x00, 0x00, 0x00, 0x07, 0x81, 0x23, 0x91,
    0x41, 0xc8, 0x04, 0x49, 0x06, 0x10, 0x32, 0x39, 0x92, 0x01, 0x84, 0x0c, 0x25, 0x05, 0x08, 0x19,
    0x1e, 0x04, 0x8b, 0x62, 0x80, 0x14, 0x45, 0x02, 0x42, 0x92, 0x0b, 0x42, 0xa4, 0x10, 0x32, 0x14,
    0x38, 0x08, 0x18, 0x4b, 0x0a, 0x32, 0x52, 0x88, 0x48, 0x90, 0x14, 0x20, 0x43, 0x46, 0x88, 0xa5,
    0x00, 0x19, 0x32, 0x42, 0xe4, 0x48, 0x0e, 0x90, 0x91, 0x22, 0xc4, 0x50, 0x41, 0x51, 0x81, 0x8c,
    0xe1, 0x83, 0xe5, 0x8a, 0x04, 0x29, 0x46, 0x06, 0x51, 0x18, 0x00, 0x00, 0x08, 0x00, 0x00, 0x00,
    0x1b, 0x8c, 0xe0, 0xff, 0xff, 0xff, 0xff, 0x07, 0x40, 0x02, 0xa8, 0x0d, 0x84, 0xf0, 0xff, 0xff,
    0xff, 0xff, 0x03, 0x20, 0x6d, 0x30, 0x86, 0xff, 0xff, 0xff, 0xff, 0x1f, 0x00, 0x09, 0xa8, 0x00,
    0x49, 0x18, 0x00, 0x00, 0x03, 0x00, 0x00, 0x00, 0x13, 0x82, 0x60, 0x42, 0x20, 0x4c, 0x08, 0x06,
    0x00, 0x00, 0x00, 0x00, 0x89, 0x20, 0x00, 0x00, 0x2d, 0x00, 0x00, 0x00, 0x32, 0x22, 0x48, 0x09,
    0x20, 0x64, 0x85, 0x04, 0x93, 0x22, 0xa4, 0x84, 0x04, 0x93, 0x22, 0xe3, 0x84, 0xa1, 0x90, 0x14,
    0x12, 0x4c, 0x8a, 0x8c, 0x0b, 0x84, 0xa4, 0x4c, 0x10, 0x64, 0x23, 0x00, 0x25, 0x00, 0x14, 0x66,
    0x00, 0xe6, 0x08, 0xc0, 0x60, 0x8e, 0x00, 0x29, 0xc6, 0x20, 0x84, 0x14, 0x42, 0xa6, 0x18, 0x80,
    0x10, 0x52, 0x06, 0xa1, 0x39, 0x82, 0xa0, 0x0c, 0x80, 0x28, 0x5a, 0x54, 0xee, 0x19, 0x2e, 0x7f,
    0xc2, 0x1e, 0x42, 0xf2, 0x43, 0xa0, 0x19, 0x16, 0x02, 0x05, 0xad, 0x18, 0x8e, 0x14, 0x42, 0x14,
    0xbd, 0x9b, 0x86, 0xcb, 0x9f, 0xb0, 0x87, 0x90, 0xfc, 0x95, 0x90, 0x56, 0x62, 0xf2, 0x91, 0xdb,
    0x46, 0x05, 0x21, 0x84, 0x90, 0x52, 0x44, 0xe2, 0x08, 0x21, 0x39, 0x10, 0x30, 0x13, 0x19, 0x8c,
    0x03, 0x3b, 0x84, 0xc3, 0x3c, 0xcc, 0x83, 0x1b, 0xcc, 0x02, 0x3d, 0xc8, 0x43, 0x3d, 0x8c, 0x03,
    0x3d, 0xd4, 0x83, 0x3c, 0x94, 0x03, 0x39, 0x88, 0x42, 0x3d, 0x98, 0x83, 0x39, 0x94, 0x83, 0x3c,
    0xf0, 0x41, 0x3d, 0xb8, 0xc3, 0x3c, 0xa4, 0xc3, 0x39, 0xb8, 0x43, 0x39, 0x90, 0x03, 0x18, 0xa4,
    0x83, 0x3b, 0xd0, 0x83, 0x1f, 0xa0, 0x80, 0x50, 0x4d, 0x04, 0x32, 0x47, 0x00, 0x0a, 0x00, 0x00,
    0x13, 0x14, 0x72, 0xc0, 0x87, 0x74, 0x60, 0x87, 0x36, 0x68, 0x87, 0x79, 0x68, 0x03, 0x72, 0xc0,
    0x87, 0x0d, 0xaf, 0x50, 0x0e, 0x6d, 0xd0, 0x0e, 0x7a, 0x50, 0x0e, 0x6d, 0x00, 0x0f, 0x7a, 0x30,
    0x07, 0x72, 0xa0, 0x07, 0x73, 0x20, 0x07, 0x6d, 0x90, 0x0e, 0x71, 0xa0, 0x07, 0x73, 0x20, 0x07,
    0x6d, 0x90, 0x0e, 0x78, 0xa0, 0x07, 0x73, 0x20, 0x07, 0x6d, 0x90, 0x0e, 0x71, 0x60, 0x07, 0x7a,
    0x30, 0x07, 0x72, 0xd0, 0x06, 0xe9, 0x30, 0x07, 0x72, 0xa0, 0x07, 0x73, 0x20, 0x07, 0x6d, 0x90,
    0x0e, 0x76, 0x40, 0x07, 0x7a, 0x60, 0x07, 0x74, 0xd0, 0x06, 0xe6, 0x10, 0x07, 0x76, 0xa0, 0x07,
    0x73, 0x20, 0x07, 0x6d, 0x60, 0x0e, 0x73, 0x20, 0x07, 0x7a, 0x30, 0x07, 0x72, 0xd0, 0x06, 0xe6,
    0x60, 0x07, 0x74, 0xa0, 0x07, 0x76, 0x40, 0x07, 0x6d, 0xe0, 0x0e, 0x78, 0xa0, 0x07, 0x71, 0x60,
    0x07, 0x7a, 0x30, 0x07, 0x72, 0xa0, 0x07, 0x76, 0x40, 0x07, 0x43, 0x9e, 0x00, 0x08, 0x00, 0x00,
    0x00, 0x00, 0x00, 0x00, 0x00, 0x00, 0x00, 0x86, 0x3c, 0x06, 0x10, 0x00, 0x01, 0x00, 0x00, 0x00,
    0x00, 0x00, 0x00, 0x00, 0x0c, 0x79, 0x10, 0x20, 0x00, 0x04, 0x00, 0x00, 0x00, 0x00, 0x00, 0x00,
    0x00, 0x18, 0xf2, 0x2c, 0x40, 0x00, 0x08, 0x00, 0x00, 0x00, 0x00, 0x00, 0x00, 0x00, 0x30, 0xe4,
    0x79, 0x80, 0x00, 0x18, 0x00, 0x00, 0x00, 0x00, 0x00, 0x00, 0x00, 0x60, 0xc8, 0x23, 0x01, 0x01,
    0x30, 0x00, 0x00, 0x00, 0x00, 0x00, 0x00, 0x00, 0x40, 0x16, 0x08, 0x00, 0x13, 0x00, 0x00, 0x00,
    0x32, 0x1e, 0x98, 0x18, 0x19, 0x11, 0x4c, 0x90, 0x8c, 0x09, 0x26, 0x47, 0xc6, 0x04, 0x43, 0x22,
    0x25, 0x30, 0x02, 0x50, 0x0c, 0x45, 0x50, 0x18, 0x85, 0x50, 0x06, 0xe5, 0x50, 0x0a, 0x33, 0x00,
    0xe5, 0x51, 0x16, 0x05, 0x51, 0xd6, 0x03, 0xa5, 0x56, 0xc4, 0x01, 0x54, 0x4a, 0xa2, 0x0c, 0x0a,
    0x61, 0x04, 0xa0, 0x08, 0x0a, 0x84, 0x70, 0x81, 0x90, 0x9d, 0x01, 0xa0, 0x3b, 0x16, 0x62, 0x10,
    0xcf, 0x03, 0x00, 0x00, 0x40, 0x75, 0x06, 0x00, 0x00, 0x00, 0x00, 0x00, 0x79, 0x18, 0x00, 0x00,
    0x96, 0x00, 0x00, 0x00, 0x1a, 0x03, 0x4c, 0x90, 0x46, 0x02, 0x13, 0xc4, 0x8e, 0x0c, 0x6f, 0xec,
    0xed, 0x4d, 0x0c, 0x24, 0xc6, 0x25, 0xc7, 0x45, 0xc6, 0x06, 0x26, 0xc7, 0xa5, 0x06, 0x04, 0x05,
    0x26, 0x46, 0xcc, 0x46, 0x26, 0x8c, 0x8c, 0xe6, 0x26, 0x65, 0x43, 0x10, 0x4c, 0x10, 0x08, 0x63,
    0x82, 0x40, 0x1c, 0x1b, 0x84, 0x81, 0xd8, 0x20, 0x10, 0x04, 0x05, 0xb8, 0xb9, 0x09, 0x02, 0x81,
    0x6c, 0x18, 0x0e, 0x84, 0x98, 0x20, 0x58, 0x1d, 0x0f, 0xba, 0x34, 0xb6, 0x32, 0xb8, 0x34, 0xbc,
    0x09, 0x02, 0x91, 0x4c, 0x10, 0x08, 0x65, 0x82, 0x40, 0x2c, 0x1b, 0x84, 0xc1, 0xd9, 0x90, 0x10,
    0xca, 0xc2, 0x10, 0x43, 0x43, 0x3c, 0x44, 0xe8, 0xd2, 0xd8, 0xca, 0xc8, 0xc2, 0xe8, 0xc2, 0x36,
    0x24, 0x83, 0x12, 0x31, 0xc3, 0xd0, 0x10, 0xcf, 0x06, 0x01, 0x92, 0x36, 0x10, 0x13, 0x00, 0x00,
    0x13, 0x84, 0xea, 0x63, 0x80, 0x36, 0x41, 0x20, 0x98, 0x09, 0x02, 0xd1, 0x4c, 0x10, 0x08, 0x67,
    0x83, 0x81, 0x58, 0x17, 0x81, 0x65, 0x13, 0x04, 0xe2, 0xd9, 0x20, 0x10, 0xdb, 0x86, 0x80, 0xdb,
    0x20, 0x10, 0xdd, 0x86, 0xc1, 0xd1, 0xbc, 0x0d, 0x03, 0x51, 0x7d, 0x13, 0x04, 0x01, 0xd8, 0x00,
    0x6c, 0x18, 0x08, 0x31, 0x10, 0x83, 0x0d, 0xc1, 0x18, 0x6c, 0x18, 0x86, 0x30, 0x20, 0x83, 0x09,
    0xc2, 0xe5, 0x6d, 0x08, 0xcc, 0x80, 0x0e, 0xdc, 0xdc, 0x17, 0x5d, 0x1a, 0x5b, 0xd9, 0xdc, 0x97,
    0x99, 0xdc, 0x9b, 0x1b, 0x1d, 0x97, 0x29, 0xab, 0x2f, 0xa8, 0xb7, 0xb9, 0x34, 0xba, 0xb4, 0x37,
    0xb7, 0x09, 0x42, 0x61, 0x4d, 0x10, 0x8a, 0x6b, 0x43, 0x40, 0x4c, 0x10, 0x0a, 0x6c, 0x82, 0x50,
    0x64, 0x1b, 0x84, 0xeb, 0xda, 0xb0, 0x10, 0x69, 0xa0, 0x06, 0x6b, 0xc0, 0x06, 0x6d, 0x30, 0xb4,
    0x01, 0xe1, 0x06, 0x6f, 0x40, 0x84, 0xaa, 0x08, 0x6b, 0xe8, 0xe9, 0x49, 0x8a, 0x68, 0x82, 0x50,
    0x68, 0x1b, 0x96, 0x21, 0x0e, 0xd4, 0xc0, 0x0d, 0xd8, 0x40, 0x0e, 0x06, 0x39, 0x18, 0xdc, 0x00,
    0xd8, 0x20, 0xc0, 0xc1, 0x1c, 0x30, 0x99, 0xb2, 0xfa, 0xa2, 0x0a, 0x93, 0x3b, 0x2b, 0xa3, 0x9b,
    0x20, 0x14, 0xdb, 0x04, 0x81, 0x80, 0x36, 0x08, 0xd7, 0x1d, 0x6c, 0x58, 0x88, 0x3a, 0x50, 0x03,
    0x3b, 0x60, 0x03, 0x37, 0x18, 0xda, 0x80, 0x70, 0x03, 0x3c, 0xd8, 0x10, 0xe4, 0xc1, 0x86, 0x81,
    0x0e, 0xf4, 0x00, 0x98, 0x20, 0x60, 0xdc, 0x06, 0x81, 0xe0, 0x83, 0x0d, 0x45, 0x18, 0xa0, 0xc1,
    0x1e, 0x50, 0x7d, 0x40, 0x44, 0x4c, 0x2e, 0xcc, 0x6d, 0x0c, 0xad, 0x6c, 0x6e, 0x82, 0x40, 0x44,
    0x34, 0xcc, 0xd8, 0xde, 0xc2, 0xe8, 0xe6, 0x26, 0x08, 0x84, 0xc4, 0x22, 0xcd, 0x6d, 0x8e, 0x6e,
    0x6e, 0x82, 0x40, 0x4c, 0x24, 0xd2, 0xdc, 0xe8, 0xe6, 0x26, 0x08, 0x04, 0x45, 0x63, 0x2e, 0xed,
    0xec, 0x8b, 0x8d, 0x8c, 0xc6, 0x5c, 0xda, 0xd9, 0xd7, 0x1c, 0x1d, 0x11, 0xba, 0x32, 0xbc, 0x2f,
    0xb6, 0xb7, 0x30, 0x32, 0x16, 0x75, 0x69, 0x6e, 0x74, 0x73, 0x13, 0x04, 0xa2, 0xda, 0x00, 0xfd,
    0x01, 0x28, 0x84, 0x82, 0x28, 0x8c, 0x02, 0x29, 0x94, 0x82, 0x29, 0x9c, 0x02, 0x83, 0x0a, 0x4e,
    0x2a, 0x80, 0x82, 0x2a, 0xac, 0x42, 0x15, 0x36, 0x36, 0xbb, 0x36, 0x97, 0x34, 0xb2, 0x32, 0x37,
    0xba, 0x29, 0x41, 0x50, 0x85, 0x0c, 0xcf, 0xc5, 0xae, 0x4c, 0x6e, 0x2e, 0xed, 0xcd, 0x6d, 0x4a,
    0x40, 0x34, 0x21, 0xc3, 0x73, 0xb1, 0x0b, 0x63, 0xb3, 0x2b, 0x93, 0x9b, 0x12, 0x14, 0x75, 0xc8,
    0xf0, 0x5c, 0xe6, 0xd0, 0xc2, 0xc8, 0xca, 0xe4, 0x9a, 0xde, 0xc8, 0xca, 0xd8, 0xa6, 0x04, 0x48,
    0x19, 0x32, 0x3c, 0x17, 0xb9, 0xb2, 0xb9, 0xb7, 0x3a, 0xb9, 0xb1, 0xb2, 0xb9, 0x29, 0xc1, 0x54,
    0x89, 0x0c, 0xcf, 0x85, 0x2e, 0x0f, 0xae, 0x2c, 0xc8, 0xcd, 0xed, 0x8d, 0x2e, 0x8c, 0x2e, 0xed,
    0xcd, 0x6d, 0x6e, 0x8a, 0xf0, 0x91, 0x41, 0x1d, 0x32, 0x3c, 0x17, 0xbb, 0xb4, 0xb2, 0xbb, 0x24,
    0xb2, 0x29, 0xba, 0x30, 0xba, 0xb2, 0x29, 0x81, 0x19, 0xd4, 0x21, 0xc3, 0x73, 0x29, 0x73, 0xa3,
    0x93, 0xcb, 0x83, 0x7a, 0x4b, 0x73, 0xa3, 0x9b, 0x9b, 0x12, 0xf4, 0x41, 0x17, 0x32, 0x3c, 0x97,
    0xb1, 0xb7, 0x3a, 0x37, 0xba, 0x32, 0xb9, 0xb9, 0x29, 0xc1, 0x2a, 0x00, 0x79, 0x18, 0x00, 0x00,
    0x51, 0x00, 0x00, 0x00, 0x33, 0x08, 0x80, 0x1c, 0xc4, 0xe1, 0x1c, 0x66, 0x14, 0x01, 0x3d, 0x88,
    0x43, 0x38, 0x84, 0xc3, 0x8c, 0x42, 0x80, 0x07, 0x79, 0x78, 0x07, 0x73, 0x98, 0x71, 0x0c, 0xe6,
    0x00, 0x0f, 0xed, 0x10, 0x0e, 0xf4, 0x80, 0x0e, 0x33, 0x0c, 0x42, 0x1e, 0xc2, 0xc1, 0x1d, 0xce,
    0xa1, 0x1c, 0x66, 0x30, 0x05, 0x3d, 0x88, 0x43, 0x38, 0x84, 0x83, 0x1b, 0xcc, 0x03, 0x3d, 0xc8,
    0x43, 0x3d, 0x8c, 0x03, 0x3d, 0xcc, 0x78, 0x8c, 0x74, 0x70, 0x07, 0x7b, 0x08, 0x07, 0x79, 0x48,
    0x87, 0x70, 0x70, 0x07, 0x7a, 0x70, 0x03, 0x76, 0x78, 0x87, 0x70, 0x20, 0x87, 0x19, 0xcc, 0x11,
    0x0e, 0xec, 0x90, 0x0e, 0xe1, 0x30, 0x0f, 0x6e, 0x30, 0x0f, 0xe3, 0xf0, 0x0e, 0xf0, 0x50, 0x0e,
    0x33, 0x10, 0xc4, 0x1d, 0xde, 0x21, 0x1c, 0xd8, 0x21, 0x1d, 0xc2, 0x61, 0x1e, 0x66, 0x30, 0x89,
    0x3b, 0xbc, 0x83, 0x3b, 0xd0, 0x43, 0x39, 0xb4, 0x03, 0x3c, 0xbc, 0x83, 0x3c, 0x84, 0x03, 0x3b,
    0xcc, 0xf0, 0x14, 0x76, 0x60, 0x07, 0x7b, 0x68, 0x07, 0x37, 0x68, 0x87, 0x72, 0x68, 0x07, 0x37,
    0x80, 0x87, 0x70, 0x90, 0x87, 0x70, 0x60, 0x07, 0x76, 0x28, 0x07, 0x76, 0xf8, 0x05, 0x76, 0x78,
    0x87, 0x77, 0x80, 0x87, 0x5f, 0x08, 0x87, 0x71, 0x18, 0x87, 0x72, 0x98, 0x87, 0x79, 0x98, 0x81,
    0x2c, 0xee, 0xf0, 0x0e, 0xee, 0xe0, 0x0e, 0xf5, 0xc0, 0x0e, 0xec, 0x30, 0x03, 0x62, 0xc8, 0xa1,
    0x1c, 0xe4, 0xa1, 0x1c, 0xcc, 0xa1, 0x1c, 0xe4, 0xa1, 0x1c, 0xdc, 0x61, 0x1c, 0xca, 0x21, 0x1c,
    0xc4, 0x81, 0x1d, 0xca, 0x61, 0x06, 0xd6, 0x90, 0x43, 0x39, 0xc8, 0x43, 0x39, 0x98, 0x43, 0x39,
    0xc8, 0x43, 0x39, 0xb8, 0xc3, 0x38, 0x94, 0x43, 0x38, 0x88, 0x03, 0x3b, 0x94, 0xc3, 0x2f, 0xbc,
    0x83, 0x3c, 0xfc, 0x82, 0x3b, 0xd4, 0x03, 0x3b, 0xb0, 0xc3, 0x0c, 0xc4, 0x21, 0x07, 0x7c, 0x70,
    0x03, 0x7a, 0x28, 0x87, 0x76, 0x80, 0x87, 0x19, 0xd1, 0x43, 0x0e, 0xf8, 0xe0, 0x06, 0xe4, 0x20,
    0x0e, 0xe7, 0xe0, 0x06, 0xf6, 0x10, 0x0e, 0xf2, 0xc0, 0x0e, 0xe1, 0x90, 0x0f, 0xef, 0x50, 0x0f,
    0xf4, 0x30, 0x83, 0x81, 0xc8, 0x01, 0x1f, 0xdc, 0x40, 0x1c, 0xe4, 0xa1, 0x1c, 0xc2, 0x61, 0x1d,
    0xdc, 0x40, 0x1c, 0xe4, 0x01, 0x00, 0x00, 0x00, 0x71, 0x20, 0x00, 0x00, 0x18, 0x00, 0x00, 0x00,
    0x56, 0x40, 0x0d, 0x97, 0xef, 0x3c, 0x7e, 0x40, 0x15, 0x05, 0x11, 0x95, 0x0e, 0x30, 0xf8, 0xc8,
    0x6d, 0x1b, 0x81, 0x34, 0x5c, 0xbe, 0xf3, 0xf8, 0x42, 0x44, 0x00, 0x13, 0x11, 0x02, 0xcd, 0xb0,
    0x10, 0x36, 0xd0, 0x0c, 0x97, 0xef, 0x3c, 0xfe, 0x80, 0x48, 0x02, 0x10, 0x0d, 0x16, 0x30, 0x0d,
    0x97, 0xef, 0x3c, 0xfe, 0xe2, 0x00, 0x83, 0xd8, 0x3c, 0xd4, 0xe4, 0x17, 0xb7, 0x6d, 0x02, 0xd5,
    0x70, 0xf9, 0xce, 0xe3, 0x4b, 0x93, 0x13, 0x11, 0x28, 0x35, 0x3d, 0xd4, 0xe4, 0x17, 0xb7, 0x6d,
    0x00, 0xce, 0x23, 0xfd, 0x13, 0xb2, 0x10, 0xd2, 0x5f, 0x44, 0x4e, 0x33, 0x01, 0x00, 0x00, 0x00,
    0x00, 0x00, 0x00, 0x00, 0x48, 0x41, 0x53, 0x48, 0x14, 0x00, 0x00, 0x00, 0x00, 0x00, 0x00, 0x00,
    0xed, 0xea, 0xea, 0x51, 0x3f, 0x8c, 0x45, 0xfe, 0x6a, 0x39, 0x31, 0xa8, 0xe9, 0x57, 0xc1, 0x61,
    0x44, 0x58, 0x49, 0x4c, 0xb0, 0x0a, 0x00, 0x00, 0x60, 0x00, 0x00, 0x00, 0xac, 0x02, 0x00, 0x00,
    0x44, 0x58, 0x49, 0x4c, 0x00, 0x01, 0x00, 0x00, 0x10, 0x00, 0x00, 0x00, 0x98, 0x0a, 0x00, 0x00,
    0x42, 0x43, 0xc0, 0xde, 0x21, 0x0c, 0x00, 0x00, 0xa3, 0x02, 0x00, 0x00, 0x0b, 0x82, 0x20, 0x00,
    0x02, 0x00, 0x00, 0x00, 0x13, 0x00, 0x00, 0x00, 0x07, 0x81, 0x23, 0x91, 0x41, 0xc8, 0x04, 0x49,
    0x06, 0x10, 0x32, 0x39, 0x92, 0x01, 0x84, 0x0c, 0x25, 0x05, 0x08, 0x19, 0x1e, 0x04, 0x8b, 0x62,
    0x80, 0x14, 0x45, 0x02, 0x42, 0x92, 0x0b, 0x42, 0xa4, 0x10, 0x32, 0x14, 0x38, 0x08, 0x18, 0x4b,
    0x0a, 0x32, 0x52, 0x88, 0x48, 0x90, 0x14, 0x20, 0x43, 0x46, 0x88, 0xa5, 0x00, 0x19, 0x32, 0x42,
    0xe4, 0x48, 0x0e, 0x90, 0x91, 0x22, 0xc4, 0x50, 0x41, 0x51, 0x81, 0x8c, 0xe1, 0x83, 0xe5, 0x8a,
    0x04, 0x29, 0x46, 0x06, 0x51, 0x18, 0x00, 0x00, 0x08, 0x00, 0x00, 0x00, 0x1b, 0x8c, 0xe0, 0xff,
    0xff, 0xff, 0xff, 0x07, 0x40, 0x02, 0xa8, 0x0d, 0x84, 0xf0, 0xff, 0xff, 0xff, 0xff, 0x03, 0x20,
    0x6d, 0x30, 0x86, 0xff, 0xff, 0xff, 0xff, 0x1f, 0x00, 0x09, 0xa8, 0x00, 0x49, 0x18, 0x00, 0x00,
    0x03, 0x00, 0x00, 0x00, 0x13, 0x82, 0x60, 0x42, 0x20, 0x4c, 0x08, 0x06, 0x00, 0x00, 0x00, 0x00,
    0x89, 0x20, 0x00, 0x00, 0x2e, 0x00, 0x00, 0x00, 0x32, 0x22, 0x48, 0x09, 0x20, 0x64, 0x85, 0x04,
    0x93, 0x22, 0xa4, 0x84, 0x04, 0x93, 0x22, 0xe3, 0x84, 0xa1, 0x90, 0x14, 0x12, 0x4c, 0x8a, 0x8c,
    0x0b, 0x84, 0xa4, 0x4c, 0x10, 0x68, 0x23, 0x00, 0x25, 0x00, 0x14, 0x66, 0x00, 0xe6, 0x08, 0xc0,
    0x60, 0x8e, 0x00, 0x29, 0xc6, 0x20, 0x84, 0x14, 0x42, 0xa6, 0x18, 0x80, 0x10, 0x52, 0x06, 0xa1,
    0x39, 0x82, 0xa0, 0x0c, 0x80, 0x28, 0x5a, 0x54, 0xee, 0x19, 0x2e, 0x7f, 0xc2, 0x1e, 0x42, 0xf2,
    0x43, 0xa0, 0x19, 0x16, 0x02, 0x05, 0xad, 0x18, 0x8e, 0x14, 0x42, 0x14, 0xbd, 0x9b, 0x86, 0xcb,
    0x9f, 0xb0, 0x87, 0x90, 0xfc, 0x95, 0x90, 0x56, 0x62, 0xf2, 0x91, 0xdb, 0x46, 0x05, 0x21, 0x84,
    0x90, 0x52, 0x44, 0xe2, 0x08, 0x21, 0x39, 0x10, 0x30, 0x13, 0x19, 0x8c, 0x03, 0x3b, 0x84, 0xc3,
    0x3c, 0xcc, 0x83, 0x1b, 0xcc, 0x02, 0x3d, 0xc8, 0x43, 0x3d, 0x8c, 0x03, 0x3d, 0xd4, 0x83, 0x3c,
    0x94, 0x03, 0x39, 0x88, 0x42, 0x3d, 0x98, 0x83, 0x39, 0x94, 0x83, 0x3c, 0xf0, 0x41, 0x3d, 0xb8,
    0xc3, 0x3c, 0xa4, 0xc3, 0x39, 0xb8, 0x43, 0x39, 0x90, 0x03, 0x18, 0xa4, 0x83, 0x3b, 0xd0, 0x83,
    0x1f, 0xa0, 0x80, 0x50, 0x4d, 0x04, 0x32, 0x47, 0x00, 0x0a, 0x53, 0x00, 0x00, 0x00, 0x00, 0x00,
    0x13, 0x14, 0x72, 0xc0, 0x87, 0x74, 0x60, 0x87, 0x36, 0x68, 0x87, 0x79, 0x68, 0x03, 0x72, 0xc0,
    0x87, 0x0d, 0xaf, 0x50, 0x0e, 0x6d, 0xd0, 0x0e, 0x7a, 0x50, 0x0e, 0x6d, 0x00, 0x0f, 0x7a, 0x30,
    0x07, 0x72, 0xa0, 0x07, 0x73, 0x20, 0x07, 0x6d, 0x90, 0x0e, 0x71, 0xa0, 0x07, 0x73, 0x20, 0x07,
    0x6d, 0x90, 0x0e, 0x78, 0xa0, 0x07, 0x73, 0x20, 0x07, 0x6d, 0x90, 0x0e, 0x71, 0x60, 0x07, 0x7a,
    0x30, 0x07, 0x72, 0xd0, 0x06, 0xe9, 0x30, 0x07, 0x72, 0xa0, 0x07, 0x73, 0x20, 0x07, 0x6d, 0x90,
    0x0e, 0x76, 0x40, 0x07, 0x7a, 0x60, 0x07, 0x74, 0xd0, 0x06, 0xe6, 0x10, 0x07, 0x76, 0xa0, 0x07,
    0x73, 0x20, 0x07, 0x6d, 0x60, 0x0e, 0x73, 0x20, 0x07, 0x7a, 0x30, 0x07, 0x72, 0xd0, 0x06, 0xe6,
    0x60, 0x07, 0x74, 0xa0, 0x07, 0x76, 0x40, 0x07, 0x6d, 0xe0, 0x0e, 0x78, 0xa0, 0x07, 0x71, 0x60,
    0x07, 0x7a, 0x30, 0x07, 0x72, 0xa0, 0x07, 0x76, 0x40, 0x07, 0x43, 0x9e, 0x00, 0x00, 0x00, 0x00,
    0x00, 0x00, 0x00, 0x00, 0x00, 0x00, 0x00, 0x86, 0x3c, 0x06, 0x10, 0x00, 0x01, 0x00, 0x00, 0x00,
    0x00, 0x00, 0x00, 0x00, 0x0c, 0x79, 0x10, 0x20, 0x00, 0x04, 0x00, 0x00, 0x00, 0x00, 0x00, 0x00,
    0x00, 0x18, 0xf2, 0x2c, 0x40, 0x00, 0x08, 0x00, 0x00, 0x00, 0x00, 0x00, 0x00, 0x00, 0x30, 0xe4,
    0x79, 0x80, 0x00, 0x18, 0x00, 0x00, 0x00, 0x00, 0x00, 0x00, 0x00, 0x60, 0xc8, 0x23, 0x01, 0x01,
    0x30, 0x00, 0x00, 0x00, 0x00, 0x00, 0x00, 0x00, 0x40, 0x16, 0x08, 0x00, 0x0e, 0x00, 0x00, 0x00,
    0x32, 0x1e, 0x98, 0x14, 0x19, 0x11, 0x4c, 0x90, 0x8c, 0x09, 0x26, 0x47, 0xc6, 0x04, 0x43, 0x22,
    0x25, 0x30, 0x02, 0x50, 0x12, 0xc5, 0x50, 0x04, 0x85, 0x51, 0x08, 0x65, 0x50, 0x1e, 0x54, 0x4a,
    0xa2, 0x0c, 0x0a, 0x61, 0x04, 0xa0, 0x08, 0x0a, 0x84, 0x70, 0x81, 0xd0, 0x1d, 0x0b, 0x31, 0x88,
    0xe7, 0x01, 0x00, 0x00, 0x20, 0x3b, 0x03, 0x00, 0x79, 0x18, 0x00, 0x00, 0x5f, 0x00, 0x00, 0x00,
    0x1a, 0x03, 0x4c, 0x90, 0x46, 0x02, 0x13, 0xc4, 0x8e, 0x0c, 0x6f, 0xec, 0xed, 0x4d, 0x0c, 0x24,
    0xc6, 0x25, 0xc7, 0x45, 0xc6, 0x06, 0x26, 0xc7, 0xa5, 0x06, 0x04, 0x05, 0x26, 0x46, 0xcc, 0x46,
    0x26, 0x8c, 0x8c, 0xe6, 0x26, 0x65, 0x43, 0x10, 0x4c, 0x10, 0x08, 0x63, 0x82, 0x40, 0x1c, 0x1b,
    0x84, 0x81, 0x98, 0x20, 0x10, 0xc8, 0x06, 0x61, 0x30, 0x28, 0xc0, 0xcd, 0x4d, 0x10, 0x88, 0x64,
    0xc3, 0x80, 0x24, 0xc4, 0x04, 0xc1, 0xba, 0x08, 0x4c, 0x10, 0x08, 0x65, 0x82, 0x40, 0x2c, 0x13,
    0x04, 0x82, 0xd9, 0x20, 0x0c, 0xcf, 0x86, 0x84, 0x58, 0x98, 0x86, 0x18, 0x1c, 0x02, 0xda, 0x90,
    0x0c, 0x0b, 0xd3, 0x0c, 0x83, 0x43, 0x40, 0x1b, 0x84, 0x48, 0xda, 0x40, 0x4c, 0x00, 0x00, 0x4c,
    0x10, 0x2e, 0x6b, 0x43, 0x50, 0x4d, 0x10, 0x04, 0x80, 0x0e, 0xdc, 0xdc, 0x17, 0x5d, 0x1a, 0x5b,
    0xd9, 0xdc, 0x97, 0x99, 0xdc, 0x9b, 0x1b, 0x1d, 0x97, 0x29, 0xab, 0x2f, 0xa8, 0xb7, 0xb9, 0x34,
    0xba, 0xb4, 0x37, 0xb7, 0x09, 0x42, 0xf1, 0x4c, 0x10, 0x0a, 0x68, 0x43, 0x40, 0x4c, 0x10, 0x8a,
    0x68, 0x82, 0x50, 0x48, 0x13, 0x04, 0xa2, 0xd9, 0x20, 0x7c, 0xdf, 0x86, 0x85, 0xc8, 0xb4, 0x8d,
    0xeb, 0x86, 0x8e, 0xf0, 0xc0, 0x80, 0x08, 0x55, 0x11, 0xd6, 0xd0, 0xd3, 0x93, 0x14, 0xd1, 0x04,
    0xa1, 0x98, 0x36, 0x2c, 0x83, 0x18, 0x68, 0x1e, 0x37, 0x06, 0xc3, 0x18, 0x0c, 0x1e, 0xb0, 0x41,
    0x08, 0x03, 0x32, 0x60, 0x32, 0x65, 0xf5, 0x45, 0x15, 0x26, 0x77, 0x56, 0x46, 0x37, 0x41, 0x28,
    0xa8, 0x09, 0x02, 0xe1, 0x6c, 0x10, 0x3e, 0x34, 0xd8, 0xb0, 0x10, 0x66, 0xa0, 0x9d, 0x01, 0xe7,
    0x0d, 0x1d, 0xe1, 0xa5, 0xc1, 0x86, 0x40, 0x0d, 0x36, 0x0c, 0x65, 0xb0, 0x06, 0xc0, 0x04, 0x01,
    0xab, 0x36, 0x08, 0x44, 0x1b, 0x6c, 0x28, 0x2e, 0x8c, 0x0d, 0x28, 0x37, 0xa8, 0xc2, 0xc6, 0x66,
    0xd7, 0xe6, 0x92, 0x46, 0x56, 0xe6, 0x46, 0x37, 0x25, 0x08, 0xaa, 0x90, 0xe1, 0xb9, 0xd8, 0x95,
    0xc9, 0xcd, 0xa5, 0xbd, 0xb9, 0x4d, 0x09, 0x88, 0x26, 0x64, 0x78, 0x2e, 0x76, 0x61, 0x6c, 0x76,
    0x65, 0x72, 0x53, 0x02, 0xa3, 0x0e, 0x19, 0x9e, 0xcb, 0x1c, 0x5a, 0x18, 0x59, 0x99, 0x5c, 0xd3,
    0x1b, 0x59, 0x19, 0xdb, 0x94, 0x20, 0x29, 0x43, 0x86, 0xe7, 0x22, 0x57, 0x36, 0xf7, 0x56, 0x27,
    0x37, 0x56, 0x36, 0x37, 0x25, 0x98, 0xea, 0x90, 0xe1, 0xb9, 0xd8, 0xa5, 0x95, 0xdd, 0x25, 0x91,
    0x4d, 0xd1, 0x85, 0xd1, 0x95, 0x4d, 0x09, 0xaa, 0x3a, 0x64, 0x78, 0x2e, 0x65, 0x6e, 0x74, 0x72,
    0x79, 0x50, 0x6f, 0x69, 0x6e, 0x74, 0x73, 0x53, 0x02, 0x37, 0x00, 0x00, 0x79, 0x18, 0x00, 0x00,
    0x51, 0x00, 0x00, 0x00, 0x33, 0x08, 0x80, 0x1c, 0xc4, 0xe1, 0x1c, 0x66, 0x14, 0x01, 0x3d, 0x88,
    0x43, 0x38, 0x84, 0xc3, 0x8c, 0x42, 0x80, 0x07, 0x79, 0x78, 0x07, 0x73, 0x98, 0x71, 0x0c, 0xe6,
    0x00, 0x0f, 0xed, 0x10, 0x0e, 0xf4, 0x80, 0x0e, 0x33, 0x0c, 0x42, 0x1e, 0xc2, 0xc1, 0x1d, 0xce,
    0xa1, 0x1c, 0x66, 0x30, 0x05, 0x3d, 0x88, 0x43, 0x38, 0x84, 0x83, 0x1b, 0xcc, 0x03, 0x3d, 0xc8,
    0x43, 0x3d, 0x8c, 0x03, 0x3d, 0xcc, 0x78, 0x8c, 0x74, 0x70, 0x07, 0x7b, 0x08, 0x07, 0x79, 0x48,
    0x87, 0x70, 0x70, 0x07, 0x7a, 0x70, 0x03, 0x76, 0x78, 0x87, 0x70, 0x20, 0x87, 0x19, 0xcc, 0x11,
    0x0e, 0xec, 0x90, 0x0e, 0xe1, 0x30, 0x0f, 0x6e, 0x30, 0x0f, 0xe3, 0xf0, 0x0e, 0xf0, 0x50, 0x0e,
    0x33, 0x10, 0xc4, 0x1d, 0xde, 0x21, 0x1c, 0xd8, 0x21, 0x1d, 0xc2, 0x61, 0x1e, 0x66, 0x30, 0x89,
    0x3b, 0xbc, 0x83, 0x3b, 0xd0, 0x43, 0x39, 0xb4, 0x03, 0x3c, 0xbc, 0x83, 0x3c, 0x84, 0x03, 0x3b,
    0xcc, 0xf0, 0x14, 0x76, 0x60, 0x07, 0x7b, 0x68, 0x07, 0x37, 0x68, 0x87, 0x72, 0x68, 0x07, 0x37,
    0x80, 0x87, 0x70, 0x90, 0x87, 0x70, 0x60, 0x07, 0x76, 0x28, 0x07, 0x76, 0xf8, 0x05, 0x76, 0x78,
    0x87, 0x77, 0x80, 0x87, 0x5f, 0x08, 0x87, 0x71, 0x18, 0x87, 0x72, 0x98, 0x87, 0x79, 0x98, 0x81,
    0x2c, 0xee, 0xf0, 0x0e, 0xee, 0xe0, 0x0e, 0xf5, 0xc0, 0x0e, 0xec, 0x30, 0x03, 0x62, 0xc8, 0xa1,
    0x1c, 0xe4, 0xa1, 0x1c, 0xcc, 0xa1, 0x1c, 0xe4, 0xa1, 0x1c, 0xdc, 0x61, 0x1c, 0xca, 0x21, 0x1c,
    0xc4, 0x81, 0x1d, 0xca, 0x61, 0x06, 0xd6, 0x90, 0x43, 0x39, 0xc8, 0x43, 0x39, 0x98, 0x43, 0x39,
    0xc8, 0x43, 0x39, 0xb8, 0xc3, 0x38, 0x94, 0x43, 0x38, 0x88, 0x03, 0x3b, 0x94, 0xc3, 0x2f, 0xbc,
    0x83, 0x3c, 0xfc, 0x82, 0x3b, 0xd4, 0x03, 0x3b, 0xb0, 0xc3, 0x0c, 0xc4, 0x21, 0x07, 0x7c, 0x70,
    0x03, 0x7a, 0x28, 0x87, 0x76, 0x80, 0x87, 0x19, 0xd1, 0x43, 0x0e, 0xf8, 0xe0, 0x06, 0xe4, 0x20,
    0x0e, 0xe7, 0xe0, 0x06, 0xf6, 0x10, 0x0e, 0xf2, 0xc0, 0x0e, 0xe1, 0x90, 0x0f, 0xef, 0x50, 0x0f,
    0xf4, 0x30, 0x83, 0x81, 0xc8, 0x01, 0x1f, 0xdc, 0x40, 0x1c, 0xe4, 0xa1, 0x1c, 0xc2, 0x61, 0x1d,
    0xdc, 0x40, 0x1c, 0xe4, 0x01, 0x00, 0x00, 0x00, 0x71, 0x20, 0x00, 0x00, 0x18, 0x00, 0x00, 0x00,
    0x56, 0x40, 0x0d, 0x97, 0xef, 0x3c, 0x7e, 0x40, 0x15, 0x05, 0x11, 0x95, 0x0e, 0x30, 0xf8, 0xc8,
    0x6d, 0x1b, 0x81, 0x34, 0x5c, 0xbe, 0xf3, 0xf8, 0x42, 0x44, 0x00, 0x13, 0x11, 0x02, 0xcd, 0xb0,
    0x10, 0x36, 0xd0, 0x0c, 0x97, 0xef, 0x3c, 0xfe, 0x80, 0x48, 0x02, 0x10, 0x0d, 0x16, 0x30, 0x0d,
    0x97, 0xef, 0x3c, 0xfe, 0xe2, 0x00, 0x83, 0xd8, 0x3c, 0xd4, 0xe4, 0x17, 0xb7, 0x6d, 0x02, 0xd5,
    0x70, 0xf9, 0xce, 0xe3, 0x4b, 0x93, 0x13, 0x11, 0x28, 0x35, 0x3d, 0xd4, 0xe4, 0x17, 0xb7, 0x6d,
    0x00, 0xce, 0x23, 0xfd, 0x13, 0xb2, 0x10, 0xd2, 0x5f, 0x44, 0x4e, 0x33, 0x01, 0x00, 0x00, 0x00,
    0x61, 0x20, 0x00, 0x00, 0x37, 0x01, 0x00, 0x00, 0x13, 0x04, 0x57, 0x2c, 0x10, 0x00, 0x00, 0x00,
    0x17, 0x00, 0x00, 0x00, 0xa4, 0x6a, 0x60, 0x04, 0x80, 0x4a, 0x09, 0x10, 0x29, 0xc4, 0x80, 0x02,
    0x29, 0xff, 0xff, 0x83, 0x02, 0x05, 0x2a, 0x40, 0x40, 0x82, 0x52, 0x28, 0x40, 0xc0, 0x81, 0xf2,
    0x3f, 0x28, 0xff, 0x81, 0x92, 0x9b, 0x01, 0x28, 0xd2, 0x80, 0x0a, 0x04, 0x14, 0x28, 0x92, 0x02,
    0xc4, 0xff, 0x28, 0xfe, 0x83, 0xf2, 0xff, 0x29, 0x9f, 0x82, 0x28, 0xef, 0x83, 0x02, 0x04, 0x2a,
    0x44, 0xa0, 0x42, 0x04, 0x16, 0x28, 0x40, 0xc0, 0x80, 0x1a, 0x28, 0x40, 0x90, 0x72, 0xa0, 0x31,
    0x46, 0x00, 0x82, 0x20, 0x88, 0x7f, 0x63, 0x04, 0x21, 0x09, 0x86, 0x78, 0x37, 0x02, 0x00, 0x00,
    0x23, 0x06, 0x09, 0x00, 0x82, 0x60, 0xf0, 0xd4, 0x41, 0x75, 0x06, 0x73, 0x30, 0x07, 0x60, 0x30,
    0x62, 0x90, 0x00, 0x20, 0x08, 0x06, 0x8f, 0x1d, 0x58, 0x68, 0x30, 0x07, 0x73, 0x10, 0x06, 0x23,
    0x06, 0x09, 0x00, 0x82, 0x60, 0x60, 0xe8, 0xc1, 0x1b, 0xd0, 0x01, 0x1d, 0xa4, 0x81, 0x35, 0x62,
    0x90, 0x00, 0x20, 0x08, 0x06, 0xc6, 0x1e, 0xc0, 0x41, 0x1d, 0xd4, 0x81, 0x18, 0x5c, 0x23, 0x06,
    0x08, 0x00, 0x82, 0x60, 0x20, 0xe1, 0x81, 0x18, 0x10, 0x73, 0x60, 0x07, 0xa3, 0x09, 0x01, 0x70,
    0x04, 0xa1, 0x0a, 0x04, 0x1a, 0x31, 0x40, 0x00, 0x10, 0x04, 0x03, 0x89, 0x0f, 0xcc, 0x00, 0xd1,
    0x03, 0x3d, 0x18, 0x4d, 0x08, 0x00, 0x1b, 0x82, 0x10, 0x1c, 0x42, 0xa8, 0x82, 0x83, 0x86, 0x1b,
    0x06, 0x4c, 0x0c, 0x66, 0x19, 0x02, 0x21, 0x18, 0x31, 0x30, 0x00, 0x10, 0x04, 0x83, 0x85, 0x14,
    0xc2, 0xe0, 0x0d, 0x66, 0x09, 0x84, 0x59, 0x82, 0x61, 0xa0, 0x82, 0xa8, 0x17, 0x4a, 0x24, 0x84,
    0x0a, 0x44, 0x01, 0x4b, 0x18, 0x05, 0x35, 0x61, 0x83, 0x41, 0x05, 0xa5, 0x80, 0x16, 0xb8, 0x01,
    0x0c, 0x46, 0x0c, 0x10, 0x00, 0x04, 0xc1, 0x40, 0x42, 0x05, 0x39, 0xa0, 0x02, 0x53, 0x18, 0x4d,
    0x08, 0x80, 0x2a, 0x52, 0x41, 0x87, 0x1b, 0x82, 0x54, 0x08, 0x83, 0x1a, 0xea, 0x00, 0x8b, 0xa8,
    0x03, 0x9d, 0x6e, 0x10, 0x82, 0xc1, 0x18, 0x32, 0x80, 0x41, 0x05, 0xaf, 0x80, 0x16, 0xe0, 0x01,
    0x0c, 0x46, 0x0c, 0x10, 0x00, 0x04, 0xc1, 0x40, 0x92, 0x05, 0x3e, 0xf0, 0x02, 0x58, 0x18, 0x4d,
    0x08, 0x80, 0x2a, 0x66, 0x41, 0x87, 0x1b, 0x82, 0x59, 0x08, 0x83, 0x1a, 0xfe, 0x00, 0x8b, 0xf8,
    0x03, 0x9d, 0x6e, 0x10, 0x82, 0xa1, 0x2c, 0x5a, 0xd0, 0x0a, 0xdc, 0x60, 0x2d, 0xc8, 0x03, 0x10,
    0x58, 0xb0, 0x0b, 0x18, 0xa8, 0x80, 0x14, 0x76, 0xc4, 0x00, 0x01, 0x40, 0x10, 0x0c, 0x24, 0x5f,
    0x40, 0x05, 0x35, 0x08, 0x78, 0x61, 0x34, 0x21, 0x00, 0x0a, 0x31, 0x05, 0x1d, 0x6e, 0x08, 0x7e,
    0x01, 0x0c, 0x66, 0x19, 0x08, 0x29, 0xa8, 0xc1, 0x14, 0x74, 0xb8, 0x21, 0x08, 0x07, 0x30, 0x98,
    0x65, 0x70, 0x8a, 0xa0, 0xc2, 0x60, 0x1c, 0x74, 0xb8, 0x21, 0x18, 0x07, 0x30, 0x98, 0x65, 0x30,
    0xa4, 0xa0, 0x0e, 0x55, 0x50, 0x2b, 0x87, 0x27, 0x04, 0x15, 0xac, 0x82, 0x96, 0x60, 0x0e, 0x58,
    0x41, 0x3a, 0x68, 0x05, 0x68, 0xc0, 0x15, 0xac, 0x03, 0xd7, 0x37, 0x0b, 0x3a, 0xdc, 0x10, 0xb0,
    0x03, 0x18, 0x0c, 0x37, 0x24, 0xa2, 0x00, 0x06, 0xb3, 0x0c, 0xca, 0x21, 0x54, 0x1b, 0xb4, 0xc3,
    0x55, 0x10, 0x07, 0x50, 0x41, 0x3c, 0xa0, 0x05, 0xba, 0x00, 0x81, 0x11, 0x03, 0x04, 0x00, 0x41,
    0x30, 0x90, 0xe8, 0xc1, 0x17, 0x40, 0x21, 0x90, 0x87, 0xd1, 0x84, 0x00, 0xa8, 0xa2, 0x1e, 0x74,
    0xb8, 0x21, 0xa8, 0x87, 0x30, 0xa8, 0x21, 0x1c, 0xb0, 0x88, 0x70, 0xd0, 0xe9, 0x06, 0x21, 0x18,
    0x2a, 0xf0, 0x05, 0x35, 0x7d, 0x08, 0x42, 0x30, 0xcb, 0x80, 0x24, 0xce, 0x70, 0x43, 0x1f, 0x54,
    0x67, 0x30, 0xdd, 0x30, 0x49, 0xc1, 0x2c, 0x41, 0x53, 0x05, 0x3f, 0x60, 0x05, 0xff, 0xa0, 0x66,
    0xcc, 0x02, 0x08, 0x86, 0x1b, 0x48, 0x21, 0x48, 0x83, 0x0b, 0x48, 0x14, 0x11, 0x0a, 0x5c, 0x81,
    0xc0, 0xb3, 0x04, 0x4d, 0xe1, 0x41, 0x3a, 0xa8, 0x95, 0x44, 0x10, 0x82, 0x59, 0x86, 0x85, 0xc9,
    0x86, 0x1b, 0x50, 0x01, 0x0c, 0xd0, 0x60, 0xba, 0xa1, 0xf3, 0x82, 0x59, 0x82, 0xa6, 0xf8, 0xe0,
    0x24, 0xb0, 0x02, 0x95, 0xd0, 0xe1, 0x06, 0x57, 0x30, 0xd0, 0xe0, 0x02, 0x12, 0x35, 0xac, 0x02,
    0x57, 0x20, 0xf0, 0x2c, 0x41, 0x33, 0x50, 0x42, 0x90, 0x01, 0x62, 0x25, 0xce, 0x22, 0x30, 0x03,
    0x25, 0x84, 0x1a, 0x20, 0x6a, 0x90, 0x50, 0x0b, 0xc5, 0x94, 0x1e, 0xc8, 0x02, 0x98, 0x50, 0x0b,
    0x20, 0x28, 0x22, 0x1e, 0xae, 0x06, 0x99, 0xb8, 0x0a, 0xe4, 0x41, 0x6b, 0x08, 0xb6, 0x8a, 0x79,
    0xd0, 0x12, 0x82, 0xb5, 0x20, 0x27, 0x30, 0x30, 0x62, 0x80, 0x00, 0x20, 0x08, 0x06, 0xd2, 0x4e,
    0x94, 0x84, 0x39, 0x04, 0x39, 0x31, 0x9a, 0x10, 0x00, 0xa5, 0xf0, 0x84, 0x0e, 0x37, 0x04, 0x3c,
    0x11, 0x06, 0x35, 0xa0, 0x04, 0x16, 0x81, 0x12, 0x3a, 0xdd, 0x20, 0x04, 0x43, 0x05, 0x39, 0x81,
    0xc3, 0x0d, 0xc1, 0x2f, 0x84, 0x41, 0x0d, 0x3b, 0xa1, 0xc3, 0x0d, 0xc1, 0x58, 0x80, 0x41, 0x0d,
    0xc1, 0x96, 0x11, 0x12, 0x5a, 0xc5, 0xb0, 0x15, 0xd8, 0x04, 0x4f, 0x37, 0xa0, 0xc5, 0x40, 0xcc,
    0x12, 0x48, 0x95, 0x0e, 0x68, 0x71, 0x15, 0xf4, 0x83, 0x56, 0x10, 0x13, 0x5b, 0xee, 0x90, 0x16,
    0x57, 0xf1, 0xf0, 0x0f, 0x59, 0x82, 0x4b, 0x40, 0x05, 0x02, 0x54, 0x11, 0x40, 0x05, 0x72, 0x81,
    0x16, 0xec, 0x04, 0x04, 0x46, 0x0c, 0x10, 0x00, 0x04, 0xc1, 0x40, 0xaa, 0x8b, 0x9f, 0x08, 0x89,
    0x60, 0x2e, 0x46, 0x13, 0x02, 0xa0, 0x18, 0x03, 0x2a, 0xb8, 0x0b, 0x1d, 0x6e, 0x08, 0xee, 0x22,
    0x0c, 0x8a, 0x18, 0x0b, 0xac, 0x62, 0x2c, 0x74, 0xba, 0x41, 0x08, 0x86, 0xd2, 0x07, 0x9b, 0x38,
    0x0b, 0x6e, 0x22, 0x03, 0x35, 0x04, 0x5c, 0x22, 0x81, 0x17, 0x58, 0x01, 0x5e, 0x68, 0xa1, 0x45,
    0x80, 0x45, 0x04, 0x3a, 0xdc, 0x10, 0x88, 0x06, 0x18, 0xcc, 0x32, 0x3c, 0x52, 0x50, 0xf7, 0xb0,
    0x16, 0x3a, 0xdc, 0x10, 0x90, 0x06, 0x18, 0xcc, 0x32, 0x44, 0x50, 0x50, 0x24, 0x41, 0x1a, 0x57,
    0x01, 0x4a, 0x40, 0x05, 0xa8, 0x81, 0x16, 0xc4, 0x05, 0x04, 0x46, 0x0c, 0x10, 0x00, 0x04, 0xc1,
    0x40, 0x5a, 0x8d, 0xba, 0xb8, 0x89, 0x20, 0x35, 0x46, 0x13, 0x02, 0xa0, 0x0a, 0xd6, 0xd0, 0xe1,
    0x86, 0x80, 0x35, 0xc2, 0xa0, 0x06, 0xbc, 0xc0, 0x22, 0xf0, 0x42, 0xa7, 0x1b, 0x84, 0x60, 0x98,
    0x25, 0x88, 0x06, 0x2a, 0x08, 0x01, 0x42, 0x91, 0xa7, 0xf6, 0x61, 0x26, 0xa0, 0x6c, 0x42, 0x88,
    0x92, 0x09, 0xb9, 0xb8, 0x1a, 0x66, 0xe3, 0x2a, 0x98, 0x0b, 0xad, 0x60, 0xd8, 0x2a, 0xe8, 0x42,
    0x4b, 0x08, 0xd6, 0x02, 0xdd, 0xc0, 0xc0, 0x88, 0x01, 0x02, 0x80, 0x20, 0x18, 0x48, 0xbc, 0x61,
    0x1a, 0x67, 0x11, 0xe8, 0xc6, 0x68, 0x42, 0x00, 0x94, 0xd2, 0x1b, 0x3a, 0xdc, 0x10, 0xf4, 0x46,
    0x18, 0xd4, 0x90, 0x1a, 0x58, 0x44, 0x6a, 0xe8, 0x74, 0x83, 0x10, 0x0c, 0x15, 0xe8, 0x06, 0x0e,
    0x37, 0x04, 0x60, 0x11, 0x06, 0x35, 0xf0, 0x86, 0x0e, 0x37, 0x04, 0xe4, 0x01, 0x06, 0x35, 0x04,
    0x5b, 0x86, 0x68, 0x68, 0x15, 0xc3, 0x56, 0x70, 0x1b, 0x3c, 0xdd, 0x90, 0x1e, 0x03, 0x31, 0x4b,
    0x20, 0x0d, 0xb4, 0x28, 0x70, 0x33, 0xc0, 0x4d, 0x01, 0x37, 0x8e, 0x49, 0x34, 0x44, 0x34, 0xd0,
    0x42, 0xd8, 0xce, 0x60, 0x3b, 0x85, 0xed, 0x38, 0x26, 0xd1, 0x10, 0xd1, 0x2c, 0xc3, 0x44, 0x09,
    0x15, 0xdc, 0x06, 0x8c, 0x18, 0x20, 0x00, 0x08, 0x82, 0x81, 0xf4, 0x1e, 0xb9, 0xb1, 0x17, 0x41,
    0x7b, 0x8c, 0x26, 0x04, 0x40, 0x05, 0xba, 0x81, 0x15, 0xd0, 0x86, 0x5e, 0x30, 0xaa, 0x08, 0xd6,
    0xc0, 0x0a, 0x6e, 0x43, 0x2f, 0x18, 0x55, 0x47, 0x6e, 0xe8, 0x05, 0xa3, 0xcc, 0x38, 0x0d, 0xf9,
    0x18, 0x81, 0x1a, 0xf2, 0xb1, 0x21, 0x35, 0xe4, 0x33, 0x4b, 0x60, 0x99, 0x5e, 0xdc, 0x07, 0x0c,
    0x86, 0x1b, 0x82, 0xda, 0x20, 0x83, 0x59, 0x86, 0xa1, 0x0a, 0x46, 0x0c, 0x0c, 0x00, 0x04, 0xc1,
    0x60, 0x01, 0x91, 0xde, 0x58, 0x8f, 0x59, 0x02, 0x6b, 0xa0, 0x62, 0x50, 0x26, 0x9b, 0xa9, 0x06,
    0x2a, 0x06, 0x65, 0xc2, 0x99, 0x6a, 0xa0, 0x62, 0x50, 0x26, 0x9d, 0xa9, 0x06, 0x2a, 0x06, 0xb0,
    0x99, 0x78, 0xa6, 0x1a, 0x31, 0x48, 0x00, 0x10, 0x04, 0x03, 0xa4, 0x44, 0xce, 0x03, 0x44, 0x40,
    0xa4, 0x3e, 0x88, 0x11, 0x83, 0x04, 0x00, 0x41, 0x30, 0x40, 0x4a, 0xe4, 0x3c, 0x40, 0x04, 0x44,
    0xda, 0x63, 0x18, 0x31, 0x48, 0x00, 0x10, 0x04, 0x03, 0xa4, 0x44, 0xce, 0x03, 0x44, 0x40, 0x84,
    0x3e, 0x84, 0x11, 0x83, 0x04, 0x00, 0x41, 0x30, 0x40, 0x4a, 0xe4, 0x3c, 0x40, 0x04, 0x44, 0xee,
    0x23, 0x40, 0x00, 0x00, 0x00, 0x00, 0x00, 0x00
};

static const char k_ps_tiles_front_msl[] =
    "#include <metal_stdlib>\n"
    "#include <simd/simd.h>\n"
    "\n"
    "using namespace metal;\n"
    "\n"
    "struct type_StructuredBuffer_uint\n"
    "{\n"
    "    uint _m0[1];\n"
    "};\n"
    "\n"
    "constant float4 _49 = {};\n"
    "\n"
    "struct main0_out\n"
    "{\n"
    "    float4 out_var_SV_Target [[color(0)]];\n"
    "};\n"
    "\n"
    "fragment main0_out main0(const device type_StructuredBuffer_uint& tilepix [[buffer(0)]], const device type_StructuredBuffer_uint& tiledata [[buffer(1)]], float4 gl_FragCoord [[position]])\n"
    "{\n"
    "    main0_out out = {};\n"
    "    float4 _367;\n"
    "    do\n"
    "    {\n"
    "        int _60 = int(tiledata._m0[2u]);\n"
    "        int _68 = (int(gl_FragCoord.x) / _60) - int(tiledata._m0[0u]);\n"
    "        int _72 = int(gl_FragCoord.y) / _60;\n"
    "        bool _77;\n"
    "        if (_68 >= 0)\n"
    "        {\n"
    "            _77 = _68 >= 496;\n"
    "        }\n"
    "        else\n"
    "        {\n"
    "            _77 = true;\n"
    "        }\n"
    "        if (_77)\n"
    "        {\n"
    "            discard_fragment();\n"
    "        }\n"
    "        bool _368;\n"
    "        uint _81 = 1u;\n"
    "        for (;;)\n"
    "        {\n"
    "            if (_81 < 8u)\n"
    "            {\n"
    "                uint _350;\n"
    "                bool _351;\n"
    "                do\n"
    "                {\n"
    "                    uint _89 = _81 >> 1u;\n"
    "                    uint _90 = _81 & 1u;\n"
    "                    uint _93 = 4112u + ((_89 + 4096u) >> 1u);\n"
    "                    bool _97 = (_89 & 1u) != 0u;\n"
    "                    uint _103;\n"
    "                    if (_97)\n"
    "                    {\n"
    "                        _103 = tiledata._m0[_93] >> 16u;\n"
    "                    }\n"
    "                    else\n"
    "                    {\n"
    "                        _103 = tiledata._m0[_93] & 65535u;\n"
    "                    }\n"
    "                    uint _106 = 4112u + ((_89 + 4100u) >> 1u);\n"
    "                    uint _114;\n"
    "                    if (_97)\n"
    "                    {\n"
    "                        _114 = tiledata._m0[_106] >> 16u;\n"
    "                    }\n"
    "                    else\n"
    "                    {\n"
    "                        _114 = tiledata._m0[_106] & 65535u;\n"
    "                    }\n"
    "                    if ((_114 & 32768u) != 0u)\n"
    "                    {\n"
    "                        _350 = 0u;\n"
    "                        _351 = false;\n"
    "                        break;\n"
    "                    }\n"
    "                    uint _125 = tiledata._m0[4112u + (((_89 & 2u) + 4100u) >> 1u)] & 24576u;\n"
    "                    if (_125 != 0u)\n"
    "                    {\n"
    "                        if (_97)\n"
    "                        {\n"
    "                            _350 = 0u;\n"
    "                            _351 = false;\n"
    "                            break;\n"
    "                        }\n"
    "                        uint _131 = _125 >> 13u;\n"
    "                        uint _134 = 0u - _114;\n"
    "                        int _136 = int(_134 & 511u);\n"
    "                        uint _143;\n"
    "                        if ((_134 & 512u) != 0u)\n"
    "                        {\n"
    "                            _143 = _89;\n"
    "                        }\n"
    "                        else\n"
    "                        {\n"
    "                            _143 = _89 ^ 1u;\n"
    "                        }\n"
    "                        int _221;\n"
    "                        uint _222;\n"
    "                        if ((_103 & 32768u) != 0u)\n"
    "                        {\n"
    "                            uint _179 = (16384u + (512u * _89)) + uint(_72);\n"
    "                            uint _182 = 4112u + ((_179 - 16384u) >> 1u);\n"
    "                            uint _192;\n"
    "                            if ((_179 & 1u) != 0u)\n"
    "                            {\n"
    "                                _192 = tiledata._m0[_182] >> 16u;\n"
    "                            }\n"
    "                            else\n"
    "                            {\n"
    "                                _192 = tiledata._m0[_182] & 65535u;\n"
    "                            }\n"
    "                            int _194 = int(_192 & 511u);\n"
    "                            uint _220;\n"
    "                            if (_131 == 1u)\n"
    "                            {\n"
    "                                uint _219;\n"
    "                                if (_72 >= _136)\n"
    "                                {\n"
    "                                    _219 = _143 ^ 1u;\n"
    "                                }\n"
    "                                else\n"
    "                                {\n"
    "                                    _219 = _143;\n"
    "                                }\n"
    "                                _220 = _219;\n"
    "                            }\n"
    "                            else\n"
    "                            {\n"
    "                                uint _206;\n"
    "                                if ((_192 & 512u) != 0u)\n"
    "                                {\n"
    "                                    _206 = _89;\n"
    "                                }\n"
    "                                else\n"
    "                                {\n"
    "                                    _206 = _89 ^ 1u;\n"
    "                                }\n"
    "                                uint _213;\n"
    "                                if (_68 <= (_194 - 1))\n"
    "                                {\n"
    "                                    _213 = _206;\n"
    "                                }\n"
    "                                else\n"
    "                                {\n"
    "                                    _213 = _206 ^ 1u;\n"
    "                                }\n"
    "                                _220 = _213;\n"
    "                            }\n"
    "                            _221 = -_194;\n"
    "                            _222 = _220;\n"
    "                        }\n"
    "                        else\n"
    "                        {\n"
    "                            int _150 = int(_103 & 511u);\n"
    "                            uint _175;\n"
    "                            if (_131 == 1u)\n"
    "                            {\n"
    "                                uint _174;\n"
    "                                if (_72 < _136)\n"
    "                                {\n"
    "                                    _174 = _143;\n"
    "                                }\n"
    "                                else\n"
    "                                {\n"
    "                                    _174 = _143 ^ 1u;\n"
    "                                }\n"
    "                                _175 = _174;\n"
    "                            }\n"
    "                            else\n"
    "                            {\n"
    "                                uint _162;\n"
    "                                if ((_103 & 512u) != 0u)\n"
    "                                {\n"
    "                                    _162 = _89;\n"
    "                                }\n"
    "                                else\n"
    "                                {\n"
    "                                    _162 = _89 ^ 1u;\n"
    "                                }\n"
    "                                uint _168;\n"
    "                                if (_68 < _150)\n"
    "                                {\n"
    "                                    _168 = _162;\n"
    "                                }\n"
    "                                else\n"
    "                                {\n"
    "                                    _168 = _162 ^ 1u;\n"
    "                                }\n"
    "                                _175 = _168;\n"
    "                            }\n"
    "                            _221 = -_150;\n"
    "                            _222 = _175;\n"
    "                        }\n"
    "                        uint _232 = ((_222 * 262144u) + (uint((_72 + int(_114 & 511u)) & 511) * 512u)) + uint((_68 + _221) & 511);\n"
    "                        uint _233 = _232 >> 1u;\n"
    "                        uint _243;\n"
    "                        if ((_232 & 1u) != 0u)\n"
    "                        {\n"
    "                            _243 = tilepix._m0[_233] >> 16u;\n"
    "                        }\n"
    "                        else\n"
    "                        {\n"
    "                            _243 = tilepix._m0[_233] & 65535u;\n"
    "                        }\n"
    "                        bool _250;\n"
    "                        if ((_243 >> 15u) == _90)\n"
    "                        {\n"
    "                            _250 = (_243 & 15u) == 0u;\n"
    "                        }\n"
    "                        else\n"
    "                        {\n"
    "                            _250 = true;\n"
    "                        }\n"
    "                        if (_250)\n"
    "                        {\n"
    "                            _350 = 0u;\n"
    "                            _351 = false;\n"
    "                            break;\n"
    "                        }\n"
    "                        _350 = _243 & 4095u;\n"
    "                        _351 = true;\n"
    "                        break;\n"
    "                    }\n"
    "                    uint _257 = uint(_72);\n"
    "                    uint _262 = ((((_81 & 4u) != 0u) ? 26624u : 24576u) + (_257 * 4u)) + uint(_68 >> 7);\n"
    "                    uint _265 = 4112u + ((_262 - 16384u) >> 1u);\n"
    "                    uint _275;\n"
    "                    if ((_262 & 1u) != 0u)\n"
    "                    {\n"
    "                        _275 = tiledata._m0[_265] >> 16u;\n"
    "                    }\n"
    "                    else\n"
    "                    {\n"
    "                        _275 = tiledata._m0[_265] & 65535u;\n"
    "                    }\n"
    "                    uint _279;\n"
    "                    if (_97)\n"
    "                    {\n"
    "                        _279 = ~_275;\n"
    "                    }\n"
    "                    else\n"
    "                    {\n"
    "                        _279 = _275;\n"
    "                    }\n"
    "                    if ((_279 & (32768u >> (uint((_68 >> 3) & 15) & 31u))) != 0u)\n"
    "                    {\n"
    "                        _350 = 0u;\n"
    "                        _351 = false;\n"
    "                        break;\n"
    "                    }\n"
    "                    int _316;\n"
    "                    if ((_103 & 32768u) != 0u)\n"
    "                    {\n"
    "                        uint _299 = (16384u + (512u * _89)) + _257;\n"
    "                        uint _302 = 4112u + ((_299 - 16384u) >> 1u);\n"
    "                        uint _312;\n"
    "                        if ((_299 & 1u) != 0u)\n"
    "                        {\n"
    "                            _312 = tiledata._m0[_302] >> 16u;\n"
    "                        }\n"
    "                        else\n"
    "                        {\n"
    "                            _312 = tiledata._m0[_302] & 65535u;\n"
    "                        }\n"
    "                        _316 = int((0u - _312) & 511u);\n"
    "                    }\n"
    "                    else\n"
    "                    {\n"
    "                        _316 = int((0u - _103) & 511u);\n"
    "                    }\n"
    "                    uint _328 = ((_89 * 262144u) + (uint((int(_114 & 511u) + _72) & 511) * 512u)) + uint((_68 + _316) & 511);\n"
    "                    uint _329 = _328 >> 1u;\n"
    "                    uint _339;\n"
    "                    if ((_328 & 1u) != 0u)\n"
    "                    {\n"
    "                        _339 = tilepix._m0[_329] >> 16u;\n"
    "                    }\n"
    "                    else\n"
    "                    {\n"
    "                        _339 = tilepix._m0[_329] & 65535u;\n"
    "                    }\n"
    "                    bool _346;\n"
    "                    if ((_339 >> 15u) == _90)\n"
    "                    {\n"
    "                        _346 = (_339 & 15u) == 0u;\n"
    "                    }\n"
    "                    else\n"
    "                    {\n"
    "                        _346 = true;\n"
    "                    }\n"
    "                    if (_346)\n"
    "                    {\n"
    "                        _350 = 0u;\n"
    "                        _351 = false;\n"
    "                        break;\n"
    "                    }\n"
    "                    _350 = _339 & 4095u;\n"
    "                    _351 = true;\n"
    "                    break;\n"
    "                } while(false);\n"
    "                if (_351)\n"
    "                {\n"
    "                    uint _354 = 16u + _350;\n"
    "                    _367 = float4(float((tiledata._m0[_354] >> 16u) & 255u), float((tiledata._m0[_354] >> 8u) & 255u), float(tiledata._m0[_354] & 255u), 255.0) * float4(0.0039215688593685626983642578125);\n"
    "                    _368 = true;\n"
    "                    break;\n"
    "                }\n"
    "                _81 += 2u;\n"
    "                continue;\n"
    "            }\n"
    "            else\n"
    "            {\n"
    "                _367 = _49;\n"
    "                _368 = false;\n"
    "                break;\n"
    "            }\n"
    "        }\n"
    "        if (_368)\n"
    "        {\n"
    "            break;\n"
    "        }\n"
    "        discard_fragment();\n"
    "    } while(false);\n"
    "    out.out_var_SV_Target = _367;\n"
    "    return out;\n"
    "}\n"
    "\n"
    "";
